"Y","A","L"
7.34996690658671,1,1.37095844714667
0.748688880182887,0,-0.564698171396089
0.364406297773893,0,0.363128411337339
6.14692545906892,1,0.63286260496104
7.52892018590805,1,0.404268323140999
0.912693275756003,0,-0.106124516091484
6.93829910344956,1,1.51152199743894
2.8100829454306,0,-0.0946590384130976
9.67176942095341,1,2.01842371387704
4.14188542194818,1,-0.062714099052421
6.42703040732827,1,1.30486965422349
3.66434693984986,0,2.28664539270111
3.13189248190039,1,-1.38886070111234
5.91361817837062,1,-0.278788766817371
1.78398307103721,0,-0.133321336393658
3.86721476544072,0,0.635950398070074
4.69651407192694,1,-0.284252921416072
-1.65138480997477,0,-2.65645542090478
-0.626166724137425,0,-2.44046692857552
7.6079376414225,1,1.32011334573019
2.69339767356446,1,-0.306638594078475
3.56556903378706,1,-1.78130843398
1.80399297143324,0,-0.171917355759621
6.13463863070045,0,1.2146746991726
7.41151860252083,0,1.89519346126497
0.470769552033177,0,-0.4304691316062
6.52541814900755,1,-0.25726938276893
-0.377857129910126,0,-1.76316308519478
5.33828588806233,1,0.460097354831271
1.16259558710208,0,-0.639994875960119
6.21138465572655,1,0.455450123241219
5.9596819628917,1,0.704837337228819
5.65300788307154,1,1.03510352196992
4.39313843367963,1,-0.608926375407211
4.69372744103389,1,0.50495512329797
2.33641109566515,1,-1.71700867907334
2.0325463985586,0,-0.784459008379496
2.54733134523378,1,-0.850907594176518
-1.685913511666,0,-2.41420764994663
2.82541910637075,0,0.0361226068922556
2.42324483817704,0,0.205998600200254
4.10208181743311,1,-0.361057298548666
5.30946073100217,1,0.758163235699517
0.837536186191324,0,-0.726704827076575
1.42121735543082,0,-1.36828104441929
2.26115583399732,0,0.432818025888717
0.421350225169335,0,-0.811393176186672
4.47393476421675,0,1.44410126172125
1.55619821997729,0,-0.431446202613345
7.71975555641455,1,0.655647883402207
4.34761808584176,0,0.321925265203947
-0.336825744256394,0,-0.783838940880375
7.99371406881155,1,1.57572751979198
3.47025410584312,0,0.642899305717316
5.18502916518082,1,0.0897606465996056
2.67066238565063,0,0.276550747291463
7.01682976888808,1,0.679288816055271
2.99088520936978,0,0.0898328865790817
-3.53655203792805,0,-2.99309008315293
6.59444213435445,1,0.284882953530659
2.96296463801715,0,-0.367234642740975
2.78232461007063,0,0.185230564865609
3.21894985016344,1,0.581823727365507
5.5302916136614,0,1.39973682729268
-0.567781338181535,0,-0.727292059474465
8.53854198751934,1,1.30254263204414
5.411552793921,1,0.335848119752074
5.7341365874842,1,1.03850609869762
1.73302873049186,0,0.920728568290646
4.02562670256567,0,0.720878162866863
0.0783852284311484,0,-1.04311893856785
1.70270516143849,0,-0.0901863866107067
6.0600554352655,1,0.623518161999544
0.281243655996282,0,-0.953523357772344
0.00385058105808089,0,-0.542828814573857
3.4785668866988,1,0.580996497681682
7.00354920114978,1,0.768178737834591
6.63745628302703,1,0.463767588540167
3.38549210103776,1,-0.88577629740968
2.71292936119374,1,-1.09978089864786
8.28468488505,1,1.51270700980493
4.62461576801323,1,0.257921437532031
2.70748414060959,0,0.0884402291595863
3.45961528099114,1,-0.120896537539089
1.11047451333964,0,-1.19432889516053
3.2157805835887,0,0.611996898040387
4.67151259818801,1,-0.217139845746521
4.49420393355912,1,-0.182756706331922
4.5755782928829,0,0.93334632857116
7.41026641499857,1,0.821773110508249
5.3880770558642,0,1.39211637593427
3.67612194700315,0,-0.476173923054674
5.32536828569098,1,0.650348560726305
6.13325997351276,1,1.39111045639
5.40677688925953,1,-1.1107888794479
0.894878497160282,0,-0.860792586877842
4.57732402485401,1,-1.13173868085377
3.04426265262078,1,-1.4592139995024
3.7640679533347,1,0.0799825532411612
7.06676710618203,1,0.65320433964919
7.39926870759106,1,1.20096537559849
5.37322505283917,1,1.04475108716773
3.04271904762977,1,-1.00320864683985
7.44707385589633,1,1.84848190167275
1.02843573163732,0,-0.666773408757817
1.60823741009904,0,0.105513812456069
0.825382517271354,0,-0.422255881868856
5.03013929661629,1,-0.122350171954971
5.37190111249284,1,0.188193034501498
2.95216257456805,1,0.119160957997006
4.12642791318652,1,-0.0250925508674029
4.82109225237965,1,0.108072727942033
4.77972095757198,1,-0.485435235846668
1.77493287428182,0,-0.504217130687903
-0.900660314828838,0,-1.66109907991481
3.61637049837812,1,-0.382333726873818
0.798966181504541,0,-0.5126502578778
5.95063791306681,0,2.7018910003448
2.70246505589399,1,-1.36211623118972
5.05185581792503,1,0.137256218558607
-0.394849969620008,0,-1.49362506731629
-2.50769357581147,0,-1.4704357414368
6.65301169240662,1,0.124702386197007
2.21634829206364,1,-0.996639134884037
0.786733929983447,0,-0.00182261430470819
4.08924838680233,1,-0.428258881425815
4.76288507217958,1,-0.613671606449495
-1.3566858990305,0,-2.02467784541911
0.808053098647226,0,-1.22474795035999
4.85757477421915,1,0.179516441117938
5.65962141942859,1,0.567620594423535
0.397791688100058,0,-0.492877353553475
1.5034410592791,0,6.28840653511241e-05
1.85655974718592,0,1.12288964337997
6.84327079012852,1,1.43985574297619
-1.56623317861654,0,-1.09711376840582
1.98667944569132,0,-0.117319560250177
9.60810804501021,1,1.2014984009197
-0.606504496317399,0,-0.469729580566301
0.54803693958905,0,-0.0524694849389963
4.57715134691951,1,-0.0861072982370895
-0.22264051339335,0,-0.887679017906431
1.56907911984682,0,-0.444684004884738
3.70547210560344,0,-0.0294448790882381
2.68033149302912,0,-0.413868849057924
5.98886393842818,1,1.1133860233682
2.47306515996514,0,-0.480992841653982
5.20115321956864,1,-0.433169032600729
6.60085920072441,1,0.696862576552103
-0.467982628237915,0,-1.05636841317091
5.76329805987797,1,-0.0406984751512149
0.360596479088628,0,-1.55154482234759
8.0865225433603,1,1.16716954923568
0.780685572854472,0,-0.273645701374081
4.19876448348202,1,-0.467845324672254
2.34494673702117,1,-1.23825232798621
3.27068884398361,1,-0.00776203377732663
3.48748244198519,1,-0.80028217795166
4.68064650081848,1,-0.533492329950436
7.32971245197638,1,1.28767524558459
0.20385205443229,0,-0.175525870242127
4.6835562088559,1,-1.07178238415068
6.16641656905283,1,0.163206882467382
0.731806961406127,0,-0.36273841562795
6.45895407582336,1,0.590013547987339
5.38872423254012,1,1.43242192773099
2.59729930044242,1,-0.992692511109493
6.52525359128127,1,0.454650297580283
4.69940152112715,1,0.0848980586784873
2.55741726531388,0,0.895565582264545
4.83660086365286,1,-0.229778138946267
5.27258994098713,1,0.836619068460613
-2.31700935584149,0,-1.74505586133669
7.69570391464929,1,1.68945892131337
6.0921209966415,1,0.864777978518578
4.57612728753968,1,-0.150775988885748
0.58802009406194,0,-1.44900713013917
5.6028626048944,1,0.643008700041982
5.44071366580958,1,0.483193863814768
3.55292111904061,1,-0.00635562642138871
0.350769155418008,0,0.151455892862424
3.65769385984477,1,-0.584108970349804
1.22645227877621,0,0.368806732630242
5.51862545293849,1,0.294654339719516
4.23604964817949,1,-0.279259373342575
1.20057455582289,0,-1.33623665489315
5.55213963935965,1,0.700748818440034
5.44112423985902,1,0.554196622274034
3.1600035422915,1,-0.836306592801415
-0.660424352342873,0,-1.59458816200624
5.00248112524244,1,0.204958580587634
2.14966547521907,0,-0.34508797797289
1.04035024065443,0,0.252611703364455
0.319859772770811,0,-1.29400246548455
3.33133579871683,1,-0.959170444380363
8.50361130352601,1,1.0857748536799
1.01844415205246,0,0.403774904715714
4.60215300169528,1,0.586487536719298
7.55809797050331,1,1.81522844615395
6.01573483276122,1,0.128821428602383
-0.51355189675284,0,-2.00092923773151
4.85638855524588,1,0.33377719743357
3.78220407630274,0,1.17132512735879
6.10902444948037,1,2.0595392422993
0.238234822401536,0,-1.37686159824052
1.54687973984453,0,-1.15085556562711
3.96534070055992,1,-0.705821394760121
2.99087496050346,1,-1.05405578207719
2.83042673532185,1,-0.645743723142491
4.08899780064468,1,-0.185377967676503
1.55338346210723,0,-1.20122205073999
7.71156861702397,1,2.03697216698315
4.53577211570598,1,0.107774744885547
6.24128100659502,1,-0.0841081005055806
0.943736187193171,0,0.495619641604594
4.74163670054347,1,0.0374151861179653
4.87576608470712,1,-0.13208803695591
3.51587487477608,0,1.4767874235521
0.975195292571509,0,-0.217030210092103
0.387536434445791,0,-1.28360220409223
6.19367200650122,1,0.385667890443402
4.63254689801415,1,-0.351512873529092
4.17185803642992,1,-0.521796093356269
2.54945029083379,1,-1.06813120068717
6.24708852814258,1,0.428365903266692
0.804977982499737,0,-0.174018234426995
5.6506387047094,1,0.515667728648029
2.14762293225194,0,-0.234365277305921
-0.0343757412850012,0,-0.658503425821771
7.11952053319564,1,1.25023660407872
4.35250651908148,1,-0.271763715111397
4.3144356861147,0,0.947951995875196
4.7199177722742,1,-1.20158243010894
-0.0471519514185654,0,-0.466116096375502
5.31639196976875,1,-0.26935139515318
1.44833728174999,0,-0.390965408130861
7.08674915588364,1,1.34870701199171
3.06417509975946,0,-0.0227647012984126
2.89329629555422,0,0.24422585110345
3.52901405984587,1,-0.942371707863923
0.612260251553141,0,-0.729217276509575
6.18821684980677,1,0.998068908554848
3.80339494118961,0,1.25848166459556
6.1115625744304,1,1.2488636888101
4.13483656498805,1,-1.38063704952533
8.6123169133725,1,2.04996069363639
4.19448170151847,0,1.01687282979954
5.13194131512591,1,-0.0267174641382579
3.26310712456623,0,0.70360777879826
3.67202921045322,1,-0.971385229151864
1.57605694477788,0,-1.09615624155886
4.68513425617161,1,0.0490504509375971
2.11669172439102,1,-1.19849585655778
2.8975021995465,0,0.190018998559748
7.76220419732406,1,1.29770589960467
-0.88042208597679,0,-1.03387372296475
1.75174666199248,0,-0.738440754213064
4.65748530083504,1,0.0465639394508634
0.285008005268636,0,-1.01759611982611
2.03057592753953,0,-0.383283959886278
6.27625014185182,1,0.872755411671398
7.99155193464876,1,0.969545013970117
3.60977886218593,0,0.383846665027094
0.780477671567444,1,-1.85155566306746
5.19923782922814,1,-0.0539967368261657
6.79551682360284,1,1.06477321433828
2.63569765226004,0,0.813195037411605
6.78793814482633,1,-0.190816474104282
-4.51035348400393,0,-2.6999298085637
4.19125480828489,1,0.0609666388011166
6.72544097841417,1,0.573751697483578
0.903799469208866,0,0.0458035797250989
0.949418898102222,0,0.157412540175875
1.70528362578362,0,0.431565372868771
0.993887910282384,0,-0.396549736050212
6.21366309287626,1,1.30997822575155
6.10062269491281,1,0.470393399873943
-1.51648559160324,0,-1.2426702705746
9.08696958469267,1,1.38157545638553
7.20221204084301,1,1.20445893700982
6.27875781382325,1,0.824073963681881
1.25582444235658,1,-1.66262940218559
4.88322120431292,1,-0.569306343605481
5.98636472655053,1,0.635513817289526
1.64224316039303,0,0.0437220075778579
5.39821447933302,1,0.348012303661307
5.05126486428636,0,2.45959354887041
2.47087869042489,1,-0.81838032439967
-0.766107159761615,0,-2.11320011492914
4.14113371905484,0,0.273695272430415
1.45592372633167,0,-0.687596841243412
4.93552098343526,1,0.446041052961866
1.66578897421627,1,-0.812384723790597
9.22051942434171,1,2.21205548033514
0.585795626667472,0,-0.12370597157743
4.53533448197668,1,-0.477335506030052
5.17169185873236,1,-0.166261491486608
6.68760631890486,1,0.862563383626431
5.7200813314725,1,0.0973404852028189
0.250104072228185,0,-1.62561673921129
3.87707679082171,1,-0.0046207678264578
1.82836803703973,0,0.760242167662055
3.11421144553552,1,0.0389909128725626
5.94013144650191,1,0.735072141614441
5.80751293746971,1,-0.14647262699887
2.95873261955207,0,-0.0578873353812826
4.99510307621603,1,0.482369466104533
6.19632006485167,1,0.992943636775734
1.48841668862147,1,-1.24639549803204
3.2123875467611,1,-0.0334875248456097
3.88127819829576,1,-0.0709621812499963
1.53407258493584,0,-0.75892065373095
3.05654674912936,1,-1.03435936093915
5.2588221601424,1,-0.63073195397082
3.23448656773443,0,0.586807720012995
3.4701929224017,0,-0.416322656183652
2.61622991542187,1,-0.78488780950532
0.68488850208306,0,0.163416319486097
0.818331398242857,0,-1.23671423510935
3.14206304286884,0,1.04587377623667
0.103429442725502,0,-0.484595416218709
0.716587287510817,0,0.189128811680665
4.25982035277677,1,0.0510063315749732
1.94108538244315,0,-0.000240668886441977
8.56207030993052,1,1.80938204244287
4.2833491810632,1,-0.825327957109945
6.63722551532737,1,1.14547045222799
2.11506400280723,0,0.0315731875532431
3.35973688273506,1,-0.83520580530672
1.87962580115246,0,-0.0687636490165125
7.00677463742084,1,0.746771687012467
0.444953589658273,0,-0.425518734394604
-0.408868440071273,0,-0.772082235193457
4.42866296214209,1,0.152764106747895
6.22174272802306,1,0.988596845178799
1.80132658692985,0,-0.073458334672174
0.429981459031672,0,-1.38702655355974
-1.07117752713543,0,-1.30667590437536
3.56582523382709,1,-0.768395325077939
3.38928589551011,1,-0.527108125374458
3.92252797209328,1,-0.0214270650416246
4.95201701119813,0,0.670498070996282
0.758191735576005,0,-0.434617038572407
1.0028062107199,0,-1.11387978331285
1.33645087127525,0,0.6071059948785
3.27425359957242,0,0.275456968739591
1.98439979734501,0,1.15734706941474
4.49555605807252,1,-1.68248085947826
4.78993956786208,1,0.0873190888948744
7.08657959479432,1,1.35336189394267
4.35516273106584,0,0.724173800683369
1.80785160601996,0,-0.832552825764212
5.05583830222572,1,0.732528486768414
2.92591808768061,1,-0.871926869997213
2.16993996646988,0,-0.453397511229793
3.14535439177111,0,1.18753427862908
1.03730742636967,0,-0.290145311790079
5.86714799271856,1,0.828546144965436
-0.947985343573909,0,-0.291227708779169
0.447207893736298,0,-1.57636240474791
1.00127772177113,0,-0.848815696948922
3.57850310060721,1,-1.08851986195719
5.45752570343677,1,-0.484290571117173
2.8988845812945,1,-0.336311209009573
2.9744295704214,0,-0.153357890661644
5.22839537668343,1,-0.243247228574846
9.82941927923173,1,1.89220204160011
0.520079534771999,0,-1.38599833728542
0.323166454125866,0,-0.41482430070778
3.70101590725087,1,0.349081528106831
6.7126464907421,1,1.62844226581541
2.11876736172677,0,0.0885218957136163
2.74901643123117,0,1.23915070840056
-1.70043709660864,0,-1.64455553575371
8.10137636832043,1,1.44635652537848
1.24337278547009,0,-0.690560171665183
1.64772666629574,0,-0.276431085453852
2.78342489290084,1,-1.10941875989944
2.80845930914705,0,0.133869316429452
10.2937853454503,1,1.78533905173155
5.55215687219017,1,2.42216335525159
0.0233688510528858,0,-1.07682890211841
3.39471833120973,0,0.485941110403099
7.03149884294815,1,1.38852173874429
2.07928735548907,0,-0.195656817284544
3.34990570279091,1,-0.218174797706211
1.24788459253533,0,-0.304777954546445
4.32002538101508,1,0.597832724111443
6.92942243999777,1,1.39742941081576
2.81356823259549,0,0.687619761239963
2.68152459395787,0,0.320188014296969
2.51052303601866,0,-0.301869925777261
1.91848702878473,0,0.49834868555795
2.71911527520082,0,-0.549536917916756
6.37435600172449,1,-0.279256503637243
5.66007264970331,1,1.09651344311173
4.78837330119886,1,0.442013088178811
2.02112901854881,0,0.241016294026112
1.24078543590133,0,-0.255607655355518
7.77781507651296,1,0.931032901484882
8.63843312527998,1,1.33491258537547
4.56290050873869,1,-0.869271763875442
0.817469531489013,0,0.0554869546651026
4.95964506734634,1,0.0490669131919192
0.628119099170794,0,-0.578355728360897
2.95650256741795,0,-0.998738655996004
2.11818330413636,0,-0.00243278000660164
7.19654688703359,1,0.655511882812969
3.23630865153692,0,1.47684227897655
3.67236074120553,1,-1.90915278827921
1.95835101851511,0,-0.702439473312409
4.6471025113203,1,-0.311430218011919
-0.040673547422623,0,-1.66315703066738
2.83106797661918,1,-0.75053344179229
3.2530690603164,1,-0.777351759181508
0.776061926411956,0,-0.722569699859602
-0.398978913357039,0,-2.18883459914707
6.00262910095818,1,0.213418550286554
4.37301580779038,1,-0.631922936254832
6.10953008083121,1,1.52049119383216
5.64581887644885,1,0.795955949415082
1.75845873235287,1,-1.4535295651328
4.74762318570244,1,0.0983954210058388
-0.232006843167438,0,-0.593770984233153
5.20701939557581,1,0.888281168634515
1.79530609836439,0,0.0530704154986666
1.88191711940964,1,-0.557023625844656
5.36567637788341,1,0.43839703617272
4.69449430228682,1,0.152608158642419
1.6671225121677,0,-0.164617581749564
2.90184583097425,0,2.01989062147597
1.62678492202047,0,-0.529385886317261
5.6743133999454,1,-0.470786972984042
0.972716219829688,1,-1.54593692401752
3.48198810553613,1,-0.0405267232951771
4.93895377081606,0,0.890356305470676
2.07783645597218,1,-2.07138785092921
1.20718448396372,0,-0.250065120073019
1.41468078493594,0,-1.18165042665332
5.78501836967036,1,1.44193726501691
8.20674762973912,1,1.35789553887886
1.03520973226422,0,0.33450284734065
8.88061986440857,1,1.42933808040023
3.26328303594989,1,-0.867317850878684
6.83398442742384,1,0.950651724971886
3.02456240651146,0,-0.585011508633235
2.20871224899248,0,0.320957522525629
1.65102352564543,0,-0.299396016664908
-0.712334631545944,0,-0.278543083293069
2.58884678618213,0,0.546115158329532
0.719960042091784,0,-1.30382115364487
2.22365963856289,0,-0.25091446504246
4.58847132273052,1,0.17100737371791
3.26384003312706,1,-0.403467478747509
5.11949495381197,1,0.104659440835727
3.5192754997211,0,-0.318880786734009
7.84467610931731,1,1.61834393588343
5.27705201578573,1,0.714188601488617
10.7944976881591,1,2.96586536983324
1.79643447978342,0,-0.795077604559211
6.05896641482085,1,0.814365914679913
7.55489682202312,1,2.09803081013037
1.61303888081239,0,0.30098005515257
3.94998174258348,1,-1.08307514183923
4.67661825351899,1,-1.00632250180328
4.66208189339149,1,-0.035414564917612
5.05900434391252,1,1.30912436085341
3.49242142340053,0,0.750400486646719
-0.880483661549399,0,-2.13836832761242
2.13296266917138,1,-0.700354108866634
6.97610839540873,1,-0.00905647529298544
1.77535123400926,1,-1.45813348724477
1.23757557206857,0,0.694529646494869
-3.40287628140315,0,-2.46133547518649
1.29465763872826,0,0.143289764040456
3.38681134935609,1,-0.391222119127056
2.01994053932772,0,-0.491164085614076
2.05423209377463,0,-0.283647452452051
1.75605126875933,0,0.314794804707843
4.74047137314176,1,0.396326577938989
2.86874339190426,1,-0.22560371103596
-0.704266974913623,0,-1.92495043034056
1.78299667917265,1,-1.43922929832198
0.56995538714874,0,-1.4696577739724
5.4481145189742,1,0.761863446891932
5.46217751595111,1,-0.24361498187128
4.20046702949302,1,0.269676607418008
1.6255978359829,1,-1.55892752095582
0.946861083441108,0,-0.535588006696314
3.45374921713741,0,0.562451973173495
2.24751031819536,0,-0.178326123419918
1.28762627105709,0,-0.115135986202651
3.91706357565521,1,-0.0720614721063666
7.50109548546377,1,1.2109098069263
0.981632251234929,0,-0.614896900799703
3.61598031470217,0,0.6761264583147
8.32036690335974,1,0.898599605537552
3.35618249474148,1,-1.18931790352102
3.56734672246024,0,0.121258849819009
3.82142523682145,1,-0.0112216861304115
6.48625850498863,1,1.02914071931376
6.1231268973764,1,0.914774867719613
3.47215349012413,1,-0.00245626667956324
5.66760536294535,1,0.136009552413727
2.73214895619379,1,-0.720153544943125
5.19687771680813,1,-0.198124330051216
-0.337365492324331,0,-1.02920880604827
2.99929250903125,1,-0.966955895852616
-0.209536445631263,0,-1.22081308891909
4.79110691770995,1,0.836207703944837
4.71895461002985,0,1.1149717984954
0.875732571342301,0,-0.412944852927091
4.20025544572899,1,-1.12897739800683
1.68547278618501,0,-0.0879313317770513
8.19022147640603,1,2.24190369331262
6.92231109628516,1,2.04131317075049
-0.0278231238304034,0,-1.71980033672145
4.52061130547971,1,-0.356906656122387
3.83684643399969,0,1.53328049216229
5.72992443427337,1,-0.0382440966102368
7.77328060216271,1,1.59741324232642
4.56246559264083,1,-0.333585393309883
5.92620789630874,1,0.604985923915378
3.47081730166383,0,0.224241239250251
9.73526910954294,1,3.22906949548006
5.40489738636379,0,0.92045256677252
0.653548674132119,0,-1.20653906921592
3.87547679630034,1,-0.603881169163268
6.66894785869649,1,0.370235284622063
-2.3051293818114,0,-1.90100064667961
3.53322666867421,1,-1.80440994496324
1.32338069244425,1,-1.12182260635522
2.43765711356258,0,-0.34792960655914
8.15193363181369,1,1.23890214863198
-0.0861124101191604,0,-0.274197564852279
4.90068975045536,1,0.162380715558193
3.87491803166978,1,-0.0646069097530627
3.96555236690916,1,-0.705237097025143
6.31586704384625,1,1.36219726875099
-0.148383509866346,0,-1.09651318808332
3.73880254593459,1,-0.228433518546891
5.48332581382589,1,-0.347828080610269
3.61205434465963,0,0.532128619506733
7.92523164775934,1,1.60723456226119
5.97273049780561,1,0.513814526116594
4.43501035850443,0,1.38237316057303
5.8329714170554,1,0.763097048549903
3.37794004265031,0,-0.624584544634111
2.22518759485465,0,0.0815438004289869
7.69232347216927,1,1.37607911136477
0.376324840315987,0,-1.56126578615704
3.29814453896351,0,0.324770660594699
3.08215356435115,0,-0.156790316952238
6.05353974828181,1,0.877783860734352
4.25258050881184,1,0.750166575180638
4.68459888526434,0,0.30105340384283
6.90304058721336,1,1.49281111722931
-0.546534398709705,0,-1.5254938001697
7.89592309263523,1,0.910717558486022
3.10805375312963,1,-1.57953202785754
4.66930348651652,1,0.587716257118582
5.40232568579584,1,0.0896422960007244
1.92537177995491,0,0.96726165694984
4.89085457582053,1,0.0788123529148234
0.474571223280924,1,-1.56869983648609
-0.547915317530397,0,-2.00782318401609
1.21352469769266,0,0.540973524238763
0.680618028834499,0,-0.0733765981084255
-0.734342808572242,0,-0.571018393558081
5.19263211683797,1,-0.311068459853641
-0.19645984792856,0,-0.671415067101365
3.19389166089368,1,-0.157340452080979
-1.92309877312728,0,-0.93130507099987
0.332818088239592,0,-1.98300947947013
4.24438621748926,1,-0.219599804249378
5.4366492093618,1,1.04527586946239
4.08756521610576,0,1.87732956629967
3.25712604743747,1,0.00260619595716637
6.33590574868459,1,-0.0806699347091655
5.95669627924629,1,0.96298228123987
1.50306463837958,0,0.0535710165465174
5.10442308563276,1,-0.434898408910037
3.37495702149959,1,-1.73729725534231
3.83788992688469,1,-1.26369559978243
1.75032876342806,0,0.406308512069273
-1.75656552918956,0,-1.45965396777976
5.79626425778143,1,1.0484573701547
2.80273603999729,1,-1.3464305394502
1.3527970751219,0,-0.193570558113494
5.91552711064828,1,-0.00233595711367605
5.63205535620257,1,-0.0128297338671881
4.78274750242181,1,0.151947321984398
3.32028844528795,0,0.598511131401079
4.7945628821953,1,-0.126212437298279
1.64656351101986,0,-0.248535565846776
5.49474155036197,1,0.160327394904622
6.03060050079732,1,-0.433641941597269
4.1199447291728,0,1.53741241910027
-1.91023649156682,0,-2.17024657661608
2.09435810839997,0,1.02700461929143
4.59907742074245,1,-0.248482933189933
4.51445399048566,0,0.422320385832393
3.86461591533091,0,0.987653293639674
5.97646786417741,1,0.835568172035023
5.17819103581794,1,-0.660521859045705
5.7850308472472,1,1.56406949329184
1.18193392060887,1,-1.62297593529155
4.86415767552583,0,0.863896373478988
1.11430727162973,0,-0.5116027734362
0.138098832990264,0,-1.9173650254454
-0.81062871709156,0,-1.86581384861995
6.35897447410955,1,0.245179063439689
10.9045381209447,1,2.22353430190807
3.65274982146739,0,0.273376064144465
5.59278224088255,1,1.13078479452828
2.81760665700238,0,0.838669374060099
0.210702205895166,0,-0.654615277878205
2.64629422677135,0,0.953960978479396
6.47035460278313,1,0.352951465489323
2.62645879198721,0,0.206599292649613
8.0427503536552,1,1.00111323431025
7.12884880686765,1,0.747451991640276
3.52536125456304,1,-0.626574836723139
6.05872121753687,1,0.395223685936714
2.17039372968132,0,-0.892167954045578
3.09169644435601,0,0.630818410091773
3.97474843653659,1,-0.432705183284567
4.61251295674231,1,0.452138644218517
3.5157596951417,0,0.367999045196345
5.82692389491229,1,-0.270387489661909
5.54111626331802,1,0.465512617712979
6.29515155376619,1,0.574356225626969
2.30000760682377,0,-0.230699990157411
5.76056157445108,1,1.17224250830245
5.67939061505486,0,1.39270270673312
2.56424273039756,1,-0.661991255709585
1.26559853831352,0,-0.777369206725014
6.33603820015823,1,0.51353857890878
1.06727616360138,0,-0.913312238041272
4.43471208555771,1,-0.449423805250301
6.29928458434078,1,0.802932699103618
3.39199650644329,1,-0.573476850981104
-1.23729720697402,0,-1.92812516784833
5.8124323754172,1,0.664390833822148
0.23253754611871,1,-1.60254022379425
3.27185851903557,1,-1.35460025745385
-2.26968021417341,0,-3.0179326794179
5.62654751325529,1,0.831237822230063
6.62017503249079,1,0.251097088847344
1.28784523032051,0,0.46229346594133
6.15859312676139,1,0.844792223223237
6.25928081356014,1,-0.0419715243215621
4.4355867404667,1,-1.10557590570003
8.50451860541883,1,0.563775652330874
4.8871288166232,0,1.30336475581967
-0.249902052895871,0,-1.50022093779466
3.10999877306816,1,-0.606989235119036
6.1618754677687,1,-0.292245065656577
-0.993445603436176,0,-1.2896833433236
2.99356354126267,0,0.694105848774699
1.34164197633903,0,-0.599181902897119
6.8881522754609,1,1.25690664397164
5.22668880811434,1,0.053508013627363
3.52498466736981,0,0.728092517671852
7.47641161329769,1,1.56109806821061
1.88072788655099,0,0.26562475359719
5.04195827128011,1,1.07672625920727
5.27733436681942,1,0.210697931679245
3.14592658637962,1,-1.51167352582237
2.18519192899405,0,0.022402259913625
4.32240743772321,0,0.718136206042103
4.13893785918773,0,0.48945701784227
3.92972342473848,1,-0.17388834587827
1.08824715600446,0,-1.2176994886684
2.33469433950762,0,0.646398368709462
1.95565606053594,0,-0.91645602834789
1.00983053753249,0,-1.25182344242557
2.4426586978155,0,0.594927718405501
-1.7484033174707,0,-1.23281066518983
6.9518192029724,1,0.244364414906138
4.88903019381534,1,0.00277218534359506
-0.585791522471368,0,-1.32820968602556
6.16293545051945,1,1.17969641183278
2.76719957177512,0,-0.592804999148929
9.63897389227932,1,1.19997831633667
1.82611739149098,0,-0.475033679612135
3.67881217893635,1,-0.575057096150816
6.13278445469086,1,-0.031226024608499
2.07195626462056,0,-0.358056995978456
5.19117883863133,1,-0.356601077647731
1.21011913178756,0,-0.877664383433726
3.19880342883482,1,-1.21289712517796
7.94346597858897,1,0.613286618687034
0.669648468135562,0,-0.806203341462477
1.22355792614442,0,-1.3764569299089
1.33431281829117,0,-0.507847899163547
2.70472164012704,0,-0.800935486737338
-2.56462215630583,0,-2.19278568567007
4.85692940828517,1,-0.290937149267675
6.36607313050786,1,0.167174121160518
5.65745964274714,1,0.294692356485688
5.78153491106992,1,0.392741265420726
0.479901484467073,0,-1.00084371300082
5.58957081079091,1,-0.325727119823434
5.24569222038383,1,-1.00834880542884
0.329976382179346,0,-0.635431482033766
3.74663308735133,1,-1.20984068798734
2.45096875649987,0,-1.11646380065269
5.06275997973379,1,0.629881162575935
2.23933966064011,0,-0.272521570178626
4.9512429299815,1,-0.258841168378671
5.66545175015297,0,1.72955817989149
4.21436294610294,1,-0.0583921654073716
1.55324098385214,0,-0.537063784608919
4.94676692697704,1,0.74728669616574
0.972399472631444,0,-0.487257835389733
6.97628043574094,1,1.37290778147951
-0.100025949508211,0,-0.377672360646221
5.48971893142476,1,-0.616152614118394
3.02954690530366,1,-1.16812505107469
5.33488423632809,1,0.328640358591086
3.69616047686308,0,1.46651062744016
1.49207931082806,0,-0.356009545088913
5.2317983985081,1,0.261467641877431
1.73866778080784,0,0.333328855175731
2.67043954464866,0,1.42219324030954
6.83235100971596,1,0.663876600666173
4.47825613689407,1,-1.07365515569531
1.37422623274509,0,-0.69690177466674
1.80822505889073,0,-0.746130456934561
0.627261051334834,0,0.141572872132219
4.28484660000053,1,-0.00394722073065307
5.71396508557605,1,0.367937501091766
0.744297027314077,0,-0.657342914697247
3.72693032371812,1,-0.376346670161052
2.04181874133588,0,0.741360060425085
4.63544237552859,1,-0.0996067564484702
4.01576239163333,1,-0.654289878607095
5.21254089638373,1,0.971164374061271
2.71298854174279,0,0.0134963115683865
0.0937901309519267,0,-0.916534667021545
8.92543939203095,1,1.70968856126164
-0.756923025624392,0,-1.16810098994666
-0.710284954022754,0,-1.78103626015252
3.17766930977599,1,-2.25313244856822
5.79694906977514,1,0.651125969546699
4.80435391970262,1,-0.532832625602767
3.53089789744117,1,-0.275559356972283
6.17095951687041,1,0.289626972629046
4.69604576415769,1,-0.466484061790764
0.0872194262675285,0,-1.60806017494469
-0.881572855588908,0,-1.94978379604199
3.34758978364545,1,-0.340699918230981
3.48656740519704,1,0.17472552733132
-0.554376059486525,0,-2.27777756077723
3.8183768182569,0,0.290524480947084
3.44201030342472,0,0.422306357473614
6.96051917280376,1,1.29473736320671
4.10397186461595,1,0.164714018573954
4.99620149803343,1,0.204953840800235
3.18720235195433,0,0.604603626725806
4.26119370960163,0,-0.0191407691689314
4.5425856185317,1,-0.0797143473788086
2.97225340216995,0,0.115984464402805
6.32539969228852,1,0.744173364048388
3.18162469367701,1,-0.431290603527693
1.76931620311721,0,-0.499528951911234
-0.081130164907184,0,-0.865162076755711
4.40427600412365,1,-0.957757283271873
6.28982713794675,1,0.326799971338638
7.47045108970939,1,1.54737222568517
3.54725813607126,1,-0.968859568864431
5.00168034023811,1,-0.188440426259463
1.54688325988293,0,-1.03000116145592
8.49069374482486,1,0.908086441860496
0.627863365009626,0,-0.317381864708129
4.47247712399121,1,0.179003966540422
7.43720059344304,1,0.348028187729177
3.49070551704125,1,-1.05427902127444
4.37853495411235,1,-0.104744288110701
2.32048814469911,0,-0.228342617094529
8.15227967539302,1,0.675355562427539
2.78252206482481,1,-1.23324469350631
0.685382845846053,0,-1.19996154442278
6.82186770588548,1,0.765866576616108
0.985837374351794,0,-0.588097861282977
2.35867648789152,0,-0.660295829975576
2.32908255600403,0,0.113013522197344
0.473515596128938,0,-0.320398799686039
5.56247022450745,0,1.86638149693879
3.28240535463679,0,0.259531455767799
5.69051167682756,1,0.16156007091807
6.98632971261985,1,0.931074909335354
2.98534101734603,0,-0.0599467492596211
5.33603970671911,1,0.0487397000774502
0.23217502246245,0,-1.07287540073396
-0.401184670830881,1,-2.29297143048067
3.79207438358698,1,-1.20720685006434
1.54062307293406,0,0.114109429797191
0.656534701268716,0,-1.03329707910538
2.46950721126416,0,0.688807752342063
4.6851512932055,1,0.725083017674864
2.97701717285594,1,0.217380210939088
1.77677766520719,0,-0.201656731618378
1.1762394728894,0,-1.36568986058868
1.51946993636637,0,-0.30893760867716
2.29369328964635,0,-0.452902886537227
4.84068684661217,0,0.663229144519792
3.16784958154986,0,1.3086295367487
2.58819526043302,0,0.501040309894498
-0.269551370287091,0,-1.12828853519737
7.50090189343753,1,1.67099730539817
5.6996551696133,1,1.01035303245212
4.3486065691907,1,0.223521215874458
-1.65400415545133,0,-2.20648459320962
4.67831758072549,1,-0.954585618553158
4.17677145564067,1,-0.0685730672102366
5.62856631278906,1,0.76130590156527
-0.189363862467989,0,-1.17990419995829
8.51400968460674,1,3.21119895676729
-2.57300571388217,0,-2.55382485095083
3.76491742342365,1,-0.235933949334065
0.32309978667608,0,-0.259562643261435
1.14159122809052,0,-0.663366916619193
4.22647130099972,1,-0.318990710826149
5.653500166129,1,0.742395157572315
5.15982178255308,1,-0.874292675785773
-1.59883495518787,0,-2.08281376630328
4.63001654775029,1,0.0937679028102176
0.285980919409984,0,-0.00181981200279561
2.88930380283577,0,-0.013100652371574
3.27129651653569,0,0.667968074558104
5.06767224884464,1,-0.0131677029521626
3.75379008061437,0,0.776047030476303
-0.502280828292282,0,-2.01073533263526
-0.485850600555118,0,-1.1281804949718
7.03391472275672,1,0.34879957158572
3.96699265955581,1,-0.352898482096924
5.69187569638598,1,0.944774597917623
-0.249616556420072,0,-1.00471985252646
4.31079113477678,1,0.723902732496846
4.60531304438597,1,-0.668832740990364
-0.213153666790449,0,-1.1130401937158
2.02233163561127,0,-0.342805189366945
3.39658438550512,1,0.0497793231687396
-0.327529500477516,0,-1.22768196152554
4.08137952838873,1,-0.764005910827448
-0.729383847227005,0,-1.24618206161788
7.51789619686405,1,1.01677397775977
3.82693200980987,1,0.723612624058863
3.16243951428325,1,-1.03252713710511
6.059994784682,1,0.557346004122758
0.454931829523248,0,-0.255581423099522
-0.408814857822869,0,-1.11339175714667
4.59142159857468,1,0.421197439614804
1.67957469708581,0,-0.322950311846374
4.00613635961798,0,0.880179901191523
0.806876398778816,0,-0.194863606775901
8.05122012435127,1,1.18805498210378
0.172338210192682,0,-0.509764511767954
5.99483363495045,1,0.219548010873294
5.33406659921295,1,0.370294421364558
5.84172741850645,1,0.279108393730607
1.49991108808419,0,0.201942437313324
5.69400937272078,1,-0.0129965424313442
5.43897492803471,1,-0.0908650060774901
7.59353542633488,1,1.36503136531884
6.74245013178064,1,0.908130568883166
-0.0364107675006753,0,-0.609888171401906
7.31015610013964,1,1.39643722121945
2.39032640974882,0,0.144798373308446
3.99668423197393,1,-0.640606771595302
5.90203963798365,1,0.169802259558534
2.5795951531131,0,-0.157187487420844
4.09098260883334,0,0.100939594546104
1.34715192109498,0,-0.97339415414828
0.320176608261693,0,-0.819825275253199
3.97577763426844,0,1.36291896902543
6.51041206824682,1,0.961370930531278
1.55268842091403,0,-0.883724474401114
1.71804021597629,0,-0.900092115436322
7.89131157044194,1,1.72333313279683
7.98771850810311,1,1.90904216212893
0.552074428766301,0,-0.777141195855263
-1.57783412459055,0,-1.30230526261311
5.81976203710204,0,2.62349516681868
5.34366480740414,1,0.229628914346807
2.33824072124483,0,0.186749892141885
2.00415374662271,0,0.0761366349502805
6.89310395212045,1,1.40486018632133
0.87248367294625,0,-0.191722235336317
6.48589466356665,1,1.45939216415609
2.89954402462222,1,-0.220655451134541
7.50773926584177,1,0.50514588627314
3.88449455909627,1,-1.03349700607288
1.54135910920823,0,0.17047347145922
6.32498209511064,1,1.20066816089193
5.2696228230352,1,-0.163405914765736
7.39260841946339,1,1.28247586312264
7.85367187830855,1,2.72719638791127
6.86173512598804,1,0.941924217330924
4.36948708573044,1,-0.248614037279559
4.42809606717821,1,0.0964788597064851
4.12418676215825,1,-0.433930941301739
8.5279641338447,1,2.17866786745157
-1.1439493091827,0,-2.95877961913012
0.574577860761265,0,0.0808882391991137
4.25207741346594,1,0.110137804617221
3.5428920959112,1,0.213448326312653
2.1491538091281,1,-1.55781961263232
3.15766426708534,0,0.216211546257758
3.26959726845983,0,0.18766381702644
5.15804228969703,0,1.2586221252136
3.39234311696725,0,0.523517780908964
7.38013397894597,1,1.11545427747996
2.36831996608304,1,-0.957502242170469
4.26481408173418,1,-0.124405579855432
3.56879929215163,0,0.191737829049968
1.74867817020653,0,0.272217250603347
1.42656868832933,0,-0.693814463673254
3.6859243937781,0,1.47917192085213
3.71000375466263,1,-0.611767021642771
-1.34107791146825,0,-1.61430997435935
2.33797696565837,0,0.40249011059067
6.1361545092971,1,0.664555447289484
3.65370541030072,0,0.944127070994937
0.844349374927875,0,-0.946260797708289
4.59839316526312,1,-0.248288449238896
2.89714862406532,1,-1.32843646853908
7.44121702005171,1,0.844763742098917
5.55755234545043,1,0.347696732438648
3.5346413352158,0,0.913762586431107
4.3468769521475,0,0.608274553380681
3.4347286364439,1,-0.607547987804487
4.38112098536787,1,0.179658070871844
3.27408402490987,1,-1.90840941941738
8.28335885449631,1,0.502946257689096
6.57625623755267,1,0.968899153478499
4.8641545079548,1,-0.875737125773327
-1.97625518239062,0,-2.13602453869801
2.23852560929449,1,-1.52282758158501
4.41427934597693,1,-1.11311820788607
5.75104495833546,1,1.2409838955359
4.02092657046505,1,0.00348193506299025
2.02615443242561,0,-1.23779458599307
1.23699371657829,0,0.555699118898025
-0.407430368500476,0,-2.1831493493599
5.88249134693399,1,-0.247024457097248
5.02578103517995,0,1.11285692758645
4.60168497401427,1,-0.341673237009086
7.24340381776824,1,1.30543834214107
8.11179457332349,1,1.79532387144079
0.663184336672391,0,-1.16783522747345
3.28853141883673,1,-1.15228762498202
3.09883946348197,1,-0.914455469345649
6.06458910454232,1,0.52872803253363
4.17193527354638,0,0.835078927048582
4.11466537762987,0,1.20913697409153
7.02089216000293,1,1.29947254536082
6.61540464766963,1,1.07573230420989
5.04954116239027,1,0.939801023514297
6.1440349511063,1,0.163374693406766
3.98318963505779,1,-0.888138558640392
4.38056916169449,1,-0.72616098275635
2.91759942813346,0,0.407597005613739
4.63424139343238,0,1.68353633925179
5.21786397822203,0,1.70597982356461
3.00648607343,1,-1.92616670082608
-1.63326515520728,0,-0.833998015228465
4.73827741808843,0,1.41913251633319
1.55731392219493,0,-1.06410971501924
2.15447503392652,1,-1.61357747248045
3.75230864941183,0,0.599811088697427
6.15714043406547,0,1.73296470538705
9.33192792366252,1,1.93450456245773
4.33319697943412,1,0.532820575670794
0.252756299680159,0,0.719665756019784
5.9706932299749,1,0.560093385755184
5.4885821478705,1,-0.018086931659967
-2.59440623437648,0,-3.37173908255051
3.99931937843286,0,0.760703244759755
3.00458256472181,1,-0.39122685224321
6.00871006855013,1,1.00990122381185
4.83929443061052,1,-0.626973147073749
-1.27482282015543,0,-1.63457736950186
7.94626243059298,1,1.24524265203048
2.65431486983497,0,0.181377446555404
12.3926024921954,1,3.4953042639856
6.62259578219093,1,0.915591913326913
6.60707041686015,1,1.04850651742624
6.7301271355735,1,0.763824936934856
-0.395757814998591,0,-0.6033873768594
5.44811088094263,1,-0.370429662702776
7.30086353542424,1,1.05982593833365
8.54135959666591,1,1.05511052983939
4.63967859434371,0,0.582972161120319
0.677201517716411,0,-0.986567435539539
7.95402965573322,1,1.68462181174398
-0.652058956209302,0,-1.36684104568263
2.81815491768041,0,-0.433214348611114
8.56485028971476,1,2.32505849371513
4.70578105832471,1,0.524122181151092
4.58895876807129,0,0.970733416408591
3.61250980811343,0,0.376973397152614
1.41104719089936,0,-0.995933396542156
2.0663926080152,0,-0.597482913048045
5.99238126253618,1,0.165251423080152
-1.35675709960817,0,-2.92847717857757
3.96450570981257,1,-0.847914226578549
7.90535470613996,1,0.798584512223446
4.96039487640083,1,-0.298455987965219
5.78244032472052,1,-0.283611376945371
2.69393763705161,0,0.869519306648764
-0.339530703055479,0,-0.544355284698977
6.41477622292788,1,0.628803235377603
-0.85861909048903,0,-1.42233445794539
0.644725635301027,1,-1.22751263333428
2.87473167802429,1,-1.67410551574443
2.89216964235614,0,0.0843984822448786
5.75311688626654,1,-0.2061256639704
6.22872016352922,1,1.44187164028206
1.64662441814223,0,-0.0417821033853644
5.79397494572819,0,1.35375447776378
8.49597879596942,1,1.94522527592283
0.932567873797808,0,-0.490938233708141
7.06222341262543,1,0.388439074944612
4.01741703664146,1,-0.84489325918598
2.33315247795113,0,0.737990367871089
-0.510883322595927,0,-1.07976033128386
3.64165761994738,1,-1.02647387624363
6.30274104151002,1,0.288793361578875
5.76998246231045,1,0.0908113192871749
3.04092760814102,0,0.262623176711222
4.14640057961727,1,0.0693349127912537
1.74400358624949,0,-0.528643818856825
2.60719461817253,0,-0.130202164518766
2.8049488698679,0,1.62015874435582
3.91027117910932,0,-0.0178951233234706
3.67172420220671,1,-1.31848939894929
1.15150200692866,0,-0.844560160581277
0.0659289099495165,0,-1.10181487249111
0.182170288025217,0,-0.900090143007498
-0.907141967604545,0,-1.26108391982248
-2.29238933519228,0,-2.6258489024829
6.26475768514951,1,0.669065749190573
5.30883654727532,1,0.660041509230777
1.14212513698186,0,-0.25060043539111
-0.443509522755063,0,-0.723797316953819
-0.0582289467140904,0,-0.812181632329413
6.50041683679719,1,0.398734336018413
0.515843861975762,0,0.226563573879377
2.63283743857933,0,0.42164357975321
4.48459360698785,1,0.00483794372409907
5.95380583934356,1,0.618983915096519
6.64601636042242,1,0.431133944485928
5.51347861359112,1,0.558312370187223
2.48974801211772,0,0.495961280672009
7.10407492552032,1,1.66188574094578
-0.155141838589409,0,-1.0550346122045
7.85682908965391,1,1.50832468678
4.45474197894504,1,-0.334208656655074
4.55694110802368,1,-0.0649807438184409
4.95370101362239,1,0.0810815387134028
1.32831960733532,0,-0.448214795538841
-0.482922035298146,0,-2.55380695026597
3.13491978975688,1,-0.312932535119014
2.19667393675541,0,0.0413831520402976
-1.38306504918105,0,-1.73772806133762
5.92120097242238,1,0.54993965969838
1.3173806674479,0,-0.597273692593322
8.10195045303408,1,1.44774180603655
2.10957410309399,0,0.264868114264259
3.04420589069157,1,-0.788782807782472
6.3329676737184,1,0.167732220671529
3.96795654320745,1,0.25758310820126
8.61205491011371,1,0.912047367450309
3.30521681947883,1,-0.156872382554867
-0.0996123187084251,0,-2.03337570844709
4.6769266904877,1,-1.29966582307858
1.86914255495092,1,-0.857250659929035
3.98770370740813,1,0.426265294536191
5.92198062745163,1,-0.284836263084754
0.403689473578383,0,-0.614368541969862
4.04031174969056,1,-0.844890832157483
6.55863370968122,0,0.153694957218872
3.57089063024102,1,-0.851432275778188
1.54263144153288,0,-0.397921072942885
-0.889739175878849,0,-0.939977226280953
3.42277095693782,1,-1.38825374141942
1.79833933106253,0,0.955184588863398
3.80078388045132,1,-1.31749547003238
3.42604757315612,1,0.0730291461596218
-0.0575541484111717,0,-0.56818584856837
2.55462461739612,1,-1.05845066878383
3.13739427310814,0,0.259313538417069
6.98032713573029,1,0.373134504519161
7.98436895298856,1,1.26466676928415
0.973370665473547,0,0.325224996068265
4.45117061032773,1,-0.138467319508306
8.27570357594597,1,2.6024688972798
-0.385623764187908,0,-0.650284428487915
0.48296488884861,0,-1.00318322831336
4.99174490459299,1,-0.535113912874478
5.19613864397088,1,-0.110414566776788
7.45918558677017,1,0.600430169313573
5.60512010899808,1,0.415845059598682
1.43510623435035,0,-0.105750646676992
3.89300155736015,1,-0.856562538246121
6.23859353912147,1,1.12732733432216
6.56483916701976,1,0.916281621448453
0.676775860534755,0,-0.724379592724361
6.15567349048917,1,0.686779087574742
1.86906326348036,0,0.450085791644612
6.79801281696735,1,1.04522160610504
6.54764710916317,1,0.149629034437439
-1.73063453166014,0,-1.14106715320069
2.36609870261329,0,0.802499402419657
3.92808765588254,1,-0.728716530969446
1.81177140294648,0,0.527209285728481
8.43761740068778,1,1.67347877221231
-0.297710398462847,0,-1.41882802027083
7.80933854717234,1,1.56191080116889
7.1032255763221,1,1.35316100891808
2.328496932323,1,-0.528696776691558
0.0727048768401775,0,-0.251272775479278
1.25605335674288,0,-0.685847686292498
4.00627495114277,1,-0.570367652254122
6.78273303840928,1,0.579631381546157
1.58373787172722,0,-0.898959005252115
-0.0584553836196873,0,-0.190329887912783
1.64180848158894,0,-0.143903377346461
2.41067698759432,0,-0.0965726512875553
5.98872488189567,1,0.181446715722357
5.14871763593808,0,1.59657420918631
4.85825084888426,1,-0.451331739893457
5.7698750231557,1,-0.794880224800819
4.75706993397439,1,0.792284349652293
4.21571252917596,1,0.380472299761027
1.31863807436663,0,0.235787982992453
6.8801692471179,1,0.59098826352041
4.73489631723709,1,-1.41193020207889
6.62175900644893,1,1.06329579229111
4.72865126990009,1,0.453917878897591
5.31910088857836,1,0.951312977019787
1.97490634081638,0,-0.598517713401516
2.55353594953338,1,-1.84194005034614
4.58966375593357,1,-0.484589533147934
-1.5366615992311,0,-0.906846815023397
6.23586157488441,1,2.22276244740438
4.6509918766699,1,-0.41346657637618
3.71328893644366,0,-0.215673846704644
6.56049024880056,1,1.06297852007115
3.55126927188391,0,0.620346526580243
6.22814821058058,1,0.673066651879
7.47941151603709,1,2.63370956294833
6.48221198523005,1,0.16611439867297
9.13944225318748,1,1.90517553753426
7.09474784732468,1,0.253718401313083
-1.60627632731172,0,-1.4590219672543
0.826661603706613,1,-2.22724824128035
8.30537213030961,1,0.649683551167725
1.65691543101681,1,-0.999249864768557
1.62857878235098,0,0.0419723836763139
5.37305992781728,0,1.77704370004004
2.81124360091399,0,0.347182677337207
4.86316548849289,1,-0.287097446149789
-1.71602862483402,0,-1.92457665210911
4.63589980137425,1,-0.800649109339913
2.68435400170183,1,-0.575617970726623
5.47918538489778,1,0.684205732670356
5.50074395253544,1,0.483457347617138
4.12830263728043,1,0.0139634087073798
6.15382272406903,1,0.180243734625121
1.53663809482877,0,-0.2881232483085
5.79322382529025,1,0.0302272228902285
5.54798793448853,1,0.271674108529486
2.26893259582573,0,0.449158427413426
8.54283413836754,1,1.82762765843039
2.35444320609218,0,-1.11202371088381
7.9631486599179,1,1.47480743158371
3.90069631502297,0,0.671512460144391
-0.341976265779314,0,-1.54532854371443
2.82326862966686,0,-0.277047227991105
4.20030176513458,1,-0.62934299197198
0.96561064819767,0,-0.933000451619752
-0.0552273108259548,0,-1.53788648422826
0.759259181879377,0,-0.494102049599945
4.99607282295985,1,-0.435360015270196
0.0215040635760577,0,-0.323544676280226
-1.35967045253922,0,-2.06111361891619
4.44378490122701,1,0.441502555095545
4.71135467709762,1,0.746351246566367
3.51294282441009,0,0.789642873824685
4.73565428228666,1,0.770740507039544
2.22655468038557,0,0.200506317830367
6.91314412407634,1,1.46835003167775
2.1736923583437,1,-0.876455483940753
1.42392129918347,1,-1.22660469372111
2.97854838345173,0,0.337837919974576
3.06773676275653,0,0.440824087254149
0.499254943929366,0,-0.746516451736769
4.41811977847073,1,0.0366061204319243
4.01965684207017,1,0.323309624203048
1.62534146484508,0,0.379676032401592
4.79565494271539,1,0.876556495795362
7.78742247784409,1,0.933387987569637
-3.534632595331,0,-2.42880752268242
6.11832056187556,1,1.72799402342117
6.22999069259134,1,0.456002646277211
2.48118216661181,1,-0.570360345745652
1.41611412988469,0,-1.11462440217797
3.56013838656107,0,0.905064265563895
6.94874173569623,1,0.328096015484134
3.53981288402239,0,1.07808996004782
5.21017253890233,1,-0.060315553702501
2.17751508464916,0,-0.243518761963125
8.60313548385198,1,2.24142256068828
-0.820194387172449,0,-2.03599297085583
5.92363000905056,1,0.390914465082838
2.06423195898711,0,0.384813342899653
5.37957839841119,1,0.438695599541397
7.5186263887133,1,0.55814090204657
1.94645166775092,0,-0.276406382977446
7.41482196849224,1,1.16628807898223
0.92968793671676,1,-2.45427723493739
4.78486120158772,1,-0.805566259454567
5.49799574784705,1,-0.119144550620025
5.0441012412423,1,0.163216234138794
5.89818745718594,1,0.406479507762917
5.29694377030212,1,0.639339995644309
0.649751888161388,0,-1.50851763737235
4.52866092171434,1,0.00767060439702689
6.42262746611038,1,0.524168022000385
8.53909718605001,1,1.32633587157079
3.79072280012436,0,-0.113567734432564
6.53433281539956,1,1.59914947839686
0.928903194644288,0,-0.281528098928179
2.42931349845463,0,-0.0498981389105064
1.6204079880619,0,0.160214127321124
0.578450475334075,0,-0.502380562405328
5.08659297920493,0,0.715938048776189
4.92991192379791,1,-1.34578730316321
5.70084307815555,1,-0.0056435653021491
2.57557766501731,0,-0.540542549739533
0.531680032174535,0,-0.547073740849682
6.75902524378309,1,1.15144538704443
7.50208496849567,1,1.05221968194591
8.65520020607018,1,1.59802652870266
3.70506994145383,1,-0.263796793108458
0.695628436518259,0,0.0324007875469165
5.11698625220379,1,-1.55158330768591
6.77808671880285,1,-0.388179430024523
9.13603089368508,1,1.76414812218013
2.30662805486041,0,-0.41652772756372
-1.15443034715231,0,-1.16633868878939
6.38196557013314,1,0.0418945661851059
6.55030987866969,1,1.24648913025954
-0.232364406451846,0,-1.57797130420835
-1.02011909568191,0,-0.253820471789102
3.93876120893002,0,0.467830542050614
8.19376946022517,1,1.97752999445585
2.99575464812456,1,-0.615605794843624
7.20751021448136,1,1.51942160121109
0.0149976783496137,0,-0.43289519356181
2.87969329958373,1,-1.03101770806171
1.02312699074229,0,-1.13433449832271
5.03378370899645,1,-0.221098125377531
2.67046957613947,0,-0.0224146989039466
1.13409315005611,0,-0.32290182802397
8.52933155957548,1,1.05222315972554
4.17610740956852,1,0.189541165695199
2.79944649653687,0,-0.105827608865873
4.63671738241301,1,-0.602554472532716
-0.477959205341972,0,-1.29601593126204
2.7704143241857,1,-1.95932663870655
7.71818401282883,1,0.21341173052117
4.53684761631507,1,0.0253358701112366
5.8296295407929,1,1.36502318785994
1.39824907265975,0,0.291093808244857
6.29882841120796,1,0.79721770112609
4.22453193908327,1,0.0409863743756614
-0.329214806050866,0,-0.818324049625889
1.70910931398813,0,0.289640643164427
6.4891919867448,1,0.339787111301115
1.09748311138332,0,-0.817392730763433
-0.744071291721498,0,-0.0287493152280801
7.87973253595098,1,2.00078165111199
2.92515078086661,1,-1.12926606328462
6.76253762822919,1,1.47217859206972
0.824902128678404,0,-0.227068916484902
5.60507899021387,0,1.48231059624201
2.75712077789763,1,-0.843053174487288
4.98328576593063,1,-0.0661953274558979
6.54273551253231,1,0.311233498357864
5.30732200226328,1,-0.112590228303414
2.98118081414185,0,0.658738838942645
0.633508505624132,0,-0.16686150010949
5.07303349782881,1,1.20887346516015
4.51076853375861,1,0.170419433884223
3.87131856424346,0,0.692419636244747
2.71710593670926,1,-1.18554693655878
3.8070234882792,1,-0.658389290697043
6.63104730075534,1,1.08950794879155
3.98073087246196,0,0.508785941160661
1.10386515769116,0,-0.135906625600424
1.19503128600031,0,-0.108782736956893
7.06925006066568,1,0.754900160454641
1.45219373163238,0,-0.223811321619966
2.7868384688787,0,0.0749551709399243
-0.224238494646474,0,-1.64595480215
6.61085687582936,0,1.77400936515502
6.85240784793207,1,0.765967915976574
5.70068726029191,1,0.832287843010755
1.93156750133887,1,-1.90545752247312
2.90647407167751,0,-0.0208366761944145
1.59631971074184,0,-0.408933912448218
1.24571103560613,1,-1.3763863065768
6.23191919019937,1,0.727430374393256
7.8113088349965,1,1.23413078123709
3.14363514600501,1,-0.553224405877467
2.44879201017142,0,-0.229190177928735
6.54216144927722,1,1.71146198892227
-0.187110661879913,0,-1.64980790329702
3.63979397316738,0,0.744220785437818
2.7172740193777,1,-0.314021323980916
4.66784563671979,1,-0.115310841404454
1.06673361225209,0,-0.61097434277214
5.47905827993675,1,1.09669537901904
3.16377611002746,1,-1.12716761108376
6.46556970685688,1,0.962609492438297
6.08517347117237,1,1.40646401623189
3.06186698514503,1,-1.6416495088997
2.55204402321509,1,-1.12690419254923
4.71907023204439,1,0.591545480502423
4.61766029842645,1,-0.956309119505936
3.77417699112439,1,-0.691529886346393
5.78596768397491,1,-0.445352767351361
0.128975372086153,0,-0.344484228326568
6.14818476048937,1,0.703698185246122
0.861191541031498,0,-0.60300576479426
3.5190838873807,1,0.0893504124146815
6.8352817626701,1,0.737494637219904
3.13578384139241,1,-1.54037944457177
1.26979806357533,0,-0.689632292648809
5.98700274168335,1,0.859793460209431
5.65941963710914,1,-0.376519740675772
0.922779456883911,1,-2.53508347030523
2.90752191519658,1,-0.857809228617209
3.49383579372889,0,0.816026406926163
3.68665648784683,1,-0.426588909225775
-1.24174189727077,0,-0.40463684004168
5.05668155236814,1,-0.145769224262472
2.85665961739484,0,0.71946636806737
4.91649418309408,1,-0.491090752219327
6.25283991304603,1,0.475958438418499
3.10541910718686,0,0.573153668052675
0.108863916486364,0,-1.01885957771565
4.13789119660031,1,-0.0618722344363663
4.86212072993571,1,-0.538305101604451
4.41327947570138,0,0.416954726110764
-1.15248903625479,0,-1.50827665613024
8.54248528566702,1,1.53916992776747
8.88443663218727,1,1.346018088596
5.30218996242819,1,-0.842855777501525
0.578324503193309,0,-0.669874227807658
3.75621597648053,1,-0.908487448146122
3.23494635632217,1,-0.136540641797694
0.988976031338569,0,-0.501037963291251
1.64498497047305,0,0.1126384468164
0.0737503632359282,0,-1.87521756309427
1.47366189177795,0,0.158546714458315
1.37182699446459,0,0.0155626712640042
2.68836080802684,1,-1.60060346126013
1.52742608787103,0,0.275973089169957
3.37369056228565,1,0.0549526398709077
2.09104592991862,0,-0.230573354697258
0.261768802164685,0,-0.0132162906038914
5.24635828686547,1,0.384949196022327
3.6578011929945,0,0.346723717001246
4.74245060557023,1,-0.431612760578627
7.30705931184059,1,1.1501780393287
3.94323422327327,1,-0.0365321928878792
3.52675967788117,1,-0.135801421736564
4.2414942008288,0,0.944618045644523
2.26905515053755,0,0.992041361670064
2.2773550920654,0,-0.700669754968901
0.873162148671669,0,-0.991058671834594
0.989827381316052,0,-0.705618052658819
3.54691465438822,1,-1.17577589332822
-1.92640941267523,0,-1.78119695174032
2.94703077899401,0,0.310607521838391
5.80941992919271,1,-0.145110360949431
5.01436618039465,1,0.642549753692457
4.8219688331402,1,-0.00165936230130426
4.76284697740601,1,0.409162962077351
1.3518878935911,0,-0.496058147310148
0.122541551528403,0,-0.960107958901165
7.14728483672037,1,0.778132224570433
4.96073859101222,1,0.761120616327841
2.29837107634039,1,-1.73371218388323
6.35700199570206,1,0.877294651826758
0.526598214118275,1,-1.7733714389337
1.67747783031073,0,-0.0456873243111543
0.487612448592723,0,-0.394872253984139
4.14249012677959,1,-0.128056266421018
7.35645296717398,1,1.09623773188662
0.919044624451952,0,-1.2552178606199
3.32424901837179,1,-0.265483694629895
8.73321034472753,1,2.55330249004026
-1.80003971758969,0,-1.47830630595052
4.90017369347078,1,-0.626587568230723
4.3804951724052,1,-0.0410520223413907
6.28718251860552,1,0.199953219832439
2.93650617405681,1,-0.533305600527376
5.87981827102142,1,-0.266032317684011
6.01690808493472,1,1.08414781411867
0.928500403426755,0,-0.180745479625044
4.93195128019752,1,0.251555319378233
4.46847768261625,1,0.369542235154893
0.415067389445575,0,0.407034259389767
2.75085991724942,0,0.492505019245782
6.89681488063261,1,0.0546325790523077
4.03163545022752,1,-0.708674076161911
2.17784882761852,0,-0.0582707524435477
5.25827095449572,1,-0.963421822237506
1.88650155370416,0,0.0933932966058741
3.59745069959875,1,-0.347901133459108
2.16197102948344,0,-0.118334438145549
0.296156235619119,0,-1.09909095717492
4.26362525986516,1,-0.283076412422231
3.60038659209951,1,-1.08973467284561
4.10415157527965,1,-0.405665544099862
2.00481493971722,0,0.526907259597763
0.649263425776325,0,0.240419981775496
2.38046753450806,0,0.898362457249367
2.02432182837095,0,0.487968126935476
2.44480706019058,0,0.111991365197539
6.25536890585445,1,0.998313347136219
6.03560655229294,1,1.19171680875342
-1.42570942519101,0,-1.39938756712371
6.37429256675753,1,0.892147736646772
7.30308538841927,1,0.777958970340806
2.63887856386831,0,0.94191451634695
4.82167519447713,1,-0.908802712301102
7.97051193642678,1,2.40893084447621
0.618498727714469,0,-2.59425017430808
4.60441573811751,1,0.00686303751409395
6.13543225128286,1,0.118106668928336
5.25016980776997,1,-0.14969732641009
2.96872398364867,0,0.747873287863168
4.10610025653051,1,0.12403480689883
4.10188558250867,1,-0.778054747212651
8.13376599876343,1,1.41003330549222
1.43310761139414,0,-0.293911808229858
5.68793810556755,1,0.610678645005375
5.87964908567759,1,-0.666510079863262
2.58956519865823,1,-1.0598828782705
0.796037664427771,0,-0.605838699162315
-0.175074966525946,0,-1.05684142085412
7.63415466928867,1,0.533106472674961
0.656884116659586,0,-1.55209261464742
0.87914759809398,0,-0.978489465308578
1.70247871385419,0,0.0272183551599775
0.638238896966936,0,-1.71557231699709
5.00563994201041,1,-0.504888026492709
1.9263834367779,0,-0.304922680917571
6.89485840730798,1,1.34607823542665
1.83618313330748,0,-0.257536690796696
2.42430049347054,1,-0.523287300658334
1.45613168563748,1,-0.663217798972631
6.28177819477331,1,0.447221039692659
5.95259413242857,1,-0.319450981926009
0.569027991062135,0,-0.543778849936917
3.11886864972345,0,-0.279673442488512
4.30011708784689,0,1.06523260036693
8.80077954817301,1,1.56782874914562
5.47397305760039,1,-0.643112078958536
4.74059653930297,1,0.0205217485106878
5.03582767696046,1,-0.324184458375485
4.94807418156371,0,1.85739602217537
2.00686435539679,0,0.590763995069064
-0.371821972330448,0,-1.7806267173964
3.93476658723585,1,-0.434108699575314
-0.561082807513658,0,-2.29274971170602
2.2950865677947,0,-0.0929652384515409
6.15507551388346,1,0.70396445332971
2.05467269986979,0,-0.894489621256767
0.566540063994334,0,-1.28250679207462
8.50129953866886,1,1.25578417415048
-1.77132765838795,0,-0.964629979588376
7.13239892664198,1,0.907783881064091
0.816134336507258,0,0.214073613669174
6.85093554827332,1,0.881023122748974
5.590707047941,1,1.00254499828277
6.60032870258029,1,1.13991050456775
7.10933092272342,1,1.23603585230776
6.83451667566249,1,0.295401510142675
5.26726983733914,1,0.171761023605458
1.85571124975809,0,-0.955389282695439
3.89940594148729,1,-1.21040912105673
3.17579048141822,1,-0.601382997836582
4.30045852432157,1,-0.135816136579885
-2.59137143525689,0,-0.98727278492051
5.5551269337729,1,0.831925014618267
4.10631190103608,1,-0.795059516415481
5.44202395185114,1,0.340464612015827
2.43726483682512,0,0.870429820346915
2.5586155981766,1,-1.18216100524638
6.70375352564335,1,1.02289397573496
1.90985901059543,1,-2.10843457624333
0.14627782800205,0,0.229762637699325
6.34667077539197,1,1.51171079155376
5.76134119959916,1,0.555437989150677
7.24537124230998,1,0.914878801249372
2.1190282443719,1,-0.553396624279516
5.37464641134252,1,0.298376089510017
5.36447475893774,1,1.10637953965214
0.800177620461768,0,-1.32914958483242
6.05472633796594,1,1.00169412888602
-0.508034558266248,0,-1.40930387375741
3.41466082155819,1,-0.498781024681268
7.3802497750541,1,2.62275685248845
1.48297358786805,0,0.510665566028528
4.41192363497254,1,-0.0908431942191987
7.00238907852986,1,0.978765679210879
4.98849302292707,1,-0.243808656888315
4.69554138297448,0,0.621808959213633
1.74911508473692,0,-0.344595219846323
-2.02775598847903,0,-2.35522454584149
3.2530523855746,0,0.472387633353643
0.896458374398633,0,-0.511480194786914
2.4813191843021,0,-0.573602199756116
2.07858625021673,0,0.00379720372860315
6.36827236882675,0,1.34255092952781
3.17326220716967,1,0.295461511559413
4.99001831793495,1,0.841786943605435
3.69010233820198,0,0.62906429822047
5.77233337433772,1,0.101598399463067
5.99707372910038,1,0.671120874661012
-0.324736085249995,0,-0.138316374561719
-0.730127723906139,0,-1.24931225315241
6.58084799351565,1,0.347635244215357
-0.413617329017756,0,-2.27781365917161
2.98034032540011,1,-0.986209181193632
4.49037640517202,1,-0.0595413435522069
3.19203010027191,1,-0.160759490474124
4.26286587672832,1,-0.420361520340292
3.88622179743306,0,0.988591016328615
0.993984663138165,0,-1.06961379110863
0.0804247722112414,0,-2.61364346701511
7.58503635212395,1,0.780451897662152
5.91791961048981,1,0.0451050735540702
3.60097911340753,1,-0.108489158897566
1.45696347734858,0,-0.391224310070966
3.24346716238899,1,-1.6869995043286
2.7109286252429,1,-0.95270445515168
4.74046618409111,1,0.507414112103395
3.48457718191712,1,0.0188160990067223
2.84853597340834,1,-1.41891037358562
1.89444987214133,0,0.598171931352236
2.29248303877229,0,0.786379621743228
4.28399525697881,1,-0.134633045902237
4.93179994404342,1,-0.016386517615323
7.42813548887181,1,1.40914040823509
4.73892273256253,1,0.394838698802266
6.65771189872071,1,1.21987512807247
5.93296433423431,1,-0.0450772128729762
4.81297813717923,0,1.47948784483878
7.41631983583538,1,-0.0756837866923921
5.54863219532152,1,0.917748457199555
4.58960488769778,1,-0.344778713742413
3.32083689977173,1,-1.07700265605392
8.44933703564962,1,1.00160472735829
7.9102896619028,1,2.29600404077134
0.785092589239122,0,-0.325878115450014
5.10863151917629,0,1.46885612852932
5.84365571896026,1,-0.236908933173859
7.35690303955115,1,0.923493117890428
-0.453448565399599,0,-0.989191806701409
5.07122269399733,1,0.275646278286709
3.28981502287817,0,-0.763661093561037
1.10990285163836,1,-1.35211198419997
4.80724411711554,0,0.655024410228004
8.22781642885707,1,1.60964676035496
0.198066962676194,0,-0.788506965877911
3.38688807119619,1,-0.883876112525995
2.39764210303976,1,-1.07251461179358
3.9452915499192,1,-0.458140981447841
3.39316667102818,0,0.665647015578227
6.72095188919506,1,0.712228212418725
3.69235545883795,1,0.442954227499162
5.78172181385542,1,0.759587312059179
3.97191149741789,1,-0.468877666019124
4.02294291350459,1,-0.172709977883837
6.83225339048591,1,0.682049899385807
2.68520842181774,0,-0.281577328241543
1.16494456976878,0,-0.961622573931821
-0.958147182020766,0,-1.37765014473256
9.10432316492867,1,2.69758663663836
3.02261060313791,1,-1.69971505556293
2.46154876820651,0,0.0293166527942015
6.6432592962605,1,1.93431433615124
5.98214012848407,1,0.837510875177963
1.01953000978408,0,-0.185346331084667
2.84375638127844,0,0.533329177764386
4.64802941844695,0,1.78495624201476
4.37014178637234,1,0.189627819830131
6.46894250534506,1,-0.5690875121866
5.59099252534689,0,1.45189294457212
9.08273861575437,1,1.86899345256532
2.04113465919455,1,-0.984554893737541
7.07791116243625,1,0.718756763904366
1.73865841080046,0,0.129347296958262
6.13418927516905,1,0.701641308893363
3.22150968816993,1,0.526697831887448
4.66506182760921,1,-0.0205130989546023
6.17258040455782,1,0.438251047306971
-1.88706955302971,0,-1.21052856570154
-0.136157476284713,0,-1.4044199438289
5.59423442113168,1,0.720749157209312
6.97873128683155,1,0.0860355032767252
4.67002750165496,1,-0.13161704140846
2.10069382878884,1,-1.67605197893984
4.45181850072666,1,-0.569497990768114
1.3222923802172,0,0.192205150896545
4.66039992140682,1,-0.486322920752822
5.42057237409066,1,0.0812840129938752
0.587619190580024,0,0.384897246784297
4.51968363391826,1,-0.137501971038181
2.07440937681405,0,0.427593109239094
1.17480115578765,0,-0.243064448539363
0.86436387411368,0,-0.318352827853891
5.94290744670093,1,-0.254106393508011
2.34567625514165,0,0.638887430163065
6.84686320460214,1,0.821065383166085
9.63234307202654,1,2.33547908658196
2.86410913088222,1,-0.983307557611062
3.7519195651922,1,-0.707457440006258
3.87748858317396,1,0.644149101349918
7.7690657105192,1,1.63766532994621
2.84315849042244,0,1.22664817466431
5.1705368241981,1,-0.467705618330812
1.28697515004119,0,-0.678231063737989
5.10240417664416,0,1.69640227133044
8.18282489506163,1,1.54284685008907
2.21965625500221,0,0.214527592060943
7.74075795040224,1,1.70068829575232
5.56278546581236,1,-0.00798682964789259
0.491660154775472,0,-0.817900364802769
4.36707795903663,1,-0.0506101702835437
5.95997486596507,1,0.0799210865490335
-0.311551360472173,0,-1.55957109789405
2.48981676958475,0,-0.171497956746292
1.75019989213863,0,-0.418607092832335
5.28467693359907,1,0.491286818033161
4.08851010200259,1,-0.53122843123103
6.072598957223,1,0.482220117734896
2.71094183441236,0,0.536291040049325
1.04721884305628,0,-0.279324207858902
3.31177825647991,1,-0.0435072647005839
6.43707401299467,0,2.38151529195951
6.45394485719503,1,1.54803111335561
6.90409333841347,1,1.55476199852898
1.75014157628644,0,0.058111230113913
4.16067108617891,1,-0.839778915527164
5.76327885360376,1,0.571123448655482
4.72794162497653,1,0.0660477825630555
9.61173281454132,1,3.58465949292999
-0.164272197330536,0,-1.93189555365127
1.79294533298058,0,-0.202832504245977
6.71241010806176,0,1.48371520427311
-3.15845359454413,0,-2.09851640016451
3.22160621646426,0,-0.25964866605676
1.66210293630867,0,0.334067935887184
4.40541472401704,1,-0.21963759163322
4.32532649344512,1,-0.931771803289107
5.45449000808175,1,-0.122240218296576
7.28960931290867,1,1.33852842346176
2.58731247877552,1,-1.34833119004437
3.4949907237722,0,1.41483572450998
9.15955608536657,1,0.914048945514682
0.136780132147068,1,-1.23668791849331
3.12661385481106,1,-1.50076035467463
5.47243443772491,1,0.0345386838965327
2.35947655697238,0,0.286299645402692
6.94067021657512,1,1.18620809384561
2.34443113451615,0,-0.037549371842548
5.95333749748843,1,0.420371593973559
4.38709504616539,0,1.28924648234277
5.63731078649988,0,1.17068918509962
4.97626233266265,1,0.826093654084712
5.39981979022961,1,0.323917065090484
2.24104039373502,0,0.380950411454549
6.95193122675002,1,1.20261958279329
3.60327352740994,0,1.10220575073214
0.790692129882917,0,-0.0615149399791465
2.1770929061821,0,0.364589913995779
7.79338033700167,1,1.69255229998577
7.13828478636491,1,1.47136701247198
1.13882701130006,0,-0.977247661344119
7.89532114730869,1,1.44820167458194
1.37396420485938,0,-0.0858556605918652
-1.2431896767328,0,-1.57376980165346
6.50912869437911,1,1.29247615946669
4.87765746830723,1,0.0844677555677161
5.13533256321287,1,0.967045996480089
3.50373519651923,0,1.93911299421702
5.50322265645802,1,1.07987263816564
5.52146710539699,1,-0.353593526833153
5.46988293291669,1,-0.134923124718565
1.42291132236319,0,-0.987132433307501
3.34942841335308,1,-0.821708146060393
1.71648220746267,0,0.489530922514731
1.74110407668162,0,-0.299277458909478
7.19703710631369,1,0.658254898574355
6.0075076815008,1,0.832409549670791
5.88608495088777,1,0.363463261222694
4.66727825040354,1,-0.398645658616952
3.63455577076745,1,-1.4979299895057
1.87899661002458,0,0.114628175272466
3.72944292289555,1,-1.03781661733663
5.43276886502388,1,0.645978871261567
3.69214491348079,0,0.772845400058577
4.72367776975167,1,0.316014158120416
0.554188937491247,0,-1.03811282479823
2.0991484289016,0,-0.755137290088853
1.13011075771911,0,-0.491504309692582
7.38537813849806,1,0.147225745107845
8.22354868713387,1,2.35650304328533
4.14664039218743,1,-0.920668767105905
0.47002460936873,1,-2.15684778320885
1.69431155940854,0,-0.120400049561303
-0.624315531990225,0,-0.839244329563709
-2.008663704718,0,-2.17243990871478
-0.539973657731021,0,-0.874307976154287
-0.273545771955883,0,-0.373579348902497
0.0120697078946833,0,-1.10219771209642
4.23633451168037,1,0.715659860663444
3.06757933986974,0,0.907640305684175
2.53892362961937,0,-0.324805133785133
-0.0456928939017787,0,-1.48158593228175
4.91825521448155,1,0.594171138863542
-0.255797344307331,0,-0.854874687119544
4.51134755135591,1,-0.829917536632547
0.310968740653404,0,0.149106814964156
0.467496210620285,0,-0.976146041384047
0.0346193856745907,0,-0.294684407656388
3.94645438665639,1,-0.770974915815347
3.94667717339295,1,0.392283707078743
1.07798377903033,0,-0.846305904884495
-0.385483740708807,0,-0.843759930930453
3.96213597511658,1,-0.961888444288268
6.24911862823975,1,0.0110496533565447
5.26087940134272,1,1.21494896542184
2.81664756918306,1,-0.888878515738284
4.15728410911683,1,0.218101261446603
4.19541932499373,1,-0.656116999607038
4.33949781961338,1,-1.08851584728066
6.79701293744453,1,1.0911308981077
4.44583083008793,0,-0.569227321657799
7.33008742897293,1,1.6208101305906
1.12168444887488,0,-0.686988445583741
5.83511307416671,1,0.656996703568632
4.28258343209391,0,1.1106922152347
8.06666050261235,1,2.14072073006633
3.50382349995474,1,-0.830971809132396
1.62325291693501,0,0.0764058561981353
5.6197363429474,1,0.935824446199053
2.58870719865951,0,-0.50166670286481
6.50975315544971,1,0.59485346385118
5.72051134897656,1,-0.430651169136371
-0.202908873064113,0,-1.13333905267279
1.93792408049002,1,-2.23717155976963
3.1460510685305,0,0.514639572443142
2.85082196291255,1,-0.341907115162922
8.55938711391718,1,1.71787742881929
0.379877575517231,0,-1.11637790865796
4.7619514814746,1,-0.488479619162847
3.85155051541696,0,0.807332293407758
4.7901229990139,1,-0.261008741670786
4.28497887725154,1,0.488059917826579
7.7025291272648,1,1.35278382096951
8.95936622863437,1,2.17681559130925
4.89084806548169,1,0.051387111206838
4.49360686539313,1,-0.838095445235414
0.418095847267009,0,-1.08461500930842
-0.488057832771393,0,-0.546532769073342
1.99201313912394,0,-0.426509704704706
3.51017089064257,1,-1.21099755539979
6.98895973593002,1,0.597792997779026
5.92614114544013,1,1.42389578908393
3.59962834366145,1,-0.443298625558346
-0.885746719780539,0,-1.04033346567429
2.35231717209183,1,-1.27389707840725
6.79917405656944,1,0.770151612011796
2.89883330388632,0,0.031522621976529
1.85446708611153,1,-1.90485475143827
4.17457619682242,1,-0.123755177145571
3.89553404242588,1,0.000328377213438334
5.56820445080262,1,-0.843778344728857
4.14647890266347,1,-1.22133337042893
0.215195247193812,0,-0.452985993615507
1.09445514123368,0,-0.702319931281127
0.756552298759489,0,-0.674380385485126
-1.43337392998175,0,-2.30302319048591
5.1415877195834,1,-0.149332904782873
5.61003208564399,0,0.948689589970129
4.80810431479482,0,1.15636246052357
8.50821980620858,1,2.07435248589762
4.46600806724496,1,0.265289970321459
2.00020607489695,0,-1.05200382914047
6.38609826478648,1,0.50234223621863
3.95816555667955,0,1.09984502312187
7.47809479751744,1,1.88650483041417
4.73223554365414,1,0.811253500689395
5.03623896877048,0,1.41824380879396
5.51288676080167,1,0.439169901702954
1.21516980594263,0,-1.2775016086011
4.79057095356572,1,-0.861373205211443
7.76323253963388,1,1.88698587497109
2.61218488570221,0,0.704087313182904
2.42716049432479,0,-0.667720525332029
1.5513075174404,0,-0.705714342057153
0.839314159285271,0,-0.920718579914376
6.52129577847023,1,0.148473291996029
6.6005073814768,1,-0.250017361132774
-0.832045013238053,0,-0.941768954111299
7.18955098713724,1,1.21419901863892
6.09643567367861,1,0.018566433000226
5.48763174444886,1,0.757831699457548
3.90885297984636,1,-0.380062699996006
3.93587737215443,1,0.174948713347219
3.48166578597626,0,1.03352330902476
5.37092080003231,1,0.67572399543247
5.2287595956025,1,0.94128124291257
3.9909252479462,1,-1.82663007251395
4.05707750520283,1,0.177204381296563
4.76559466247571,1,-0.191807861947269
4.11604200957203,1,-0.650198710009829
4.71538022377095,1,-0.560696341260001
3.40278778002619,0,1.67576579329994
5.96771453467906,1,0.430534600439241
7.11131338354525,1,-0.144606620357246
7.89701655485423,1,0.939025712144101
3.4580183150099,1,-0.545496749523291
4.92546906905144,1,0.138850363215646
4.47023774978156,0,1.44686231335255
2.22143853162906,0,-0.332628086150536
4.21391037241823,1,-0.799156272263214
3.97885463896915,1,-0.548292745132407
4.20946297386827,1,-1.05079620451942
1.83000947193497,0,0.252662491033329
5.61506229146376,1,0.327861853995298
3.61083863497948,0,0.855672400490503
7.7718776525159,1,1.80176227162749
7.96032781392451,1,1.40524081174873
-0.618476387927972,0,-1.25079179413567
7.39186139763452,1,1.99910885447275
5.4650244349133,1,0.139278487592147
0.962040412957594,0,-0.386669103439724
8.39671001652138,1,1.85563569044348
4.41052773013463,1,0.42885538447628
4.2917142702432,0,1.73079013958977
3.05282052562828,1,-0.0435236741393199
2.77853766298756,0,-0.73108580813751
2.33814026546154,1,-1.96596407622063
6.8841943967345,1,1.12686531518852
3.26084239488223,1,-0.888084388434115
6.04216191056174,1,0.871359260391993
3.38847991753021,1,0.119893566616341
5.62987188617678,1,0.472434944803404
6.54637727224331,1,1.26663990982006
1.70428428443131,0,-0.485316378946902
0.726769795759139,0,-0.461533586184343
4.98938347507278,1,-0.231758337278765
3.84814703693883,0,1.06035377243819
5.95727041697689,1,-0.474785704501272
5.23525937359026,1,-0.175510280957715
4.16911699911158,0,0.796324499089145
6.75693782280022,1,0.77874531585307
2.46773086989451,0,0.796802566246094
4.52762704966438,1,0.0490515728363375
5.95172396295879,1,0.762612934834823
4.19993899177076,1,0.285993069636396
2.0708096194181,0,-0.632815038152827
7.63975901024061,1,1.8043844808011
-0.733322756740368,0,-1.86301097301425
6.51554999923761,1,0.845528381213056
3.72839506678211,0,0.341667682894606
4.69968223620206,1,0.0227776061434687
0.0785868263923946,0,-0.611399988446644
2.20225229851867,0,-0.260526772474753
6.60890986179692,1,1.80567031464304
4.68632619620876,1,-0.0969992670036506
4.49433808119699,1,-0.384486699785057
-0.974454135010252,0,-0.878362142505014
4.21065370627367,1,-0.495578521936919
5.98387499456036,1,-0.0842924535744518
0.582298416979508,0,-1.357722067055
4.28796969491817,0,1.14269781676707
2.08748620684711,0,0.0978270374471885
4.63828599962723,0,1.46502102859676
6.0161539511398,1,0.990435852724288
8.5672863246813,1,1.41438675072227
2.80642160261373,1,-1.33589776931334
4.5884564292951,0,0.579583638393261
-0.556923896190179,0,-0.361821214298648
4.46410210444015,1,-0.046852449651786
1.36600608731381,0,-0.599477471411771
4.30388588277827,0,0.215104493222833
1.22744905044377,0,0.0936314854790409
2.06746898121905,1,-2.11983441513135
5.59337987167614,1,0.852443088824704
1.51463484579048,0,0.15437457231326
4.56893552575568,1,-0.971861640205415
3.2435854446986,1,-1.10142783592314
2.81403692473717,1,-0.690244888297098
-0.221306047211865,0,-1.58363492221125
5.61911296778724,1,0.137766066513836
3.53926945927987,0,1.50234395496283
4.99218468780522,1,0.192881587148273
7.15929913235782,1,0.527154734523825
-0.419722355931755,0,-1.48320629120238
-2.96450461387978,0,-1.53920072330941
4.47932925783886,1,-0.896432886914323
5.42835567086394,1,0.721069979748221
3.73033975302454,1,-0.884501944686544
6.41262588726343,1,0.558598525708553
2.35905656211116,1,-0.218737504846289
7.28633213066233,1,0.383623482386597
5.38498048246061,1,-1.03912011024684
-0.276182856144375,0,-0.948992248570827
5.80849448463373,1,-0.104160953983452
7.42833294791731,1,-0.208711102723908
1.24800099411488,1,-1.78873019525217
6.60108584770606,1,0.537084421086505
-1.9162763942871,0,-1.94969607009284
3.76772137432113,1,-0.415234461553216
4.715583839645,1,0.0551296705930179
0.769475470413606,0,-0.701999719088772
1.43275227334336,0,-1.40383903257398
5.55748114290534,1,-0.398823930892521
2.89399930847738,0,-0.110421799564805
1.06795128136487,0,-0.924078451273399
0.895748681813631,0,-1.35724300041576
0.0305480472130739,0,-1.19460448275129
0.69275809883198,0,-0.528487779287787
3.38745010683423,1,-0.45262688672095
3.20858615324281,0,1.41948519316134
0.960674478697358,0,-1.28568114451572
2.07989987374554,0,0.381148939361978
3.18064164017835,1,-0.417468601097774
3.75772405124162,0,0.092861420787736
2.59422316380445,0,-0.663584535776221
7.36574106603974,1,0.802827389507556
-0.641043706967443,0,-1.70308264539455
0.575093695318754,0,0.153907072564843
2.97215238354768,0,0.0260754999213632
3.73141597938441,0,1.05586337908511
1.02168325661526,0,-0.224467114350504
5.81200687566526,1,0.496596389373037
5.22975080786314,1,0.399633954636834
2.06920940521756,0,-0.646912750685488
3.54218480746255,1,-0.0837627647875345
3.03217100232687,0,-0.133621200009519
3.31978724561385,0,1.11960385547419
3.00697594459815,0,0.239220972582604
1.68983358848128,0,0.290602215857855
9.17306057504812,1,2.34360141841864
4.02265491755177,1,0.4162981123864
4.48233908179485,1,0.362481077869282
4.12039449552548,0,0.531682625476121
4.73108101839103,1,1.54804223833981
4.13334181924818,0,0.961488300605771
2.52119343598654,0,0.338436178606463
2.85580783362143,1,-0.610953004269112
4.98289356410963,1,0.357052050410198
2.47358939073455,0,0.141508679877188
2.0709692367292,1,-1.83629134377865
0.134572607894751,0,-1.54103104639384
-0.283142011859401,0,-1.79438286441787
9.38535300906932,1,1.41451490845874
5.44649661092904,1,0.618337891760976
-0.95508374363312,0,-2.35045538719928
5.47730492369676,1,0.467031586094115
3.75882579813295,1,0.0638319381435125
2.01392369848858,0,-0.256260441820274
-0.781273643076382,0,-0.74452203825337
0.858358216480118,0,-1.26902527654423
3.37485095759988,0,0.862628007930791
1.76686840642557,0,-0.576934671897016
3.89782359561484,1,-0.13226734829003
5.53666284819855,1,0.586828100587993
4.78327306682023,1,0.535000276997602
2.44591521570039,0,-0.393409936967253
-0.265384419879468,0,-0.540609417209361
3.21926521756776,0,0.259450915234582
3.52587775193375,1,-1.17827876100886
6.36219656106261,1,0.306138478548671
2.51501188446131,0,0.173481229120353
6.21885417087659,1,0.25057806717021
4.42938917302752,1,-0.277924049161014
-1.55247448517736,0,-1.72473573426284
-0.067588607722493,1,-2.00670494385569
1.63731996473818,0,-1.29180833046846
3.83291269288185,0,0.365838228483296
0.0105097416717457,0,-0.152203253908431
4.98910186473208,1,-0.734094090076209
0.2588484427947,0,-0.781972056981591
6.34447810387963,1,0.551567034812709
-0.935891258023284,0,-1.61084098443007
7.73268816353382,1,0.748176433090443
7.01354407662882,1,0.449296011237588
1.83206025349663,0,-0.870062520443655
4.40433934194661,1,-0.0977479313579405
5.99187137254988,1,0.893100213716266
7.18935206332644,1,1.35091509526625
6.7189929338104,1,1.4889703943085
4.39919578967797,1,0.371067212847268
1.48646664912911,0,-0.214473243512569
1.61643361650105,0,0.455494589939145
4.94089320725725,1,-0.258111110256068
3.03203954408677,1,-1.00292375210412
5.94284956940274,1,0.84414348279794
4.37764577630206,1,0.694658775896635
8.59945414189109,1,1.2610037476473
7.3712407739009,1,1.66655928933767
6.92763161060319,1,1.47185793808934
7.3587046406594,1,0.78931570508443
3.93963625475741,1,-0.0364542711833432
1.13603449780697,0,-0.091283276642502
5.10017487564545,1,-0.412862939041902
4.64974111316233,1,-0.781061198320081
-0.298812728827416,0,-0.390092785411881
6.03033151782791,1,0.613837622009258
5.7541729914115,1,0.384677020333242
3.36513949848219,1,-1.20565664981837
7.86317284314393,1,1.19785122001404
2.53806661469995,0,1.29114126665685
3.82857108934527,0,1.48307160252052
1.77264393446877,1,-1.22359523581159
4.17511383722578,1,-0.41317463437103
0.211992568316628,0,-0.409580866212294
1.07727653108877,0,-0.451164718262206
1.43086342631615,0,-0.564698951728143
4.78317209367467,1,-0.560010334496702
0.368286863549623,0,-0.970558066992204
4.17206103308772,1,-0.56282354617343
1.44912113032226,0,-0.332036443298219
4.88717124553005,1,0.193650109749296
2.9195045646995,0,0.605642856272221
1.88716704547368,0,0.957873599425007
2.40055489988901,1,-0.800818438984397
1.75098143975424,0,0.0425486556052422
6.75341369975908,1,2.33570086201341
4.88323105374469,1,-0.461867455821985
4.73049339722905,1,0.740429906040657
0.85027445860025,0,-0.698344660682268
6.49336897279872,1,1.06536890145562
7.64957292824901,1,0.545516821338762
-0.345496363652065,0,-0.918209320243205
2.27211952930986,0,1.02519134367607
8.31498367940558,1,1.12573840290613
4.53588360735919,1,0.882800384998406
0.424164394510519,1,-2.76807861085069
6.2327792624262,1,0.143826578856264
7.27412386016847,1,1.5198831251518
4.8817145506657,1,-0.171316078021067
5.2861086391525,1,-0.65814499931795
2.32075261228991,0,-0.154294602086388
-2.87748736844612,0,-2.3830393163367
3.46783879627822,1,-1.1382970912816
1.07013450768988,0,-0.0872555328125386
6.94654640256943,1,0.835326720644203
5.45420990581508,1,0.212110868191506
5.96382026541293,1,0.641346301404555
-1.44686673958024,0,-1.0321009677859
7.78409576448023,1,1.4857706537531
7.09489573829752,1,1.19047624727791
4.39097621988092,1,0.617226731476435
1.00315829680981,0,-0.172938324465871
2.73395052706227,0,0.861580440756975
1.68131643187623,0,-0.620085924544441
2.11414007231423,1,-0.878213047268405
0.37926336227033,1,-2.22859514687621
2.71027514526379,0,0.193263225267502
1.55551910506082,1,-2.31265671694031
4.62034513110327,1,-0.0243337921357311
2.9327065371684,0,0.441340589239052
2.93269092262348,0,0.789576753769568
4.71535853194391,1,1.02181962668272
1.72577791919374,0,0.615261159537096
4.19683330579514,1,-0.859577856168591
2.17489217988796,0,0.890748976368977
6.54128024894034,1,0.0632747474874033
0.685768955839117,0,-1.86466105555997
3.35940439576728,1,-0.1131368509232
0.374860960614858,0,-1.78338637587516
0.55421626059558,0,-1.05349044072366
4.32420745620198,1,-0.619354677304664
1.19986331163312,0,-0.586938576519139
3.75055462643995,0,0.926975731943589
4.50271346234025,1,-0.0654058453375009
3.02521055269286,1,-0.937111758775164
2.79455174086336,0,-0.633859433761415
3.26336714304681,1,-0.575224286015068
4.58109639926201,1,0.188221041759335
1.69230514399769,0,0.539655974462932
1.64912713831646,0,-0.420884069657012
3.86268928932892,1,-0.339466559977085
2.86890460737351,0,0.518080388363255
1.00706103342784,0,-0.869387621013225
4.22861163337294,0,-0.160670914154826
0.497833097237954,0,-0.142616786605041
5.06167195376183,1,-0.765210967844204
4.13748180478561,1,-0.659800571317015
0.319803517329367,0,-0.307405440413442
2.62452439648857,0,-0.881927450206018
6.24483184613467,1,-0.0953451587484263
0.588352127512744,0,-1.2759693730741
4.41675894968681,0,0.375584983964806
4.63521476427835,1,-0.469230372596356
2.90731799024045,0,0.79893320361921
6.61788175005382,1,0.426288199258715
5.50268306962321,1,-0.512132013193506
2.65046257691712,1,-0.347515536975732
3.29896268938581,0,0.609392746386973
7.17537169318376,1,0.735464318036699
6.25780662724363,1,0.476708560673323
5.19773312963929,1,0.328285766781953
-1.22604485753444,0,-1.78126747525362
4.84086741232721,1,0.119396421345399
3.05722186002345,1,-1.41829537201652
4.79573812862838,1,0.076034377653877
4.10889205416296,1,-0.660833242210851
2.43653726037874,0,-0.105506046058469
3.97642497316043,1,-1.18008588758692
1.60383581767446,0,-0.164359186462737
6.33124952775125,1,1.5194407743176
7.65436584028571,1,1.82516507817365
-1.6365636057919,0,-2.48863985015353
-2.55661172436498,0,-1.65432225038973
-2.03252688666193,0,-1.42085528137192
-0.202517181301662,0,-1.27629656625184
7.3286453715641,1,2.07910079937255
6.05023691455468,1,1.01553602068229
1.15693699242044,0,-0.109612816175039
1.32048699690521,0,0.981518881029313
8.11500899461116,1,2.26134720681062
2.52635278878861,0,0.637089923803561
7.32757501173805,1,1.77553654284699
2.52113522154206,1,-1.1475015474698
1.77457164528593,0,-1.07932259375455
3.18877453843284,0,1.06794985879243
2.64145132079371,0,0.89175319136426
6.40561718252153,1,0.870096509939708
2.88343401347194,0,0.48576246486856
4.70221668968244,1,-0.471093692846051
4.70512178705933,1,0.949629993820546
8.6606743156013,1,1.84772759129207
6.71922588569111,1,1.24040742887073
0.116518528074467,0,-1.38081421835124
2.33236754685541,0,0.474676877291482
4.56448537515522,1,0.0123463579876949
5.50140296044303,1,0.0870999372857267
2.01166742751521,0,-0.182368193763325
2.99642235841149,1,-1.26567026582532
6.0774645580017,1,0.331283912940739
8.1906949510006,1,1.35172863098665
6.53324452013868,1,1.63656573626269
5.27554851754094,1,0.479932228852687
0.735786025059885,0,-0.736315911257857
-0.144196649281434,0,-0.583016619413601
4.98889876512642,1,-0.611431981951386
5.84956209540302,1,0.603350043610892
0.454080433614999,0,-0.235763339357311
9.56232815223657,1,2.90421609162339
1.37127370821698,0,-0.268291279315417
1.71209906383367,0,0.148092848403041
3.94728968194418,1,-0.206794982835284
2.92516593735047,0,-0.642560138451547
4.50501128534317,0,0.847571823884568
0.641489981307601,0,-0.527572126400654
5.25682363029684,1,0.00237075710813171
1.75791054700696,0,-0.281880233551283
1.50103923026824,1,-2.8284746523873
5.49408258778216,1,0.650930316327698
3.9237618800178,0,0.157759171113334
1.42688766537644,0,-0.853437022665369
7.6714932599784,1,1.36310008597407
2.67795280966266,1,-1.26289617117116
0.347526631514455,0,-1.77794654572074
4.66166078677182,1,-0.686919645075559
3.85235281349415,1,-1.18433552229326
2.44588413633183,0,0.789677301727648
2.45519783163886,0,0.0859637709502686
1.30400798784375,0,-0.370061442579403
2.07225710390043,0,0.00933636704307702
3.67968839213821,1,-0.951059591672824
3.98771043705171,1,0.181717711397805
5.55447952811155,1,0.190339844032856
3.56815790670057,1,-0.0717387693981193
5.21294056838399,1,-0.00285171005059469
1.92317777489713,0,-1.10821896191248
4.5696090050975,0,0.935191767373595
0.146397408826917,0,-1.48583945173733
7.28135164289803,1,2.22854189842651
6.91823387002933,1,1.6241352225378
2.80724909521593,0,0.519764625253335
-0.696260351065414,0,-1.352028636762
5.69951383110397,1,0.426123827628841
-1.46367809862449,0,-1.66318758520667
5.1234955737436,1,-0.269943621830999
6.06532969778308,1,0.790790959773877
5.5353452630559,1,0.840608638772999
1.31344060653265,0,0.0329694848504644
1.24171556748167,0,-0.238163753848546
5.60981745456679,1,0.263552286150818
2.7583006899315,1,-1.59178517406521
4.30266640576549,1,-0.376235068846935
6.87241972528876,1,1.81252714991038
3.62912740272357,1,-1.73809968261789
7.71890998802052,1,1.62911115074531
2.3124284917345,0,0.528105441488507
1.33514077971313,0,-0.360444186597554
5.8692250781519,0,2.23761689061182
0.143043341145092,0,-0.0401996174749625
6.59387306758952,1,1.894125331564
1.10121703819161,0,0.024804649937664
3.68840461462943,0,0.553425403100445
0.939679682177925,0,-0.574350945442218
4.28166305183359,1,-0.928337006439503
1.56467472199307,1,-2.00042544129482
5.32262827370719,1,-0.622068696299165
7.21273663065973,1,0.727145566485242
3.67962098307577,1,-1.10218330324535
-0.998588407964656,0,-1.15946277085336
4.10792047504489,1,-0.43890563975272
0.871619397400783,0,0.159134206763553
-0.317611389788298,0,-0.49460068553302
5.98612912961887,1,1.21236784558103
6.29980563801568,1,0.292632425911828
6.084966330728,1,-0.0360424610323628
0.587766269559611,0,-1.10261610256618
4.25814807656187,1,-0.935640286949069
4.93170957314889,1,0.460837326820304
4.31826539599841,1,-0.332363462610624
2.41050451758243,0,1.10616326882244
2.37765843352134,1,-1.63369360485113
4.73292879515578,0,0.335192800595372
1.50511925854248,0,-0.524657444990142
4.32708132219215,0,1.4633710753022
7.11708692636892,1,0.427178041986582
2.2867291969624,0,-1.02512982017635
0.098110414759038,0,-1.30805832132281
6.2659832415403,1,0.229601886628634
0.821727260071325,0,-0.307021277811913
2.72346062570102,1,-0.0838330995421848
1.65036598837635,0,-0.165731840611065
5.42464902421788,1,0.655012558663501
4.46790074281322,1,-1.07483472817753
11.1781920174983,1,3.4709096034659
5.94606114368259,1,0.294080892384018
1.72843834979161,0,-0.536373846346391
5.2087460035187,1,-0.144773495445704
5.95869283671937,1,0.542130527840553
5.8566552860215,1,0.634175193192408
-1.11031732493445,0,-1.77485606890494
-1.28379139541721,0,-2.06613588468656
4.65304951273069,1,-0.0899069094632118
2.86408327605829,0,0.836802178058687
2.59274011836701,0,0.166240833093532
6.97937038933458,1,1.02552557344612
5.05338470443018,0,0.403188458132936
6.12421745367357,1,0.4115921198628
7.90040075426817,1,1.68018682802245
3.79811856737064,1,-1.06210757323509
-0.454288445213694,0,-0.791235649678155
5.43810243152017,1,0.388512274160985
4.69863316862585,1,0.253998499450374
-2.34850126126357,0,-2.18716829258598
1.27879583456985,0,0.537800433283471
0.868986868451219,0,-1.28988641170683
3.70074445232352,1,-1.22554397015877
4.56328495684067,0,1.72711355277575
4.98609999844953,1,1.1603578032903
0.508430758280558,0,-0.74816158375162
4.8859915832565,0,1.66667232493041
4.40944133978505,1,-0.529697424571316
2.56114387139952,0,1.02864835063927
8.17511620841924,1,1.3767179910649
2.30659897036019,0,1.33100295826265
6.99757942883379,1,1.25465594943585
4.19810485591043,1,-0.287334553809268
0.362205725602775,0,-0.546735518159085
5.33961123823035,1,1.253927471065
5.57586746088583,1,-0.0717229189590111
3.45960498055107,1,-0.682436621264268
-0.341788427524873,0,-1.02499645828567
5.52389254180451,1,1.30157781471653
7.49889589590931,1,0.758060825406684
7.77580949309774,1,1.4796143353762
4.37901058158815,1,-0.619562406414632
5.52057416197395,1,0.259687227256229
0.0477288810201137,0,-1.08652092497737
1.86770514387128,0,0.086223563193975
1.71583078101245,0,-0.846202449052606
4.76599034687096,1,0.388905864370388
6.94123255681619,1,-0.0376358153463912
6.34350454410403,1,1.44560164892583
6.87141742455093,1,0.317224482102685
3.82199977495786,1,-0.403980490819091
2.90193041546526,1,-1.74023733047524
3.30053734348147,1,-0.452821278920118
3.65292519914242,1,-0.586087506559595
5.58734369729212,1,1.14791904431639
5.47531097968861,1,0.457363259644693
4.72292465233419,1,-0.587806362058572
3.71563550579788,0,0.227914940694947
3.54679849663433,1,0.134147741846246
3.3302099869442,0,0.329327772114258
5.8220867869777,1,-0.297512213642794
3.87830074809978,0,1.18498797306452
6.31055582521453,1,1.30953538662527
0.98614190616487,0,-1.17045526511543
7.46562042609705,1,0.996118866300114
1.1999543099874,0,-0.746997016690059
3.16900633048062,0,0.221867656465582
3.03574094756405,0,1.0009452311825
4.83702768302054,0,0.494143258559294
3.30817828462234,1,-0.00844441753463621
1.82020047191479,0,0.0961369855328748
7.97193198990604,1,2.25070523918321
5.96786492232886,1,1.4366346913565
2.33136110407563,0,0.0104077495384871
3.49667135234222,1,-0.320791891518128
8.09118669838589,1,1.84167486726203
5.2331768157627,1,0.0899247252253416
5.50901757907273,1,0.402792818116791
6.23731592831095,1,1.30939370465749
1.23850485596461,0,-0.613254222725411
1.61418311035369,0,-0.435480084919432
4.60491565664866,1,-0.382106084270801
5.3910500435486,1,0.171328176109932
-1.48209284697232,0,-2.4165624634469
4.33499691069943,1,-0.41817143658625
4.72245397695987,1,0.707195564900496
3.63977252326953,1,0.31180753531698
3.39075732374596,0,0.350640156782387
1.90843047853415,1,-1.58686541262596
5.07847525195506,1,0.216521654079693
1.5510829482139,0,-0.114749842879395
3.72412706963519,0,0.0203381232290744
4.74113992129064,0,0.892790261937783
6.91791719722667,1,1.44808414754465
4.29056787663363,1,-0.252030872055031
2.78017674491065,1,-0.597471279167578
2.47475800737472,0,-0.247740839749518
3.70394464133439,1,0.774365940151648
1.46014381659119,0,-0.118587206170082
1.54970216668735,0,-0.417581271100897
4.0146862560585,1,-0.052426353257736
5.2672414750502,0,1.35395020283372
0.816973670358363,0,-0.920651427306943
3.38162120860499,0,-0.310771373996955
3.45125882158011,0,-1.05580296818196
8.00378898220819,1,2.2387442557997
3.49103592065625,1,-0.473062140033249
8.63791082781104,1,0.906054085480868
-0.0198066121661107,0,0.037916931594142
5.0203378957001,1,-0.175362283023761
5.01330792789728,1,-0.361609025278738
5.56071469989496,1,-0.803621542084907
3.30506699168389,0,1.34157635107538
4.86698192547101,1,0.625930654378281
5.17285127804027,1,0.0311307079941854
4.13787170501584,1,-1.09491334946943
2.63758514476246,0,-0.486414065558645
4.99890375533311,0,0.953093683264103
3.09008330659769,1,-0.994513348092816
-0.415419942204555,0,-0.571870322518041
7.12547878575478,1,0.783173181570287
5.15184107805117,1,0.381366421089077
2.82185721842479,1,-0.60005817395716
5.26683964907335,0,1.65261512009413
1.03487257059244,0,-1.19076693514159
6.80005896883707,1,1.41567745190252
0.436287233766446,0,0.814172817192482
1.84032855130312,1,-2.09757104835645
2.7889743432361,0,0.320165082487674
2.86508719708456,0,0.801025120424051
1.36795222305645,0,-0.791680654042777
5.74873503421855,1,-0.0106662632339682
-0.352858106541392,0,-1.62351793994448
4.29152516705312,1,-0.907567051887799
4.32777594767333,1,0.136766722422639
3.4117588511919,1,0.271187956531974
3.57554710172743,1,-0.07366121520502
-0.0540775193470371,0,-0.77443032842804
4.29906733755437,1,0.593816135526189
8.9723038147115,1,1.32750455958168
0.307093295167527,0,-0.600835831817181
5.20113137765426,1,0.0565068582510194
0.625422930830941,0,-0.531076289581877
6.53467097266688,1,-0.0808987843769502
5.38691124541761,1,0.160755586671381
6.55129821009052,1,-0.102140564663634
0.390827399014704,0,-0.354749969786071
4.82422560932149,1,-0.471227347093368
3.63979296780809,1,0.0340441773616117
4.64889839830192,1,-0.200721207356766
-0.0339326366318315,0,-0.544448628769274
5.34106028257986,1,0.377362269645537
6.09831968050296,1,0.403728160580446
6.70081252889423,1,0.170236937543032
2.4016478698587,1,-1.10107992122072
6.42380704726209,1,0.402469699291095
3.50521378504221,0,0.425816177210946
0.754381652502478,0,-0.283128718862383
9.16915021048398,1,0.553632072115556
3.44213014022,0,1.26435623247709
2.19263575130573,0,0.327802463194629
6.32410861255853,1,0.765106373309395
4.03909269852633,1,1.28257345881025
9.09379249508937,1,1.65888693382934
1.94660687887513,0,-0.480729813134911
1.23922299756448,0,-0.407834514587087
6.35314767622844,1,-0.328918791729082
7.3687652865188,1,1.10107658785062
6.17508370395509,1,0.581717960782718
5.14354240211185,1,0.957779202757363
6.99908676819474,1,0.301421804337359
1.56948082840437,0,-0.288461063573085
3.07098144937148,1,-1.45615158789359
4.46717645393045,1,-1.70465154066219
8.4934400049732,1,2.01122119129554
5.12863076188782,1,0.00396133245276825
1.79486051302859,0,0.558221906568822
5.90556558158361,1,0.694493685600807
6.54001461349535,1,1.44632123678831
5.30636792141796,1,0.633468743359524
4.76421862750352,1,0.0263703369604992
6.86435365969504,1,0.742875516154548
3.79941591851077,0,0.347303392127326
1.06952617891656,0,-0.628654925909304
6.09765869599238,1,0.958491926298926
3.03505073583214,0,0.164441350143759
1.12804354203926,0,-0.034705900963032
1.9544465907547,1,-0.920743815374439
4.31155033599846,0,1.14805514963721
1.31850946465181,0,-0.389880110029636
-0.54536857318884,0,-0.0992632632773881
2.74312729625321,1,-0.0279660623672148
5.1988608568018,1,-0.0569888848706201
3.86083178454349,0,0.555659016748442
6.91878682863273,1,0.901923838993518
2.4756578022719,0,0.536623088234037
1.39076096594578,0,-1.47118613826484
0.41634462138397,1,-2.40935940826857
1.05292562407185,0,-0.365017377779538
3.95148236457759,1,-0.181268484634166
5.21990670369025,1,-0.149062942660811
-1.80091348275689,0,-1.39271469385941
2.3529427710514,1,-0.679359244378277
0.183236018715808,1,-1.81911796861397
5.86694277553839,0,2.63898221848215
7.14460279659222,1,0.546608278218245
3.62832055881245,0,-0.0061539389294077
-1.78781936106528,0,-1.8901394678583
4.08652071616438,1,-0.266783371165174
5.25617459537278,1,0.820431010197318
6.48223302726724,1,0.778193540049604
3.02200385273397,0,0.454092023522563
4.87596332609882,0,1.41005217305168
-2.59234769219411,0,-1.81106410509648
1.89410267173011,1,-1.10245174108699
4.43567996305968,1,-0.0191678713168816
4.47872095870704,1,0.149303719680044
1.71535969758627,0,-0.532431870264935
6.61758399416654,1,1.19784612620355
-2.71281860869157,0,-2.0425957688947
1.6492597458232,0,-1.01431086481328
4.83666295584778,0,1.60391822138318
5.52548703769922,1,0.892350034157026
1.4356240383126,1,-1.51770556163796
5.73678936888289,1,0.823528276152144
1.45588816285338,0,0.365562248008499
4.45800658143493,1,-1.33092166830989
2.22419887585853,0,0.3595761544677
3.33625121005448,0,0.892994609988693
1.28160994542282,0,-0.995098995899314
6.28153930757304,1,0.51967192258579
1.88312965200416,0,-1.23573344828329
3.2893393848152,0,0.529726874322074
2.47319661766354,0,-0.983041720955936
0.87105587421954,0,-0.375745484254249
-1.04450469599013,0,-1.04173538449989
5.74750798009343,1,0.697667357430169
4.99797662559851,1,-0.144448803419361
3.52104914325424,0,0.498543397139294
7.08911401299896,1,0.617336709876794
4.80295364426284,1,-0.00454114147551432
4.57365965912109,1,-0.0912563600897754
5.2010932791549,1,0.399959374815336
6.59259504840601,1,0.588901656549108
3.35203566759817,1,-0.0168780393868136
6.39984072773085,1,0.418704182088633
1.9131177585212,0,0.800727964524838
6.91141553674121,1,0.679893103827864
3.78666245226338,0,1.30966392253954
0.867582965280716,0,-1.89121447886908
4.23085488738097,1,0.344907334668953
4.73658241645302,1,0.154762656644616
4.06561284261232,1,-0.766441731925565
4.16070130326027,1,-0.752915043322023
4.3620852591476,1,0.524270675654365
4.38025596988191,1,-0.355425297900245
3.06144334033579,1,-0.260266497121109
3.30390419678021,0,0.507208110031767
6.20319596143638,1,1.14320521055163
8.46431675529277,1,2.0668175182942
4.26407307715579,0,0.769866343085377
5.18163413146812,0,2.00199794550677
7.71732505731773,1,1.27162090872777
5.40565299538561,1,0.333520245850298
5.41685691702798,1,0.254072676090529
8.45683394523181,1,1.93091427212792
0.511999132975798,0,-1.012929867412
4.77300584785476,1,0.0644444403932076
4.27545025467647,1,0.192373891357855
2.49012992828674,1,-2.34002446260473
6.44640440874547,1,-0.351765901032242
6.47860731193366,1,0.346590938682391
-1.20081486725096,0,-2.82894105870644
1.93306664664762,0,0.367872703584524
4.68330731579757,1,-0.285484066118437
5.76876341713568,1,0.442733260452948
6.67501318858367,1,0.71767113004586
6.82053958844435,1,1.42389508632609
-1.32800229145128,0,-1.68539115613733
4.9232077111363,1,0.0417293162320748
6.86541176351496,1,-0.632943830350313
1.69796983818608,0,0.0300992464318592
5.79286788750945,1,-0.129143576065387
-1.4469671771275,0,-1.17589928573267
2.25794481498089,0,-1.80681938019899
6.71397798223217,1,2.12031372450078
3.15390178155458,1,-1.32440568336117
5.4569090652965,1,0.275021593266166
3.15627655938599,1,-1.1088631832662
5.6183104352045,1,1.50774050493814
-1.63803232332048,0,-1.76729877966445
1.77691281157369,0,-0.888592273848649
0.330648405598245,0,-1.21905138661598
5.02828958461453,1,0.0502813662769896
4.5814883279456,1,-0.490812951536646
8.75369086477531,1,2.3850599584663
5.15960928878275,1,-0.00438812697078212
7.77874550839828,1,1.33169035546128
3.84804118981837,0,0.820808669126654
7.33061783016709,1,0.685679030525222
5.6909403270032,1,0.515880947876038
2.76003387874942,0,0.273801847190434
1.76798269604285,1,-0.713335909234142
5.82392688000686,1,-0.343044145090591
6.59815252953435,1,0.468979532578923
1.08332980706749,1,-2.47583251603368
1.11044999364682,0,-1.85544128847299
4.12805795292883,1,-0.420507917893379
-0.447020656573009,0,-1.86603756721418
0.694951173524746,0,0.113504700739202
5.91770055302218,1,0.470018677123532
5.55229700379804,1,0.884594160133231
6.04146204838924,1,1.11360999293018
4.75157373039564,0,0.566850429321619
6.99549080480892,1,0.546022842611285
4.66938057012829,1,0.23984260522916
3.00820997704988,0,0.0341353438230838
4.80377809817036,1,-0.808091219300186
8.94026230742737,1,2.22763232322792
3.82333009677041,1,-0.792524128713455
7.81657504892544,1,1.69728053235192
7.26935518105685,1,0.938924807290475
4.67293309400939,0,2.03529495828804
4.65506433705696,0,0.731626386528303
1.25180388687946,0,-0.419847340595375
5.67123165029443,1,-0.309743506851099
0.228217190383238,0,-1.36067647446631
2.89851503092966,0,1.03771431038458
5.00605147023042,1,0.0462178272837365
2.4582896641793,0,-0.0577733552767567
4.54251732502659,1,0.0767390706997009
0.452138844539836,0,-0.633641164106258
1.95700436370072,0,-0.423413462128983
6.75597791390568,1,0.776691007043517
8.05890027280217,1,1.31090723646561
5.63357151569233,1,0.0583013062676336
3.29164709039519,0,0.245398357259442
1.84202281779606,0,0.232324718377114
6.94725153181615,1,0.188775899725465
2.29618482436304,0,-0.241815887985519
2.59618818752722,0,0.572136317124428
5.60243075596405,1,0.705791797687352
3.93536034559989,1,0.204899603994032
3.60893682850664,0,0.552103380111652
2.59016041769292,1,-0.568871310357778
3.66182182565758,0,0.192717755598882
5.65560643149856,1,0.621347221610975
2.22857072801582,0,-0.10721561163254
0.867059806870842,0,-0.124075919558077
5.13365546085277,1,-0.465021846854624
4.28458504931735,0,0.573407762486937
2.15039717576397,0,0.254936081717929
10.3890540044843,1,2.67214420120392
5.32836249102574,1,-0.134495017662124
5.64660773269686,1,0.111574061825906
1.09273897356998,0,-1.01000268728494
5.62192250139646,1,0.887879801316049
1.17393957198849,0,-0.307217559138982
3.72503805745681,1,0.133164992636376
1.85742812406636,0,0.945326369680402
7.47446069209666,1,1.52568672984904
3.30596559651766,1,-0.247450568194144
4.30602229910947,1,-0.35660370110431
0.654528066592067,0,0.207968407569953
4.97463383709535,0,1.20925334744545
5.6677020745562,1,0.116558887074206
1.40524623388609,0,0.192066193440929
6.56114737744741,1,0.786616109492443
6.97133890625865,1,0.739840689710885
1.98661690184156,0,1.08669203144834
1.8889433047191,1,-1.95280729969486
0.111751175685999,0,-1.18242682652454
0.638373724442087,0,-1.18067847791903
1.83795373683659,0,0.376981101876066
0.640180025176437,0,-1.35679104068327
4.38936488047979,1,-0.22860827167565
5.05608850092516,1,0.423256564904682
3.54965404200317,0,1.94090825966462
-0.819287060702056,0,-0.241019348067338
1.50144476048059,0,-0.0209705719304921
4.13847038958218,0,0.235647056296984
4.77634340588997,1,-0.595344815613527
-3.6530096046068,0,-3.19955843375579
7.54269004842478,1,1.5112784716271
-0.380243964108765,0,-0.343587003482767
1.68921793090265,0,-0.716929115298069
1.9386358928072,0,0.287909147297481
2.87289300620784,1,-0.617472756244325
4.98723522481494,1,0.920167406912455
2.90933387984938,0,-0.454100665235518
5.91480050493416,1,0.855761324504685
4.62546601281685,1,-0.233542837588828
2.30450532762028,1,-0.978371478897954
2.8268102142069,0,0.737215963533883
6.95198502995395,0,2.44160362468046
2.37947698206876,1,-0.992492651489919
4.15027782283987,1,-0.440736144505333
2.09012182097689,0,-1.16938753229774
6.81804560310664,1,1.59198798945038
6.75684854687777,1,0.127274716720975
-1.72385171188954,0,-2.32709865557149
-1.9737282404206,0,-2.19677491732732
6.52858137504358,1,0.939165264428458
5.27062784231503,1,0.299162155572667
2.51689474294339,1,-1.98992669349438
3.21251239700825,1,-1.20413480040692
4.37259802905934,1,0.398345738001552
4.16146432044784,1,0.0447565860236231
1.89897468979689,1,-1.8661608131691
5.45618979270013,1,0.752522837991073
3.16742901849578,1,-0.425684374542395
7.19462948022473,1,1.24417031633511
5.78718294554783,1,0.450349279282091
6.68354160573374,1,1.18280748259793
0.557170658835935,0,-1.96397811110401
6.48953638063018,1,0.746612868701424
7.80190181134168,1,1.05132374710196
4.8252565669419,1,0.524171085063729
-1.385963921815,0,-1.11558427972452
1.49988943479019,0,-0.04776622165316
-0.547411919257536,0,-1.91702894207942
5.88153538546381,1,-0.571730237839681
3.80679254704993,1,-0.748196633636421
5.7053809798581,1,0.345178956409604
6.65181568548049,1,2.16395110444013
7.16514333483513,1,0.336646342204412
1.89953536701259,1,-0.41786398353582
3.55534459656797,0,0.923691020706286
1.82179566888425,0,0.766766592335207
6.73700650432918,1,0.248748147903931
4.35405871821669,1,-0.657218034949707
6.07042528472618,1,0.583124169133963
6.52075936176372,1,0.690682867666824
5.47753012766036,1,0.291864679995948
7.14800813747842,1,1.92307416746338
10.0299718956008,1,2.30612974849875
1.83994362321625,0,-0.98919526784311
3.47488560903095,0,0.401427408509758
3.55481954868693,1,-1.23238817325492
5.3924702735116,1,-0.544689343472721
1.15478704187378,0,-0.434532959022116
2.88084368959784,1,-0.140845191963231
7.13866331382319,1,1.75814127006527
-0.201298859560541,0,-0.830141420577255
6.08445203635459,1,0.514427756122244
4.80387060593302,1,0.787131076627757
2.82529853215206,0,0.242015513717525
6.29606692601662,1,0.559916806561637
5.14541797325538,1,-0.650418509012264
5.5507763770978,1,-0.458392616404943
3.17280169523003,1,-0.680486321714024
0.433751851422197,0,-2.19243732797149
3.17143733420521,0,0.625987094854832
0.640342351451723,0,-0.415461682891878
0.317948653443631,0,-0.17630383376965
8.08707270853182,1,0.665259163558917
5.86437728104425,1,0.0498835161725022
3.13095661818954,0,-0.111450292883659
3.62416862409468,1,-0.529151371898205
8.26241677552936,1,1.61586225377977
3.48311876846586,1,0.139510593333388
4.35457842642177,1,0.119583697425689
3.05941592611206,0,0.979865755338673
2.11571982954071,1,0.379384347932197
2.57623254973133,1,-0.880212619427024
2.0054129147927,0,-0.406452972046551
2.41182694539795,1,-0.777125159688669
-0.935900837100065,0,-1.68350202776482
4.58848717271741,1,-0.166982560101955
5.01049637055344,1,0.593948229116086
1.17972938549986,0,-0.518159140749172
3.00077367935779,0,0.44119836360764
5.28923296782161,1,0.755600865049457
4.08680643748366,1,-0.112960860177346
1.70101610967409,0,-0.47462538771123
2.55412254820298,1,-0.702121930359935
3.23408177492079,0,-0.279371035837961
8.86875024013817,1,1.56420974922256
2.4224482134131,0,0.091093609568575
4.32664965938919,1,-0.462187981024542
-0.128594204109096,0,-0.450438751827904
-0.215524748855685,0,0.0730966154107931
4.01300486606984,0,0.131353009028611
2.17141254082311,0,1.34563639889239
3.3853987534083,0,-0.423361472072342
3.84056776268298,0,0.976942283768021
3.2294404393991,1,-0.6309804050454
5.43386611245281,1,0.219751181001007
3.02131602527147,1,-0.345672485091224
6.40634365809806,1,1.0059050442053
7.92417929857603,1,1.39731579966728
7.1287963027547,1,1.53536108075324
6.78080494304502,1,0.684528247552368
0.800667639558478,0,-0.505352566351759
2.23769055960311,0,-0.124233092127789
5.85281911075857,1,0.301334745178827
-0.812927179658591,0,-2.08736714684124
5.17101503812265,1,1.4203970626931
1.37727875946382,0,-1.06897934731921
4.40708624662911,1,-0.459351897002142
8.21220632431445,1,1.33166610954918
5.76867291294231,1,0.409776277697745
3.91243721275154,0,0.472336504221015
4.40462878471428,1,-0.749698629326992
4.7696582226035,1,-1.60169156402432
1.56976202778309,0,-0.791447325580303
6.32477978370247,1,0.502010547640313
6.71594244276934,1,0.717195270520938
5.9312182420512,1,0.0433551906169097
2.08311191886809,0,-0.394144346444174
5.48998243084054,1,0.380004825407965
5.24082778868303,1,-0.622427952571525
2.31488584618571,0,0.511387206007391
4.88352061298769,1,-1.10137305663194
9.20145589728843,1,1.86141559956748
1.49264554112366,1,-2.70498912238434
8.34636543038831,1,1.41793781636752
1.62896974064134,0,-0.655309498116006
6.30452688509302,1,1.25228304742217
2.83784588501037,1,-1.46028743217333
5.28508680808969,1,-0.330734876793339
0.105147863355368,0,0.210817790526989
2.16472191772126,1,-1.00949926422224
3.46827293276323,1,-0.534776646171062
7.26820042832842,1,0.49505827488594
4.79464835690654,1,0.548494049782142
2.497054892306,1,-1.22774261421895
-0.72778622090493,0,-1.00661264436047
0.314600022221189,0,0.207167201609838
8.36587096654073,1,1.41740118033914
3.61881028233487,0,0.747089396555255
3.15790525895979,1,-1.51943307234853
1.10902722752237,0,-0.720070739324317
2.35794612356485,1,-1.83821203439613
6.883468478876,1,0.784395864352993
-0.304114931727039,0,-0.871052149527092
3.59699634068625,1,-0.0108663130165317
6.00283711433832,1,0.609141558215759
4.80496140871091,1,-0.133051648058773
3.14074042838683,1,-0.849531062880063
2.37468571256795,0,0.115138725174226
0.137862652228084,0,-1.331337154012
6.96284673969697,1,2.37445827173169
-1.19376242780931,0,-2.49583641731167
5.04610070050959,0,2.20367615406188
4.78904367533382,1,0.571396927069173
0.939894853427763,0,-0.583745237218935
1.84360752946935,0,0.274860357622418
2.18675159038523,0,-0.0482891959610158
8.30659784237215,1,2.25246864177724
5.35715320027055,0,2.20798222218406
5.63833658146596,1,0.766845014645972
1.83464293531483,0,-0.284191743792878
2.68074552330826,0,0.151645292541353
3.18371663488579,1,-0.781106086643039
1.25090136352609,1,-0.957398363247324
4.39445869572728,1,-0.30434111795109
7.87988847438688,1,1.5308786534036
3.67946103526208,0,-0.478305936644692
6.353133305503,1,0.275964288525917
4.9751724648366,1,1.29277985593516
7.13739501490084,1,0.424010706580774
8.13335989273002,1,0.527765253770584
2.52656138076223,0,-0.653829982143573
5.66187031676101,1,0.121675552673985
-0.551231273443238,0,-0.986863054729454
0.228126891192929,0,-0.755594462248608
-0.0233336525650735,0,-1.16098995844004
5.28695716926689,1,-0.442801523619572
1.74557197795507,0,0.334947784039575
4.27784350467289,1,-0.10065856814523
2.62040132842497,1,-0.975536842960497
0.00279673381667911,0,-0.973216625621073
-1.10476614260433,0,-1.34078652646553
7.56686065862446,1,0.414102402054408
5.12449384348754,1,0.274162429825081
-0.0681994613515918,0,-1.41396295051925
2.19156757236739,1,-1.68193057318907
6.65573606276975,1,-0.0700861139491127
5.49952650466171,1,-0.460309029288299
-0.575571000655688,0,-1.20714570347743
8.35832414402999,1,1.0404412181286
1.58421977636612,0,-0.0662050121858745
6.57672924485717,1,-0.0198577785368134
2.65418256386082,0,0.615556223378135
2.00429165126688,0,0.420382969919601
4.55853297082951,1,-0.327954877427185
-0.569733644796293,0,-1.1344563021002
4.39182446760373,0,1.18226830511672
-0.792202236375891,0,-1.7107858033122
6.96102259162583,1,1.3794490444046
0.972118769223727,0,-0.541005329157528
9.90134438006931,1,2.07546679173333
6.01693836127962,1,-0.20476050301274
4.23573909451326,1,-0.551416985520336
3.06084924200299,0,0.0411968667731968
7.6296469638693,1,1.3170476310258
-0.113958861231907,0,-1.80965020341038
2.41803081897687,1,-0.307988794620669
3.90684320227321,0,0.294561194585387
1.8590606599701,0,0.147770817116647
3.10648650388425,0,0.115951531975112
3.34423368049134,0,-0.32333184856328
-0.263571907245948,0,-1.14036672389761
7.76376837712815,1,2.86131949086317
4.58034925964417,1,-1.45138694483397
7.34950731238116,1,0.983744020219985
2.16078653682425,1,-1.10784132708532
1.52088882168293,1,-1.99889265684803
4.34784867030023,1,0.15072249695782
7.74127909710124,1,2.10896809219341
3.98470598749519,0,0.629190672836399
1.10445745758975,0,-1.63764554215991
4.74496044030319,1,-0.658475714017313
-1.12720550600111,0,-0.750308265911284
2.34273860068677,1,-1.1451318955246
6.49884599710698,1,1.0276132769215
4.99902343869524,0,2.47804042183143
-1.37783401331653,0,-1.4533163643196
6.65799228097733,1,0.822264445361829
3.73213301160852,1,-1.06644799364953
4.08081851169774,0,1.09430673251488
6.23606417699714,1,0.220596182329357
3.10072895607412,0,-0.283239590537479
5.21811824616359,1,0.710050753433561
5.60868787166588,0,2.21047686646211
8.46767983847008,1,1.41206657562142
4.50205648382437,1,-0.196598080152223
5.64371395324845,1,0.75538456981956
0.49722846958482,0,-1.09410087019746
4.3198288030875,1,0.430180024146149
5.47668198207718,1,0.960549711583255
5.65180890527171,1,0.459059522904321
1.24553310479077,0,-0.596455394517825
4.67366283741265,1,-0.0450862072387442
1.57451203243745,0,-0.581518594777576
4.82684398620662,1,0.442863237126202
4.93480890283605,1,-0.310230689543812
0.252914590038476,0,-0.222829768082489
4.19012084742776,1,-0.632586792692066
6.01576651440564,1,1.06719019915197
5.64557006587501,1,0.337395921464703
3.92387087675217,1,-0.953645663654521
4.32788982739369,1,0.251173574136911
1.47071860029362,0,-0.548148703547833
2.73084364397253,0,0.103236017603065
5.28125818527687,0,1.86601650513967
5.23836606606398,1,-1.04099380528512
3.56060642455399,0,0.219983787127424
0.199808976939093,0,-1.42379490646875
6.87168506911502,1,0.616017410030352
1.86531175730114,0,-1.44156317991408
-0.831789866266079,0,-1.70176482285391
1.61422171638275,0,0.557212957800765
3.28812006838995,1,-0.750511117127875
-1.59564164288063,0,-1.97093294572214
2.02585306792059,0,-1.32446345093933
7.71640789622279,1,1.07553289349939
5.34874822522584,1,0.175835094185016
1.34859724465873,0,0.207924799285704
6.32880135147272,1,0.893202765882201
3.32232041453194,0,0.198609916658263
-3.86443338492759,0,-3.18128256470893
0.00524312837714502,0,0.0196831947042364
3.77816484905895,1,-1.39417140470677
-0.843528595679383,0,-0.933235885173988
0.795401664102909,0,-1.62904088146867
3.32941077914773,0,0.369097639109454
6.82080992711325,1,2.28565638502981
2.63417166882115,0,0.486544869581778
3.60014637595286,0,1.93215222070259
2.79363698228663,1,-0.232129022732062
0.477091712828287,0,-0.537445056633885
2.61985555338399,0,0.786101903375549
1.33150432365611,0,-1.25237291022481
0.0109062039774693,0,-1.32416495483461
-2.25014274594987,0,-2.96823317332063
0.871120475699103,1,-2.22571817714071
1.18406400735752,0,-0.441654172428568
1.93909209685852,0,0.124644128489496
1.26425487038879,0,-0.349997232679237
-0.509125135643638,0,-1.90349930252085
0.490640941289569,0,-1.15404434196501
0.678339037268324,1,-0.78918347437427
6.47996331605746,1,0.899402278193938
2.66722585150797,0,0.316039999076679
0.304239220906684,0,-0.826987275162978
0.766817616084722,0,-1.61457054350712
1.02137656235628,0,-0.166432120087956
-0.38415904071743,0,-1.77639192189298
4.83905940800939,1,-0.666884015219462
1.76216337614183,0,-0.307965069586008
6.6428979907659,1,1.22252541528467
2.15781512452872,0,0.895862262639488
6.37985016096103,1,0.203905063037902
0.923691471347878,0,-0.215998412229601
5.24552564304118,1,-0.488006321935387
6.65272372138446,1,0.602052313710202
0.608821385664524,0,-1.39410021352359
1.21141605942087,0,-0.354163671111447
4.56176519366822,1,1.23104957794247
1.41733537723236,0,-0.813405828015018
-0.746253102705139,0,-1.526672181655
3.95426962396778,1,0.000913154019056691
1.30398982598181,0,0.29515790450453
7.00549226470674,1,1.70653756587127
3.25333184543425,1,-0.907496040184693
2.19443821693698,0,-0.526613810298107
7.15823168497216,1,1.24000855550231
4.07066921687663,1,-0.267901819188712
2.59678884054573,0,0.304236349386971
6.64381480437776,1,0.470303455680992
3.29377018645809,0,1.2861921743485
4.6597403811592,0,0.916977260029937
4.35389937987719,1,-0.0409726646299108
2.83260227206033,1,-1.28916280671522
2.04944576177634,0,-0.0792973699461192
7.08250236252994,1,0.739894802319146
5.63631758409805,0,1.27676023028368
6.84309322651578,1,0.665132817105951
0.844203375012818,1,-1.52269035459494
4.27899492196354,1,0.126223111685365
3.18124565698586,1,-1.13138211800086
3.65766799440712,1,-0.477425235416266
2.8725216329806,1,-1.09847279446978
4.62731473238805,0,1.70744236642163
3.82941444640946,1,-0.184102959599903
4.23922003628948,0,1.8614262207002
0.0280915829219264,0,-1.74204706626444
0.592885796471393,1,-0.783457421295061
6.328615730994,1,0.795270542310834
0.307293510862039,0,-0.532270009991016
8.30291160559038,1,1.9858043427389
3.28812178024025,1,-0.651800415504399
-1.53475015306532,0,-2.15696206847162
5.53864047826871,1,-0.0920274969247368
2.35745221288902,0,-0.397400116998658
5.26791260202455,1,-0.138327302570867
-0.718582079012712,0,-0.825764999237853
4.89070822956879,1,-0.685661664496834
-0.128121889177512,0,-0.79271446858291
7.01738951630752,1,-0.407004152261873
4.40718789267979,1,-1.14867061145898
4.91030188567807,0,1.11576046554672
2.50085520923066,0,-0.879456778170004
6.84771683204616,1,1.27932293753161
-0.943796402585713,0,-1.45427725484716
5.91590998869036,1,0.84222876919352
1.66961524022041,0,-0.603215007812732
5.89930471891302,1,0.131555027342539
6.17830973081516,1,0.764444556679586
1.01205933525898,0,-0.917135166591924
6.41566087678112,1,0.23739451514297
4.30116718013627,1,-0.0446890666120593
3.7251838022852,1,-1.11855030356248
3.96991421893774,1,0.576705022824006
-1.15761586015489,0,-2.30174221004384
8.36120856166976,1,1.54401138418949
7.47791839798038,1,1.19632123896946
1.61360801920902,0,-0.201676879864589
2.06739760423592,0,-0.432271579852631
7.28544332379915,1,0.346948643890299
4.19582335616089,1,-0.485377933779251
-0.661652464676225,0,-0.195306080234756
2.77336815395379,0,0.229797411715838
5.62057450366409,1,-0.0946537580368488
8.02778998234256,1,1.71019954048516
6.13281510736129,1,-0.335749000921179
3.08825591365105,1,-0.875324824335344
3.49203286418624,1,-1.13255449171348
5.84246923602171,1,-0.56602063273169
2.77962136078659,1,-0.974384403128723
5.68853151867146,1,0.945082340846264
4.92645133974843,1,0.247741105300021
0.118186185845574,0,-0.104674620432457
1.99217067833373,0,0.0277616799037131
-0.60148852746525,0,-0.907276482340545
6.71523949721581,1,2.3509337520258
3.96628691423964,0,0.808769724481045
5.21711257040742,1,0.784140418846701
6.55397716704799,1,0.170236490795333
2.00602431477331,0,0.159197651530768
3.18093039330321,0,0.678018100413371
7.37978225818656,1,0.434371999584651
6.62730480720746,1,0.780554430230763
3.91882406556722,1,-0.444567758454349
6.46977191592632,1,1.2715164118455
2.88300527121668,1,-1.47339222749877
7.79750805404851,1,1.82601047314349
1.58551597926534,0,-0.0821605442182188
5.06047152848394,1,0.207066157170724
5.04074092618266,1,-0.0581589957425658
1.22735675603161,0,-0.843052009454205
3.32196747338848,1,-0.466487279539017
6.45082670238938,1,1.51644902909499
7.80399757749491,1,2.07396139462956
-0.0320277805890639,0,-1.05674676492714
5.22316690540568,1,0.355248794893353
1.21174814684621,0,-0.537626676315252
6.8134247272788,1,0.0903163658583597
5.01969416577727,1,0.348538284602587
3.44962231397638,1,-0.517518995099845
6.81647000005576,1,0.287301302415267
6.97924915071318,1,1.66807499684583
1.88636915243669,1,-1.08093672458647
-0.377159626008458,0,-0.397851104622374
1.28787651273115,0,0.297208816443405
4.36365800002884,1,0.37342905926644
1.97541330840657,0,0.0675844815430184
4.01321088284158,1,0.346634030494695
2.14488814901426,0,-0.164571372800586
1.46997796207865,0,0.189982806585771
4.62435873816094,1,-0.0686986351389328
6.88069011398086,1,0.916450207694266
6.48453611643443,1,0.71054961476212
3.65884541371008,1,-0.0190896861258043
6.207285022503,1,1.31312687307811
2.14643954940167,0,0.170386155804506
5.80820482370949,1,0.578816605533788
3.32697325673941,1,0.227904874997665
2.77703671971694,1,-0.612459865597317
3.58393863416914,0,0.734030133030624
-1.46725612445823,0,-1.85050186253115
1.89237268432097,1,-0.968544839770566
5.54049520953589,1,0.62762646905029
5.34425500945053,1,1.24027762938144
0.661992263869288,0,-1.5069030571303
8.77540795084714,1,1.18259689371289
0.110170462343302,0,-1.33418855936283
0.891349569819291,0,-0.596320294015713
-0.180217151342468,0,-1.32949216503638
4.89084154968843,1,-0.182113418617215
4.78145406937139,1,0.0491385446373278
1.28868061826493,0,0.412076431613412
4.98812564129953,1,-0.422353546385099
2.76248076720565,1,-0.0196536597344667
1.85435250858085,0,0.303016425333838
3.25497681839377,1,-0.972422343455087
3.66594433553483,1,-0.701155053616588
7.91527628617059,1,1.37843190060709
-4.04640026302092,0,-2.95313731358376
5.13902408549066,1,0.955836563019408
3.11153922962139,0,1.06003423492052
5.1825658914614,0,1.35096056599856
2.84635787152957,1,-0.401555741178659
4.10629335095714,0,0.839986980187327
5.163360177948,1,0.215439257728434
1.63466537111944,0,-0.637977201958245
6.97551657883503,1,0.552847982050689
5.08111144479022,1,0.370350824990752
1.33313821078006,0,-0.389023767532155
0.537779403624722,0,-0.460092848631245
2.77030376748569,1,-0.26588619338727
6.26118663160118,1,0.501441363321569
1.95463285216487,0,-0.0523528269896142
-0.695541358211426,0,-1.35217134346927
7.34738440603979,1,0.308578530105712
1.53621919183926,0,-0.366996403813651
6.32425964186287,1,0.760815256528283
-1.05270585765353,0,-1.20877829147781
3.08527316185612,1,-1.90855673202378
3.15495710049835,1,-0.497749386024871
0.144491770803069,0,-0.637044510630347
5.65661847458871,1,0.676231932030489
0.795691383724139,0,-1.869411030258
0.0185869001801274,0,-1.06855248625586
5.3513052226489,1,-0.126005415934356
-0.0998802549366885,0,-0.736284418428665
5.14429896168512,1,-0.191241809184488
4.42462235600179,1,-1.1983002633847
1.22321603021434,0,-0.824254618506077
0.582869345430525,0,-0.919532671174568
0.282380786733345,0,-1.7438683437219
5.11826961370539,1,0.383037424261768
0.822497025342942,0,-0.541069423262346
3.39215204185052,1,-0.555941097834846
6.98147662470946,1,1.10895853127751
5.83188869304873,1,0.667743594836766
1.01497101131948,0,-0.693679036361983
8.27352016258677,1,0.879992804711981
3.79102709841539,1,-0.37897335718852
0.32908283641767,0,-0.431248632603711
3.51794188064641,1,0.166444699682016
0.24932613830224,0,0.140519604666793
3.25721099477294,1,-0.107546272655053
3.56906277772561,0,-0.251987609311519
3.45077124733405,0,0.40002038444736
7.4470407401955,1,0.994170230292134
-0.253834706459975,0,-0.393873589955096
7.83656956567103,1,1.45176227538026
-0.391681080504041,0,-0.834997129573646
7.13677444546744,1,2.0014571533496
3.2302742223204,0,0.820293024018973
2.05480432339707,0,-0.361525358178745
-1.44615215154297,0,-2.12565181990003
4.07014642804603,1,-0.39804944688126
3.83089465689331,1,-0.347597923190669
3.91274198206016,0,1.44495230883333
2.90806619060605,1,0.376236073898797
-1.90049222097575,0,-1.82111553207448
2.23237294678075,0,0.272687271115478
5.72828177961146,1,-0.942807734498255
-1.43684723921874,0,-1.70089310223139
5.37949924282459,1,0.9190367632293
5.54149891926915,1,0.601705715750341
-1.13858023201374,0,-0.400022724222342
7.60273549181914,1,1.43747168052874
3.32561560196079,0,-0.312205370263461
4.25894387280251,1,-1.68538439471542
2.57931801342925,0,0.910952091072493
1.17787831588102,0,-0.675000828576545
6.1125308069011,1,0.137311566647961
1.84479684912285,0,-0.923241797486208
3.9108667132475,1,-1.30445974873968
4.3069364082177,1,0.441432625274536
1.9471789439285,1,-0.898687030626517
1.54972222209807,0,-0.541572099750972
6.35133490465346,1,0.72408190306176
-0.444401060338005,1,-2.56237882677918
1.43684094476024,0,-0.93721767452518
8.06408531672007,1,1.52956064823639
3.69837001893354,1,-0.00538613808929788
-0.441157787679408,0,-1.68318369036016
5.0456609403923,1,-0.0494187800249314
4.65837576702084,1,0.0454931089477718
1.93509917141355,0,-0.775870282801966
2.92833137189392,1,-0.685338106241904
4.98502149741264,1,-0.0390248343539803
2.42657498600331,0,0.839742870342485
3.20138695366629,1,-0.841408017043754
6.90498946322723,1,0.716228276161418
2.62584149992064,1,-1.86746565295771
7.69066608318734,1,1.99085671970778
5.04824765726274,1,0.771086495860009
4.14576794580598,1,-0.622598108012433
3.93051883589213,1,-0.103594550359097
-0.444721803189252,0,-1.2325383205798
2.23515349895576,1,-0.93290786277324
4.03190664717262,1,0.29751851452647
-2.95719077301427,0,-2.06452596044887
5.65904521191217,1,0.67724922249105
4.56533523301287,1,0.83638305791437
7.71917926857933,1,0.122243876490421
0.899924652467701,0,-0.788249637189588
4.91854894308232,1,0.633637015638911
2.85481004358122,0,-0.203293498180638
7.45919054623369,1,1.77577501258599
5.57256596131771,1,0.503354149677886
7.14363549606261,1,1.85994569369779
0.59628724596876,0,-0.609493045570301
2.42637144753599,0,1.15305532248777
6.24679555461942,1,0.969349157258382
1.8376872790493,0,0.637303157074264
7.91009140562242,1,1.77216769250851
8.39949625830609,1,1.17831056462201
7.08128672503634,1,1.10070263616134
7.23375570755762,1,1.37694807585475
2.03922578737436,0,-0.717265373449893
6.28616228380014,1,0.688512737577945
5.35492111375129,1,1.26810145678412
0.0642666277963789,0,-1.87208877844442
3.08031691759321,0,1.24808294812689
2.84544383440534,1,-1.07730040944452
-0.793246631130193,0,-1.47416956665685
1.36099406601004,0,-0.102761252843793
-1.57457717836959,0,-1.71486614730381
4.58740062226365,1,-0.774401637213465
6.92822923184293,1,0.847553967889695
4.85102462170548,1,0.0832352366570336
6.16872254325157,1,1.28508496858323
5.80759159560819,1,0.276044917953572
2.65214733166564,1,-1.71114274542409
0.758759972118209,0,-1.14955002154367
2.90210893587168,0,0.159786319641181
4.18080145977549,1,-0.427212686915226
6.67516818325736,1,0.907002203909007
4.26979159122591,1,0.150898962830839
1.73323165330795,0,-1.10952726348854
4.92348158319981,1,-0.548808731139672
5.46047085539073,0,1.01878845500043
-0.912637711594117,0,-0.945412080328207
1.47285303615273,0,-1.50031585307676
5.11351167771321,1,0.565164063059173
4.42696855625337,1,0.182738767924744
3.54759395003089,1,-0.796728081908326
2.8020467209709,1,-0.0461864850495287
2.41359878508798,0,0.15362674483473
3.59056850092385,1,-0.766624414368414
3.53898152132622,0,0.364753332338701
0.707195164569613,0,-0.693518969658329
5.9787862775967,1,-0.343156152059392
5.21898617793677,1,0.742849337934101
2.53533313449557,0,-0.285537707961138
1.56248685060935,0,-1.66988367567976
2.23222177411882,0,-0.264390041455333
-0.346261928451212,0,-1.69995439627627
1.1710055596474,0,-0.526832813660561
3.58734247448,1,-0.637015796844457
9.85745578186033,1,3.17451978428007
1.60265306087626,0,0.491205589873476
8.48174820188377,1,0.44201615873174
5.250982183396,1,0.2001981832427
0.498824877658372,0,-0.529195211918201
-2.81100807123348,0,-2.67716885487045
8.64458894809827,1,1.8127119312971
0.921188306376225,0,-0.516250386678411
5.16865027933976,1,-0.862041813735341
5.36152346970602,1,-0.629968970094094
4.49510261856495,0,1.0749624618669
6.33596497274347,1,0.745689854002288
6.0835052012502,1,1.32158580355189
5.7492200537937,1,0.279469141307329
1.26813181382431,0,-0.115006245548185
3.43415926189463,1,-0.250234587572854
0.911834588784142,0,-1.55717429972123
0.442338740253209,0,0.25959546534259
4.26197417294468,0,-0.337374377540247
1.04538102907176,0,-0.382965170050938
3.584448813246,0,1.05269226069953
6.23889754252276,0,1.21121347353879
9.39837418967577,1,2.45369487222183
5.53172571743134,1,0.464927336754254
3.68413751762288,1,-0.0948498082529971
2.79215074059692,1,-0.908331474152175
2.19090472074564,0,-0.0333366032934899
7.98486754301928,1,1.72059724640604
0.315848216462333,0,-0.236251623660883
8.09014251666416,1,1.70869864132557
4.29417695973987,1,-0.222756799545589
5.15748410056275,1,0.21033018312288
9.2102033467036,1,2.48092038385889
4.17227095609141,1,0.0271648423874321
-1.05298102597147,0,-1.45270517345354
1.3433877255975,0,-0.673642807416947
5.16183208277369,1,-1.05691633473035
3.06634039992995,0,0.0898368491080017
-0.901832558465665,0,-0.572289502826511
4.1911488576713,1,0.378039438656651
5.28899018501009,0,1.62382151287374
-0.393947256103152,0,-0.976293562011762
5.30169370237162,1,-1.0083744977457
1.06414775430007,0,-0.256399512370766
3.43441363483886,0,0.882816739912026
3.34911399741896,0,0.376027123503681
4.96868659891862,1,0.104450888453636
7.82497812429162,1,1.57174942774957
1.69025057207996,0,-0.268640998188145
7.0836767978824,1,1.84852188608278
-0.771085853892648,0,-1.51059647026223
1.56172034013965,0,0.281061228694041
6.44764474782365,1,0.90429346532004
3.64144770989379,0,1.13865742762799
-0.906793253982784,0,-1.45233814369233
3.89977104120454,1,-0.626353321542115
2.75737145574148,1,-1.93207557597691
4.9055438263476,1,-0.239061590311605
1.86703061108962,0,-0.500271500433461
3.50887231057752,0,0.987471730369109
6.28914137346227,1,0.415421227242454
-0.0468029157705951,0,-0.29611631915228
3.62929323674241,0,1.36222173924555
4.53507547620433,1,-0.144296461718731
6.98749654145577,1,1.31572787554448
4.3985691439329,1,0.666610766445117
4.40490070520862,0,0.661363775992788
7.323085382281,1,0.906720372580947
1.22975924119109,0,-0.620599459294388
3.86179349963825,1,-1.41157628682664
6.07112125436703,1,0.810244286891991
0.76297516962216,0,-1.30099800324336
1.51066250278205,0,-0.903611801788592
2.65651420169442,0,-0.218743464648836
5.63666973111663,1,0.564587997180924
5.75578611887886,1,0.609256391771582
0.783130230320657,0,-1.83602086878766
4.03315934197542,1,0.244146609668066
3.05738908489712,1,-1.7713618338249
9.23875677904964,1,2.25061026945178
1.74467151495235,1,-0.943008853792748
7.28862838033567,1,1.6868894561962
6.02039132024745,1,-0.338811926433357
6.03126984971671,1,0.620713591522164
3.43239352766179,1,-0.802721086857398
4.43137502377811,1,0.116593883188853
5.52891392798766,1,0.608067392089781
7.95462407942169,1,1.52794183545539
4.3425468121847,1,-0.627075993917891
0.245765359562997,0,-1.56426674597898
-0.19332692279214,0,-1.22558199882339
4.73317945276033,1,0.125967165114114
1.45497380779639,0,0.259330821064604
2.03065517590913,0,-0.275286508832528
6.19262116943135,1,0.0497672155096357
1.32777688621351,0,-0.310697724950738
5.34058613609542,1,-0.421435447880268
8.37628153971156,1,2.24620779511287
4.68271336788552,1,0.0866573729924924
4.45566565804369,0,1.22351387547554
7.57877859123422,1,2.61823281991171
-0.788070513315879,0,-1.32538097725393
5.95675982899894,1,-0.137758822174659
5.60958328227205,1,-0.00266898450538929
6.9851360311884,1,1.20590945018439
1.27109526000337,0,-0.328449075698023
5.70529220662609,1,0.314285567309573
2.98884536383691,1,0.181465253704035
4.85401006580822,1,0.37478409203679
3.2977319697301,1,-0.642525197682587
8.90679946926693,1,2.57545331864491
0.998319901788255,0,-1.14069051222224
0.108929959695267,0,-0.309747123005815
5.15129888530083,1,0.416243047192508
4.8962968233572,1,0.43153057070049
0.290760469202253,0,-1.1691369060341
4.79073816162967,1,-0.150172391372914
1.82681398446424,1,-1.39912211804635
2.12218533273147,0,0.917339213683056
3.6138417415592,1,-0.919625545674867
1.27786129905269,0,-1.12619356163764
1.3758114817463,0,-0.00583503886139956
1.71557122796391,0,-1.25613298158102
5.08582789928763,1,0.21279147402541
3.1148392266954,1,-0.555619629469678
0.407909639118696,0,-0.62831008904347
-0.456735531532537,0,-1.59500145340402
-1.71936035947686,0,-2.47645049452256
7.45824270907348,1,1.11029541174685
8.00806150892071,1,1.76051759457602
6.48708253104882,1,1.25649974649894
3.20957250240134,0,-0.0815338980196429
5.97149025696987,1,0.147271584663551
5.25022859686674,1,0.354597559542375
3.80819186939974,1,-0.337141103361032
6.80561570743921,1,0.492653951656481
3.65677834453433,0,0.829866793583873
7.10838770150237,1,0.947611539603209
3.75556887852185,0,1.16542883446602
6.0263001158932,1,-0.421166366290429
2.39530546541443,0,0.334602756436989
2.0801107654456,0,-0.106222654973173
2.12025708183876,1,-1.28708648621814
3.18859495358434,1,-0.908059860049952
4.66025389689009,1,-0.283935748679001
4.86752356609489,1,0.266592458399183
5.11657620849286,0,1.22431930895728
6.69251578558418,1,0.821525526825726
4.07679873841932,1,-1.24776679226202
4.07611215347161,1,0.601275013858364
-0.748459177903962,0,-0.908752216129051
4.45690179975804,1,0.900344887747296
4.111484104705,1,-0.953871513946094
4.69005721618116,1,-1.24089171441291
0.0539529161598971,0,0.0815500958017237
1.00039470003422,0,-0.813076911449766
7.66789689188571,1,1.06478465880181
4.51543432364993,1,-1.04901921849595
6.97857361926271,1,0.516009325167412
6.66396626237895,1,0.985746984418363
3.56020737574375,1,-0.35165697798206
3.27594106123602,0,0.451749228471749
3.85144534444657,1,-0.593572178730932
-0.999370582324361,0,-1.13649526825212
1.48940386287683,1,-2.33497178127181
0.387875456576775,0,-0.926597259630885
5.15470997321639,1,0.395171601492927
6.52193669506519,1,0.0741714005493914
-1.57687466594614,0,-1.05649333360304
2.19352374657883,0,-0.0775545035183967
1.25706601031397,0,-2.41603024212657
6.85410740762287,1,0.809519878482719
5.15463194383541,1,-0.869749853294244
4.64503161737517,1,-0.125077441843527
5.83289160983272,1,0.41115161878454
0.66111664815865,0,-0.850435305046767
6.6111992921456,1,1.4665510712084
7.95325698501968,1,0.306878543209711
4.20322227492834,1,0.429680832800053
5.23437563052313,1,0.810377064747989
5.88296987105533,1,0.921172911124199
5.97411012865404,1,0.544807883194691
10.3705362472676,1,2.36959502355302
4.9284946351736,1,-0.603094261358911
3.78891216481189,0,1.56083962675
-0.965315876450516,0,-1.35383614798257
3.6363786355214,1,-0.508004601076342
1.56721177206505,0,-0.478311132418979
4.33291709075773,1,-0.898170282231573
1.82345116327008,0,0.108274523745864
0.358275159646334,0,0.649879562609338
-0.87720487920202,0,-0.820473392742006
5.16043870731876,1,0.359761528557581
3.11688987861151,0,0.633324928437982
3.30303503521795,0,0.0978159188655356
0.902152645200567,0,-0.801183755949992
1.40847535031259,0,-1.10229315336733
1.54360549319476,0,-0.851657012572341
3.5160819834337,0,0.519418173048002
8.35064151314785,1,1.78231561329573
3.74407063374124,1,-0.60002701021618
3.77691993700538,0,1.47202881872208
3.99328621649313,1,-1.03754711208436
2.88569896759351,1,-0.571449343788698
6.07787335128843,1,-0.0767891104349022
2.08848805248609,0,-0.429972380474222
5.48962718237825,1,0.178345151589542
2.89456556608128,0,0.834921341167059
7.35415166340761,1,1.0466507568352
2.81768808018403,0,0.762496037757118
3.10717419149477,1,-1.50551867529972
3.46747743624466,1,-0.590709411561947
0.812028110561275,0,-0.353384418087923
6.46681165717645,1,0.69327791161614
0.0347787301257231,0,-1.56587278497252
1.62565257556864,0,-0.677897326851043
2.77502275334743,0,0.665215998411031
6.20591528870197,1,0.95524504180699
3.81445253702082,0,0.291004470673687
7.41357723437819,1,1.68452398458178
-1.08899436792431,0,-2.41416486207894
4.63611082460112,1,0.229897633620541
3.12287565825356,1,-0.0680445791345914
1.2970228145743,0,-1.00173505397238
3.79495666491772,1,-0.560015463091365
5.82135307290663,1,0.240568027183605
4.60500383222239,0,1.21394151451887
4.97144882791334,1,0.252358485164026
2.02088373822558,0,0.652414104692385
3.88867243553284,1,-0.928892644960027
3.8054328566282,1,-0.444693950906624
4.39020095721131,1,-0.0393421854237676
2.52730382856615,0,0.143080057160209
5.67665289424933,1,0.529199978876831
2.73379249198236,0,-0.185558488318001
5.36767357959913,1,0.766675058621243
5.22168788336334,1,0.264323015982099
1.99417271634365,0,-1.3558222763288
1.13128815203536,0,0.359071548321692
-1.95595631547068,0,-1.70825283944633
3.43657818681977,1,-0.635928277355224
5.14117397370908,1,0.290433348159067
3.50836116594521,1,-1.30379423270979
3.29179123612715,1,-0.114100599327674
5.84671104737515,1,-0.092962085023748
5.44638120933459,1,-0.122560626447375
0.73237765447401,0,-0.883310771318462
2.51864874078066,0,0.600169469401305
5.44251479068141,1,0.717134365632955
4.34577485481957,1,-0.390874782474331
7.56376778610709,1,0.427892517086193
0.974204727265415,0,-0.837105234296302
2.2509190838613,0,0.0225598675334932
3.97364222429204,1,0.760060847485706
5.94766811749582,1,0.245713332088109
4.62658131177747,1,0.14139134685168
6.98363581184569,1,1.3405773256748
0.744060766900254,0,-0.749105637416039
2.55059165245446,0,0.776584537569481
3.45354423620592,0,0.228181606829711
5.08355403904537,1,-0.736400489379546
1.70022043391993,0,-0.0704274811359867
0.163186465429697,0,-0.376126589747127
5.23096996749238,1,0.663223068581971
4.55830330443764,0,0.410695883940059
1.01289871120602,1,-1.83184901351771
7.52157876609353,1,1.64842382136271
1.09116221347088,1,-2.1329179344463
4.93600320433609,1,0.687006166808365
1.50026646485793,0,-0.748761646665193
7.04550199061824,1,1.06911275932534
2.52804917857343,0,0.396829329884725
8.39092612995174,1,1.38535325921297
2.06470344086996,0,-0.178080118436893
1.6466421961553,1,-2.42988067251115
3.18373830989518,0,-0.232011957059107
6.66973559057516,1,0.105937161925274
1.56457605115557,0,1.21756978398376
2.3950843024057,1,-1.17176359943771
5.5756921596977,1,-0.266475823895061
2.55953984507232,0,-0.454685555577368
6.9846818813031,1,1.50493216814738
4.37405182247494,1,-1.62253834012802
7.4445046956937,1,1.05905497807605
4.04101677443192,0,1.15698003542924
4.88092131174842,1,-0.113958858999298
4.05518576073609,0,0.855190970106915
4.4077938319551,1,0.511139092189725
3.6044795087008,1,-0.714418985172829
2.53647850383821,1,-0.694971594834713
-1.8184824585933,0,-2.02251977219747
7.42076770149556,1,1.58146032169396
8.14995131446937,1,1.29683319578503
3.27661947059427,0,1.27035453737285
5.56109902600187,1,-0.0160778678538177
0.724516494379681,0,-0.581762953398202
0.454103694238396,0,-1.65357546614648
1.57636657405505,0,-0.574408772223323
0.527897169758328,0,-0.907622087912097
-1.19593420922488,0,-1.36553956640524
5.76754399216449,1,0.308299926829597
2.26205244823615,0,-0.472627502422465
3.56455395802191,1,0.446222235667692
-0.477977222707837,0,-0.775157770851509
7.65298799922618,1,2.06068761751814
7.90169457110358,0,2.58539637352218
6.76264488235188,1,1.4998064030903
1.49509479675149,0,-0.100192607788636
5.93714175693114,1,0.647185814663537
3.64736601090936,1,-1.40458976481618
2.23476325528948,1,-1.33411764776861
1.30602248345287,0,-0.446729345052682
6.42991642523072,1,1.69061986061771
6.19496673331079,1,-0.223365145696298
7.42021292943953,1,0.923438510803911
5.36462777954758,1,-0.0495256938434538
4.52433923602284,1,-0.346890884284201
5.06299127235707,1,0.199251919612581
1.50864451938603,0,-0.132327785051881
7.87623260541884,1,1.45423172269893
-0.581007813457001,0,-1.32063917335026
2.51590295837015,0,0.109207163477544
2.79007525766776,0,-0.0254722179209988
2.9895088418912,0,-0.135157590930348
1.49177188688358,0,-0.640525314131231
6.06379321738245,1,0.71748255574154
-0.845825405459875,0,-1.47690981302073
6.00104445455287,1,0.75410479816319
-1.99085398200006,0,-2.18980917487403
8.70010369229063,1,1.55309984771205
6.29896741160203,1,0.702061998975101
5.3059276639568,1,0.0515238125352395
-0.0436989736589206,0,-2.42797370995882
3.68251023499402,0,-0.0860707324535189
0.419538646890424,0,-0.738357445758922
6.6967818826944,1,1.16772402635259
3.27537942658268,1,-1.63264961625291
-0.917911591115659,0,-1.61312915574097
5.34770612716526,1,-0.224659351788146
2.5952125983714,0,-0.0551681503459401
-0.957372554225418,0,-0.627365956924184
1.57739115823752,0,-0.184349380412772
0.239366601720919,0,-0.263044660917603
5.38534729247418,1,-0.525646241251671
2.06444457291802,0,-0.67522749773812
1.90924202743211,0,-0.156788604665715
3.95181480815993,0,0.969242741689339
3.79441795032561,0,1.86326613150228
3.22639467744309,0,1.01885748883875
4.79661450115552,1,0.0456918216264974
3.39281536894455,1,-1.20179167247776
6.11175466411682,1,0.909354155230945
5.23542937371552,0,1.46195822050016
4.43885530236875,1,-0.184626753951705
5.96734195747165,1,-0.190168268382486
3.98125758899455,0,1.24329480266288
4.8384726765522,1,0.18558749818315
5.63164531865395,0,2.27102227928726
4.74926725350728,1,-0.0515549198891902
-0.738633886549832,0,-1.61554882919585
5.40579287866125,1,1.05795583994723
4.22063695639543,1,0.361894756181958
3.50938242145264,1,-0.265876705750517
0.0354189799595746,0,-1.25578140173536
7.75872350359284,1,0.87648416717228
5.71057511331588,1,0.592634666890485
2.65505666578204,0,0.271525680875784
7.04374584988483,1,1.55327347117647
0.975621939122314,0,-1.06380687634054
2.65575006547173,0,0.206822497346744
5.39822745515212,1,-0.248933255655566
5.52460362962603,1,0.515388673918764
7.00570023756613,1,0.442785820060402
1.0268223546708,0,-0.117116618623996
3.68655851133473,1,-1.49784147274197
2.27889375549251,0,0.0472006059695206
8.52940314907812,1,1.4802578676094
-1.56584988948047,0,-1.96455496249316
3.13971294867196,1,-0.538555626716068
2.44819576396161,0,0.50278659285196
1.63024227058062,0,-1.09331277445394
4.51538846176452,1,-1.02602611043194
3.12919339425317,1,-1.01203614366599
1.88302255720626,0,-0.782634176957744
3.34027561335604,0,0.359562812057244
4.55299673098533,0,1.99862021891536
1.88757407502732,0,0.55393480042535
0.552603350759826,0,-0.808303348930513
4.94051458113827,1,-0.557018477813349
0.748363550323957,0,-1.08560353078743
2.49102331557821,0,-0.71979401765733
0.074351354941173,0,-0.692566843267431
7.7025072697223,1,1.4135047045491
6.30255469014901,1,0.640962189123194
0.420176192580975,0,-1.7175207063165
5.99799312948392,1,0.82618859480234
4.88929222064296,0,1.28077530846579
1.0558612999526,0,-0.231344204570623
6.61030662475255,1,1.35882748116687
6.62355193911067,1,0.341239054522143
3.41120817020614,0,0.642236181244164
4.44318616944488,1,-0.321210717862453
7.86704254329904,1,1.44019566135034
3.32423361549022,0,0.0537341212031113
1.77888350359523,0,-0.269713563078948
4.77464209167791,1,0.466756268777527
4.78814672294581,1,-0.11071137212952
2.93299999492527,1,-0.25606542122908
3.68513071193303,1,0.726092190740559
1.48880775742713,0,-0.200982022267937
2.0858253550841,0,-0.422671961211497
2.08134995107469,0,-0.54216975567854
1.8165586149238,1,-1.39017790544112
6.96257140350466,1,1.60713541056557
-1.16729268724983,0,-0.652838190922449
4.13285744281871,1,-0.380368509294335
5.74930408307233,1,0.0867430365496318
2.00984192875711,0,-0.649057964312564
-1.67568049776238,0,-2.01649070787307
4.64959174107784,0,0.448577388746643
2.57420713003485,0,0.523388159192163
5.67425410232663,1,-0.246122239665679
6.09965455515515,1,-0.544545707183516
4.48938106733562,1,-0.803683014742773
7.402893325383,1,1.95447105047381
2.92314197912982,1,-0.296887442895346
1.20149033667782,0,-0.035404687210021
0.699052588751454,0,0.107189714468554
4.50308943622924,1,-0.230620531545034
8.23507755504162,1,2.39007004059566
4.02256578362037,0,-0.0116323437326994
0.907966872725708,0,-1.08905940665858
2.82160799269756,0,0.313769183171077
6.18514627657674,1,1.09572140336201
4.25074622839814,1,-1.01889460165192
4.86823599020205,1,1.67087514103806
2.61872987009613,0,0.275183470718412
0.131813705473159,0,-0.181866399727406
1.84188893129832,0,0.867355430722069
3.9384697583339,1,-1.40279690623594
6.47048040246673,1,1.48230141230567
0.717602689626235,0,-0.591796068662362
0.226729731097954,0,-0.885001753474386
1.18391455303226,0,-0.527436558659494
6.92634713767006,1,0.0310374052801759
4.2313742450674,1,-0.946515483343574
-2.25556981020045,0,-2.49897029524684
4.82226133269592,1,0.145711531004003
7.11465573487189,1,0.858703393437413
3.04225694175722,1,-0.209938282882933
5.88439511681382,1,0.398824020925648
7.17256655769453,1,0.761127736197585
2.46402225475902,1,-0.965406631821685
7.33389144854413,1,1.70425351971367
3.87469215274955,1,-0.81581184165478
-0.0630019054276039,0,0.0505031847282846
5.65498892035982,0,1.81833471172887
2.71609140393868,0,0.233738106743284
3.20943630131771,1,-0.0287897691741464
2.01500597808511,1,-1.13535799444069
0.0932817687508405,0,-1.15737781092832
0.855588279371043,0,-0.547340906138225
3.50994479541964,1,-0.433572715922771
6.1076485266863,1,1.66248593383382
2.28789483859577,0,-0.563130851439488
3.47294385602879,1,-1.14555224504636
7.48815363139429,1,0.70929132488924
4.30490173303182,1,0.160234692884093
1.95642584202545,0,0.113352593811487
7.74441187589469,1,1.49521350608348
6.91144780396003,1,1.02323662606114
4.14908305369839,0,1.17446162052015
4.79512288151528,1,-0.244503756930785
1.286847395028,0,-0.166932131005799
1.41524016634422,0,-0.0841155041461892
3.98824366609998,1,-0.826498278320729
-0.34267908918602,0,-1.18949684486068
5.90977136258549,1,0.393351860980975
2.77218010610527,1,-0.180783643152807
4.24856339908511,1,0.00218840129337854
6.82076836121531,1,1.18276728772386
0.185489481513423,0,-0.688825038725034
8.11505572366298,1,1.96360867768691
6.1940294106348,1,-0.441910422925586
7.74747186865753,1,0.781007950063791
2.54895963179088,1,-1.13436748209853
2.36296484140482,0,0.273041389468936
0.573536435339493,0,-0.763706558389942
3.11728504113403,1,-0.737607983989264
0.259985570714184,0,-1.25657614092639
5.05183473089751,1,-0.0170698956009469
2.66710134669358,0,0.760560550871685
4.12677530546848,1,-0.171825915244101
1.76817651399719,0,-0.265263394261249
3.93629398532514,1,-0.423995996873209
4.251450598853,1,0.689272118280285
6.38585782729655,1,1.05045042906015
-1.55048929760414,0,-2.19402499653358
0.986803134651265,0,-0.502965563297584
2.98465803924259,0,0.880319117538282
6.46717106795983,1,1.54835282944109
2.01929780825173,0,0.578006183928215
3.1788938336263,1,-0.13083383528347
6.66805788459346,1,0.607857026905797
1.08081921910358,0,0.217520387392552
2.61317442095143,0,0.526191223166367
3.26169682276921,1,0.461979537951275
3.87302088367537,0,1.50399120650089
5.86581730841281,1,0.353009602570219
0.370362171202889,0,-0.398902404734734
2.94269400439258,0,1.02355959954025
4.59278931475645,1,-0.800870910576536
0.795879085435115,0,-0.297780153902299
-0.721306400232774,0,-2.40109468243829
3.21074464429922,0,0.193998228900719
6.7649145088731,1,0.63054874598584
2.7301185907969,1,-1.72234774234449
6.57807107154727,0,2.53904641213465
3.57458060537292,1,-0.93202765273661
4.58520367295879,1,-1.2920278081392
5.0010091846381,1,-0.329125469198937
5.2171190791521,1,0.299302194344734
2.60163199521919,0,-0.440187586812284
2.84104686945787,0,0.496934162455208
4.26943756078235,1,-0.89057085460159
4.83262032919776,1,0.731639832631132
5.69157939566132,1,0.126996462004796
8.82384766308625,1,1.88904233606744
5.53577179033209,1,0.379767693804555
6.48001917017855,1,-0.0448161139871801
1.33710718675845,0,0.136043976842453
3.34424386506886,0,0.550276535752571
4.31969922619181,1,-0.808080397534084
4.30707480204713,1,-1.00699603251889
5.11202503029143,0,0.858202267276623
2.20934023409755,0,0.0844163440587337
3.42737719437154,1,-1.48179176140082
3.84669213411736,1,-0.9651266161995
0.222856541378907,0,0.103600145420958
6.26836787510115,1,1.1773236654154
4.3525953130183,1,0.192566454895148
4.34998783419379,1,-0.00723908878469659
3.41479763572717,1,-0.462310513259255
0.775973850191618,0,-0.724387535647471
1.12363334430121,0,-0.639016919876248
1.72872469160067,0,0.444142523918265
4.51315749430774,1,-0.584054238178266
6.38355107485187,1,0.186265347755488
3.70090710087858,1,-0.300342713730724
5.53880576134746,1,0.159700413754183
6.99662085659865,1,1.01999508545972
5.18851202538114,1,0.798351878707584
4.40279108373876,1,-0.044090271581282
0.240211059996268,0,-0.992193431605077
2.7433183143698,0,0.575852522768862
5.7246432100421,1,0.135781237800526
0.237118468595171,0,-1.01208196057172
6.56457439231535,1,1.00402316383581
2.792205343832,0,0.876095886998526
1.35130339104055,0,-0.692968115760895
7.9088137120107,1,2.68180948338679
-0.913115199345407,0,-3.13899312896842
0.97716660216588,0,0.645956605503056
3.82973153959909,1,-0.480610133856287
3.86309588685361,1,0.192807393685871
1.3196696772742,0,-1.04925616100414
4.31116676228288,1,-0.24585186926655
0.00883556596144319,0,-0.613729291010653
1.57684971057755,0,0.497692038896738
2.73275473868217,0,0.456841757760867
4.46564116830892,1,0.730374039844885
2.05046293222626,0,0.399518813185011
5.34084485567767,1,-0.0861377871174699
7.27694345666269,1,-0.0963810493728022
7.31371840211627,1,1.86373382233984
5.99574249995647,1,0.851283491078538
4.20959979979535,0,-0.0592854618366041
7.96775347411692,1,1.50066953016993
4.37485205894158,0,0.451022941536234
0.711840317496419,0,-0.0995630325040558
0.427845329238115,0,-1.02102751463047
5.8601400594039,1,0.346607005280016
5.66614334714147,1,0.517299926175581
0.0880446017749611,0,-0.639980910158429
3.21269357780325,1,-0.998203710977064
0.481629360007058,1,-1.32931604978871
0.363181348968254,0,-0.873582293537821
7.89839976182295,1,1.07104687470885
6.17606877426007,1,0.468129482172467
0.747124018309335,0,-0.927321793089823
-0.99983012200001,0,-1.5818156716694
-3.3407157708876,0,-2.78399210945974
4.30403581288082,1,-0.936595221275909
7.84228590812166,1,0.477875031833748
-0.264158468569732,0,-1.19529144352291
4.7723329811476,1,0.305301660949113
4.6011344702442,0,1.73266163127779
-1.62824530166481,0,-2.16316306849597
2.32688091566583,0,-0.119819499989917
3.03027890246282,1,-0.975527419817998
8.07158919657631,1,0.957784463175755
4.29387017904285,1,0.00494753450098241
3.54722322848254,0,0.354204596046414
2.68181710905269,0,0.176206004043117
1.90104049421045,0,0.230682050535359
6.13238058167232,1,0.329397305970626
3.83288776812636,1,-0.97239308578563
5.41153285905473,0,1.28169363205409
7.62154190498371,1,1.52914308593026
2.62007133728112,0,-0.150879530345409
4.55652829903314,1,-0.181568669642687
1.49764010515803,1,-1.84093919530514
3.2935619813931,0,0.16519261489522
1.40117063320535,1,-2.25342167258279
4.48697984132058,1,-0.203377537798555
-1.28281944004911,0,-1.48901267982703
1.13829054600291,0,-0.80592313159309
2.03697935846538,0,-0.163240061919337
2.81063110383447,0,0.52583578459122
7.2491608336894,1,1.40240703340828
3.67189995867044,1,-0.426245303013057
1.67063055471128,0,-0.212596795069938
5.60222943846887,1,-0.230817019099012
3.25008495544702,1,-0.492154208159477
4.84967343452438,1,-0.307399420096093
3.93101721169703,1,0.713397005310362
9.83609352900356,1,1.75659582364803
6.66139621462437,1,1.56873629399177
2.71042595607743,1,-0.114376060875312
6.13505001017947,1,0.585612246214135
1.54123713101101,0,-0.583870739389275
-0.311551343966656,0,-1.50778289137984
7.01949325519015,1,0.518631721220592
6.70237206581844,1,0.367644068718127
7.43422374660902,1,1.59744004592723
5.55588112741607,1,-0.173505779423678
1.34556900189889,0,-1.71396796503711
4.37797492620093,1,0.284856517472213
0.689715369006138,0,-1.51545966092347
2.71170384364828,1,-1.11722842504756
1.96163684704164,0,-0.462236253258946
4.40287748106358,1,-0.450398744367243
3.13653672077773,1,-1.37722783470441
6.86133653847081,1,1.04859151359238
5.66710326931863,1,0.30555621676614
4.23131552913997,1,-0.918748616451352
4.42933218360577,1,-0.845222587052554
0.278791486228479,0,-1.22732567518176
3.24243173255145,0,0.351529308690375
7.11800301000873,1,0.880826582309925
0.854666465942877,0,-0.453966879586077
5.80059082748696,0,1.01804620900246
0.328707387774294,0,-0.319211879877217
2.21336388239404,0,0.258135510658443
6.27079849166616,1,1.1163642663612
-0.954238632818345,0,-0.77210829956962
3.99586846758279,0,0.11259430625395
2.34087943677286,0,0.531562239371635
3.67846371148405,1,-0.422902650617128
3.41231549762329,1,0.148623992007772
3.90882123005074,0,0.399286308762999
5.95642838804538,1,1.18545205531744
4.13784321257098,0,0.919095331882199
4.38566756085815,1,-0.394769701294296
7.4094201942296,1,0.609240909110271
5.4265361579896,1,1.552754323222
3.6236558893398,1,-0.628994863204225
3.13988100639273,0,1.41924953870264
1.07090121078446,0,-1.37066534309718
4.46879744275788,1,-0.897031020178635
1.37334019555748,0,0.137112823194629
4.19204436086848,1,-1.70437576028005
3.05235206410566,0,0.320308058794637
-2.24176090759734,0,-2.13104361809747
3.27400253309591,1,-0.742451433401934
1.17114168672065,0,-0.951941765720053
7.29160396814818,1,0.9339879197246
-1.16043942146422,0,-1.09948288223523
3.15596235829084,0,1.29711010122401
2.4787330330754,1,-0.811869011460113
3.27760877362455,1,-0.338192213747675
4.68261905020225,1,-0.829080141784422
3.48913159553067,0,1.0766521816494
0.690707433662746,0,-1.3278948055111
4.48628669669754,1,0.739907498461063
2.0992628929761,0,0.976673150622898
3.12545996019559,0,-0.37681524864787
3.11548791992244,1,-1.30089125498605
7.15108667682725,1,0.725204344924953
0.0441806002931354,0,-0.970320176942339
3.91173812057137,1,-0.887412359318331
0.886114642456747,0,-0.686216777211002
4.10030773731304,1,-0.934156876357403
8.8793861514259,1,1.65832732814445
5.36194645876606,1,0.614131653946908
6.58235949205819,1,0.338641287474492
5.06654926766324,1,-0.576008960512498
6.28194785766611,1,1.05067558510226
-0.527114679738518,0,-1.01644723113006
3.1091476759633,0,-0.210170203015396
5.49271003066145,1,1.10298560260448
3.15349722324009,1,-0.933756564769499
3.56780291682626,1,0.0373396617812627
4.05571571754832,1,-0.769076145758471
0.744769667679894,0,-0.387566229908299
1.95878130290635,0,-0.0538397421329862
3.62860391502401,1,-0.188542475976531
8.21027998111067,1,0.965698413257635
2.57665506076863,0,0.625906596890689
5.5154529537673,1,0.817892823041214
6.49378404656826,1,0.846438126417034
7.23706721146471,1,1.33169732315778
2.10527043590343,0,0.226968255002824
3.76033779551639,1,0.65350981979275
4.48288940214443,1,-0.340644344731065
1.26548371589596,0,-0.115979062343394
1.31920700694572,0,0.535850478938863
6.44645211961002,1,-0.337686762629956
2.10630124632598,0,-0.374418781703754
7.59659558655934,1,0.272783555184757
7.97996751931453,1,1.53591780168055
0.26035607403505,0,-1.39188968640531
2.94872555624048,1,-0.471635008527422
4.88951006583631,1,0.381585018084879
2.02411356281648,0,0.319341086263141
-0.439098457137667,0,-1.41476618244951
0.340314898897765,0,-0.739714251249943
4.93552774400051,1,-1.12173115267717
5.89575531005285,1,-0.0455645969922295
6.95075998338052,1,1.31356314065774
1.62194493912308,0,-0.00158204230492996
6.24501203980729,1,-0.212091233815896
6.67439465455043,0,2.25347500925588
-0.244970133614982,0,-0.60624713210924
5.017237542984,1,0.113822755103304
0.773684532803332,0,-0.334740454208365
3.40500800512793,1,-0.907281697378612
3.08472908786432,0,0.605857718423735
3.69628331903874,1,-0.522815844166493
7.75266146490906,1,0.850439392709796
4.38763442770851,1,-0.408036071471018
0.829084527331509,0,-0.141808656570536
-0.818505229473087,0,-0.813898073869445
2.70566125292727,0,-0.325540589312666
4.99866779220945,1,0.378157397165477
0.719990843178914,1,-1.994485362048
0.681890967058272,0,-0.999356693242897
6.34176584827018,1,0.283822423134089
0.0602396304801737,0,-1.10119397684316
4.47269848272779,0,0.983346982359529
0.112137944489379,0,-1.01662540554706
0.631700217585928,0,-0.863907495138643
2.63332760644181,0,-0.226986669320352
3.81105742703478,1,-0.272388059455222
1.13138970363325,0,-0.253790438243238
3.8803227344385,1,0.415776373443036
2.67071434878067,0,0.572441869624907
-2.2082691984064,0,-1.81823624118953
6.75895274524983,1,0.953336849161407
7.59321791015906,1,1.34424787271312
1.07621539223632,0,-0.754470215261657
-0.655221510210755,0,-1.88690223703747
4.32604845254038,1,-1.63915999611165
1.46389675604862,1,-1.91281989340237
3.39392793744313,0,0.308721061757311
4.27022469059476,1,0.634157592046035
8.33312426009644,1,1.47396772275126
5.48574846692108,1,0.32357209555769
5.81326271620586,1,0.923510125090382
2.85273010086974,0,-0.556882439326111
0.29387872772008,0,-0.992930853628641
6.08911458200307,1,0.267362681279231
3.17532100638429,0,0.337202940545064
-1.63226271381931,0,-2.07330759695566
6.6096378473203,1,0.937936932333045
0.526854085420308,0,-0.613064599652876
-0.286909979975621,0,-0.112092904178992
2.66792863444904,1,-1.01392542362372
3.6289082045228,1,0.636392746769097
4.28375293686376,1,-0.370722808414899
3.2005868304905,1,-1.42133301305244
2.55262615038867,0,0.289090230395264
1.05152595422225,1,-1.64787067570603
5.8463709922542,1,-0.190245222772756
1.50545885382459,0,0.0194040309542796
7.49782590177546,1,2.7018310603995
2.31105878932656,0,0.510971555702922
0.899649432153191,0,-1.2733439430434
3.38939796330499,0,0.376437913312468
5.3640045546431,1,-0.0987659900483044
0.511592816512069,0,0.220544495588186
1.43662139866534,0,-1.61592686996966
8.79902778501419,1,1.68090301749135
2.34620812218635,0,0.558235768607064
5.23868623534889,1,-0.376390838734751
0.30842334596435,1,-2.02756608489503
2.58048233149689,0,0.397905309906828
1.44028903846404,0,-1.39689726524874
0.798757483461147,0,-1.18227052196702
4.30683093826975,0,0.542324933740678
3.58303451880945,1,0.734721150305722
1.38419643276402,0,-0.378504196411471
0.372117494381031,0,-1.64280557175606
-1.86621980592499,0,-2.35363430203608
0.167973375431336,0,-1.40018450981963
3.91820406704921,1,-0.696793174595107
3.98597854742774,1,-0.973673476625389
2.43874826252877,0,0.321376423697846
3.72233824602797,1,-0.819010373585505
5.40352294536527,1,0.472704589780157
3.6390158134405,0,1.1954171235144
4.50292400951017,1,-0.445658345235482
-1.04644606845037,0,-1.35312998679368
2.82618128079532,1,-1.18503067452279
6.61647132745876,1,0.760606964346921
-0.809727737904541,0,-1.55734809274195
4.61111304609283,0,1.60220703903869
7.9833883054011,1,0.279216025367745
7.02889705747524,1,0.958156714510435
-0.58282973417345,0,-0.737894964320054
1.29534457955595,0,-0.641051896129936
6.48372355161168,1,0.446461847481247
-0.26686676527811,0,-0.189212251041565
2.94561810087185,0,0.588090755966724
4.96791264309375,1,-0.188046258983758
4.00341987611252,0,-0.183047444540422
9.19716784676769,1,1.76037108613501
1.32540877953494,0,0.491819019266072
-1.42486437832699,0,-2.32690137102039
5.89227052172758,1,0.717234053379376
0.223424331164435,0,-0.68233877507983
5.71496039761688,1,0.038614423126172
4.27774636897018,0,1.35344327237485
6.04853197077269,1,1.69138981336243
-0.0294019271239301,1,-1.97724922370716
2.68337526903096,1,-1.52539749092167
8.06589877603214,1,0.437746900882553
-0.180424562626194,0,-0.643125319354182
4.96608050794635,1,-0.4760779533788
6.12875877701682,1,1.22940126860005
0.229366256118956,0,-0.461557933995871
3.1814615655295,1,-1.1671305153144
3.15354358010881,0,-0.300352441454184
3.01087280665528,0,0.769973982367045
5.48775304730971,1,0.240262799278662
3.75567760844128,1,0.754168797301627
1.90946032110792,1,-1.76908156428037
6.43963951275798,1,0.116332320379715
5.29238661276108,1,0.692022539741815
6.49097596472609,1,1.37798602518764
0.0883162617229665,1,-2.73597021069485
2.39395182307043,1,-0.782565190445743
6.04684086558226,1,0.808043339986812
1.93650669120757,0,0.524068585979806
5.98051396143876,1,0.35611777436691
-1.53310408309642,0,-1.6049550133313
3.5437101043822,1,-0.322682059625519
-1.6556641678244,0,-2.16145939152144
5.74553494219602,1,0.0190967022825058
0.54219370036079,0,-0.992704380579595
3.86131316649637,1,-1.43976540953535
4.92098456843859,1,0.169291552863872
6.98512287305031,1,1.8248258610762
-2.24755560702378,0,-1.58444178208245
4.35041392090251,1,-0.873830017616974
6.11087554726061,1,-0.195780946959777
3.77969193930576,1,-0.706652682485904
3.97198050775806,1,-1.04368410538297
5.24106527681972,1,0.61000173520942
3.56656407504776,1,-1.00719181216564
2.92102928235054,0,-0.161783123191246
6.3535796851427,1,0.980051876335626
1.6095531871547,0,0.361942258956084
1.80039804760653,1,-1.60565791906829
5.16775820587127,1,1.31105640447589
4.72062656172427,1,0.539388173408711
4.35061753852974,1,0.218794224103804
2.6047902633248,0,-0.129966893255263
2.9507578871283,1,-0.865052891545505
4.455481070055,1,-0.825638182890832
1.47051116894154,0,-0.954139075093771
0.710326866560474,0,-1.3922237409318
2.78684999424949,0,0.532505696903585
5.11100400396369,1,-1.36001392024891
3.09645035895296,0,0.417999489071495
5.41626899448286,1,-0.850258156293663
7.47121002103821,1,0.869526359692787
4.82131300298988,0,1.03448043626442
3.94535473927095,1,0.0207367874396349
1.63479347367083,0,0.395119304823088
2.4413928831672,0,0.276352141875242
2.54704086274566,1,-1.40690816653097
6.38988871045566,1,0.804685346315888
4.69956759030341,1,0.775054010807102
1.01399361267307,0,-0.908145691062996
0.104261675585815,0,-0.996020115936964
4.81947288454758,1,0.362546645148159
2.32753131825233,1,-1.08608236477082
4.68663125677374,1,0.175262128847649
7.2528223042577,1,0.634523421021894
2.02378057056925,0,-0.268304978918258
1.05752184954636,0,-0.143418596403623
0.928708666359265,0,-0.68532621612298
6.06809087588865,1,-0.310462136836296
-0.109140984596561,0,-0.570169549397608
9.81623074429496,1,2.53434623037214
3.2200790297781,0,0.601535968134075
5.79500412124162,1,1.12756120883178
2.73500362843581,1,-0.470251565380531
6.15694602160535,1,-0.207428502167303
7.51596398680119,1,2.7456733627009
3.07320739862552,1,-0.830290714875519
0.958182301897363,0,-0.642700128605558
0.746716891842616,0,-0.14161198106721
7.3692110936237,1,1.10436615092869
-1.90562101757603,0,-3.00102477350675
7.60553434547562,1,2.05359382706753
3.76373291318576,1,-1.09379605229137
1.11228144949854,0,-1.22656351514338
0.972441793159689,0,-0.342277227142286
6.0184907727344,1,0.658532578195758
1.07086425898419,0,-0.851445102760097
1.09514484605012,1,-1.87598302993031
3.76375415170081,1,-0.48985664144872
6.01501490694225,1,0.328243402709361
6.17550147441999,1,0.865162051806121
5.15424840965431,1,1.13971671684903
1.49659870512629,0,-0.433955263226009
8.03407520030684,1,1.46297579684964
6.87214229536251,1,1.19780771096557
5.50716937963607,1,-0.46228665944604
6.19640717466573,1,0.912847756741927
5.90245497332201,1,1.05656727466585
2.76396839430605,1,-1.38155427610757
8.45966995323118,1,1.52242167132902
4.14538659779807,1,-0.0780192840566323
6.43488488944989,1,0.502346304431283
2.94266954600263,0,-0.0872131289547691
6.59419024226581,1,-0.690953385894806
4.99691682106966,1,1.52642292910877
6.22813740705662,1,1.3140666822661
0.513387784211177,0,-1.06975411357875
4.24298703452242,1,-0.0159038650102378
7.08810213344871,1,0.538930717398302
3.90476766297178,1,-1.7847166263677
1.27805757024245,0,-0.450105347817872
5.1990119080632,1,0.478496474306168
2.53204092998935,0,-0.346428572747648
0.107892287804991,1,-2.04428657828086
2.37743542915345,1,-1.48362599388729
0.69685990114485,0,-0.922956472241783
7.41065284379586,1,0.174244530667259
-2.25776720383588,0,-1.81732318496419
2.66761739457123,0,0.500040679122927
5.4676087273339,1,1.06354635357899
0.401667194608892,0,-0.565202660570903
6.5217059278749,1,0.944092998938885
7.01982888357073,1,0.973098936350998
4.67811113610767,1,-0.0171660701106577
5.39295656540987,1,-0.359927350868906
1.46916438299169,0,-0.190184285527522
1.11558877211619,1,-1.87755309426937
3.70613978330683,0,0.560349532587586
1.24443667439899,0,0.33538474743254
4.15845342103396,1,-0.153022777564646
-2.92864701022198,0,-2.71848745728651
4.93848702000174,1,0.292217786590762
6.97862324619332,1,0.565322207888516
5.35435226431449,1,-0.874218964168323
6.48418007766726,1,1.0090338680072
6.91083631439183,1,0.577055109325141
1.14291650618999,0,-1.18799741203433
-0.532717282974768,0,-0.958594137083384
1.62459573728767,0,-0.220745542875477
4.48477018879736,1,-0.990504323908094
0.292900158726569,0,-1.04605522165573
3.6884670744734,0,1.35964791465518
1.52757954562296,1,-1.15592399628206
4.79667209948468,1,0.26084315779637
0.730313607075837,0,-1.55823647505566
2.91082224124792,0,-0.00714045431300919
5.9430044141061,1,0.567722227536647
6.4926914318257,1,1.11104418692594
-0.383794398200729,0,-1.11934473018331
0.924434233171472,0,-0.745335689322329
2.74294531369894,0,0.89568526902501
2.15792724517009,0,0.590244427344547
3.72326180476344,1,-0.288462279506972
6.8048617377998,1,0.048163466406871
3.61744519104853,1,-0.488926055790904
6.04605364558647,1,0.712986584937058
3.18355464754908,0,0.348591154474638
3.24078919106082,1,-0.0935614532345968
0.559609519945795,0,-0.845384979296857
2.69928513957257,0,0.277606233056156
0.380505687765324,0,-0.28890129987681
-1.70196694382073,0,-1.8513267476268
4.86748613754256,1,-0.955468599993092
5.13100759826392,1,-1.68713584936332
4.02750975526353,0,0.933252713848061
5.61802940896275,1,1.5139508755078
8.88423701041009,1,2.35428526164579
5.21552649998416,0,2.13661687737965
3.08646885213959,1,-0.752573791675775
0.144105400701551,0,-1.25293572924985
5.34639690569342,1,-0.624828084817834
5.98177690033032,1,1.27206446910862
3.31523035229732,1,-0.993816376439543
3.6056835095722,1,-0.708438488507119
0.873066787573587,0,-0.74678043290112
-1.10993119148724,0,-0.277310210041919
6.57711226250124,1,0.659896700957193
-0.102531193305894,0,-1.5121388803747
1.85563232665656,0,-0.0216116895578993
-0.845884984257118,0,-1.75457004400806
6.21675066705103,1,1.03546625106255
6.02102275569051,1,0.862397608654755
3.32075849367029,0,0.265544767018382
1.08644153850358,0,-0.231326977263818
6.31728267813421,1,1.0243577681252
2.17483957368999,0,0.617370042573925
0.104113973169568,0,-1.17103081674999
7.1337105839731,1,2.51918956720831
7.05055107514328,1,-0.633089812097793
-0.73873205979443,0,-1.02353018715821
5.99312050073191,1,0.435693940706874
7.12978227153475,1,0.267296542526631
6.10641675199569,1,0.15153477759341
-0.0158439674531109,0,-1.42910809944283
1.82536737940465,0,0.092244038071599
2.30116504911619,0,0.387349852747071
8.03144615205206,1,2.24373592299426
-0.84864320281524,0,-0.781466209509284
5.85969565857098,1,0.739967670482955
-0.118086293501236,0,-0.858421801859811
3.53101251893705,1,0.302018596365049
0.233948681212323,0,-0.961095221822742
-1.97571764488518,0,-1.99760903604054
-2.42360069404302,0,-2.30690186737447
2.905219495249,0,0.86723155891422
0.426914645108473,0,0.076113269906901
4.30840729478662,1,0.385224800550677
-1.90520256823392,0,-2.06023179151918
3.9762471024859,1,-0.145354412049052
3.20955980386889,0,0.0979794170841946
6.3678905850424,1,1.65117286843722
3.01231758916358,1,-0.697531585795611
6.30718033701467,1,0.800353223332997
2.09120720437753,0,-0.0286260385443061
7.4402113101928,1,0.929936110491093
5.25666596189224,1,0.165499606708942
2.09524198687173,0,0.155884163257049
5.43031926160745,1,-0.165086221014642
1.63208343908836,0,0.0879751385928528
3.75237329705678,0,0.0858522002455114
3.8904238669785,1,-0.171564167050283
0.988653293509316,0,-0.147076213012955
2.37738657732071,0,0.8500782782269
4.69145045621728,1,-0.186019562784106
4.38970444466002,1,-0.835441534293473
4.81817458983623,1,-0.0945247655139992
-1.11101028256203,0,-1.26813823932045
8.21154799900389,1,1.71872324145718
10.3967470037887,1,2.4968402752067
2.49949249333507,0,-0.0252063011042785
3.81652262562227,1,0.0070325800033662
4.4605357385859,1,-0.981715100072424
4.0161871620782,1,0.307234493729012
6.44785433301111,1,0.979590774747593
5.73401412203537,1,0.780711033538671
2.75610119612863,0,-0.00765646730584681
7.51198596454073,1,1.25856749633181
6.82792037267877,1,1.76683471162832
-0.686402075781617,0,-0.311547126334333
6.35738392674507,1,0.426973900055736
6.22527566071188,1,1.15457522800862
1.10707999984743,0,-0.287162114791726
1.75334288265068,0,0.132768822126551
1.97200557591316,0,-1.10623499986617
-0.493254204377237,0,-0.880246859827876
-2.41525434753636,0,-2.38863342271827
0.48641057479972,0,-0.69004938323951
0.0560706450099391,0,-0.527856748000707
6.53215591531023,1,1.0663108268773
0.0128190240162547,0,-1.09455421444261
4.37320071690878,1,-0.0850599489390614
1.79863937630906,0,-0.415982250479874
2.11302435664361,0,-0.383489419654003
4.99177478696234,1,0.138478429491991
7.25835139079007,1,1.5025095098193
-0.819624012030177,0,-1.15592439159928
3.34433504970408,0,0.676586019302704
3.71520123827136,1,-0.693678141249576
0.00493575582713857,0,-1.12948331148021
2.65258864500047,0,0.84732831798785
0.348608354032658,0,-1.28432033562367
4.64628872301072,1,-0.951203283276817
4.04040066205791,0,1.01151549368614
1.60428595257205,0,-0.106991612669398
7.79926024804718,1,1.58067688954012
8.74826625549257,1,2.70884536477196
5.33160697483056,1,0.198800479198
4.38074394577624,0,0.760569649919817
0.216162531984511,0,0.113335188334946
4.54329145626646,1,-0.562871825842673
1.27736125562529,0,-0.717980765062782
4.0202212483027,0,1.07634568722594
4.71506060113341,1,0.729188701930514
4.3409624067521,0,0.472008520170886
8.24467988716426,1,0.888964554031627
-0.412999093366495,0,-1.13356486953053
0.411777101797281,0,-1.09760333280958
4.82923850500412,1,0.155016187191699
2.64139491961374,0,0.54070797485713
6.417642158439,1,1.15080723331547
8.28165127490479,1,1.47704988933306
3.62759283078867,0,0.182187910542094
2.6635499142057,1,-1.10108235737537
4.42810278463826,1,-1.20252726325904
0.77596349664316,0,-0.966708676495849
6.67817780601878,1,1.39449126043296
5.66156365916994,1,0.404360270712859
7.7999642311344,1,1.49031586219406
4.0098479467419,1,-0.680715286073037
4.48914232963842,0,-0.0522803800696862
6.2265003041029,1,0.636823632832133
4.09825383469454,1,0.35688325862053
2.71711422349221,1,-1.17561605038368
2.41202909461008,1,-1.48605282360582
0.686857609526557,1,-2.44537238317247
5.06900162565372,1,0.65019931683817
5.94857032181091,1,0.597458845595852
3.04854210838551,0,-0.00591553466537692
5.38660328623443,1,2.03488045755017
5.97107926556226,1,0.276288979880555
5.18085443363143,1,-0.496466209356325
4.43298740247346,0,1.17021622041948
5.73406129426907,1,1.00415049965311
2.49853118897613,1,-0.706639694712761
6.65374609644253,1,0.0685642509355788
4.35914838596882,0,0.887426250052947
1.24996839574255,0,0.951080448511403
0.235850621898041,0,-0.132976015348185
2.01471074625894,1,-1.28558425906626
6.08272488817402,1,1.66116485621508
7.18814706449255,1,0.136576555971212
5.7200399461281,1,-0.464363828025639
4.9014221366716,1,-0.306423805718502
1.61150202398414,0,-0.435812300530228
-0.812767994837342,0,-1.70782279922691
3.97316723247962,1,-0.171289220774238
3.5097536902255,0,0.98881575178477
10.6993933674814,1,2.28564205323546
-0.159088234661244,0,-0.535947018691219
5.963257262075,1,-0.189088750770531
7.24771347453696,1,0.657250840978623
4.62276135968279,1,-0.167127618066899
4.70732977511484,1,-0.536767000075604
3.98233231712486,1,-0.333439039169432
3.82355215727555,1,0.22290414826286
-0.335080762248591,0,-2.2417021676314
1.45447521773994,0,-0.642793087067836
2.90333406714188,0,0.129506779309632
7.40089457165978,1,0.500683932489198
0.277545460499061,0,-0.980687867797905
1.60087691804794,0,-0.598420796598819
2.89459229166123,1,-1.68698472183606
6.4045250957114,1,0.462985502852242
6.19376782144861,1,0.632984575305104
5.03797891241056,1,-0.0741200109700842
4.1051917779807,1,0.0279615662680733
-2.853882210023,0,-2.51209948928412
8.29263539419893,1,1.41348402080082
0.688673777995474,0,-0.303219537073222
4.32943339644614,1,-0.599311133860702
0.999796338654981,0,0.0196621914579885
6.30928566453638,1,0.602632304715408
9.52205531228558,1,1.57368501672031
1.10902877996719,0,0.388557997669753
1.13085539054314,0,-1.12489626596291
0.901365828711623,0,-0.0792878705440688
3.53526068125221,0,0.107542505679699
5.08309343196685,1,0.164244787519655
1.85649823553948,0,0.98444414538532
3.92567573084259,1,-0.0872647134232467
0.612871852329405,0,-0.781784952604271
7.15355842556844,1,1.39261246235614
8.99937719671639,1,2.74527254374431
-0.0714685626605918,0,-0.3003651504219
5.71617849060798,1,0.940070703439002
3.28916816366531,0,1.08241285926193
4.38547118613173,0,0.92009609256069
2.38632410554749,1,-0.406215218754482
5.10079294097485,1,0.664502336527224
5.39375791670571,1,1.22705104515592
11.0460718526602,1,2.98890253663116
1.68277823112906,0,0.399669065766003
7.59811591405159,1,0.0715461512758006
1.62299275525798,0,-0.948678112117658
3.90714880348262,0,0.0133995953743361
1.40604428892965,0,0.706013814600333
5.80537113807955,1,0.665694316377917
3.0335822464773,0,-0.906183125009281
5.58445598569401,1,0.00476971504793765
2.86033959537121,1,-1.08293551279599
1.94849288507769,0,0.406418715411655
5.75617239874027,1,0.0908270190452244
5.23865098896297,1,1.21517392458224
6.14109178591336,1,0.15063891156249
1.91573554981726,0,1.00672183123613
5.2467620003989,1,0.590408986990219
0.390530016045189,0,-0.849094928959333
0.0340552656765879,0,-1.49130279627827
6.01304515647756,1,-0.0406862486068376
9.29912157884623,1,2.19531483288217
5.8313238495812,1,0.763238192115647
4.1512840172296,1,0.523443744399959
7.74606086010506,1,0.639752697916849
5.38054633416086,1,1.28960951841132
5.62199150977697,0,1.68831239184355
5.95593553516162,1,0.964284046069921
6.70167071790011,1,1.29184696326074
5.7738943809617,0,1.0349947432296
7.2359525640283,1,1.40410315391404
7.1875940884466,1,1.157207222839
4.25173423977219,1,-1.59933315934367
0.26167135370928,0,-0.751627165888285
4.49074043897049,1,-0.239148031041161
3.03219515934533,0,-0.0204756200877358
8.39435102628192,1,1.96337329857487
1.75594847062565,0,0.389845579003814
5.92646572176293,1,1.06658275219461
0.884760971581054,0,-0.271213134547158
2.86177460842574,0,0.187356631287273
4.39045017003358,1,-0.179024547426
2.88028155289773,0,-0.156586475829431
8.35505836647997,1,1.78944297458623
4.46386486000528,1,0.308503977294177
2.92568178493262,0,0.365197009298427
1.71354265028935,0,-0.0419215729776343
0.902005561896437,0,-0.598982530139343
1.75002209163165,0,-0.202515342264725
0.931857091649886,0,-1.21438243722599
5.22056096373392,1,-0.0195263460837836
0.42484485803111,0,-0.754033536543343
3.73336122584383,0,1.18908758835552
6.79747092960791,1,1.51016674154176
0.613833893085624,1,-1.17039262434416
0.305284945961669,0,-1.29392827357685
3.6079154381692,1,-0.4850066524442
2.92709115401061,1,-0.0596950692064959
6.9585038109079,1,0.128079710548587
6.99283822323882,1,0.797932250756203
3.05338819527412,1,-1.01607550028687
1.06719898553436,0,0.246453295107586
-0.899670277264941,0,-0.638881930290301
5.82342342811522,1,-0.602284587925851
3.84367902397771,0,0.549106639701504
2.43967072903922,0,0.124094839861073
3.73619018059508,0,0.70955825469573
0.232136438961881,0,-0.823690362514076
5.41386942294717,1,0.0867371535805039
4.78240588772522,1,-0.178418195109861
6.24352733793234,1,1.02363816801281
2.72549483791558,0,-0.0279217867481935
2.96694994379682,1,-0.796934682282425
5.92768481451469,1,0.718795641292891
2.26832325267492,0,0.525314007375558
4.34844824189202,1,0.815408353257702
5.6440957135579,1,0.170546464220667
5.34172035196257,1,-0.837658538121657
0.756962008294019,0,-1.48539617991793
7.88058952969787,1,1.10055629584881
5.68734107406035,1,0.935247383136132
1.92997656759314,0,0.0386837713926043
2.16563843967652,1,-2.39486002499437
4.47272941966584,1,-0.0962800575605345
6.65932028108035,1,0.819046378256676
-0.788160773303105,0,-0.491515207746877
2.16154450596967,0,0.311656277355361
3.84804428159098,1,-1.03751663263604
8.19696707193775,1,0.51359568343252
-0.361994449283689,0,-1.33149239997633
4.65038435762015,1,-0.551782617082327
4.68889115182051,0,1.23567496959979
2.43800881399751,1,-0.222170154196533
6.4586797545614,1,1.42096085799161
6.877262159806,1,0.365370199998336
6.16477533070467,1,1.231845289732
5.29494434576006,1,-0.0665437632093838
6.49207964244317,1,0.681059674782126
5.11048507196826,1,0.533263001279274
5.78225714760582,1,-0.381406909271378
4.43369996779688,0,1.59602543194098
5.09295978125002,1,0.890507805491638
-0.264590483467337,0,-0.82457010254821
8.09973966938765,1,1.18924798131828
4.94469764970983,1,-0.479534867181896
-0.973273846402966,0,-2.61804602409254
4.60122845879774,1,-0.221847073936981
5.30175145359089,1,-0.926637575506017
1.83893532361229,0,-0.407807008274702
4.32221500362959,1,-0.602296259309144
2.44924567041785,1,-2.44385774047663
3.5268482127722,1,-0.502961774931847
3.658251149504,0,0.962870362552425
0.496741310740352,0,-1.68492017327728
8.81586545866001,1,1.45060876612427
8.62403893182319,1,1.52951689120498
2.74799138511782,1,-0.947020586730197
7.76622771563034,1,2.29465825850715
-0.02575643907289,0,-1.09941501918092
2.14232336397082,0,0.143670976702823
1.1840425965658,0,-0.394432348238862
7.95302376546437,1,1.25948661179934
3.42080538945202,1,-1.25349459868026
4.50952545924944,1,-0.461954577916792
1.70932959335358,1,-1.48844389104682
3.18132211356857,0,0.838214566189021
5.26084954678032,1,0.57237513194415
3.08287380091875,1,-0.129107508148844
1.15369056385337,0,-0.803988673422418
3.01805670362115,1,-0.973259056167225
7.20095787259561,1,0.0916671567997696
2.40111840627268,1,-1.39855532835217
8.55393920519249,1,2.05728369985151
4.817291203689,1,-1.10198624116492
5.51387802647228,1,-0.0741207330096798
0.352401355064925,0,-0.599930705397576
0.00445957667731656,0,-0.259277542615363
2.62561973942806,0,-0.080045208785373
2.02631654277516,0,0.541063018196555
0.264766709048903,0,-0.827200700837816
0.546734996321011,0,-0.971392457482621
6.01078938004765,1,0.787895160523123
9.14008979772605,1,2.01158578967806
5.13300472796601,1,0.719118194619255
2.92486009927161,0,0.444444322327806
6.32889153212709,1,0.188869109052605
5.57296598311448,1,0.0771917022259067
-1.17548355175464,0,-1.92878912192965
2.36243003526646,0,0.572396893691075
1.07056413347582,0,-0.504092170196848
4.59230144332619,1,0.298275164165794
9.62218449445292,1,1.50269854212028
4.19091806508027,1,-0.138564465090582
5.49849364797659,1,0.581056511314598
4.05739598942692,1,-0.710107574329743
4.95813513101593,1,1.40706683376086
7.51681634594394,1,1.42853509534363
7.29290051886239,1,0.772441783032171
8.6547279776175,1,0.797725022565042
0.748729227336751,0,0.296590308667897
6.58960884166237,1,0.377294511198291
5.90239256960882,1,0.500586036593106
3.39614861268479,0,-0.1701444604447
1.04793412748729,0,-0.551333959150525
3.21507164332965,0,-0.303586949430775
0.149435482253728,0,0.529529239210803
0.492409720618638,0,-0.385529572230861
0.137480278895127,0,-1.92638338710271
7.10321008973391,1,0.739343544604603
4.96252791159017,1,0.235654540740689
3.7457419557812,1,-0.67613702358444
4.53744648370537,1,-0.234396797207434
7.24654211163023,1,0.404792586245275
6.13799588574345,1,1.6452840090843
6.54034505218335,1,1.07107386863872
0.885368498094838,0,-0.606306600372966
10.3668982359838,1,2.46543895780787
4.08460363062806,0,1.29707345786367
5.77639729685094,1,0.488910050373438
4.99243159581837,1,0.379561016004508
-0.381809677053691,0,-0.494899479670209
5.8734172469172,1,0.542065486479523
2.34712109755975,0,0.66487153712751
3.20010577508064,1,-0.121892708410495
2.63721799334422,0,0.461896904728203
0.264716286205295,0,-0.863652469560376
6.73605798197425,1,1.17209487605869
5.11926361827039,1,-0.0898482493896152
2.63523873502952,1,-1.82788398254823
3.99343590035182,1,-0.455205892352482
6.46971369701268,1,0.272339317206077
5.2235074731689,0,0.607610914483794
-0.531121356065669,0,-1.15576960324232
2.19997414788656,0,0.0569536657454247
3.19194248135242,0,-0.100914400619936
5.43402649589577,1,-0.476390204860624
1.42548163150685,0,-0.950051574408086
-1.39304628804043,0,-1.35925534448218
5.19482195336462,1,0.227434158187342
-0.430550966538822,0,-1.10869298062195
-1.43129609754133,0,-0.792064329484375
3.86390099584174,1,0.775830180945342
2.34577205939964,0,-0.515016505863068
4.06605990965239,0,0.310196948333655
3.15060813195477,0,1.02688876308036
3.30762199709265,1,0.207645142587312
3.50781541082543,0,0.077839334291833
0.0986181426817484,0,-0.601473088580168
4.00289203491935,1,-0.764501945443504
4.72863042509249,1,-0.865204839546204
2.40934596450619,0,0.354686155682594
0.788016867418843,0,-1.86214819737199
1.74741685507487,0,0.419568829487478
-1.02766083216796,0,-1.17693365754157
5.92431937702195,1,0.171173448858464
5.9973694640217,1,1.26606917740873
6.44186842735455,1,0.515227938879634
4.41087202587721,1,-0.272150175335622
5.85240298197798,1,0.314766217809498
-2.62499681939138,0,-1.65668417491622
1.66065275973993,0,-0.552661954985865
3.71128638662948,1,-0.268666472042434
-3.35158136563693,0,-2.68089203175411
7.9574217847401,1,1.76506855185261
6.02825023702093,1,0.328554648876664
7.05717633208178,1,1.04800709689384
1.37344670524373,0,-0.0207645518372601
5.64837890616366,1,0.483833682725908
8.59400178445749,1,1.9079589147774
1.34470989000795,0,0.0270725035924755
7.37003281460463,1,0.311601071206303
3.41708851073706,0,0.54486313129866
6.26681266426272,1,0.380849055646667
2.11711024246961,0,0.641074999539806
2.65866176829029,1,-0.235946428663467
4.67203074088397,1,-0.311749390401156
3.55993384134522,1,-1.15662266773139
2.53930818648535,0,-0.33427642582797
4.90092015837904,1,-0.416751365438524
4.16665789919378,1,-0.576274860540099
5.34069089909595,1,0.507011462510785
4.97375360166189,1,0.294197761772827
0.936290811100012,0,-1.0834104076964
0.558739129907494,0,-0.424363568579712
5.56692657976138,1,0.255939264181965
6.62832826721072,1,0.348409277694668
4.22381127524965,1,0.114131821276163
4.4326875816776,1,-0.606208464561042
5.59203143218694,0,1.67587348031072
0.787942009814272,0,0.458351194891028
-0.0426826287038284,0,-0.608973926422281
8.61131539868481,1,1.24388746890905
6.03814886661486,1,-0.417240199159802
5.09361358596682,0,1.68909025314131
4.9532145190598,1,0.0300191965400803
4.90659404955645,1,-1.05539227988081
2.85450138276381,0,0.442194184146143
6.56279680305174,1,1.2344811616459
0.470859882041964,0,-0.806793160374736
3.30647927618792,1,-1.03761187293862
7.38381775547981,1,0.281338992795805
-1.38506257407533,0,-1.8380879472145
2.61218981427223,0,-0.327976346867035
2.11812457133837,0,-0.575331411843572
4.16210859040534,1,0.659639611766684
-0.161341550599345,0,-1.8434448893338
4.21072141804795,1,-1.52287546338822
4.78701433381724,1,-0.265682623672842
1.30388655399027,0,-0.891136863522719
0.514418308698621,0,0.374954755730091
1.52374673576037,0,-0.270247085865336
1.73619542892961,0,-0.571192071610369
7.09359304262245,1,1.45087454017081
1.42071412662646,1,-2.07041054435924
7.04825627498215,1,2.39516716185456
5.54196072715992,1,0.230249637780521
1.79780158758747,0,-0.726893104262331
3.19996878624094,1,-1.10444665022195
1.84159697019388,0,-1.06621061115724
2.37477718311301,0,0.715481491168421
6.44403114704239,1,1.0160232041479
-0.563991418703191,0,-0.699008020065035
6.71928000209375,1,1.11827526043437
2.59545397640766,0,0.225997274235179
3.91310370881695,1,-0.625930925461728
2.98799244441141,0,1.33093703645417
5.89824957009996,1,0.755160164778092
-0.311731734732548,0,-1.24044740450407
5.47750630387017,1,0.841632104460084
4.06859776513326,0,1.33704706202603
4.28171151317146,1,-0.212640070558653
0.122296680016397,0,-0.591545913982333
7.21268612440241,1,0.798984409532817
7.09077769165209,1,1.54910827672268
5.00112575893969,1,-0.449885967076205
5.0126685593658,1,0.437068042022732
7.08698951490928,1,1.8095190179863
3.1266701552901,1,-0.242786464324929
5.08252169739581,1,-0.361860427127746
4.6790458051157,1,-0.672434404914734
-0.509904048505281,0,-1.0826704624276
1.92858179413639,0,-1.35625188887867
4.74144299082361,1,0.593281971433118
4.05011668533472,1,-0.29203559590948
0.71651066603634,0,-1.41393186361165
2.36893339355808,0,0.51275917033726
0.461827367729694,0,-0.604524842917402
1.7254252394418,0,-1.71338042520059
5.43042548385298,1,-0.666540633304246
4.84224901465495,1,-1.06934950358275
4.53828730557069,0,-0.0800493864182336
3.97982875258515,0,0.748247344948633
4.44090287731187,0,0.992287348258555
4.22543105136507,1,0.487005333676022
-0.0968452107905433,0,-0.773574527345658
2.88509315157412,0,0.484279380891144
2.07374503845803,1,-1.07965145555786
2.19730800170259,0,0.709756653395665
3.22589549627546,1,-0.16400365294094
1.74094334813504,0,-0.406454687062378
6.77932861204558,1,0.612738368586642
3.23705593245139,1,0.35493597329444
-0.295289245961263,0,-1.92351871398073
0.677784000713148,0,-1.98629922477166
8.50895036225312,1,2.06490401472519
5.44153109495008,1,0.186260849628837
5.80585528848786,1,1.35214558584758
3.37813506587035,0,1.42387183533754
1.24349289581016,0,-0.068415304889387
-0.165110919271273,0,-1.30213553388525
-0.17921291736484,0,-1.42605702269244
-2.20544979891047,0,-2.40884160605589
7.90338520203259,1,1.57327897753296
4.2565856893225,1,-0.0735462886504976
6.37819543551757,1,0.872665824048119
4.67846208337674,1,-0.204903909956811
2.22149140874199,0,1.26119194435528
2.80968947496827,0,0.298291440645197
2.70704962942717,0,0.309227566485526
3.29420751348359,1,-0.272791029401605
4.96975383288006,1,-0.087984183416195
7.51800381191876,1,0.925880812678206
-1.13843485695234,0,-2.70047279265272
4.64199776505744,1,-0.855505101047478
0.341830924023945,0,-1.10403579300387
1.55858067279342,0,-0.393212709744721
5.44614205111006,1,-1.00528864307356
5.40354530760512,1,0.682137975116011
3.10063031522598,0,1.27337781870638
3.91934172218281,0,0.927049266153049
4.11985557347888,0,1.0855162221139
5.97497171127211,1,0.850809408657291
5.17227094449367,1,0.866213289418356
0.387308656391752,0,-0.984625602881257
3.89689860432892,1,-1.78731703649892
9.27971647983017,1,2.14701952442045
1.32127769344648,0,-0.608840731481907
7.04825546237323,1,1.68209881019529
-1.46982285107346,0,-1.61998447843025
4.76590490073653,1,-0.155795262456675
4.85544763765382,1,-0.130185921231863
2.90292211693873,0,0.167954403268229
1.97171556220079,0,-0.954041390839007
5.1547612616935,1,-0.319356263078315
6.66203186778006,1,0.810850422501062
5.7541114949219,1,-0.0575533561695966
-0.16872906462933,0,-0.56827358823646
3.90574833540372,0,-0.464012178479885
7.80614624770572,1,2.49626913723505
3.39701147838361,1,-0.68153975808126
7.48189015449827,1,0.639024315794198
6.11231869096089,1,1.28337273160955
1.40165092733016,1,-1.06918610430193
4.05943324875422,1,-0.366263709420238
2.8580253151105,0,0.414995691392273
4.83496385059799,0,1.21511383357618
2.13866261834809,0,1.13686422127868
5.13679318158039,1,-0.0667885949517715
6.56825141069187,1,0.364270046772317
4.88546421124604,1,0.194713080945651
2.26546720065684,0,0.2649364865303
4.37364067106412,1,-0.189154595341058
-1.51249023328751,0,-1.85752545366634
3.42570831051997,1,-0.272458522069372
5.51769742593555,1,0.288067785289902
6.14924156758922,1,0.381455103290408
4.62279098923646,1,-0.0297595351186698
6.69618764617748,1,0.408812399675477
4.75865947692969,1,-0.245687552660955
-1.56065409694046,0,-1.72985213587392
3.34646504472674,0,-0.187333955704389
0.725585359672248,0,-0.130120091331554
1.60885929814987,1,-2.37751572077173
5.45265845648192,1,0.91229420870375
3.67239637948121,1,-1.1051159424841
5.59920833462964,1,0.612495537136808
1.38131114986375,0,0.24230360165906
-0.0394233980423959,0,-0.971379214795806
7.69132886354476,1,0.241862330761821
7.29312731741577,1,1.27579067505983
4.35582620432635,1,0.183779755043307
1.14558111838924,0,-0.288268153193212
4.38452385394575,1,0.0398795727165739
4.06697895574244,1,-0.316339818018865
1.5865127429441,1,-1.58517187616385
5.9961962048282,1,0.160829909495481
1.30831813514765,0,-0.924235424001103
0.501448169887762,0,-1.57689362202097
4.77715920168232,1,-1.94415033053522
0.804151515220694,0,-0.378703723581663
4.4589359579099,1,0.634368333986066
3.54352363238516,1,-1.52081560880892
4.58375190341166,1,-0.736445210255799
5.76435532725239,1,0.447918828187212
-0.0374442388746084,0,-1.28788170924236
6.46456163173141,1,1.50446367636167
0.802312480509983,0,-0.81328192000375
3.91838354994753,1,-0.468393203956805
9.41170303453385,1,1.20696426606273
3.89044643372844,0,0.541972911959017
6.84406427744359,1,0.855523295262332
4.21054437354002,1,-1.14980244755602
4.99953433519669,1,1.06335662830357
4.52298033277471,1,-0.00764969714568288
6.79803265330768,1,0.482883485113326
2.26880981110652,0,0.025645949450268
3.89648694834143,1,-0.177861789976426
9.50989332802447,1,2.11528094082124
-0.898310296233914,0,-1.34227866146777
9.41813150388976,1,1.42916563474189
1.38244246280836,0,-0.336904933568333
-2.33156432274967,0,-0.738067428888895
6.39906772316799,1,0.692330073051101
0.991297258194987,0,-0.412510700934761
6.20471084456896,1,0.912620184483832
1.16834098966701,0,-0.958172741669908
1.17955244707558,0,-1.07196489744233
8.5553685400622,1,1.27302546189127
6.07068794847164,1,0.740891261191436
-0.510372824235811,0,-0.167711206765435
4.8259298466642,0,0.503768894999758
1.42006175062326,0,0.0545179125713212
4.80534758289808,1,0.0768784904987115
0.0150897712627485,0,-0.487458837260032
6.63915046558996,1,0.269912880371111
1.54901563251374,0,-0.119801806947925
5.83702580953326,1,1.27674983971827
-1.4797277178799,0,-1.68373922526588
3.90908057875397,0,0.660817099212903
1.29913979734429,0,-0.558583275440896
4.6741504154371,1,-0.546194958376543
4.95622093879472,1,-0.0501552941200661
4.44531671426757,0,1.39025703407765
-0.0867837390650202,0,-1.42484238513711
1.28555424014196,1,-0.907690086200589
1.05898459380618,0,-0.22120484884991
5.42031689843581,1,0.172700145711298
5.98498410519016,1,0.193437013664752
8.77516697621238,1,1.96870347281662
5.37090686820441,1,0.225811532500821
1.21216818201777,0,-0.0691860441674244
7.4456636791204,1,0.179468198755704
0.432992753403527,0,-0.899070862943707
3.55394440336973,0,0.736943274776188
0.643284830367283,0,-0.74525006428211
1.47690875579241,0,-0.92842858375266
6.51942519352369,1,0.429195955111476
1.74173058670639,0,0.560469443656528
-0.319361182749732,0,-1.57715910014466
4.23370934002187,0,1.34443426699639
-1.7731503128863,0,-2.02365521848896
6.17374394091095,1,1.01709870131519
4.32332326348459,1,0.0666759027743099
5.76981924329259,1,1.17698600986258
5.81656146003251,1,0.572207833160936
5.38349641716242,0,1.47909386450566
4.14902659607016,1,-0.00109100951474444
2.48147729153272,0,0.854956683201155
2.57529660306849,0,-1.10461932862212
1.10395703710781,0,-0.108195914327519
7.38010509982962,1,1.40896855932181
4.91307387148109,1,0.708061848649616
0.738791440921573,0,-1.48973621490687
1.45672001382927,0,-0.600611423948417
5.94158976248538,1,0.127987874061411
0.423536343550218,0,-0.868975772211247
-1.74924801775291,0,-0.770532160624135
5.09134403343595,0,1.69363282448629
1.9783494290442,0,-1.07374618940762
2.07596763703917,0,0.217959234933704
6.99937845561466,1,0.843248468113156
4.27334092195178,1,0.206935689638343
2.60287591929704,0,-0.177814582420745
5.24623118807137,1,0.666353495398929
3.73740195731846,1,-0.484768345562675
6.71966463134535,1,1.5796307669078
4.49159322664595,1,-0.583880407606718
0.29305434216948,0,-1.16208611436047
-3.18651374419023,0,-3.3307353376903
0.963742027280062,0,0.27626047350569
0.199654551552621,0,-1.01052733986274
2.41773931447209,0,0.0521830732815136
1.06622801964541,0,-1.56106906490804
7.51884992526447,1,0.97173397004454
5.16487644741088,1,-0.226291783572956
7.12857015315077,1,1.11342070453125
5.60164204410995,1,0.514568050211903
5.53134677000287,1,0.937697576181779
6.152694839382,1,0.55793619254011
4.49661330800497,1,0.211012783762694
4.14724643015047,0,1.51658512458091
3.12310129851488,0,-0.433232872525924
-1.16662256229775,0,-1.29784149705717
4.23923807438753,0,2.02252934988147
5.07403333000423,1,-0.280771388384867
4.2420975891251,0,0.953238504171681
0.396971658754321,0,-0.306332909990624
6.15518748228574,1,0.258262001823186
6.11847547526972,1,0.526532410487888
2.81542529483216,1,-1.88416256460521
6.02051077577353,1,0.33094699895771
1.57652793611971,0,-0.943592183318653
7.00960847121983,1,1.90365454427142
4.4777703325606,0,0.681237475593895
7.49118758064986,1,1.22175223046536
5.45154201952829,1,-0.277563567566576
5.96702239196504,1,0.083600056802731
5.58741034639831,1,0.33226335311816
2.29746280596555,0,0.379695239303798
1.49263257032451,0,-0.958207670654434
1.15007100711313,0,-0.227389012209278
0.183528134739143,0,-1.22494595874735
4.66241806189257,0,1.46817217233113
1.22056165367396,0,-0.226548468245322
8.00582644840102,1,0.704418095095258
4.38530235902607,1,-0.146193821684405
4.78387815185599,0,0.769280974950692
3.05508411256694,0,0.365235938065276
6.54738327971817,1,1.04633575204747
1.69765376768934,0,0.909742838918374
4.39338385704425,1,0.484817302440194
2.31868474234069,0,-0.399249387586168
4.5716600224918,1,-0.445050778224049
3.37397476488076,1,0.561711690105432
0.480559339368144,0,-0.797507564198517
6.25800319362817,1,1.15940351252905
1.71623342641378,0,0.629350954722465
5.88501150153724,1,0.493970156030412
