"Y","A","L"
4.94263446711454,1.02442733091262,0.21396250218488
4.0644360260027,0.842864205499975,0.479658134570875
3.3957595078708,1.37474442059273,0.0878287049737438
3.55795213495826,0.621179586857925,0.443858507494784
3.10573277608735,0.218453322450971,-0.362837920519174
2.62004221390619,0.212410048778583,0.122674029524872
3.97738867166355,1.87994232145704,-0.863845188144844
3.92103050185216,0.767886735643545,0.489624266692369
3.12885928673457,0.71775348344363,-0.364116912546662
-4.4167348135145,-2.54888546430565,-1.29424200668192
-0.352433541748128,-1.02097851210083,-0.74576904542862
5.98238914457098,1.53289162458214,0.921550362005655
7.47558459410449,2.3735573879132,0.75005435040126
-6.27238978845587,-2.69393676418246,-2.50855401589167
-6.22300519269547,-2.05266897790709,-3.04093409534442
3.15551687686601,1.62702538049938,0.000265800542587173
4.67687632087406,1.1185345441157,-0.394018994229355
-4.4734007065335,-2.16004988712026,-1.74502766077801
9.95749399316204,3.0926854436004,0.498631450775477
3.81561213422364,0.565467401913537,0.270953788780096
6.7443515231713,1.6359449713168,1.09892152018644
8.87426853751906,2.29382445027718,0.752513462161705
3.47803276592814,1.43258751445192,-0.059416687389115
2.90846546520733,1.56038207550225,-0.344568794172458
9.45252071234624,2.82684329485159,0.222668296228431
5.50775837102765,0.509231514202367,0.551786344011325
7.42744818118258,1.43503438701092,0.683642823057324
2.6524113087274,1.11332416061674,-0.545879400778547
-3.379259541827,-1.72239700571124,-1.36743615593504
6.05290909022764,0.356775583659047,1.40005183843878
8.40302761232505,2.15919832077483,1.3730539470112
7.62281535804266,1.55656199828282,0.450256558531702
5.5854912551822,1.47302744299727,-0.146293855626383
1.28800456543028,-0.582315642381491,0.128097239786609
-4.20930195957021,-1.48452722241978,-2.29472094700192
4.89531939080042,2.11773035738416,-1.36656892116054
5.45976885874095,2.68338746907175,-0.1974795527395
2.03173499349322,0.168192433698512,0.0680857821389511
5.75543366944324,2.20538198561032,0.0905034095405517
1.81415982800636,-0.451624374116643,0.322759966641457
3.64407216888608,0.791537326792201,0.132978626116952
-1.1999094625879,-1.04395909789746,-1.67926431994023
3.37640810378761,0.742748350795443,-0.278479577423245
-2.74226067763326,-1.83230431942079,-1.55241099569706
-1.56789661834712,-1.09340725028017,-1.37969925458798
-1.59229136575514,-0.279267249206614,-1.35705659019825
1.95216229096374,0.33008370176825,-0.921137179625037
-2.04836025513289,-1.68012596375515,-0.866817735728827
7.83098867653221,1.77993201942349,1.65664438622586
3.99901542852772,1.39588080960064,-0.155079718047773
-3.70645943926944,-2.22606958278678,-1.57655243474187
8.27748011878946,2.78820254887973,0.624082599132166
5.82976223186076,1.4287437699226,0.330220683567645
3.33371801668356,0.553302171919629,-0.398122256531424
2.74316993859585,1.34169829751202,-1.08139692596108
5.13740779411071,1.19949300522624,-0.0769220578207267
1.39067738006347,0.964125200928709,-0.52553662084621
4.67069085471758,0.789199507565215,0.391289654866869
1.52184006414828,0.166774846236893,-0.680453260609083
3.37988258393813,1.06711627969283,-0.74869693435812
7.95551069235644,2.85012948850624,-0.162917887193612
2.56391191279491,0.520559422966098,-0.114215155159751
4.31338372122218,1.64753516829938,-0.444659359398643
6.1079850602136,1.44954932707123,0.256959171079016
3.72353281075563,1.18111064343489,-1.10013712700587
0.66403217900033,0.0278374554828696,-1.33657588895771
8.28096257131221,3.06313982270157,0.204898608751764
2.14379277880586,-0.392081453875448,0.0352873535546777
1.14449291144368,-0.308921018944224,-0.438912510061606
5.03938639726534,0.582762780760197,0.400405863161698
8.65430962551408,3.58884947497317,0.585171307544341
2.27752492329897,-0.0701855505886946,0.482128539526404
-0.271465939825782,-0.297369297450859,-0.804833845800228
4.1330590751926,0.481269545688718,0.303077187622193
2.98113633716661,2.41730196978897,-0.826175728792902
2.26695042581439,0.643611226433428,0.141428915089086
2.56494906468808,0.352276534905539,0.74035720896307
13.4037241387249,4.43686634318084,1.38504655194686
2.3740943299175,0.565503146141682,-0.633577481244567
6.23343991922153,1.83503904268406,0.238588637876656
-0.394976180482291,-1.11645580177893,0.0366115230417986
1.82074162462123,-0.338413920184184,0.288526060912833
2.69201874388054,0.798051383532213,-1.1059713403738
7.75177134845497,1.58008547300415,0.892238485616068
9.02088269510941,2.75835595988623,1.18146915255652
3.21514937718892,0.825703129908178,0.351167929258425
4.82712878461358,0.550554388711826,0.0630067211558462
11.2594944373973,3.20458306413844,1.39426172355838
0.75605818566906,-0.0468389605063861,-0.0125079211149204
6.25867593875881,1.34211924105855,0.678076429534931
0.440803129802879,-0.323477992482723,-0.056146576748277
5.23491260557135,1.18653061102874,0.135993828272804
11.2780966689877,2.57698763450189,1.86457601641309
5.25101795230156,2.08336361874911,1.14870834795039
3.21558917936284,0.674345238180496,-0.939986064001503
-0.180471579163189,-0.368405681962906,-0.0618862729422448
-0.203930510736505,-1.53593875510059,-0.376090503742164
6.97102240664257,1.92705071072878,0.209688849717814
7.67883507075114,2.07292673576859,0.705458581614188
4.58380212341744,0.701861305442419,0.65208847362263
-0.909372048673305,-0.502235839901465,-1.5250694192084
2.09886999738959,-0.336095212321377,-0.500991707514785
-3.10328539248678,-0.961817196579281,-1.21318124614214
2.91463077259105,0.85848715041666,-0.630276753793606
-1.67283827725493,-0.452445997877154,-1.44748552061329
2.45331253084554,0.280793950649493,-0.166908399109309
9.67628254527848,3.43204382108054,1.58892650079513
6.17940539260859,1.67337747572482,-0.23035735113729
4.36207366186275,1.02344060733302,-0.57337147368327
6.61828742606761,1.95899838352767,0.562732526199418
1.10498214961681,-0.0618432095876691,-0.24491613245814
13.1605103378063,4.43965300070691,2.03815125441148
3.06995987274569,0.777388700173254,-0.251201834057587
-3.39006800018235,-1.60981297708896,-2.99867271785938
-2.17702033059779,0.0220057325280404,-1.19473437694785
4.9869307258398,-0.291147968479569,0.9664163729715
3.62553644997662,1.05024355380914,-1.1869310826715
0.68876547384069,-0.0713334146354318,-0.849643992069438
4.00029966590005,1.43298816763363,-0.408989418381844
-5.91574281432839,-1.6385218996335,-1.82773892538805
5.87924966293851,2.19652144960376,0.594320422803826
6.72368937001887,2.04293019651844,0.379351297247896
0.855780642173203,0.0682943243373329,-0.94395101837563
-2.81661048260996,-1.14114626770697,-1.66303345584829
3.30695572232739,-0.118078625455547,0.0289771266948542
1.5772191213949,-0.603631594150208,0.793975252672642
7.10603267212931,2.18689749491594,0.0625096132936617
8.71260523292686,2.44056920497522,1.41101321204628
12.0397870786813,3.24847903980749,1.50142013525036
-1.52009923220835,-1.09166676661961,-1.24449019886673
10.2301622165648,3.34265083103352,0.408739728344208
4.46914170523948,1.42061220791726,-0.216636719820936
6.80322627872079,1.633610108886,0.825471788256102
9.86849186583908,3.52413829055131,0.92289563605005
-0.228085224052511,-1.38720405948186,-0.433733489414478
-0.20456450430372,-0.224586558513587,0.0702573470890715
6.50207939047987,1.79915464792641,0.946154774142611
3.08431484757687,0.0152363047761215,0.41212738341012
0.173845221056542,0.880596124015496,-1.84417813635163
3.86866835816208,0.843098561277012,0.110875183509336
4.22373600189267,1.67964586836551,0.535070138903272
10.384884649581,2.90990791945789,1.62154072942858
6.98140598610622,2.61567276276651,0.303617914351067
4.95571678547071,1.51726715968864,0.759830720636137
3.07971428231794,1.83951209574581,-0.539448688801567
-0.399076140605814,-0.411530677287888,-0.687946690126744
2.87578590347075,-0.121899452141304,-0.255505892536501
6.06755858025169,2.26702862816697,0.299857190661943
0.306337617418876,-0.540126000148117,-0.643163201999955
9.64146810608661,2.58836196898798,1.48676122027294
-5.11235424473903,-2.55507769080933,-1.68702370671857
4.16029692689799,1.89622341409332,-0.556225719270201
8.98017624892705,1.69509066749139,1.3599063504452
7.62692259198686,2.16026419237098,1.23047149988798
3.1922560366007,0.36347730627238,0.554735158456039
0.812926480187086,0.159467125600189,-0.741481027417367
6.7807638597745,1.68277197744452,0.073930735602426
7.5438019673332,3.14411932457812,0.507027074724912
11.5308726486116,2.38819232831626,2.09160155289991
7.37510359113864,2.51419157550735,0.977659245708264
2.43395390549739,0.58331492524152,-0.114115693030663
5.26262809041362,1.81881269659454,-0.795922273770468
7.91447774582724,1.86884614599531,1.25054678955156
-0.054541319866278,-0.739830654265193,-0.269328828388959
-7.84387007473446,-2.9871059277099,-1.64544999741478
0.567797045548875,-0.363338277164412,-1.02119252761411
7.84875916119898,1.25219869206818,0.602818466213616
8.21813961862516,2.65591625665942,0.431659954476757
5.85501386841973,1.72939472336335,0.91021387228477
-0.905568803444643,0.156203551383238,-1.17054142340357
13.516153493685,3.96436864775413,1.3417476052451
4.35352544854256,0.661148724465721,-0.724576995431264
5.40725192733285,1.15940849939411,0.5933622825316
6.90368148104397,2.34963351662044,0.632055728992777
0.0900666391546938,-0.0136844237225605,-0.825764138816888
6.2777410458582,1.14681884591408,0.72333722770446
-0.25407318319397,-0.731419051311354,-1.03245487622354
8.26664754124326,2.2858172666009,1.80847031467887
5.9136969103043,1.7383013078911,0.630094422352683
9.04295777544312,2.02138594427986,0.623331444635627
3.67386316184617,1.11560962129597,-0.761088387584266
-1.29179470250466,-0.604986889202851,-1.93971416176103
4.54008952462814,0.898525231187357,-0.440710771933214
0.527350711107443,-0.00744411800553504,-0.810719939624916
3.47118320457938,0.821007692136703,-1.21641899031099
-2.59656063332055,-0.638830252464983,-1.62766267325261
5.17654998260086,1.289246569393,-0.491145207400672
9.72571230147365,3.01728542131266,1.86897932245121
2.67508080405753,0.371263638889909,-0.220358876338397
7.48012551828938,2.61884646366367,1.07957695025702
4.6249258428146,1.18910223644479,0.536619633631088
8.9990150153707,2.87646572937447,1.17454338882792
-0.34610423242669,-1.07367627147276,-1.70313997149813
1.69928276422755,0.801099361601241,-1.08000611909859
0.639369099535578,-0.000417156518138936,-0.917809228434848
0.238751483621598,0.422090315546511,-1.08599623551826
6.23143981965263,2.26773576732134,0.622478538826463
-1.53209706554402,0.209744663960644,-2.04171734298072
5.3331666182821,1.20485404083751,0.197365985660745
3.62440128277476,0.621598985226647,-0.579282424801239
6.83656289097572,2.69001258687253,-0.807846982177315
5.0300784496264,0.749124577857119,-0.218111933387555
-6.64855808965185,-2.83744035810123,-2.11440111401114
3.883541707913,0.563789658380283,0.428423473370011
1.10431695751903,0.92838188516893,-1.14173978094618
5.1552998059879,1.96213194465818,-0.836858997838334
4.78498031933083,1.15796015397736,-0.243773848244871
-0.523118150175911,-0.975809514156312,-1.35338351767707
-0.0801454002959948,-0.157447286670834,-0.52178749901663
4.27274313555723,1.42435399767575,-0.981677142747054
-1.08598788270363,-0.699234263625718,-0.381601262938714
0.213951948346367,-0.122961715396204,-0.818496918766877
9.9776684093233,2.96398654852697,1.03604196461367
7.24336799376689,1.91519847265503,0.660832037688151
-2.71920136729797,-1.41877423679982,-0.978489026967048
-4.64793930482586,-1.60316486722011,-1.2981823917938
-1.42978333989169,-1.537996699651,-0.617235527877412
10.6589348329812,2.75271094092627,1.57774055904681
-2.81583497705587,-0.998478829158196,-1.82808686607155
0.386563038889142,0.0810798335148914,-0.570752065038704
2.42334945028168,1.00237579742261,-0.708438423557483
13.5795766707331,3.90471259075446,2.02901646100314
3.46659416000161,1.74242515292014,-0.481741635931044
7.61706021324949,2.2768203988029,1.33928577354254
12.6852113806322,4.1340646272955,2.16914568145972
5.91387747866031,1.21997552138709,0.409396083483302
6.43769904572361,1.61624942684785,0.0396915296832794
-0.749477216791305,-0.973692305608348,-0.343813370879954
7.46599214667984,1.73206963495311,0.630276526639002
6.61350282609639,2.7682928415701,-0.343912260483299
2.50772917768288,0.860649143177119,-0.811209844936232
0.128654554716354,-0.774531558479139,-0.0569429805153159
9.89138243654904,3.22157940416741,1.20640509767837
10.3950867446471,3.58240832814535,1.03752144631356
0.105929381626119,-0.383743762429466,-1.05024256282306
-5.05746851555412,-2.33649546326452,-1.79749548809046
6.3249516773618,2.6049445995915,-0.32105939706488
7.55472389384098,2.39508733141175,0.708212248323596
2.15098733806138,0.900997980035277,-0.495264934319648
10.6096995300568,1.974977435366,1.61627628782061
12.8607421908066,3.68672709281476,2.56122799301749
-1.69018023893315,-0.798724265164007,-0.977418402679873
5.11231095756252,1.0088728097412,0.130812388910089
4.08883521197818,2.04387720870183,-0.011815404574386
0.213067115355561,0.361111922425085,-1.39095010159889
-1.5468281896996,-1.21933174459141,-0.622261712429348
-4.92647656792012,-2.28675371525938,-1.71339344177306
5.0176340432158,0.995058460791117,1.03926990727164
14.8698365552856,3.90492459742216,2.19439175402319
8.01200687265399,1.92692806037787,0.683113923751905
6.03788054033887,2.08354907927873,-0.273628127992227
1.12057472431116,0.066536047515636,-0.113418347234464
1.54605867694988,-0.297173099068515,-0.910787257791585
4.01322925728221,1.32596199960432,0.368916320036319
7.04053368325915,0.548395036343947,1.13800692729003
11.320628342131,3.5978461779501,0.817739261453661
1.0103069358941,0.71288536546863,-0.703020339787932
7.7264908541243,2.12350708209817,1.13199212022843
4.54382052087042,1.17501245789341,-0.211112027158377
5.21896148918488,1.35278593500376,0.295145070717167
-5.1688561598446,-2.03350134268647,-2.05207281351595
7.37981466530212,2.35531250120266,-0.028222507673173
8.41443296961043,2.25664245677504,1.18348466285402
2.87011458671683,1.2659766174701,-0.788091316498433
-4.25369644793599,-2.57630680947185,-0.924344851973908
6.03779414295338,1.04238445869053,0.456810994377049
4.59210228893561,0.743924519527142,0.174773780268548
-0.326154253140504,-0.266876470832822,-1.06221506187884
4.93631830967211,1.77579638136331,-0.257517429293322
-3.00913622553866,-0.796537990201524,-1.16820217644366
7.5390073925421,2.58370792207602,-0.761312821110499
8.86392021289274,2.38831788090947,0.772342633377436
-7.30346757472573,-2.33802099997341,-3.05586210427779
-5.86971268302596,-2.43134688459009,-1.92794575566482
1.03995811935797,0.673983051124887,-1.05943690647391
5.48506591876673,0.246942455353357,1.33529417143264
6.77324220860615,2.59147506637635,-0.404837541462629
-4.52269894299711,-1.11541411288647,-1.92238955264835
4.98833081603254,1.1151432495383,-0.749137325655717
14.3536879933314,4.36434016138263,2.21834926454727
5.54639516023646,2.39991740334605,0.243579330161116
9.8727238883653,2.7587533595792,0.990870147059163
2.30236021616565,0.000906395457015319,-0.295372619557811
3.85558784008392,0.340625017821158,0.562844867900055
9.06956742600766,2.42023021424467,0.653536909575699
9.23237828038313,2.32593350927571,0.681547318477945
11.0794600216569,3.46441920655829,2.05992522943127
4.65905092038282,0.490639928306693,1.5527724377696
5.78248800046672,1.95910695957047,0.0656271412741651
4.91988275047855,0.00685718695421578,1.0339248325657
2.77377225096722,-0.534757314521428,0.0375230051509005
8.28262435913344,2.72213776026266,0.775920262510661
-1.04561683223582,-0.965494549420078,-1.65111155165335
7.85217888671991,2.65058266774677,0.567341534789621
0.48353428680831,0.260025663802717,-1.06118981381127
-2.55832677498186,-1.10379941875326,-0.70298675277479
5.21009680048842,0.48973682537669,1.01034019006492
3.66361197198559,0.641952742097308,-0.0354674712566914
4.08772527343068,1.65238763209947,1.04794613419727
7.8255655157574,1.70348207165834,1.14947375307956
7.5031286580792,2.2757737179217,0.714738652780491
6.00097842228516,1.44536748550805,-0.228475375511865
0.388682141246338,0.330106481260933,-0.469094080949925
3.57139214248296,0.770235940562878,-0.438436565347301
-2.61766566593635,-1.66024326491007,-0.612129079911824
1.92403077313864,0.267617121381751,-0.459219083724696
14.4381021335171,4.21204216540508,2.44666425946665
4.39193699245271,1.32805627728253,0.496629910931912
7.91387602467984,2.1131061864339,0.83506735042348
0.711553017049502,0.169171727285846,-0.611269461986266
-0.414883337510648,-1.00475801429325,-0.791817918955127
-1.9751647481711,-1.71951684803439,-0.975005214392303
12.1661436676747,3.59510477486048,1.88757154801846
2.5022945300506,1.00556030060274,-0.413264519938536
10.1451657171071,3.43513142153109,0.50957481291428
2.12298653220395,-0.538877257674439,-0.131544424036175
3.0353147755031,1.02066712038174,0.233428350575227
1.11201586841741,-0.0944829477543525,-1.41306348503212
4.56703737137645,1.62856519543572,-0.60623948625702
10.8055062125525,3.04840200933402,1.20958263463633
3.2190177112263,0.0793345653419051,0.17648054384758
11.4444894616727,2.95952831227701,1.40036887568128
5.79591696062055,1.19426574991716,0.21294830548778
7.34784239740196,2.36474126476147,0.346036961516213
3.36262326647666,0.518176513219708,-0.00295505297338083
0.987829497070475,-0.10733509860198,-0.741601124354129
1.43925536896153,-0.436350376916723,0.231565129734745
8.98635670822267,3.02427883286517,0.92702080463295
2.23380728713739,1.13143059475104,-1.15476013776895
9.27255235578759,2.54913685305085,0.580344147134977
2.70059094576689,1.08324176142145,-0.687280427676734
1.24578060609378,0.051084881071731,-0.265012950541551
5.65041967048322,2.05280495849851,0.0676578228776361
3.53420391445423,0.83847433500813,-1.08488949721158
4.65691797919682,0.952475055032494,0.888744701166324
-1.75911259131693,-0.865251609371599,-1.24795773961655
10.499985000212,2.71149314873806,0.827887258279105
-0.641641137476761,-0.988207825695389,-0.0919080787653706
-2.14561655034516,-0.993755954754312,-0.51088311392077
3.62074998924534,1.1953124343941,0.191300891589225
7.06054477227166,2.1276657189051,0.277804501434571
4.89023827677173,1.10075887336968,0.444687350812762
5.56049700276822,1.69661886412439,-0.776261021105352
0.629308830054096,0.684456036071185,-1.50005723937153
-0.848814307652563,-0.905198955873929,-0.907332439911287
12.8949358410535,4.46261312292669,1.7431500698963
9.14325683345928,2.20715875199468,1.21813534201447
4.94125281072474,1.42837938833246,0.45361162400586
0.152373414007833,-0.690566490890246,-0.316830415471341
1.6286550511907,0.715675288325727,-0.616174701318058
2.63967108505127,0.083735956095431,-0.212870780569925
-1.41508026291706,-1.08401609898477,-0.370955352526398
8.11665973093708,2.74518880615797,0.8228372816832
-1.17669736452668,-0.284812379353764,-1.97592084063297
-0.610858878506253,-0.384492446833993,-2.18274695645698
2.26381314617864,-0.612484660480689,-0.684540071229665
7.21476527442497,2.26079975524108,1.16877178570258
8.48355159307057,2.45468585454067,0.232803930235313
2.65304283610321,1.16596902831649,-0.438085185165651
-3.02505130735804,-0.810906792993547,-1.29682976106262
3.12833282563628,0.525927110425552,0.599487751608831
-5.18909732476727,-2.08537362820978,-1.40557178012759
2.16308502641977,1.51923267034852,-1.04326670383502
4.22762293765407,1.40247298657663,-0.264209773713779
6.46271761378306,1.90611277609943,0.904885626672577
3.97514860327335,2.05510454621376,-0.876582288298787
2.86616040718023,-0.264816111116488,0.97624727654943
4.60680513546623,2.51161572327293,-0.368044455027063
0.367822833268023,0.297321957193712,-1.04907818912525
8.6140639740129,1.8465833172913,1.99524577532389
6.07821865572396,1.37833368889232,1.13925898280876
1.15450615974286,-0.524317908107909,-1.23379550227008
-1.34390259622365,-0.733166862807228,-1.34517450522631
1.09293085500509,-0.38742465041295,-1.54094524085491
2.81050354936709,1.1893441548955,-0.725528698828499
14.750189667411,3.74619526759167,1.785506504608
8.75176972598693,3.01827691216751,0.817949349128129
5.80193899763955,1.65669652189633,0.160281264870502
2.88075380688615,1.11725418943832,-0.614197383920949
2.62463211821828,0.0854185745427521,-0.778021849652828
-1.02429394681852,-0.307348216264327,-1.41942311372687
2.83219838062229,0.837904795139394,0.335252251276683
-2.79803609721062,-0.288233278887514,-1.5743546984733
-4.84779161256645,-1.15884321870826,-2.17856177661844
8.82244466747141,2.52004411736221,0.976665626895959
6.94593244350938,2.0270906129023,0.583590327158497
-0.27629052307234,-0.716089158792612,-0.287677164948083
5.56269895740779,0.705683972039199,0.483488310350888
8.05213566621291,2.07216402995579,1.69255367471284
10.4676585616477,1.65380580629203,2.02221878561764
3.04214115254129,0.196964972769849,1.4665574452243
8.54030387705176,2.39735052154654,1.10423581996916
-1.16082143588859,-0.855910941842076,-1.11989679379015
9.36123638914244,1.97738022224408,1.51202856256926
-1.66249688702943,-0.837483147082627,-0.296605673984126
-2.01063442588372,-0.785312787953772,-1.63875924970621
2.39179453210574,0.357153263987484,-0.198922467360157
4.25728710626477,1.86234627455596,-0.643634463926851
1.65702810161349,0.697076542070557,-1.08564189080081
7.09191427424164,2.26464483919286,-0.172023228267476
5.02592607755287,1.443748068511,0.704822363892214
6.4659844259541,2.11000799925611,0.73473793337449
4.73948159407667,1.24124287322648,-0.143751984138771
11.8882319501286,3.06140073450619,2.52693997385778
0.0089531614521754,-0.155818452841696,-0.225781448213416
9.96882114100065,2.12106756402638,1.17010511509043
7.88839903583027,1.4126723733171,1.26599372186887
2.19165513889897,0.573986984449617,-0.751121268173791
-2.81648832324568,-1.90583386786689,-0.917047640874041
1.20875504473674,-0.117776448945345,-0.779991579706929
9.39264529092767,1.81769241384471,0.756981154373209
7.01173897666071,1.8012728639209,0.705739343287511
3.91498896923356,0.721230019825715,-0.0198455611753776
3.06886668623572,1.23238628669751,0.17638926415264
4.10594827310859,0.182120398372663,-0.170310133901911
3.46605768915318,0.425987825503169,-0.574000958772309
9.77254607925854,2.20007034029989,1.19555674035738
8.54516067607788,1.48961348629109,1.17699949895541
6.4033942344338,1.3714892170103,-0.103031209225364
7.14990649806765,2.40273151390843,-0.0909431974075861
4.53861003080607,1.80115585364125,0.418427433345147
7.70705613872069,1.13269621065657,1.52097789202822
-0.548516848960161,-0.852065007888331,-0.49897410635963
-3.74865450280615,-2.0808823035939,-2.12512289874037
8.31557234028173,2.56882414380421,1.30577332416095
4.8085883019428,1.78339052926786,-0.771221092830303
2.68598797051515,0.55814390871688,-0.0653151152831106
4.84322667709657,1.40712561337995,0.65979930360207
-1.9463510230572,-0.856547106210197,-1.33497869963849
6.67327948222855,1.44987296419614,1.46582903782034
2.11711809919137,0.215703201410367,-0.093871727971239
-5.87540328734614,-2.18131433807768,-2.4677370288913
1.23964692116831,0.0792808490419843,-0.699438680569578
5.17128254017701,1.51625924415437,0.234711824211745
0.862220367843521,-0.159369804455374,-0.844487618359881
5.98060591041334,1.79439898937435,-0.101480267272192
0.456734572649362,-0.456062130665827,-0.525962299889107
5.53297612457383,0.908015569211218,1.08996842448306
-5.16419631973502,-2.14097352892779,-1.14961076172391
9.63214954699583,2.16506185551431,0.726749485070149
-0.470465407421685,-0.18873748409131,-1.00127903963058
0.719061059283005,0.10892654966427,-0.659497624186155
3.2975711881872,1.16827616468676,-0.314431852836448
12.8010268333447,3.7986315075537,1.51799639381814
3.27685095594188,0.995764473072916,-0.0416053447906566
1.78218891844506,-0.266156062329869,-0.286584931847917
2.98682870285565,-0.614608147130363,0.441726541991038
7.04502752520051,2.63711773582903,-0.300961754315181
7.7467876502302,2.30162598951984,0.543366228858794
4.58638968674725,0.379024468751525,-0.0238651538897316
4.47584478527089,1.56701780211402,-0.551388597530569
-1.42090906387129,-0.642910146616536,-1.02759541761075
11.4226557929781,2.53193245041957,2.39003859545679
2.1375073335503,0.296475364526237,-0.250301079888128
10.2824821408186,2.24066051050183,2.21359887362572
8.50253577226685,1.55043443979081,1.82634222579834
9.14354708936928,3.07665897849091,1.56057642752435
4.39805510429144,0.636333162736428,-0.173486112344259
6.18548318993836,1.56253457369753,0.516282760933878
4.79594769518945,1.56871753101376,0.107769382938353
-0.749338787613282,-0.688027851663801,-0.844197582238861
2.69172310511388,0.771402969473436,-0.0792064694121241
-6.6968037690424,-1.67563950575074,-2.5134890208686
1.79963113902633,0.0313528023131742,-0.580729747463167
3.34717385434444,1.97820014133766,-0.577216669862702
6.38167506896762,1.86741520136468,1.23056713573206
3.90808637895364,1.71329761792022,0.043369498312709
1.2830525559063,0.0581756518269456,-2.19634050199273
1.40246299431414,-0.466759800416899,-0.212987174020649
4.00824947037645,1.27442804610538,-0.3848525587203
7.14399607848902,1.11286381163669,1.85079600902347
2.27536735605667,0.79215576788148,-0.157408724869311
1.55971359478608,0.845083005750865,-0.378762535814082
7.1830685454568,1.8525065124542,1.73999308157603
5.73961338848677,1.0948883274184,0.736030634502894
7.60862903010368,1.77642383375724,0.130230089422515
0.462287622601524,0.999368520085755,-0.549733269900415
-2.06364745558334,-1.54646432595401,-0.667622126079131
0.703466500610642,-0.711334184414888,-0.904002155168307
-5.66377102151799,-2.0910784113728,-1.37341778773038
6.57074277324741,2.02350969365036,-0.425710483790882
4.38218558244374,1.39950838438588,0.179029038631582
-2.04880717588302,-0.78858306439729,-1.11861452053471
14.1436769131009,4.70305635516158,1.53549273534979
5.4281005074327,2.15621065563539,0.878267653905724
3.69005978912303,0.74679222812786,-0.650667902650172
2.34620285529157,0.00705758416706492,-0.55204034414097
0.180113251776879,0.0335907299515808,-0.896466324160603
1.34351510897281,0.00548409893513324,-0.367556759362676
1.25192187426057,1.03279038351473,-0.20740769558584
3.36262547332283,1.22701002435493,0.0700543394281878
9.46036878134348,3.47491144270632,1.15712530915539
9.533287934296,2.70146192660646,0.843838165694394
8.20747678257586,1.72401393184819,0.751009023541868
7.97537778135961,2.44320735740495,0.23035895612884
1.33901075703348,0.165145601120801,0.269995573634222
-0.238206092782697,1.19471135357907,-0.967835097734879
4.6921405376471,1.0790916018531,0.0616840523965303
0.772899000359672,-0.098893650903064,-0.732721809794203
9.00438924829129,2.60489459196853,0.0781638260595927
5.68380598452044,1.20740625007077,0.236279480925348
9.83147350107021,3.21312387905123,1.12743596922733
9.41090339861693,2.81139019121539,1.53685803899056
1.74258015401846,-0.216596696431865,0.229775155339401
-3.87280451980033,-1.36361861893047,-2.03636220139998
-1.38007347682051,-1.16313224071286,-1.27224786635435
3.91023666783416,1.5334626307637,-0.728782443577685
13.0428006211499,4.22859927482012,1.75632918191045
-2.57065608761827,-1.03000093468089,-1.30936290998487
-4.73237606358797,-2.49427952872505,-2.04815070680329
3.44488600650298,-0.387144051312436,-0.204762213377564
6.22063467278712,1.19350565898415,0.179639277128762
1.19471225391899,0.774610688226214,-0.478168647245782
0.148350804370221,-0.645463076070968,-1.38557177605958
-1.19614618583756,0.299170140380345,-0.992457088699407
10.0982953630895,2.80089531636989,0.990278680689572
9.50970206927366,3.46736875258573,0.956372990121377
6.04944163963065,1.58046617462209,-0.725112189000995
5.07371050909816,1.49375378107108,0.693797036188428
7.77118454823217,2.91988355345814,0.108141718613666
2.63576318342472,0.658503450078664,-0.32569621614254
6.87648447867692,1.81451037757327,1.10760973502765
6.78094068876054,1.79456458993726,0.123641997963097
-1.37424179844738,-0.425086277080695,-0.793239179151198
1.61976467879581,0.126739453151287,-0.570848882154075
1.52883634627525,0.285082714318621,-0.749469876198417
1.0865751498332,0.249133319868658,-0.960974790375097
0.0539069817543328,-0.599290063596706,-0.884762664921579
5.54990983390775,1.47414144584128,0.517974660783762
8.83981918745247,1.9864983567895,0.910283338627789
3.67585425033659,0.315155856533477,0.199834981838784
2.29876655740553,0.288704390228961,-0.294397758977168
4.96424081300376,0.797314558487812,0.167520288197525
2.38249862350577,1.07126093638056,0.853733145680553
-1.4996162028324,-0.491765718213112,-1.16531155474586
6.19170473328407,1.91661890376214,0.213721599299029
7.55188854654735,1.71926827493712,0.554502567525067
1.65330461048511,-0.131448299361027,-0.867570072831927
2.86993655045551,0.711643038446135,-0.049586134083637
8.4645020604238,2.47512857305631,1.08303756621202
6.97854965173125,2.06464119045021,0.7237542194272
9.65912706009129,3.45184551894337,1.47104992113641
1.13306124626736,-0.302719370444986,-0.076083110068022
-0.890682424875473,-1.15361684802835,-0.679054051696438
-3.67106550804335,-0.70671155809335,-1.98382679865808
2.65837866166554,-0.0055361117647002,-0.527243550197552
4.20513842712325,0.488694833511823,0.0518784213078694
5.18496976700529,2.15044279121527,-0.0543569777239565
3.23783935220095,1.22748439556013,-0.713537752924073
8.80057748805554,1.90465827719197,2.43204864693183
7.41562547335183,2.36842337683934,-0.289023769929258
7.14934041204431,2.2035580655177,0.672618380331913
-6.14831333492281,-2.01986363586463,-2.08467912143755
7.26054574182293,2.95658355658739,0.129328205964666
-0.39283596380402,0.103906626496346,-0.228805564693253
1.96068956279855,0.679626128135106,0.303045896507711
9.77769435118035,3.61562911231386,0.174628696084005
6.34104773834205,1.83011963597342,0.245385351407881
1.90205362929139,0.917587189572378,-0.184852299950411
3.5698349362532,0.870496647683049,0.384753390112048
8.77927205920566,3.53395568341801,0.402485789960802
-2.71446802399022,-0.496290957318253,-2.1891448515334
2.96913981130858,0.925539893422592,-0.231472022853315
-0.209248053599586,-0.647957970500299,-0.286997884419433
7.75674399370097,2.24925612184497,1.22743301193333
-3.6931974074848,-1.60852360703801,-1.79969673697465
4.46327211812194,0.703453564364447,-0.535268940627303
4.34900156120823,2.26222124833125,-0.329276509783826
-0.469507728300993,-0.379702630865095,-0.495914413102752
8.20594891453625,2.60040137951862,1.03241027162127
8.09302246723519,2.07660975628198,0.757908223411023
2.2815031594837,1.30390121460965,-0.698238590311484
4.94736185598043,0.321141818738656,0.544791449509448
5.76005528228837,1.18138126156815,-0.00862720044156184
7.96253432472189,2.34831063039467,0.866292739626193
0.0961709144139131,-0.528206546201224,0.180799187630218
5.38467814496633,0.839245720079602,0.636853158325099
3.05289071237654,0.287977786084944,-0.50516978207631
3.31214864744489,0.854872826063812,0.169355785916754
7.41868290433589,1.63876348360907,1.31457344775851
-0.25521484262357,-0.0774290785865152,-0.867750768466239
11.9198631281332,3.07988274646893,1.87028757968842
5.74546115685131,2.10399469765718,-0.457209701254891
5.40511061750189,1.37932370388523,0.105382650755719
5.53681844823204,1.53765404804993,1.12958517620245
-4.40751313247211,-1.08632806653727,-2.09373810244876
3.05111985547056,1.41247036713239,-0.276127147444125
2.29974542493889,0.145555332789365,-0.313657822623429
6.03207768484161,1.3082189977266,0.926295943350545
3.81232342184916,0.664870584487264,-0.616738150779587
-1.27093923217479,-1.2029402532922,-1.24971080861933
-2.82511250826085,-0.550481015908941,-1.91993146486042
0.913241371933758,1.07857275403576,-1.19967005600092
-0.374551137893376,-0.226775361859446,-1.21414270232124
-2.17688173367678,-0.854291361540426,-0.708954991353993
7.33566130183503,1.83652567667551,0.279838774130128
1.30966098108399,0.138387290014624,-0.778617127000992
4.13349271906476,-0.102564779553941,0.168156167072725
13.0182888883107,4.85142571892508,1.69936148298623
0.218244666404882,-1.06732122691024,-0.832551328620593
7.00332203236422,1.7994202483086,0.431339528155503
8.24204047220888,2.77525708411807,0.616629724502597
4.80678338243618,1.96455358556962,0.597411008099924
3.43461111798188,0.0189754023304967,1.02831718265992
4.46396603345725,1.24430986122152,0.275409997505387
4.02810207147286,1.07060594054137,-0.170145783842394
7.10506190887375,1.85541529336847,1.53630638426709
0.658107749383527,0.208737242799124,-0.959532081385985
7.00505570142254,1.09600810067924,1.00778906329256
14.5440577958475,3.9914465474905,3.59345994682993
10.7427129980458,4.21378042657622,-0.0590903000337837
5.85738451048218,1.27374080181816,1.23398239096629
2.56588942972452,0.265457557841587,-0.695066501815734
11.3387918710931,3.40534760053745,0.804564098580695
2.85180149337288,1.0485392352645,-0.962017810222312
2.65707289509729,0.56015217841184,0.0368637634326476
7.30790477615035,2.07169377876111,0.985141037454805
2.73907329081235,-0.320491319973112,0.223814108419976
8.32525623947795,2.85658986263984,0.773697329677174
3.64708408547725,0.32580835470837,0.536501087293305
0.977349124279476,0.547421179188762,-1.3017594396971
-1.79868319982224,-0.169260816670486,-1.23420474963152
-5.97677401382525,-1.4359428362563,-2.06863641152666
9.97666582837374,2.72993195286319,0.891596990699911
12.4420390617413,3.78943918298074,0.899014359615473
3.88018921159666,1.82259562344872,-0.132077725640228
11.3364412800271,3.73276160388191,1.41049885278893
3.04686488722291,0.365365638803249,-0.86107467961041
3.07448223642063,1.01054332638836,-0.310893090744758
2.79498902699328,0.550818520795836,-0.546790950119254
12.5670882735639,3.09547068140716,1.84963709965645
-1.01959470189297,-0.56178318782079,-1.03078937002373
1.16653560570124,0.656093674002041,-1.98635151264007
9.94513958465395,2.96705752052622,1.16817990834591
4.24778618564378,1.1390708775804,0.632633525156667
1.1138622775577,0.136693172742729,0.158746618436542
-2.64348001277168,-0.741051133084431,-1.07990253288411
13.1088730797089,3.31599274872635,1.40441184707538
7.10217351414117,1.84557225394273,-0.0260989858321202
3.48567274493792,0.793082032054768,-0.657360666022692
4.72827178744885,0.447504798895297,0.245730852556764
10.3183932296889,2.45565195228317,0.921591565523041
8.81267490685781,2.73673346465453,1.50211558194804
8.16701701683135,2.95584238943721,0.595182900396442
0.0965829619518132,0.5961701468521,-2.05914046404282
4.9333820159213,1.12425249133711,0.435596579031935
0.359275737674111,0.626218011986015,-0.812275204767189
7.92944913517039,1.6170057949243,0.999391176300757
2.84053950558023,0.324510824926202,-0.219392704415741
5.652684624572,1.81407681121467,-0.100253967214682
0.894633807448516,0.0477362886852523,-0.717348946422882
3.59449037228875,1.16230819618358,-0.0435004069523494
-1.81491393303477,-2.02566897049303,-0.617039560122934
4.79585165899486,1.39753931977747,0.106030503986437
6.63617361176992,1.14103416764198,1.42974501495013
0.894763244460305,-0.0565450268694568,-0.253725508362775
11.2820612921433,3.51518146100035,1.831158640618
9.98547496333447,2.22281363797351,1.11444357282442
2.60572608564624,0.685151180870308,-0.614814822000716
7.30564115096325,1.81101986764595,1.22666508808227
7.72410638769242,2.10938495310912,1.07963689735618
9.92154191238952,2.70085553160321,0.773111479929983
7.97688078847621,1.53053881302189,0.310230205150791
-4.21421802481511,-1.67372759257267,-1.11853252281044
3.9054329812952,1.62682737931506,-0.640592992107238
-5.05228911769894,-1.26537917947964,-2.47100858012171
4.58505297917509,1.04289290266641,-0.196440187141605
4.2882291623214,0.650593364247737,0.0524819482501183
-0.622354047755809,0.595810955793704,-2.27015044488116
2.71947972808154,1.03720886865232,-0.767564096077993
7.27958524261803,2.95691613322545,1.23912649546615
6.20711322588461,1.75460846896498,1.2436847142549
5.19365623346885,0.871716049352291,1.1051154480685
1.01770724039499,-0.0819528156070864,-0.373829507789313
4.44671508505527,0.448882576697905,-0.287525774890275
0.934596796966464,-0.197442339282143,-1.52710647198832
0.428735554311092,-0.537699175084744,-0.954778037470471
0.980886045826829,0.48213724110465,-0.31916520257255
2.63387369122847,0.902013283399456,-0.597105873748484
-3.81369305330544,-1.3577863362417,-1.46899066867291
9.43114623903764,2.43242441834417,0.970703237137378
7.11329003347375,3.16854988411489,-0.33327799147017
3.52354224184056,0.504129349243864,0.508515557452765
-1.94931923930012,-0.756788675026626,-2.58341403215766
1.00713352108557,-0.00962575305860347,-0.314914882815474
3.95862957755026,1.14700106193594,-0.44695546234031
5.99256340095812,1.25903082183592,0.649689767309979
10.2828281256723,3.23470843435064,1.22917486017395
0.742132085035237,-0.26127415112671,-0.560990697051196
6.1601386076417,2.69954950862242,-0.520935304875566
0.740708133897149,0.669954085212872,-0.28932120784825
8.13153291414985,2.11355380762498,1.59056082959801
5.27100178639188,1.72343418566706,0.0367016295210669
0.903982224232641,0.230203024617128,-0.361368788034864
0.161064609346693,-0.0463265728272047,-1.24602371391554
4.27479092166457,0.724694556676031,0.281248189265554
1.01977719351194,-0.561812353481726,-0.235403130448531
0.495482161895711,0.65712496953096,-0.875388405583232
4.84185845532144,0.924734555227572,0.190973907094984
-4.45993108816513,-1.41295028327662,-1.34063433699384
2.44576531100783,0.139971230506384,-0.858806446707168
5.19426804773428,1.45746756457025,-0.413885700819946
5.0385633188334,1.35753586526211,0.367864878606509
-3.57666899257439,-0.743770834637758,-1.71504023573542
-0.14270993193977,-0.37680465861499,-1.07438687223667
7.96556515076898,1.72073240456656,1.63653139219691
10.5906741608776,4.20068314432325,0.599848370945703
8.43486787781317,2.72133292464393,0.41690970517935
11.761273546261,2.8838746538287,2.66712618951339
-0.0215425051511438,-1.50537055716583,-0.107227126545792
1.86479067797956,0.0827540713959809,-0.40635465391854
6.96374324856307,2.19764066429647,-0.0248924703746569
-2.96044481052452,-1.21620370463492,-2.0176180955586
4.20785184364524,1.61356947516261,0.0131144679794596
2.56791356135973,0.854493857631004,-0.477130292687329
7.46442197649509,2.27766080274441,0.768529213834955
0.80701785721626,-0.122264349004348,-0.395918461836531
-0.948648775273564,-1.51859146867279,-0.734067680742339
3.35182961965444,1.16744566484517,-0.386729407577044
-2.3716830632363,-1.16961644744209,-2.31284918979142
0.0693106963591776,-0.319751294009411,-1.72817198281963
4.38355260953438,0.554581771420248,0.418534941813339
0.379874658372121,-0.299073592775658,-0.207024270793642
12.8857173013092,3.56190044507706,1.33980231211681
10.2235577944037,3.29414769797784,1.89493995418295
3.74647995692479,0.558918941048311,0.0939482531090923
8.45219700654134,2.44269517015686,1.87021281163086
4.45038055975502,1.92522831744007,-1.30948559323111
1.68484162036471,0.161780184306153,-1.07087690319052
8.9897683004565,2.92842038037583,1.02763982054542
-0.511156413376318,0.117838754087104,-1.16640336453787
1.14217838809931,0.924477414021937,-0.327353365957434
5.77843585173015,1.40883321500914,0.540573879660575
4.71593974073737,1.06680148461767,-0.258219782326666
-2.8486134057107,-1.43550381247221,-1.37937852081538
7.26048765085657,1.44463071954502,0.965214891537096
8.96494200585592,2.80874094584315,1.13647383024429
4.72970847329346,0.455524511961992,1.64687562521171
4.70985362938909,1.68493632800101,0.124421288085365
7.86767878788931,2.4068242826531,1.10886299266956
9.65709135990276,3.24534252873102,0.700982589698466
1.16017631902188,0.560772182871226,-0.12758488393545
-4.16809092724336,-1.57654653737244,-1.16251781691905
6.56412769344317,2.07997931719684,-0.085357439599381
0.946004032620741,-0.0832116877324569,-0.0574657517544328
4.37217607081728,1.58954853651505,-0.136651956718439
-1.08091295267362,0.160056576955952,-1.76678778500662
7.35299350594594,2.37997267916723,1.54369215766546
4.30763245063992,1.20587874928417,-0.0529958583027529
-3.89688825242897,-1.65782809228738,-0.990556109713882
3.43907270776109,-0.0210843240825792,-0.436701277519148
7.31959545309059,1.97808888416049,1.10708836603614
-1.25500883873662,-0.496418764096737,-0.855288302789478
2.41480012583943,0.459447530126577,0.472364901863867
0.473048646287838,0.490819892680257,-0.342845547869384
-5.33205784610135,-2.6528355137237,-1.47953241577808
4.00540679618491,1.16528973435084,0.382270113636479
6.96981388045472,1.83254586461966,0.118387978908239
8.86984915488945,2.78139854784189,1.01656212461924
9.27020816905501,2.82354615615824,1.36909065653883
6.6960657027808,2.00717961777482,0.490169221583562
5.40511833141604,1.11447121702293,0.222426754459386
4.71508417464992,1.08485389297084,0.0101703887729072
5.33741851322528,1.43319737455525,-0.672834307270784
3.38373094356367,1.45775923613934,-1.41299166791302
5.45286122334222,1.97324976250329,0.318742657004596
3.55102727143814,-0.169790064444946,-0.267063536885901
3.55544961621942,1.12336991568509,-0.0535422284244238
-1.47587564819467,0.704361968289253,-1.2026757530584
-0.240785145364811,-0.0438736808952321,-0.772842511553126
4.92325619190047,2.32224623285742,-0.460185869748365
2.02618425389412,0.345475956443143,-0.483975798975718
4.17898102293534,0.234106964453891,0.440497483670722
5.21193309043864,1.3263071253438,0.12353479594949
2.76206077884805,0.974895035329009,-0.604668572732017
10.4328458520847,2.9583508411784,1.27152567413454
2.01348515308504,0.0517726773755391,-0.341779777193546
0.537448907126799,0.114244456210573,0.110757752725422
7.80623439458147,2.2197228287023,0.944372406677677
7.9124568469407,2.51964123478537,0.851928065351684
8.22384054695495,1.84225980514018,0.523847055897281
5.41262205273294,0.703374206015483,-0.317839743725611
7.19469991782894,2.26388466166582,1.52122425450966
6.17353718266218,2.17499042392916,0.355426093299314
5.39207639976654,1.56914461912976,-0.00504673497635255
3.12074817171816,0.265183179739609,0.230322976194164
6.29902980187181,1.86990787985434,0.943809380847468
9.99645041471569,3.87416573326519,0.341494844140534
4.08796171513908,1.44122162493093,0.650602085475608
11.7437972048503,3.81416906089367,1.62645305600689
9.00507476314505,2.27677895805462,0.664582087545991
8.36127236326538,1.86257776838744,1.67688129602626
5.80355665148817,1.63227483243189,0.34374162812717
6.96348097953033,1.87080927139686,0.295802185873254
2.48918895945681,0.391641155522112,0.491185948862369
7.01795473379161,1.7715838420504,0.310932923813944
9.51205883384833,3.44960601631299,0.312489053198006
8.09409099038959,2.00930020524552,0.797488982911208
4.27486800000474,0.922903062245116,-0.822791101018273
2.94642962567162,0.582652976242142,0.377006681733324
5.25217241828275,1.89213522885311,-0.445726885066
5.37449101992848,1.71549498501779,0.770269495405919
2.34948558410552,0.461190469729328,-0.44878116492986
4.4988985541465,0.663072413149019,0.512721393211598
6.76501719923434,2.13631188956778,1.38967013975464
0.342169335731399,0.358293268334377,-0.870940115767324
3.45752572318163,1.55398716470843,-0.320282256413493
1.98979036153127,-0.732434857772951,0.0679972195370515
4.78049598810104,1.5487267774129,0.16674713342559
10.064584892109,2.83184090025842,1.32016734087399
0.660047401468412,-0.587755268129714,-0.77068376249298
-0.70321797520886,-0.743429525946428,-0.988315052008652
0.8397972949324,-0.634299525959381,0.672273937679541
3.22765390997795,0.546427896299229,-0.0722674798551382
2.61543332363032,0.278788006787692,-0.28343743215203
-2.85062421894904,-1.45927586602416,-1.08395200558743
4.77769343960262,1.46667690108688,0.907040624256647
2.59546591121097,1.00835550634502,-1.39780392313699
7.04056653307522,1.91204576964769,0.84995367478531
0.0648171161139217,0.0621140897208728,-0.194566407117331
-2.36690703977136,-0.917973750649609,-0.956183064632085
3.47395638855955,1.13671711455106,-0.273427714399002
6.94311100526681,2.12236080505622,0.639331655941977
8.44045273778865,1.98123047448102,1.80038973374217
10.3428213607164,2.91676813313356,1.27066231528877
4.15511811145476,1.41083095182004,-0.270364573938329
6.12772988391242,1.94292829544788,0.856147780712534
3.64731161707716,1.28901923855285,-0.616422564392658
5.80635348041667,1.9222054911274,0.000823792886666931
6.64256539302041,1.6721497590228,0.940300742657741
6.98214998238508,2.18707906510805,0.651462333302262
0.419682810385217,-0.305250286186267,-2.01785547297631
7.44118967994336,1.92169846653441,1.6037204481609
1.6166744388963,0.341997833779737,-0.569906807379731
-3.70758378338741,-1.21708159885036,-1.26226695421815
8.50002792223796,2.8513847571305,1.30897183899167
2.01316384014588,-0.31075536328359,0.260274660402818
7.27696276024931,1.8174420793765,-0.186516057875956
-0.898437351965972,-0.92758929098984,-0.908925859455242
3.40758757070178,1.38193251890434,-0.194695519154474
7.56136280495182,2.75490923820863,-0.216662708540899
4.71910897982072,0.920723843617947,0.80193759657666
-2.20391899375976,0.0382879103609591,-1.85593779374167
9.82296709402015,2.69300607183561,0.732541392165858
7.44040013708828,2.4400963632214,1.02718585687519
2.08189852791332,0.27195191529655,-0.900383318710882
-0.35730008885219,-0.567969502531625,-0.441144764644285
1.89387504681936,0.866282342390906,-0.552699151866685
6.19303078768387,1.52297170209325,0.622600919918041
-0.97752619724131,-1.1358061222896,-1.04624843164086
6.29922143234076,2.27151220480143,-0.486994992750667
9.79528496715474,3.19595022869057,1.60557433562111
3.24327974332747,0.542103811376282,-0.253462732222845
5.59387528196329,1.49651345466361,1.11808224945699
10.2043426494858,3.25697587648368,0.697981696062907
4.57310198190438,1.63939644116679,-0.266860165247434
1.77561534049594,0.283425678385422,0.390400206911967
6.93859869691422,1.19101530868167,1.18087867224454
3.28149483399418,0.54122135171472,-0.507806858801824
12.8844621548272,4.14717522731405,2.14970914539074
5.01539660586322,1.45462436955801,-0.228400389185732
8.06544615870671,2.16677179452746,0.823917943005802
4.96277275133974,0.725655261066691,-0.766432936655997
10.1886102842128,3.30551751375343,1.41352387592868
10.0995973977905,3.05359487003146,0.822184814356471
-3.02425007567906,-0.646861288988038,-1.52546792677743
-5.34301367030578,-2.52678975997628,-2.28583337464971
8.68797013632631,2.36889260031962,1.07282085338992
-2.76588319737005,-1.05322562750343,-0.539924804743826
1.3907622964402,0.79652942122917,-1.58921908874692
3.01978422570833,0.547850449504943,-0.46571014369584
5.88370092068291,2.10305639523418,0.447923814555205
3.47229729113081,1.04986258167004,-0.318884215652581
0.578399301829598,0.0692045129561318,-0.980349925676545
4.9509157587723,1.14704930617569,1.24135927172382
3.65267806527841,2.01196978982501,-1.62352682931977
10.6688051574977,2.72543428797413,2.40214155831416
-2.90675922110222,-1.16804556284838,-1.39412271556882
2.86007779642534,0.369888176636015,-0.0193999261215535
3.21248691145548,0.785946561214699,-0.579202421118196
0.68130098016875,0.0786684835325233,-0.420204242888918
0.516574415815343,-0.389470271831393,-0.468820179292612
8.5172678236069,3.01863919012544,0.352302680085506
5.15487417233823,1.78129062351601,1.02378799049045
2.04360856758496,0.555493443360666,-0.429211722091496
-1.5357258317273,-1.14457462728064,-1.09673866094385
0.485884802799812,0.0844881008924631,-1.78154756430112
11.1727842073206,3.40766573281513,1.814275410214
6.16501253062376,1.69897285358222,0.462343731301526
9.44116062080085,1.39963211137534,1.822272133257
-8.46057190302273,-2.58655326417657,-3.08864180725065
-4.3350032826442,-1.5681501071663,-1.9735334905661
9.3473567588207,2.43803983812441,1.1318950805354
6.50555709741282,1.72685064574985,0.877196729707149
4.53374787834113,1.09947224701233,0.0244585244635413
9.04367856533111,3.25986522359425,0.969826386480244
10.6642780030222,3.15623803423929,1.77869575073242
2.46888872594679,0.892628084097422,-0.718825320233182
7.98097234759142,2.93271307803422,0.402721956285832
12.2204917239084,4.14574873765393,2.0673653820346
6.26590996965804,3.31564036632578,-0.257085407486743
5.51155226635403,0.580492323578796,1.1327085462495
5.52354800024521,1.54251805153161,0.338269380229345
1.84047687233345,0.497237584401021,-1.69322769327643
9.95591292773849,3.53049174416479,1.06877145989593
8.7302931036335,1.8994691177823,1.31290406758074
1.89834851583301,0.33426682943719,-0.311217129407819
2.83681734433115,1.94436094333839,-0.153675013223153
2.57159122288752,0.681300484048187,-1.02778504228976
3.62829313980624,0.745250791945212,-0.0779062356676468
10.9822948270239,2.93420263741163,0.604570629788268
1.19344446768772,-0.477431789124172,-0.578908891596304
7.31988378023126,1.00871328354309,0.853592408145806
1.68916926620563,-0.0477577565278999,-0.28904927767254
0.857232989136178,0.262385758079413,-0.871625636269071
1.85615049577661,0.215812330524656,-0.300177500760041
4.67155521579395,1.33125131382715,-0.149957037837847
4.76180542872044,2.0385910963677,0.29372250019604
0.62041370366225,0.13308785025821,-0.307055390388412
3.3170091762948,0.73632889337871,0.115887456080529
0.470434033777917,-0.633892850231971,-0.376366318737799
4.62102452036996,0.896682190141136,0.134922389939972
2.1951679854602,0.233229074544612,-0.939218462696936
-0.399091738162591,-0.210570933196213,-1.04623755800554
0.990480236292661,-0.550475949129773,-0.724528891783018
-0.947587641663816,-1.13660507015386,-1.0346590103913
8.26554393751492,1.81313008961957,1.34661331966157
12.1843260288386,3.54755911232839,1.84585521945725
7.12738729733939,2.01369654514818,0.754114456499836
3.67713484604793,1.19949915459293,-0.00539785588247249
7.14659042337651,2.351430914783,0.739515968967186
-1.62250376984191,0.226792669309196,-1.45047124855429
9.39608836411419,3.59601173633236,0.839474375146375
10.8977138944973,3.05977771449715,0.994248494446857
4.60426315358694,1.81111603292844,1.05698455793755
-1.98644487510763,-0.939671362329389,-1.24372196205261
3.92573038905749,0.674529296711544,0.173418475752205
12.9540764775962,3.20366855643303,1.92602304993849
3.7159347826666,0.717476428672611,0.625278988774122
4.27434482229814,1.08037460347511,-0.0696335642745288
0.617256281034176,-0.56459592906873,-1.12494908640355
10.8798255335218,3.06926280435006,0.835143054262957
2.20348885838677,1.2949894010392,-1.28845425827963
-0.225625634925037,-0.708489813391123,-0.360331178122793
12.0046867394923,2.69860853260155,2.34841728623407
4.93630344267255,1.5340041317173,-0.512999750609732
-1.57460761265428,-1.09136867731727,-1.68004841338848
1.37931928464322,0.121715835473884,-0.32064674491437
-2.01683583242215,-1.01267942128863,-0.587264502001223
12.7345178136959,2.7839196713676,1.98274536853945
1.88445917298082,-0.00259010027185547,-0.429217586776562
5.74644810229652,1.62699300297454,-1.11930019549286
-0.280319116291135,-0.893207451649428,-1.18406049287789
2.2546603359948,-0.0300561794372431,0.187577699630216
6.84476825996563,1.97437847738952,0.270619381267699
4.56579198581822,1.69634032517086,0.197410127107501
3.21306676939388,-0.079168597617591,-0.37315810506298
-0.0484951829421219,0.245408897060421,-0.483368022044167
4.17492619886022,0.850615812418712,0.614599502183042
4.01990740174755,-0.42005246930698,1.35995291920424
6.17974413484743,1.98783636387761,0.27645697209069
-0.0591635013093241,-0.288312357785333,-1.63140523418159
15.8765289701094,4.15228554399097,2.20784516641504
6.45152272478727,2.28737859188253,-0.140145342667472
3.20592649354261,0.767782697725202,-0.371777782784647
5.39721448724355,1.69721236498492,-0.0541342868152416
8.06503521312287,2.09353493274129,0.811962385977921
0.462543708780509,-0.331224170997248,-0.794980072059197
2.07989279031723,0.268017266747442,-0.248629979175418
12.9399752810868,3.32715392693126,1.74848409496159
0.618371257142726,-0.920296161038329,-1.46272998134783
4.65003479580289,1.67132500990182,-0.443635284313047
4.23662716057529,0.687393277991935,0.0802184584810953
-0.422110676032142,-0.259193486072572,-0.911299896916563
10.5447054909691,3.79292430839714,0.645071611027948
7.09653458958144,2.13331024075171,1.12627338491065
-2.04190814210252,-0.188280003413647,-1.97798907992214
-2.05739208790916,-1.2334045781044,-1.48285635548041
-1.50175797139988,0.0423583213059471,-0.98861314310256
9.40345023701098,2.1481900816095,1.19787171736864
6.25955655666039,1.85434586768087,-0.262542094686626
2.73829974309891,1.58326283275572,-1.81616126479601
6.75868408920506,1.93121411890228,1.11462775377964
6.56278690752873,1.4399919637731,0.0249695280189742
1.32552597022338,0.574409263019257,-0.558160811317104
4.39072642370568,1.05417364700647,0.452882486970549
1.68043342598581,0.301056494795622,-1.44527675521895
0.703477499086945,0.276981037327025,-1.07072587877533
0.249719098193011,0.114701972518236,-1.11408322101093
0.458301623380488,-0.981119195860768,-0.52123112242313
11.5760702470388,2.96450338430934,2.33246829476202
8.53803051731288,2.20054449777051,1.44261800955107
6.36380435336499,0.639439288432151,0.66894801340176
3.90953088061229,1.59738579829823,-0.519714867785763
0.300213736076823,-0.822800967967462,0.191810775506876
8.02770944601989,3.26577843756274,0.326879474466209
4.89446622056644,1.70698773268071,-1.86282184160286
2.25919502892101,-0.329517105878353,-0.035825750918626
12.805033804569,3.3912254206269,1.91694067957075
2.43542119018701,0.360427045227493,-0.507108501036073
2.50071143845819,0.116173682107542,0.263568143382718
10.988038307571,3.28019478909044,0.982597174829246
9.75592781754719,3.0928494381987,-0.0853421830774602
5.38667725421611,1.86096925770631,-0.265407199732579
3.25672675879833,0.366475773966453,-0.261008738303936
4.58439299145482,1.76202555367022,-0.878665788128397
0.798910346477522,0.257707986927356,-0.5699978252494
9.2185936655928,3.21180684951223,1.14937585388193
3.2715353172902,1.19438890695929,-1.06402457887207
11.2093850165619,3.54980872182216,1.00999737457853
-2.12512212015077,-1.98929789625408,-0.093460238055723
8.17599464060976,3.06128745331544,0.23903122828887
-0.788661197143325,-0.0630037222132903,-0.0114107057365443
4.65042210331865,1.20059784204064,0.594110716324151
3.49856593072153,0.101813167863242,0.249949490791015
3.0407786755746,0.61431199421666,-0.0394101447641486
3.11333023512297,0.491182988585745,-0.213615368631431
9.06187305676305,2.09643779575852,0.647493783878062
10.970987257935,3.07682405929313,1.83183349902049
7.80969616471808,2.05705346361627,1.90655860801731
-5.92415232373632,-2.62469935500937,-1.0670634992651
3.85655819005643,0.620297271131918,0.416515924086024
5.05168578373403,1.80424995250777,0.379878629482202
3.52110949015577,0.557453145425036,-0.223292349323659
5.35191674272305,2.39806295250897,0.668091247898608
5.70948226296351,2.24641946314047,-0.574176225815264
-1.38250263463305,-0.592285534510548,-0.606404934601508
2.35382691735224,0.812623550547499,-0.171539857786178
0.872011659210114,-0.126579041190226,-0.290938427753444
6.2477884037049,2.3053204305209,0.24749328479912
-0.750259717771036,-0.790995797527716,-1.30891378391902
4.92661668973988,1.86080196405252,-0.501326036637778
6.42424704879408,2.03522953649293,1.25171044106909
0.870103156466642,-0.379840615202625,-1.28448388695043
1.19982745239808,0.0239102764851828,0.0117829837422777
4.64885372869979,2.32440032416056,-1.11286991969426
2.19821189901411,-0.0789036323197743,0.407185545555037
0.781642873952526,-0.300973198128873,-0.926714517814389
5.42513313194396,1.41403356412997,0.798999675611152
2.47676455871567,1.25616436649295,-0.528741597929642
0.819197852985851,-0.110504420720686,-0.691968701005668
1.33238678047767,0.85239774497518,-0.407952293048304
1.56578373427831,0.392523342244507,0.605947237481178
4.53384445956324,1.81225202560218,-0.0372599795731189
0.552261741065592,-0.581986284024008,-0.236829463572398
11.0967045463479,3.01064782242669,1.57338905167733
6.89813460497677,1.01375541084285,1.03310060486122
5.4952199918733,2.93866140908758,-0.181372534981058
4.61649945673126,1.43081480463769,-0.224124172641598
-3.3242004887845,-1.46687833270764,-0.795098282769671
1.71595061841601,0.563532383244071,-0.364822036529524
3.87468208294722,1.52843899371545,-0.245723679473706
2.04239661621286,0.224580349066374,-1.5093494720205
5.07838517199959,1.4123675652554,-0.993245750211629
-1.16356688114138,-1.53908279939418,-1.02054448233369
1.99743791813143,0.0133337881069863,-0.558065031096139
-0.374316289901001,-0.394306709084548,-0.604014263626071
7.27756926966099,2.77540942515561,0.804975163139909
4.29965926476012,1.42428477077322,0.388211528368525
7.20479900305834,2.41366175659603,0.300692126048085
4.56984611748403,1.35706644943316,-0.14619094495921
7.36642590675745,2.1667723116786,0.758332235106002
5.77666404632969,0.941501057532207,1.27471836225938
5.17901161578221,1.62688276003781,0.361614028072091
-6.60522588724386,-2.27298361597789,-1.63139635910944
2.52439811077446,0.79357323254238,0.0580395446436297
9.33857085320519,3.62159144007226,0.811800059383826
12.6076535706691,3.77089169993206,1.80511056720534
-0.0136808631773611,-0.139967130592563,-1.06781912218139
2.06679759953451,1.38428933076332,-0.390041023599423
1.68413253391232,-0.659659435520465,-0.247443466367978
2.73544971163402,-0.0184182105846054,0.095366597022051
4.22311004443789,1.15630233778094,-0.565538451607318
2.95147919256614,0.538677024500281,0.542606842314743
7.37870884032296,1.02467308287218,1.7391389123709
7.45862672051357,2.62369169311546,-0.265122577463344
0.670331282120865,-0.272749090234644,-0.741094747719488
1.37841796159398,0.167450567270717,-1.12732609913129
11.6429064207561,3.08532625637215,1.82063267107781
0.37731971320802,0.821867671838509,-1.51630165856097
6.68127392226193,1.99444673030097,0.361914245284672
6.03118953324126,1.46124367381214,1.51888148853618
2.68244413433605,0.960842385691573,-0.516046153772624
3.90005738049196,0.959563096584687,-0.390210499740032
8.66083249987905,2.32113088248326,1.16267978134498
5.24609432638082,1.53535378010898,0.504909944722568
-4.28983310666533,-1.53519932442118,-2.39223582679395
0.205095885184011,0.294262830502238,-1.75210285851783
3.79134443718554,0.416482439293687,0.321695096799541
1.77594444685448,0.836950540372586,-1.12081152428871
7.33228709446288,1.42450219037533,0.631657697204675
8.61584376373638,2.27276783878796,1.66285448352507
5.30351740595298,1.7069881453608,1.14459657095611
0.0423109914029551,0.135980632025502,-0.982407508829338
-0.359535772665998,-0.615335299755694,-1.14182436388014
2.70026392375271,1.44904454690846,-0.750208180049312
6.80334506821423,1.10405523090812,0.545967753567741
2.18770598005034,-0.320583423130619,-1.45258048097433
12.2290228344048,2.50967458367762,2.00714592865868
4.91141361691106,1.65718649822455,0.559570898286048
4.24193013952526,1.10513756350721,0.729371269434208
9.0188084502305,2.49376164009069,0.7208695974152
12.1723018076473,3.79590104425029,1.86683579321089
1.98402301977401,-0.119084195890839,0.251604767773989
13.0720538575966,4.25907237863031,1.84255386903892
2.40538198478545,0.260963489766212,-0.267401344293059
0.320562856859568,0.269219034598776,0.309459337432938
1.4064236514875,-0.200044968101781,-0.496385526935763
2.49409548767362,1.38324189486662,-0.247890258944333
17.178831195045,5.60632444822497,1.91432343059121
1.67339426094305,0.581818535400179,-1.17656278870006
4.89590658960773,0.528867599146131,0.81890419726388
7.37597691205352,2.41061277260339,0.725890068818104
3.16136455490635,0.979495472821622,-0.879626696419581
8.33873697810469,3.05897258827313,0.792364795211854
5.64924040714655,1.19342914248308,0.932112214403369
4.75533274404448,0.643879014965948,0.930843078853102
7.95630536372339,1.61368107337081,0.540841248999251
6.18791952136808,0.747779435415165,2.19747659015625
-4.38521745700283,-1.03624258917362,-2.43207175226972
1.87291491802917,0.864731970741499,-0.429588339452327
11.8768388217394,3.08693063701217,2.43308530835985
8.22036322518371,2.29781476046454,0.919457569653993
8.99706486984883,2.27184690792301,0.794888313083264
2.83044206952968,0.496855446265676,-1.25939752402654
0.825587091143604,-0.32263237618282,-1.00658748701282
-1.72314889590644,-0.903951537887689,-1.05181199840714
9.77586115003877,2.16011181364871,1.35240833424326
5.77539390983473,1.42096128267504,0.384502330288885
2.22102678217616,0.316755905810576,-0.216862705403094
5.25190611257911,1.44650949585006,-0.280271200395685
5.90614025909518,0.892589881930528,0.644004154571529
2.4447371195773,0.478745101778245,0.0148379281061248
1.06876936785646,-0.276335064353687,-0.403161478540284
4.4281762276351,1.17471913545457,0.744840290167944
-1.52497014297897,-1.88872897258754,-0.276145548693763
5.75870138789973,1.83759957094963,0.000922686658723852
3.48244822055882,1.02804487346331,0.351116697440573
8.23084041555492,2.97800678166793,0.636802035245027
7.1233415618382,2.05220945615934,0.741391728649963
8.08428188034051,1.38489195582269,1.12949290282556
4.92200248182545,0.224020427103437,0.617563896977408
7.14662546271876,1.28982286607892,0.891256063450411
1.52314377406119,0.527977894836283,-1.05852844534211
6.60727804355138,0.743937223847426,0.525254420633529
-0.565064204982791,-0.31318569821288,-1.19457672260415
2.92054023708438,0.138007074816461,0.369343165514025
1.38682679101012,-0.249061052476311,-0.526668936345543
9.32732143007078,2.92681976626844,0.525932884110346
1.78276791401789,0.304083667163271,-0.17450034809506
-0.0349486613829357,0.170574711235759,-1.3405877395509
2.07271063449265,-0.832033950158069,-0.058579659557275
-0.276478153391189,-0.77668673509526,-0.122204241376344
4.86506419633206,1.87717012832886,-0.0637497908068
9.52089647371928,2.94130487575777,0.784072732126658
1.96284683899205,0.442966488231558,-0.82139746532611
-2.49933599158943,-1.35089888856665,-2.51510109867338
4.67076298564735,1.32053283120145,-0.157317260931591
1.41025922410647,0.0779381059970271,-0.196352878843484
5.77576556300254,1.43710210967776,0.425905494900875
-4.07748828462742,-0.79276042364639,-2.3028505159157
-0.451194493554758,-0.378074135351826,-0.727530428043116
4.73355828410011,1.43734105805413,0.222504817778707
8.14546856240378,2.19101995358099,1.16170924248981
9.01131535573935,2.61569619619842,0.953977818146991
4.32718524116081,1.1636118215657,0.17024521638446
2.40712985082764,0.677551485706098,-0.53409624390853
6.73970285423489,2.11540174977543,0.810154781173594
-2.74496886688761,-2.19190381515712,-0.922162381990791
-0.326006196030045,-0.567070038050108,-1.34877161172474
3.37057290529586,0.222721687510694,-0.465558499984613
8.59936236374966,2.1945588281407,0.613173468465528
7.72256870348956,2.86641579079873,0.219465385015533
-6.90246979098363,-2.73681798206551,-3.09061387064781
6.80346848390269,1.80498848884611,0.610543781622929
5.93394999444602,1.77886719682203,-0.197164242475543
1.80127289468053,-0.0402933247005055,0.0923695260471413
6.79691540520298,1.94492711887164,1.06825181208733
4.63972459234224,1.51058889041542,0.04823556781888
7.30458037160847,0.957628866648105,0.864176828562509
-2.69760402182527,-1.29176218787485,-0.049562457856826
4.55609028636773,1.71140390416027,-0.436601091011332
13.5516608732254,3.76207358768788,2.03678667777488
7.96216040041964,2.55868478069108,0.814955652370997
10.5017007618863,3.50667503202159,0.981744638389197
2.09308773229904,1.23797497703262,-0.651148758503707
4.45533211065108,1.31489028267757,-0.37960185219978
1.22574949380237,-0.935994179757142,0.593219810226253
-1.34190493140815,-0.481710730281358,-1.17126574461832
4.03529369009687,0.801803824804667,0.0660496591065663
6.87032266246619,1.82665782902397,1.17871826179076
1.75949329836003,0.392168138468676,-0.56889264981412
7.28715398492482,1.91668671920313,1.09677045407526
4.76928738532689,1.07476087246472,0.136368297868072
6.45636097471248,0.699931582999269,1.23556433604222
1.51423129485699,0.20686463853599,-1.14014354841609
7.62752015924904,1.4636614169848,0.982630118965531
10.1295777549382,3.33762692666565,2.21274552506533
2.63865303421268,1.08553390632854,-0.875438459040021
-2.73808047339747,-2.36522686552773,-0.926413720853855
-3.87742883832507,-1.21712257906715,-1.70302627493466
0.931030862787644,0.248662428561893,0.0272928138499256
4.92464467689114,1.02415703481782,0.149248193435956
2.15153148260434,0.644074361366078,-0.41462533713183
-2.64834233575223,-1.26057800999548,-1.51152526754386
3.06140828665366,1.21983877658296,-0.395877246369792
11.5590930197564,2.93046849844322,1.88331892553887
-7.24570867512263,-2.45378414152936,-3.02494951034355
8.62502325339155,2.71065377397907,1.51895884200723
0.131281757679371,-0.0263829430082455,-0.902685335613579
5.74194559385574,1.96219679626916,-0.0846844473643902
11.8709936451622,4.55781565194473,0.97852617959935
7.26382278499001,2.06919202631077,0.664724558721838
6.54116065880939,2.16780493822358,0.463336972385355
8.79950967668934,1.77361770025005,0.990433540769515
4.92780445683201,1.48159222093021,1.1139622748607
-0.122063155246417,-0.662555671991104,-0.0283465896277937
7.3789449718077,0.757863710835002,2.26730601026278
9.57020172973295,2.53267884734161,0.233359287208782
0.230727234815533,0.572436577175214,-1.56327096486637
2.87712802719896,1.23705402218133,-0.100174692942572
4.71522444130525,1.03048727420898,-0.106108163625083
7.62203754246298,1.91446404451872,0.786692397600809
11.4304937280724,3.37099677779622,1.25960238573747
5.45019377037148,1.88841774242294,-1.0872802647781
2.95534505736594,0.521460181239985,0.0567183260398244
0.751865040499776,0.199960695738103,-0.443561337171717
9.89847759760239,2.57513505915457,1.80051297102809
-4.06242004966007,-1.52474737136949,-1.28273537531861
9.7431626250071,3.33747883432305,1.76156202134212
7.17330167770598,2.49466187793756,0.632844200894609
7.4350183119036,1.77775042888847,1.7239061433461
-0.666162753413141,-0.296683240686163,-1.23353793253837
4.78019365435315,0.861549156864951,-0.0728386286663226
-0.476940257192228,-1.05474463006636,-0.242657316351133
4.84295420084478,0.704308056228007,-0.283248559989395
14.3390665324676,3.72636907608054,2.56177402177866
3.08499747624666,1.03390006533676,0.333429361287761
-1.05607463537131,-0.51054016482984,-1.93144419675435
6.13985790364072,2.6884534225858,0.0763583797556803
-1.20071135579926,0.54957350855565,-0.890020327074879
1.53348779990712,0.212142875537819,-0.183295622601891
1.40453139452203,1.0950294754881,0.507606071469898
5.06166805218466,1.11856117604071,-0.0335720215892538
1.33091099079745,-0.834648822781317,0.0105286240838823
6.91677171542205,1.8706288516465,0.254499634107237
9.20810416002554,2.09805708152981,1.70607192165724
6.74685158068298,1.27847556156891,0.53044478128934
9.21039129172138,2.25918019932331,1.56233182860196
7.50024692905738,1.56337168856084,0.832461474843046
5.0653349599686,1.87590933784815,-0.0161426006779833
-0.00583299717350794,0.323549863350617,-1.94878385963083
1.55162955821655,0.116263782791884,-0.113049105402077
7.04015594226832,1.55151161347775,0.803798045917688
1.65849947842596,-0.163652735723851,-0.0833696935865647
7.0101038004904,1.78083302029627,0.579260986018973
-4.36023269070901,-2.24755068858814,-1.1754205282917
10.829923179543,3.50988942827635,1.42094649810461
1.15867276574214,0.346709286021486,-0.527983649368577
5.86492169448745,2.12274174216806,-1.41251677376439
3.56067776866538,0.77522769528862,-0.175381660748639
2.35222618976704,0.422090917645464,-0.56666669813455
-1.53911972759194,-1.84374935964954,-0.724781687053012
6.01808259372898,1.84223089955188,0.600597494650286
5.17371174244121,0.92989490543916,-0.370677434409028
2.1373726406855,0.61011826210407,-0.19326657545674
7.73564516505943,2.27790395198759,0.76228170981412
3.96966265221846,1.10144577261484,-0.415168278947693
-3.93482317645484,-2.0975822799182,-1.67780118999284
-3.39922776477739,-0.15452352826286,-2.29449177472887
2.97123997448264,0.464654549611027,-0.826862435594283
11.2179353868224,4.00794924618214,0.90995252820215
-0.893497325119175,0.200692794323754,-1.2569166052092
2.87142879064482,0.66482062109925,0.193778611663528
10.3432393979672,3.43467728345056,1.15706218635027
6.81330769066296,1.55640974462121,0.711305292090361
7.33198166119516,2.3628039021608,0.520594990590069
6.819857344892,2.1007517187974,0.985912364353208
-0.765642296529575,-0.0497895690455479,-1.0525305494245
0.830283593101678,0.172040306418093,-1.31744764684245
5.69423027689286,0.999804422368188,1.10663262569279
5.27456852087036,0.901907719174867,0.252801590733652
8.76251670504597,2.85324764730669,0.223361157716919
-1.68902616970251,0.125827826644037,-1.12538043791703
1.4820591924171,-0.232647435045349,-1.14821610052341
6.54162932525373,1.61140431127774,0.388023554131717
10.8046878801547,3.07468322498849,1.60283257318907
0.0591244643959613,-0.589554387768097,-0.627770153991668
5.27831202393144,1.15589951304267,0.517804344113753
-0.216346197876261,-0.574444120944623,-0.0711392674719354
-0.633487066040168,-1.04958652395215,-1.00208367335538
-2.78339069480881,-1.18524821265298,-1.83292624633297
-1.35866285367965,-1.13089137874966,-0.884097495441277
9.98293092211915,2.79984517913664,1.74141856448024
5.39363063439559,1.81746506030846,-0.157932573166903
3.07177990679264,2.12328815672828,-0.790668302530317
4.99115676365009,0.760679118436507,-0.829535907916152
2.08695786969271,0.0523881080898629,-0.329600401384393
10.8247549439623,3.21628004421966,1.07081973524816
2.29373854526255,0.585157016430523,-0.236051233165647
3.91440672655205,0.562175004228493,-0.0315024731583072
2.88227504358758,0.824464700494442,0.365860682782325
3.78878538215189,0.558012628323669,0.0983585371420335
8.0216627100877,2.22321202657985,0.254380572867183
4.9789400261973,1.36060445781282,0.00937332796396939
0.475220584643447,0.337049586589751,-1.34643350825707
5.04770535111307,0.682026150137228,0.48493544974884
1.8293354433095,0.685390380748652,-0.820648045280663
-3.06786484409413,-1.54528035324542,-2.7082690824819
1.54765571723295,0.299326341312404,-1.18026683211734
1.60299181273301,0.270683139439537,-0.637682628384507
5.47121408080013,1.11344760818136,1.23568430136568
-0.622715483417673,-0.227277793950278,-0.790480684614214
4.73496629959078,1.46659297730806,-0.248553517651143
7.19316176703246,1.98737860736062,0.790232182176109
6.41241658503036,1.36717091699042,0.612453726707273
4.48719663042183,1.75701059359107,-1.00378948676591
2.4182010361571,0.903170578579474,-1.13099589692422
-3.5099026866217,-1.63447884918452,-1.21264802653068
4.68004448280955,0.52328604499875,0.303768358249734
6.06980118973999,2.1582319310395,-0.551718222212509
1.74928193678423,1.30658049237753,-0.933027308862732
7.03089632230771,2.59189159879565,0.780133421432285
0.869630600753635,-0.0219614998563142,-1.62354009849047
2.941148362246,0.98748345480774,-0.957520567265162
-0.158501545058806,-0.707908862380078,-0.635887353833059
2.25750236870649,-0.0379536650734418,0.245542469116472
5.84271299270394,2.09255720736524,0.855782276683912
6.48860292160038,2.31812145631968,0.0740473433380682
7.20553625030855,2.32368597342587,0.536223124701894
4.19597012098144,0.736775671653567,-0.0544602560820545
5.1036103860481,0.899537114969208,0.60135539574322
-2.86776645525323,-1.32484482778927,-1.61222174487884
10.8880837323576,3.81626289750875,-0.141860406641575
10.0825187975092,3.54405918371663,1.55588233766958
2.6248185818796,1.02862924431534,-0.0801081489812523
6.07265541479126,1.96379322948488,0.39633214161607
-1.0283265916022,-0.294851913722298,-1.26064346417175
5.72011290806253,1.32179165221984,0.549829664528645
4.98063152858051,0.662196472650214,0.804877465137969
2.11361026683251,-0.339976329967334,0.614869243346326
4.58686257465415,0.619931440676816,-0.509654321455628
2.77048135961284,0.549897726218245,-0.795827815740988
9.45256136062244,3.54987900774095,0.931257188727923
3.34157445170239,1.22868734483104,-0.651969412892968
0.580716618398058,-0.415383824839132,-1.29902029070918
6.23244230796013,1.6460738454838,0.757913448464862
-1.79894259671365,-0.806279279238992,-0.428444975956734
3.28263935589936,1.08270221485277,-0.435290262030192
7.96723642659187,3.05483689644751,-0.570740372296968
11.7297702574044,3.3777194388247,1.77859268640792
-0.690311068967492,0.0169540018938867,-1.50472068207671
8.13891112677599,1.28360737978135,0.00878792356394532
5.23874942861689,1.79389952331426,-0.365017565997903
-0.729033871234835,-0.608548908180916,-1.13789201631513
5.83684824345639,1.78728699367737,0.174880452752265
6.11088559616253,1.59903889141054,0.994241673078848
7.45863729654299,2.04065802542494,0.607158758908481
8.32142200089832,1.99820076286265,1.27628921285814
5.83458542688032,1.97249538040603,-0.0530623728771422
4.46671812841305,1.52230535106505,-0.36638147424787
4.40144894166832,0.615941958539035,0.880730588962295
2.47527956201402,-0.0371426076354577,-0.0446230641937151
4.18690781264584,0.106519650237078,0.033950134818636
1.54995570133848,0.195727124976632,-1.09106188220068
3.66698440606196,0.382397823858114,0.279258067889506
7.89477558492226,1.86288050546633,0.884788187229064
1.37930365387854,-0.447578055253978,-0.0210745623123262
8.52342797511419,2.8451472409653,0.173743643603714
8.09113955974404,1.38407169426169,1.19940696033251
3.0130878254711,1.18462966078391,-0.182377788051863
-1.27603267880901,-1.59599993523775,-1.30330796170976
-1.02421465360516,0.0414510837038659,-0.767354476862817
2.67730413748066,0.698442408739082,0.0516672786490944
7.00027255755922,1.79047308787619,1.33425126932496
-0.656413716938024,-0.697647415878111,-0.564768708699648
4.15882946177698,1.25010133266917,-0.661862831582416
1.63640382244627,-0.0300066471847928,0.336932836835839
0.967765295226877,0.163621160834698,-0.44710542666665
7.97112897045297,2.75029384277793,0.0305779892472685
6.44037029625517,1.13031918737377,0.0817538634185788
-2.5491223956404,-1.23831505918766,-1.42323909177653
6.81604746488093,2.07742267337423,0.225628149367709
4.7218103510737,1.31762982537173,0.491314511042098
0.38598945201578,-0.0920896322415211,-0.746016895479859
2.48516940187466,1.06455845213094,-1.39137750390498
10.6037808537857,3.48066470608054,0.217534545681969
8.71524608067179,2.94825371871294,1.26348420695095
6.16418022981283,2.38866719405615,0.183814644526141
5.56275288562406,1.81229170694832,0.0607162626692462
6.41529543110291,1.35058051162188,0.282400154512654
1.12111026718738,0.716885146369467,-1.08284690387751
6.29065254757543,2.02635153876621,1.06500437587242
3.62992587142699,1.4551039083266,-0.747367380096385
-0.626491292335898,-0.686459646490398,-1.39590411378695
0.734673975301801,1.48638627792305,-1.42848222710429
2.32223507464676,1.18184477117123,-0.621865409280432
3.9961228605365,1.39198555681283,-0.370596920354905
-0.679354893796153,-0.841803711724091,-1.35291114093813
-0.761152704657904,-0.343350652070175,-1.15687129479344
0.528760561249879,-0.147895121838496,-0.460861991843355
1.18624299715724,-0.157526362541863,0.39078774793546
12.9078622902425,2.66336853928429,2.54019135900769
-1.56841692412328,-0.279614721613265,-0.5962687663636
5.03594446257281,1.98768721024744,-0.13391904165343
15.116760728343,5.60187358738047,2.28295572536696
4.5013681786654,1.24297920457266,-0.0271901987506273
1.77193174367389,-0.277949017228129,-0.468501561253193
7.88120721126122,2.75283329401384,0.573515141585341
8.8573649178964,2.10490871626536,1.02264154440694
6.04668777348396,1.73658143942481,0.761444992689898
-0.25994131655761,-0.739134340266998,-1.45749804596426
2.88343860771332,0.866108237327437,-0.351772296262053
5.25211844309901,1.47185771374288,1.05523669376874
1.68915940369949,0.622220833177192,-0.959702372804084
2.46473788447041,0.253472312007346,0.361570777449502
3.25687225278818,0.432814970397381,0.122935369321872
2.00810426983664,0.882934668608721,-0.879322977721416
4.07205838287929,0.416102446975027,0.967416446481188
-0.0313458808276116,0.0214773187642662,-1.30965798218611
4.45213714290655,1.56814017914133,-0.484989400141762
4.04572396257937,0.811038660349402,0.398172885377475
10.0954068972287,2.99368664136426,1.55018301354187
11.4727650046953,3.49206985404202,2.8655874889982
-1.64757119944277,-0.508257560731445,-1.24452600551625
-1.98764281589502,-0.675914487776137,-1.83667243661131
-0.4848265564837,-0.295798899281445,-0.953967367265484
10.0864938041317,2.74414920448219,1.48543043081474
-2.82771300981304,-0.756202755076522,-1.77662746663961
2.55270178698287,0.584209266730705,-0.516311499259978
11.6208433873129,3.60004237651942,0.805666133356631
1.36643808731923,0.536273050680573,-0.231901001579584
7.05123268650362,1.91848260952781,0.0305763692651162
8.64363162934995,2.64687393786581,1.14413607122534
6.4098270353251,1.61678472410112,1.81757895479548
3.96632097714766,0.913026696539019,0.497182939787428
4.24765816786014,1.69204699470197,0.36949058023547
5.64566585905441,1.74644696030698,0.200171857086473
-0.273765169535304,-0.76107195711333,-0.611724923533933
3.18682807530727,0.121572484487346,0.435051769437238
5.2484737961839,1.39145425044937,0.22071702873345
4.92184167656579,1.75891604848808,0.167693495954292
3.05820333734548,0.951743788033843,-1.5587696192929
5.12421619700665,1.21071225225403,1.10665592694718
-0.285481421015262,-0.220274901432689,-1.19973139233016
5.484993359817,0.63068876061905,0.322539347732121
6.0069686655284,2.19562802741489,0.256492553824448
6.12567760302417,1.03042686362699,0.308625054167406
5.83228434736202,1.02075110784811,0.545535922347744
6.92525633630042,2.64447384760033,-0.0264292181669417
9.43412928725354,2.32278828535892,1.15319361803904
7.3492998850266,2.11042890551648,-0.456601906784397
3.12803100511841,0.67988340236101,0.177687697139444
-3.53879444149421,-1.02677756528289,-1.72577538162025
4.19258097735385,0.691230959864255,-0.329253065654772
0.851566528460976,-0.478701731379221,0.497745716623117
4.35806373931689,1.15456115308561,-0.0669295559887817
7.90218829949198,3.02833276044534,0.497377430756305
0.154989754169748,-0.169969673161853,-1.05229011251102
1.71001308386089,0.166383675652818,-0.698132450102645
1.80220274141023,0.201431384496151,0.0607283234326332
-1.32512316550031,-1.42535937019129,-1.58023733021126
-0.462394624156616,-0.344570782678269,-0.394418414554908
0.0750909462283957,-0.417552389944774,-0.447138180931206
8.106117260062,3.09916132456516,0.00381632274674473
3.60007594185621,0.518575142237061,0.710015553535071
4.02351482830709,1.11220639158816,-0.223781225924362
7.99010145351418,1.77819495292915,1.6460961872568
4.95252292290491,1.15462451412899,-0.141209352384913
7.11195124061985,1.16443347742332,0.901564927231546
3.33975198903113,0.0190114381096209,1.34042026431608
6.22527886449896,1.80318453925253,0.945756910781031
2.1294130607472,1.19239299882572,-0.0660843388534218
9.74063082396774,2.53536630142926,1.71606252829999
5.30167478468056,1.83793743255636,0.378677992698068
11.7937534416173,4.07447925338162,0.804255684855232
14.8835327693345,4.52821898571567,2.71437947178823
1.8599832178893,1.07363029643567,-0.655726734708527
5.32261799584264,1.9395596783917,0.0198399193077306
9.56466067198126,3.06839083956784,0.570573698309696
3.3909857130841,1.46342959709761,0.226207847267833
6.26398803317846,1.75066498869094,1.34191282544504
3.27822534720325,0.567700599080699,0.346281127772631
5.88217370971208,1.49253399268104,0.206542696334477
7.55074048840517,2.31325971531859,0.623121728927577
8.18811448764779,2.96230509813983,0.204022183298355
7.29160512294048,2.63026834173787,0.821282286062955
3.14758161407699,0.955667463305643,-0.405351523545034
6.24044004369599,1.92147364771393,0.753562194652097
1.50341782098528,0.0785607913632869,0.284859418307512
3.04648287693844,1.29499017907697,-0.732694028974141
-0.582976137875592,-0.813202764354204,0.304127540998354
5.50080513958199,1.70796864659746,0.0449461113859439
7.24176631679511,1.79441544981607,1.28167552377888
-2.54823843344265,-0.804976637004547,-1.74864796973918
2.83674676854839,1.2465751574629,-0.433651994115288
0.0672364046394738,-0.999295337062114,0.0525062008690696
2.29865150998043,0.522303319911777,-0.466965492335031
2.99310206876399,0.530225006919095,-0.292417890746973
0.55492362539633,-0.403689076083507,-0.541724557643945
2.42781407625433,-0.0290518492636734,-0.130058372105048
1.14026309543507,-0.0453210443603431,0.197150242567001
5.25798152116789,1.27243261580318,-0.209070374290648
-3.03787174336391,-1.50145425222742,-1.32449180020733
-5.03733688459778,-1.84206851955047,-1.69786266724881
7.7085337712319,1.96849051752738,1.65669668049885
2.90491836214902,0.397659562358384,-0.0924741791625558
10.4262666680681,3.31566380300474,1.53761198739199
6.86056532740283,1.71294937398725,0.551887002305166
3.20920663495539,0.7498142355516,-0.358750751489683
0.727296689134572,0.0589005259415821,-0.772254610012732
4.2513883278937,0.962680165460266,-0.370631870516477
7.0497045077244,2.49244398930772,1.14880593746452
8.22319624052373,2.06281365722266,0.615114792426605
3.79894268590311,1.58729184068737,-0.160860927138875
-0.231011834435537,-0.193736693676816,-1.23915699026178
7.08948221143249,1.40904850422413,1.05142832336458
6.61288593030877,1.81807356655762,1.56821374796643
0.731847505234321,-0.352507322423533,-0.224605625523173
0.42017970740714,-1.03776566171804,-0.76545678908271
-1.74642970903101,-1.05399451856024,-0.536034983450465
11.4935684863127,3.91442153352271,1.34353227953141
3.13637886781127,1.06549700934511,-0.328459509474466
2.43800598093825,-0.0357008190578576,0.428364245351563
9.98762893448342,2.52304186263934,1.08088938691583
2.39827468676312,0.265022084687261,-0.273953553349435
3.23964637902715,0.645512036116249,0.0777436260659957
-1.01531082824792,-0.1957755458097,-1.36103154135373
7.39648847548711,1.40506568057709,0.399450990371844
7.57949160189637,2.11592907880878,1.02126767508458
5.03970814526777,1.93705706750658,-0.0292622381259779
10.4718443735528,3.41278161561857,1.43811046846039
8.64716675645759,2.99794039889879,0.822423670681389
7.18200751706625,2.13534345275593,0.868834757770097
8.27613542044737,2.43097938055714,0.973214855195857
4.99318228171243,1.82333215247984,-0.215316698413992
-2.88906825686349,-1.8736741582074,-1.234403347488
8.12282289758664,1.90456275298321,1.03940177948895
5.4498100402534,0.950664469505691,0.182842508671027
-0.944904520351475,-0.854825368211783,-0.529684451348457
2.22193237781882,-0.12789294798413,-0.0349445019460113
3.50614924122459,0.961378017770131,0.189856777057414
5.78916576104969,2.1449799304431,-0.135822206905615
4.26437044194933,0.337400505828827,-0.774437029771252
2.9573530430651,1.43771556718296,0.161155959012239
14.060432289022,3.00170787043872,2.34224172699978
1.15180083286941,-0.0942131732832736,0.26497446964599
0.734062210738011,0.733690107782071,-1.35033231558899
1.46629978128346,0.389289964399602,0.258153262937903
0.0316604666524861,-1.30632757768207,0.528137824059317
0.604865189924099,0.601366614584908,-1.37973949500732
-2.28235221303041,-0.239742469140793,-1.71166119339142
7.17297261252417,1.61422116637944,0.0644015712481786
8.61054682412945,1.16066173671969,2.19208323790267
-0.531931290270827,0.040576382257561,-0.798402438369601
5.55583208318815,1.34232415391492,0.466526375142574
4.75481471223297,0.807669700007257,-0.329755304746129
9.08917038362387,3.04000788423165,1.67639093925297
-0.675808016310029,-0.735131386215028,-0.875313804734891
8.62785449418132,1.69460972532572,1.44332465653738
5.16368538730927,0.471170934229158,0.904730651456824
5.34655662924378,1.75683006028181,-0.0549130605690743
4.50190330484692,1.64920068307579,0.497133717751566
9.02013509730994,2.23660431788957,0.900005629617577
0.539278842087175,-0.272886715376258,-0.280657706208048
-3.49010939156644,-1.49250340172727,-1.14848560803249
1.27363171793649,-0.17958454751051,-0.665469292716111
-0.811641784906297,-2.0792873855535,0.297704213283152
1.64032470405594,0.204700472454446,-0.31681561597263
1.10279559537079,0.192957639291134,-0.622550810843417
1.59267091872458,-0.123470423639929,-0.140190157565551
5.51555872051155,1.38527247384243,-0.652165828889416
2.45091674219534,-0.343596789307836,0.0609573728561021
11.2221856791434,3.0781795073265,1.59571819626961
5.54253679561729,1.02476050097822,0.716238629363217
2.86727482186014,0.218128940306458,-0.501452896905007
5.4807085662057,1.7712396969296,0.144414734121114
5.89311346509151,2.26225799567363,0.664388444369831
0.40032201922896,-0.517469434488041,-1.32123272415627
3.8837439503337,-0.091661495991215,0.598906006195431
-0.572853285333245,-0.519354395810923,-0.844664575781789
4.82576232684727,1.76789742666353,-0.0560962405527381
-4.98887974223915,-2.7303619460136,-1.14853858372391
8.8959139754723,2.86799131605229,-0.265970900337246
2.48759361356561,0.548135100685572,-0.608601301077148
-1.65364198796627,-1.0123457207398,-0.537405632303019
-3.82812777399845,-1.60283535444851,-1.72599001264559
0.457901205688431,-0.274851113847305,-0.959811475194238
4.81731646295999,1.28843229020162,-0.187604658447842
1.54883201219719,0.274115044655219,-0.946956514788741
0.328785823444621,0.219547506377668,-0.0356115318404682
3.39067977822991,0.917101145261795,0.117509313915313
5.97653377133212,1.61277432425959,0.259321096737686
10.3006413415032,3.31854613889112,1.17441620373468
5.10415930133893,1.31126306642129,0.380380182511
10.3044567182243,2.45687707027071,1.80563269892113
1.7908504773988,0.326818358914827,-0.580685436755259
-1.09270079466402,0.542548411612556,-1.33403590913254
4.37882521738745,0.478072823260967,-0.211611291930533
0.74990308016211,-0.386509618800389,-0.37277720091582
1.12718981060553,-0.0745612358572517,-0.745438523616153
6.31910030326834,1.39912505519604,0.6958989404884
-1.58962256429238,-0.896997145718222,-1.81554015985047
10.549606431117,2.52543215138448,1.1419769474419
3.01635537357025,0.988799784478731,-0.554745240294153
9.48780886501206,2.44545289178308,1.53041014887721
5.1641305254152,1.90015197525195,0.0448791366695595
8.4129874951972,1.69442454126481,1.24872335005164
1.66286188027322,0.728209722825812,-0.0290244505004521
6.17344371112256,1.43276716641314,0.876743068084885
-0.738902375650048,-0.556551124581819,-0.499976043322733
1.15824872050293,0.0534952301688606,-0.21165754750101
-1.45583090167112,-1.17527949305618,0.142311896779678
0.304908600017007,-0.143221257512618,-0.626447887851145
5.10980413246473,0.844788561849131,0.261109552233371
7.48807673786471,2.31572601422144,0.856757744000904
9.55699455838876,2.61907549242736,0.387141653285089
9.44488357341339,3.22260350977737,1.02208073969385
2.71871285227241,0.750725898701169,-0.893509953375385
5.90217790358589,1.81235912064819,0.10206197272751
-0.745170899217509,-0.37069850961843,-0.554553563532225
-3.26628799303666,-1.93694969256908,-1.32974812896227
-1.95985495858385,-0.943557293171159,-1.93249652597948
-2.48764656721758,-0.39534847926086,-1.40149029168549
4.04950403965618,1.27499779933346,0.659288911013171
5.99316507039663,0.912060235906368,0.822210212313856
-0.843870632162002,-0.12881355850583,-1.58445796186761
4.10344497655028,0.967260285926052,0.257494940712066
1.61215124481113,0.917117722834552,-0.534335204237732
6.9736991606047,2.37525512484121,0.241707622192407
4.66327697879322,1.3992853319314,0.333344306500596
4.94511019473618,0.825082073956181,0.763651065768874
1.38157301730443,1.02675602945166,-1.20091652727695
1.11669029419507,-0.349605007304336,-0.374281015038043
1.1745705094685,-0.597179043346802,-0.236976814157123
3.22361761577949,0.609932027116474,0.611700490933283
6.63872026113442,1.54387593347663,0.459988705409494
5.0032909019376,1.17812205357613,-0.688105698356227
6.08382810799531,1.53601424670166,0.241590078075179
2.99619824965254,0.842908458209766,-0.600508504477328
10.869546462257,2.6318202799531,1.04356802002342
5.47865970180478,1.3303460586432,0.161587627493837
1.90401840243754,0.65407770225859,-0.131553175909657
7.36898173428826,1.85529612027891,1.86701180525092
2.11824169449096,0.0789410238157713,0.250381794553979
5.65376867167032,1.55388795579466,0.859697524603052
7.07200810010964,1.57366577354068,1.85302292140988
2.84039567029787,0.045078942701327,-0.43364283362572
2.0776477865499,0.330878385566068,-0.19773051954442
-0.00115789511470167,-1.50739805403307,0.605797768320108
0.388854049753818,0.182862227421829,-1.10025972168599
-1.46969747132096,-0.5544980091169,-1.30781557610574
3.92373793142301,1.04916582746962,-0.387028736428902
2.54470622998822,0.594577193390657,-0.568760522475117
10.3571249034337,2.76954960966922,2.55708296466909
6.05676774069611,1.31148311177213,0.0774912688826431
0.274386873645234,0.0470207602371898,-0.846195013109727
-0.539997420780244,-0.220518540355359,-0.724335288964169
3.6338751629632,1.24010811293612,-0.205992701035897
3.05946008636874,0.0333998752885608,-0.228700652212306
4.91692163881754,0.981846913589846,0.397378559903238
5.74049528441931,0.126298962346318,1.29568159393466
5.36949327641483,1.98326630591112,-0.386604808562996
6.577661321904,1.92489280918543,1.04978635862425
2.97135319724673,0.661919392876935,0.427396676388427
-1.39084969279414,-0.60034255442764,-0.683771271341499
-5.86604932906422,-2.49745398775821,-1.78946844120238
7.03676379060094,2.66327352468504,0.388250944263449
0.551376671471147,0.620210611607902,-1.33645940787634
-2.53089441753478,-0.0780967358023982,-1.2599775861035
3.57839693891439,0.873329439100488,-0.334355277781762
5.92314879966911,1.49356118342776,0.0730558365249035
5.19495403943983,1.46204057208841,0.61888106833811
0.531932094636193,-0.161223140893729,-1.50710874860696
8.26503974647812,3.05307763786322,-0.285295902632957
0.538541459075757,0.618957347638724,-1.3082350066158
1.005226029074,0.102230017400527,-0.88658869789065
7.1129209447644,2.54152935472384,1.10942548488498
-0.667019898497007,0.43263485604013,-1.08695176160054
11.0169225077523,2.67310722266174,1.74669538425127
3.43706225995602,0.898168061354559,-0.503421873714227
4.19889686734608,1.12219122308112,0.158381194935195
3.05668281320967,0.71427263564554,0.482949368262019
3.03688723456603,-0.219283793783789,-0.0505028258379813
-4.74349234810662,-1.45603502317869,-1.81649381977544
4.26054189082792,0.624844962292586,-0.166310307373754
0.466002151427239,0.149210237549584,-1.32230582688739
4.19241231034865,0.579362879338453,0.154880434444432
7.36907849959846,1.39634628409426,0.365658775943484
3.03805281328833,0.913572580654686,-0.0125714561651197
-1.74066100464218,-0.771259769401315,-0.870948035872168
6.7277197514355,2.70971482137052,0.354605350358977
4.07477620168143,1.14229395230633,0.130160697690246
-0.47055855686153,-0.140332267549131,-1.6800705563312
11.0064257654061,2.48073531882634,1.59099121735524
3.96661448018677,0.788341483669257,-0.655535977202399
3.06188680810148,1.18013695575562,0.0626033483258084
3.48095418030634,0.0349500903815856,1.56600949025662
4.1983989185219,1.64147822690815,0.194226941217329
4.63004765839994,1.09231280010817,0.267435374121018
4.92713418844058,0.77327899462532,0.687351742281137
7.80339915144973,1.58078529908133,0.983412072367514
4.8094886230105,0.884016036537731,0.249758497754051
2.90602692572533,0.705237236871705,-1.01338946927112
6.90798908222304,1.48547746091854,1.23207570100455
4.05137419029216,0.817542502186936,0.120160345394254
6.57279398693966,2.7227507046757,0.660395990478927
5.06580421729683,-0.0226789006978607,1.70028881224645
-3.15784127787447,-1.63679855036269,-0.982639745919169
6.90517609387361,3.05443671444215,-0.259429798742095
7.94341529979866,2.03164023774674,1.54188235914561
2.53166027922387,0.678326061922889,0.23850079364019
-3.81846379504041,-1.2105146801069,-2.02911978441893
10.1943947410724,3.00345535072877,2.34433840326941
4.87940716725624,0.468888839837953,0.195908643083731
1.59169217830329,0.0644818843064701,-0.0418641680547471
3.85623678151907,0.788514070303874,0.0439768421514896
2.18323025140757,1.18905214243353,-0.0156683043930903
1.14021956526262,0.340298230177303,-0.59253290583633
2.53390217835055,0.66801407618618,-0.663611589054287
-0.699316929968243,0.175640397929772,-1.830444407904
-1.46851991500296,-1.2581762785067,-1.9048013281786
5.98742825967506,1.86450688431793,1.07858221477601
7.57790649695514,3.30068691978159,0.496937835440543
-2.51238032291651,-1.18982731813012,-1.44173003960614
12.6592384543401,3.62487109510757,3.1093185736516
5.08322688608359,2.00980638975626,0.346795139958828
3.41822039593957,1.21533197001909,-0.0451501537636874
1.79683736965145,0.0999010358412599,-0.184308363303212
4.94033125060133,1.49812663062633,0.190577456694373
-4.63630339538434,-1.67030881833868,-1.93197952526392
5.21064621598208,1.4671311981332,0.517933864904114
6.20471560571782,0.924829878456954,1.00156073384785
5.89605635287876,1.77490098955068,0.956040479874124
10.3139651854068,3.14670668648239,1.37963683065842
6.08085591141465,1.70451618482985,0.149400473177145
4.61662642665359,0.21399627934692,0.563468633529055
9.0252355630321,2.49105152902028,0.852739172980428
12.7648405105035,3.2142952823361,2.41710955446681
-0.259135797584949,0.355045172422958,-1.91504104052603
3.23958487519665,-0.264215338852702,0.0558655724515159
6.81158355429713,1.41884881222939,0.428438013903616
10.2014603501811,2.47439849735326,1.4889706060583
-1.39655217274921,-0.868473824307785,-0.63001171972322
-0.530035159209469,-0.940212545701633,-0.910937791467071
2.6346784977828,0.64967983376268,0.380947490386098
7.98598189209572,1.89658726363143,1.39708846497001
0.833250742804922,1.08700698540561,-0.699074886709549
8.29123225110955,1.79385619259069,0.681814371986039
6.23313924716924,1.78520668812446,-0.1226210118433
1.91092375126754,-1.24505607928626,0.547040849277211
1.01838883964126,-0.580161450570258,0.294502144110275
-0.206348327402619,-0.380358657449835,-1.25924332133183
-0.353655101728401,-0.328785080697826,-1.03290391333251
11.4157641674942,2.80984302856638,1.38179367425657
-3.43676540451793,-1.82003916748862,-1.71113088692652
3.28913074538708,1.1501352770035,-0.308165068769413
4.88498808664353,1.18555075509868,-0.205296688858516
2.4017581989547,0.80949493457032,-0.26037822691501
0.938302611336984,0.272744587074214,-0.89965964514413
5.46353129314983,0.99313288891277,1.07583422908714
7.39532785691348,2.55667801376769,0.57829365029755
3.5890464826282,1.08767260753008,-0.518664676164126
5.99492081834705,1.41986654492888,0.636653119184095
3.57155477924509,1.0362784819263,0.0929217478688509
6.2902626486932,1.63355228897854,0.1890603464129
4.26378122890653,1.37205748011338,-0.109724801514731
3.42520152449024,0.990188511807942,-0.158675953292082
2.9461971546608,0.476128071661472,0.00634863626183688
-1.13733918451431,-0.00994162059506221,-1.93871326213402
3.64357081204494,0.313656398526237,0.410703934846929
3.98756254787992,1.63017946429477,-0.332412742005087
2.56108620647833,0.290962834744981,-0.188458911797574
-2.81839741451467,-1.18682186486501,-0.521323779941786
8.28078789557403,1.57788583349153,1.06512652412742
0.186253196676207,-1.42364708872568,-0.0155901164865474
10.2441185423974,3.4240017214886,0.967574263751805
-2.31533481686829,-0.756796067482162,-1.18889507951103
4.90090346429867,1.98406918930639,0.282594899543768
3.23600724448708,0.725175217102085,0.199046406621666
6.26619877373123,2.02209098188934,-0.0754379350200554
1.53739715642606,0.0730614534503721,-0.523633707086755
10.0259026316955,3.07573096851678,1.10649224118739
0.148603470310751,-0.929277365214347,0.547112274732626
6.68524763601946,1.7845424781933,0.825790176890448
6.32708853131393,1.12295892729157,0.191918089772304
8.66946968199464,3.96056146169819,0.898320829194963
6.99529281428435,1.26143870170819,0.687908246987842
8.81703412998035,2.94836127596513,0.150184358368124
-1.86018822128121,-0.709886012166806,-0.771975683096601
9.98544230097741,3.34209852652055,0.514146264775855
6.92862496772661,1.67295464508728,0.639375750716067
2.75860628531378,0.211800772653215,-0.46334433910132
4.15534093450431,0.542330177858851,0.0242392492357337
-3.02448182299541,-1.675618618024,-0.415685072323643
2.38922503740587,1.17241432436628,-0.590431753845858
-2.54577949316164,-0.425962065013841,-0.974810194815073
9.66177300472962,3.22329624353944,0.790644163634744
8.2925600939689,2.65611519060552,0.227724418733475
-2.20091683550917,-0.756968096065357,-1.9817002303243
1.6901830951727,0.997619918027731,-0.725487277616557
13.9767382475636,3.97719128743702,2.42671100204233
7.50863243737518,2.05521722073292,0.675225169322111
3.39730532993807,0.169748666774604,-0.296114996241437
3.1376978235636,0.00654834469817489,-0.110679698484373
2.24821513545466,0.88365412447932,-0.792534068472138
2.99013314145827,0.641786548427653,-0.581371640360027
2.89283289202009,1.04295670901814,-0.483377053262775
-1.08906415567256,-0.7689279551161,-0.662282238307676
0.626265909352475,0.618363853843864,-0.227122006078946
4.45391496115074,1.13237009675358,0.230627044567206
5.08551589222685,1.58689547669694,0.675424994806827
8.95807694808229,2.52796490426645,1.56524048315468
2.53094164558714,0.84773892842059,-1.15124219675088
9.79043944138358,2.78890201857345,1.63143741165521
1.36590010993227,-0.311752142088701,-1.02983429553905
10.0340697797709,2.85553137956194,1.56832008629929
4.38002523004491,0.783003108925106,1.04185517026802
-0.790040273464578,-0.713009288300903,-0.46195552892114
5.33152943176393,1.85703799089933,0.329293697045869
4.00661867411146,0.922028140111832,-0.417201143328011
3.51672563662717,1.01042756309695,0.115446038540956
9.08467822429741,2.70532130234904,1.66088067159918
6.62487397703448,2.19392887342335,1.15732900217269
5.57533272311668,1.68239507816055,0.329620026303659
4.62871545474786,1.63204428695437,0.126832088126177
2.70615806853692,0.524867000847467,-0.108114249078421
13.1732038568271,4.40446223003134,2.04977195268146
-5.24689510232094,-1.87060251837552,-2.06377897815988
-1.27413642846928,-0.646322467177787,-0.919156656298627
3.84971132760838,0.724358740125631,0.207896904014972
5.72979554800698,1.18679843529094,1.53661981386682
5.10510763550015,1.6172380992124,0.315430764855768
-1.85705517213335,-0.415394815475618,-1.19737377225892
1.82114765476775,-0.26082652966004,0.103935436015371
4.30768214800062,0.697266510741183,0.538139152505249
-0.842984366324554,-0.431574361901314,-0.779590437675635
4.36425757996778,1.5117134350823,-0.584685431717809
8.7065951141267,2.29146023185757,1.12789987685283
-1.83097699824476,-1.37387805384654,-1.59956444135153
5.20017683006581,0.50468880049615,-0.0235317678072432
1.17209835161808,1.10911922764741,-1.44430934188325
4.19959894771613,2.05640942531594,-0.553143339887042
2.59810697196638,-0.352482269851351,-0.0841700021516008
8.97898390565011,2.47066438948578,1.21663344897547
7.148367738728,2.84261917543306,-0.755576291131677
3.51612815159693,0.531097913830849,0.0950760741742445
5.73908977022506,1.37814411886569,-0.100222611169233
6.10253480376185,1.97344066809806,0.740851217120516
6.41956095674889,1.851971518149,0.935096828998936
5.79053685767399,2.04572393651211,-0.294230430365867
6.57648030852166,2.04878444682639,0.433245991145891
-3.11866375445926,-1.06283210859432,-0.35899961330068
0.547611880511584,0.319626455787363,-0.795262841792097
-0.696351447506358,-0.342793435290044,-0.894553874628279
-0.769470894854733,-0.729616061334549,-1.02312024381855
0.0423144270647455,1.44847644995857,-0.982995132668862
5.96890066441675,1.02345845098682,1.64093189414112
11.7197421965958,2.83518880428639,2.11028429796447
0.123393382967966,-0.283886718015837,-1.21241338247214
-1.70196713186267,-0.398559289893802,-1.03024536841554
1.18613647170659,-0.860976082702533,-0.069609352911814
5.68692824222181,1.82015893752483,0.476688586692728
9.02638159671109,2.54772102455276,1.34302662593767
11.995064118884,3.56637934516493,1.17761490792173
0.512923469605583,-0.451185141010714,-0.434270182010499
10.5155439518782,3.99054235893474,1.22611290917936
5.55893322094174,1.08713606054677,1.08206922801287
2.25018390859266,-0.00503059048265841,-0.246970506240527
8.25573994456628,1.9964337004373,1.42723681321192
0.674910000750324,-1.00713960268128,-0.113375510113569
5.08493764875742,1.15830648219225,-0.0986871796095801
8.65435141805174,1.8289307180613,1.50305948790163
5.35418257868592,1.3637332214899,0.186295243901801
3.82720677851114,0.529755456777164,0.186313150090341
7.82284084727207,2.06059380087542,0.0917153982560185
1.19751733313189,0.749653002834744,-1.14907679192539
-0.579071972764196,-0.866386106421946,-1.38079949866832
8.60046754824861,2.68143892900498,0.919704939343795
-0.363721745776636,0.166710980039574,-0.526946947755889
0.00810134660878004,0.165400170450912,-2.13998246848456
3.51438135809357,0.161267956096911,0.362695354904707
6.98554063859915,2.16899180207235,0.334387132062347
6.29101283958213,1.94345608814983,0.217147610016812
3.61396508507651,1.33419620465406,-0.91830524035321
4.38993165996179,0.882962159288919,0.340067205677139
-0.261063992550125,-0.401547364666099,-0.548968648441983
2.38183467173052,0.392074654412073,-0.0977605131198931
0.541132753643276,-0.26073093327519,-0.583985657928343
10.6324679307376,1.93318929719865,1.68695665329545
4.27362867653784,0.85700572795823,-1.26335293861592
3.28548912829088,1.52472777750223,-0.713997466881174
6.12463297322557,2.13303232355444,0.00409856893815221
6.98749761234481,3.00652906857597,-0.363362328371733
-1.57664798610507,-1.09490544312016,-1.31025431350705
5.42112627376878,0.134911257964317,1.80168279909446
-1.97184915487874,-0.904226734242459,-1.32676149402279
8.18377267155112,2.28124428549002,1.00711219945292
1.83632176974311,0.593809524606875,-1.15912313966434
6.23118333644812,2.40524731629078,1.11757677298676
3.57144407338279,0.905155184913571,0.141481544690106
-1.98667041737481,-0.816453539586412,-1.18383192787454
1.98373734468867,0.172041026509648,0.366453415965522
0.988588849849217,0.244739585219903,-0.823591808121977
8.23278372262448,3.02480621778027,0.8732289023594
2.11833612411913,0.100087580453818,0.18706481449908
-0.75833788311542,-1.12196022697303,-0.515951929481549
4.49447258512426,0.929477030683133,0.383746558056131
-1.24128202781353,-0.631172327736822,-0.976223187255853
11.637901406347,3.03770639369627,2.38216766049673
8.16110326571727,1.70269674183837,0.760647009039089
3.5288640379776,0.786973942805825,0.739852717999896
5.25687543823852,1.07608358670675,-0.227824556289883
5.35816894951986,1.16119386711493,0.231344857239368
7.98548503389521,2.30768447337133,0.155373567091541
6.54885787276701,2.2437351542027,0.0985105406697892
10.9151785185228,2.98821195537591,1.54052357377342
7.89278344538157,1.81212651573594,1.36165084807733
11.1810277574713,2.66761093352086,1.80001285081953
3.84852191648513,1.23165557705401,0.0929585897339667
1.33092771918598,0.389455323414259,-0.834493541983484
2.77070778736273,1.00433809792362,-0.131733890459878
5.34617501327118,1.51573719527243,-0.285700823074778
-2.25492783817523,-0.626385049343183,-2.53263863632966
3.71923003967209,1.57409411083344,0.124862594037246
5.40887887093272,1.5194411076526,0.365177066182785
5.42854807995445,0.955523177731417,0.881464894029731
4.52114690191938,1.9436599673435,-0.315753440696043
8.92910369272928,2.55699543738848,1.01655379821837
5.4528975163371,2.34291032957492,0.604473318548796
5.76582977544607,1.77255783209936,0.281661216204696
3.49016321173343,-0.652322669553748,0.479231983422236
3.80707683028607,1.09792805321119,-0.343438331805958
6.00376677526793,1.36575881248611,-0.0127344688496627
-6.11437642475443,-1.54709700904015,-2.08170444794698
9.38317310989935,3.34108757766775,0.869684247806821
4.38980893344668,1.43916568701104,0.0824137520169974
3.72759091903316,1.76509108966682,-0.594261705653405
7.61224336205981,2.37137541631049,1.42650458310963
1.75926368651862,-0.11324189798481,-0.697080689417333
0.924777372812304,-0.233292515758727,-1.14286730263632
8.14720573663656,2.47119240368492,0.190921286720504
3.91761859936508,1.3736773143423,-0.654184727790053
9.66936277934997,1.87999119993596,2.05757476788306
2.92890303901295,1.09971798685698,-1.48332723336456
3.75568480275171,1.33662030080108,-0.642900721644754
-7.30948229000925,-2.73060714242952,-1.82984394256169
11.634568348984,3.77039993631521,1.47150998980267
-5.04118414392854,-1.40305279826577,-1.97450620111328
2.00708805987306,1.38423099646499,-1.40533769897124
2.33144315476045,0.0355585601083372,0.449424547570938
3.22227106546223,0.546070048557882,0.233090747978386
10.6924348654379,2.55169213444636,1.12172221077607
3.86694827103464,0.335879291410935,-0.0942428538727497
5.32953026418303,1.26692327157954,-0.305539385199571
3.08018470420132,1.06977941334849,0.000644732978776037
0.561017603399059,-0.623211804956731,-0.428379831796884
5.7891683154057,1.82297888497603,-0.674176638559264
7.45379418314273,1.82856380468733,1.12367664111751
3.19688880449461,0.751854561089811,0.199889796544609
3.4961233837568,0.98627934034903,-0.491525180393632
7.14236648286648,1.80024772305607,2.49003990418072
3.87373229722568,0.860953056281249,-0.0173576884583608
7.65265482635428,1.75348263879583,0.486572133423791
12.4432942851121,3.29155374375963,2.54516613980401
9.32625021743873,3.1706098412237,0.985319486855904
8.24528249088427,2.34923250259492,0.803578702885798
2.41465052625023,0.385943918224117,-0.864533734964316
7.09250428021606,0.883118878471229,1.60123460399396
1.50454784605788,0.36336204834949,-0.784804062279158
3.26147487842163,-0.09875081029684,-0.106370652111517
4.1383248226801,0.489657372573763,-0.270633807826029
8.07630212773218,1.96087955971353,1.20366507364923
8.87620207519438,3.38199812461155,-0.088705340506438
2.51225952101794,1.78993839828759,-1.58585456040821
4.44686216941908,1.3898746824257,-0.783348728004678
2.04458908408503,1.31318877952412,-0.454395840311047
-0.822587598554521,-0.134531476052014,-1.39025230323185
5.82991133934472,0.522112711504816,0.981707037578407
5.14299849153996,1.98492315312043,-0.547742966579365
4.30381810780299,1.50567802888489,-0.0567230667765277
-1.79090207749686,-1.29030616673235,-1.20893950883909
0.323111155740927,0.110995077385045,-0.636102547867464
-0.372318167382707,-0.511449733789865,-0.503307062398176
-1.45229290001429,-0.407992542630089,-0.781991113727712
-1.59793240235481,-1.36271469864027,-0.691932573390582
3.3248397462195,1.19308956412981,-0.387507269310572
8.08499994228223,2.30853840647623,0.611134198683222
-5.7602463735723,-2.86446635168219,-1.56041933102451
10.9865484424377,3.11406290405388,1.80906993761414
12.7497948156744,3.87759013006226,1.8879282271917
0.913762821503418,-0.0921585925278281,-0.857755887215183
6.7044291758372,2.03506963196309,0.603212804347297
3.35519739475087,0.486776320977875,-0.260730622011806
5.29388591669698,1.27623546335305,0.192654335110474
9.52606065049446,3.25892424859184,0.0440685218566227
9.41090064359346,2.34676107496187,1.63526650204105
4.81539387516092,1.79348247847742,0.255725910109608
-3.95560986854303,-0.852874325931513,-2.42561109733119
-3.07605898402633,-1.8664958251046,-0.546346703249815
6.30424461573527,1.26395350416546,1.6503681917231
-1.87528604394953,-1.03046168316358,-1.18821668429883
11.4044938298754,2.34989770865051,2.29981475621506
5.95788786882451,1.02455147546062,0.225391836401875
-1.86868801435586,-1.40398800135444,-0.464492932982192
6.26379961784142,1.69458111223346,0.112769269748444
-2.3309684483873,-1.20008477175787,-1.35302883685689
13.2835081343218,3.88621278885742,1.09643771654641
8.14113639412252,2.32152295298407,-0.0148742297482985
4.14705380730063,0.987336266870592,0.0180503821783698
4.48127026081087,0.752176514382379,0.127533822029552
-1.56192385244187,-0.338672536627615,-0.768141908379365
13.3736007491333,3.57716404379316,2.46943540880839
11.4671842847283,2.57726440608807,3.23377274916094
-2.39061619663038,-0.966028421711943,-1.25180032933082
6.3806813280659,1.65983431086543,-0.315286436053344
13.2095659936395,3.29771140505139,1.24511662326722
1.62002055985448,-0.0487715385388728,-0.0979284365505722
12.6876789361651,3.65198472702168,2.31330092801869
6.46752138630086,2.19558434964206,-0.119178868073039
7.10762799768481,1.3111907477806,0.342916649901328
-4.34418345967943,-2.15544703414629,-1.31837322124767
1.2776082965056,-0.178684141665941,-0.790835796931859
-1.54401452558569,-0.224082411351913,-0.996367721042427
-3.98255463629413,-1.77543480139951,-1.36346088292093
-6.80142680878113,-2.17004082556923,-2.30336406415791
2.81312184603669,0.790117457326674,-0.135168494447599
5.51696695996209,1.42935595697077,-0.107464466369602
-3.69364963609503,-2.39523388700652,-1.82557058424958
7.03181106904801,2.4711097114007,0.0438581190892531
3.53141624687588,0.884738527297473,0.0536358226061064
0.751262849598463,-0.689158132062928,-0.425864171198616
3.40801286736655,-0.038724768939792,1.05134241693524
2.42271608231127,0.352379796404304,-1.14532536369435
0.802921088337216,0.125159934532768,-0.656435951358276
8.43661929438323,2.26981961374591,1.64540783964925
3.84330972437038,1.36525533392745,0.154154078475035
11.6378490066789,3.99296672263387,1.42973499443549
5.32807667240676,1.39247888096155,1.08157329421079
3.41832016100139,0.903423427866937,-0.145287738573964
6.62814687421234,1.7180236383825,0.697297766991624
6.66547565793721,1.96231878392146,-0.0550015340078217
8.21991740182877,1.2776138925463,0.364179595106024
3.59400031103889,0.597497353594843,0.640958336745526
3.97436877781242,1.43400801146466,0.325601282426096
6.82318632275862,2.70877079763615,0.177375055921558
0.742359281243071,-0.125595402099957,-1.05598916955198
0.77163991931882,0.265388552291164,-1.86051833827779
6.46057547851052,1.84062590096917,0.156524083737244
7.30253244573829,2.81791414748474,0.233507792985617
4.17409893250765,1.17463905585881,0.122128909718883
3.79825590965462,1.53796228309318,-0.613382885463761
0.277781810147245,-0.330717035683251,-0.486193413667879
-0.157813681759067,-0.321528337695211,-0.916307856962473
4.06400348805847,1.90364528179747,0.316165271300731
2.93153308134727,0.396409096563336,0.206869719690908
4.86659900248244,0.972826178169964,-0.112358646461213
5.97299531167795,2.21598273213765,0.739526739371935
1.48015311163467,0.994089547228231,-0.983958843237208
14.1512496066592,4.81491447478485,1.31507939467036
2.4296653614439,-0.213881550782858,-0.339756611801753
-0.662156110985199,-0.447863248796048,-0.518214713116577
5.99689987331821,0.945432197215667,0.744623344393253
3.10423372322297,0.225362448491223,-0.226318113281019
1.00618911291969,-0.101552402101794,0.553524967755672
1.65042775443322,0.561834561509999,-1.45268861823322
5.70837331460371,0.756042678766134,1.02667107925604
5.43163716847253,1.27930493396764,-0.916689294838305
1.32910039818967,-0.848421231536778,0.00355955584515891
7.09124005481965,2.48598659777896,0.380988327953716
7.87626065718907,1.30791332048507,1.26767987353224
-4.6991770115764,-1.82669514265075,-0.965072057825026
6.996185961174,1.92780515561385,0.659205227083004
-5.90294035577162,-2.60788631714324,-2.28483057110198
8.10271836599107,2.37566432487627,0.0344929144057519
0.78908753664148,-0.477650816629476,-0.560440842893112
5.09391519042387,0.889000867524281,0.61461775191899
7.76320785177105,2.21099337832201,1.47908735512663
-2.19849605368142,-1.26120137081666,-0.503028544097581
13.7419298562959,4.08805900878836,1.6648834570233
3.64276896240342,1.34596467083156,-0.342368857206041
8.33100651182118,2.58964076179145,1.2831703858298
3.804169130509,0.798588455517278,-0.583070584022281
5.08895069915271,1.54161042388104,-0.00220358922530141
5.06054669714152,0.646691059065041,0.64474171635243
7.47363179243087,1.76266222561213,1.27199737425309
3.63712640496252,0.462122970010444,0.0736514067382631
6.77262029953591,1.88959069818668,0.903840056130854
1.23402073912244,0.592996980363582,-0.977888749036243
-0.13544046701364,0.117171736989239,-2.19075598138832
8.36451025604026,2.55120448719244,0.737583768345022
2.17200809492241,0.400423271410487,-0.493710728836446
-0.837132733140718,0.211968550554171,-1.08966762669369
-1.04637305214197,-0.938131441896731,0.249401415624764
-0.779288477868732,0.290578255477739,-1.76493740477126
6.09686210860635,1.93361488595236,1.32197371855861
1.93883040688024,0.312427030706736,0.694003461947509
5.46249062564463,2.30529382070159,-0.0323231542272886
3.03541596352034,1.12950542146967,-0.498505326657105
2.1604380492869,0.211690982623664,-0.20668786527966
0.501365566987182,-0.787750746514001,-0.318867312906674
-0.224188652704478,-0.920324321456335,-0.716857426553581
1.293312737532,0.769755379863824,-1.07177664596844
9.51604717675246,3.4294623154881,0.889946222967139
5.16673564471836,1.72947122835117,-0.535629647370769
6.71215997682768,1.96483617026618,0.512378471536587
6.67347566013748,1.43744676228416,0.669493816458282
9.2548633961134,2.21483163112643,2.11808095846567
3.82887808415925,0.255961857953333,0.806880376528062
0.284445322639868,-0.602977251735816,-0.362982597597715
3.9015664301134,1.51804360981776,0.0126701797253861
4.70666997148133,1.05164878901477,-0.143935263387992
6.27465604911786,1.60698790039399,1.2474633209334
7.27203221921251,2.4270705491935,0.816004358149121
5.60085173939055,2.23398054928533,-0.124862917925551
1.2080375027655,-0.395101835356668,-0.0548889554459374
-4.95451876260186,-1.14195793460516,-2.25582567746103
6.15675824566518,2.31244494631595,0.0945663169541136
-1.89255481632688,-0.546451741296574,-0.649929078814291
2.99455927681963,0.86235355037461,0.0297781692828151
2.29367764882257,0.215498215583577,-0.718614546377326
1.74314302599762,-0.253466530810562,0.0644056954573332
4.11197461832938,0.296336302787676,-0.0328264516801059
5.59267792174502,2.093810248059,0.415587851322876
-1.58596078787412,-0.521375702596302,-1.23429535948732
4.40521351038375,0.920455352979979,0.1737953216657
6.29134562619676,1.24700702525298,1.30198357062547
6.08593825564512,1.81015051033205,0.55749965346131
4.39696389260857,0.857589000190583,-0.12387663117917
5.94166328363906,1.92166502788624,-0.282601936367335
2.02138556917841,-0.788485091772549,0.255050170383482
5.06549721173153,0.188141028191639,1.12666131456511
5.90763856159572,2.42778292844503,-0.977867472855641
5.81127351583814,1.78078337816794,-0.811114157766835
3.49715084948961,0.315902795403759,0.374736398390956
5.13633835453172,1.41734859559393,-0.902172027628367
7.86446597848635,3.05202689278083,0.512910075421363
-4.32187434868161,-1.49039248694629,-1.96203205060185
2.15492429691384,0.805360931677867,-0.651795976078212
6.14174383430514,2.81370788320724,-0.559864050840747
6.2502630220973,1.36189273660067,0.745101115422771
0.906296947119746,0.719199514988156,-0.443623943559003
10.7914711677578,3.79408228142576,0.96275823078922
-9.96216057298529,-3.92303716679912,-1.86028771793547
7.83935594298457,2.29719664182761,0.585401746660155
7.40161898241296,2.37600684865699,0.755553637956214
3.05992699263994,0.35985076717002,0.31134370274318
2.84609531721188,-0.0752096461904863,0.0985882803575678
9.59961909190658,2.77474313553991,1.44423412690834
11.4950283136828,2.67622001904824,2.236879186424
0.882493332220151,0.109152966221441,-0.406548977367508
4.88978487338117,0.632670038871481,0.414307331333158
-1.36988205505413,-1.11977713579375,-1.33343927379354
4.49771934169042,0.925645002733984,0.237755093615145
5.54366570013688,1.19462072874117,0.735578805896142
6.91598182882108,2.42898993779509,0.553230806255216
3.77809195182919,1.42300033455744,-0.281779758875011
2.55427633302779,-0.127104117069835,0.586531695799973
-2.18765315740529,-1.33843736812297,-1.75291794671933
12.4050190276081,3.96009525867339,1.6568552758939
8.92524312045447,2.1196322257398,0.970816479892673
2.15331250329394,0.299410932533072,-0.410070565152288
8.65521754231453,2.44513410331689,1.04325141529266
6.61082822539098,2.213750442201,0.538088719362112
10.3619486839876,3.62899188632067,0.928828021335823
10.0651296184905,2.87005327352324,1.44893051779892
0.681164008891941,-0.286975480251063,-0.757088352642254
7.07192032627361,2.41139937332454,-0.312906798975065
2.78430608487276,0.799796684575708,-0.156374086830513
7.79027414717864,2.47089713451175,0.736123374045517
8.22202379707637,3.24374822554214,0.368790721483835
5.42646051621406,-0.356071118265865,0.904053741218533
4.70620037181946,0.652456654068981,0.739702398963018
4.02629517198227,0.931533260166689,-0.467893430005887
-0.638047388608615,-0.537656664123943,-1.2064553721445
1.78656328330182,0.868359369215751,-1.35586082204918
4.96950170578697,1.38887324274332,-0.51967977666848
5.057879228061,0.72596312164285,0.457975308475615
5.87196179050359,2.00019780064395,-0.504191799816166
5.5692217941459,1.54193968936556,-0.00882188955849678
1.62650413444794,0.349445555723578,-0.651932974746027
6.32005409755771,2.25081974588621,-0.620357146701044
4.69925737762182,1.67309780979962,-0.207118732587488
7.49612700728684,2.10266362842236,1.04729057955484
-0.570359812219741,-1.13143754244938,-0.767645719481904
7.72402950050189,1.89004875021329,1.65062275165984
-3.42578547447594,-0.151019499400369,-2.03883878153101
8.33422006804317,2.67244787550847,0.734382522376732
0.19610740977763,-0.895034270386807,0.0789351676680491
8.55113804365805,1.90098734975989,1.23860820993517
8.78337425746874,1.98790004632091,1.22424294821854
12.5973007130127,3.46729691583986,1.12493241696838
1.87509696475085,-0.220914321478935,-0.507876601677904
10.6576567641118,3.03444801043557,1.76339290170265
2.06470637610377,1.02051331704814,-0.362354704637832
5.10451385379729,0.544116074748259,0.659124097896078
3.2522828158579,-0.28417686983587,0.764065084319787
1.1344610385906,0.336570635609479,0.390336723640718
21.3235456329932,6.04461618038526,3.0201197173692
8.08195968795053,2.28423662130645,1.3456690492023
5.85500827197109,1.05228088736847,-0.0760822809447062
7.13545558333173,1.99989097747394,0.689273225355321
-1.7258438107988,-0.638786698892918,-1.24906656111051
6.25104661746493,1.2903149032082,1.16441458219209
11.5315777794174,4.2236512152528,1.21337836480049
-0.138679632135098,-0.436187844887645,-1.2981176885446
10.6579569116235,2.97549716365787,0.965286267476122
4.35042883857032,1.15523354477218,-0.0827182397700766
9.61522139760623,3.41947370352048,1.64197133154577
4.79307879937345,2.52745201451412,-0.0490617451595987
3.4214602693396,1.30507123676499,-1.31365226328326
1.77266402218492,1.09986649335033,-0.748697971047976
6.9416569690749,1.39032639161042,1.47506274250105
4.35822191591268,1.08264952604827,-0.562259055944457
2.77008604376092,0.332155865530105,-0.14680175970767
1.13243575237129,0.756788343653935,-1.62457364738565
7.46297026393504,1.70239002272066,0.752326330384948
-2.51939435880845,-1.11401772529751,-1.00765419554662
4.85650660552264,1.50809148715197,0.971416133715836
9.61784252440879,3.58568515645689,0.482970558839117
7.98708002672806,1.98925858496235,1.46589700825335
2.56225426818237,0.470522098156822,-0.0836860259258759
9.99230867400359,2.91619412367709,1.0202809913925
1.5763120471898,0.695552978465372,0.146086377616309
8.0483568982504,2.86399350968455,0.110173609933014
4.7637879295931,1.49634416330274,0.832331467331146
9.09476079154491,2.18880818544514,1.55197814460992
6.97496606316541,2.10839756599959,0.694415343494677
7.33557660090991,2.75816322405553,0.664539192389366
5.89463709159579,0.973630223164491,0.834533972997734
1.97150878080853,0.759622169670066,-0.91348795718375
-2.51505726159283,-1.86639952707762,-0.89095646328379
3.00921080036669,-0.226318061485214,0.057772976601828
6.15732191781231,1.9557659304323,0.407019148683659
6.50103342526491,1.8688260549269,0.417522505033178
1.41027800233759,-0.0847472624225875,-0.81429983260179
8.21921940628956,2.38948094534276,1.26434728121945
1.93057688925482,0.703412270745658,-0.605340915919297
5.85205564809862,1.95765580491614,-0.248956826566099
1.05590871178497,-0.0835626925407988,0.48129998197184
6.05763091507148,0.579394684981764,1.36174455292961
4.03743120153621,1.66960354468857,-0.358597534750429
6.08040624443209,1.11444417086778,1.03757421191174
8.46438490312098,2.04703423088609,1.14630254940798
0.499202519128597,0.0710037108206991,-0.488616657024954
-3.78955127861949,-1.84531330169157,-1.18270029480888
3.08580022877637,0.881984018485228,-0.738215013609955
-0.367486753093386,-1.06027871944907,-1.08850573359721
4.39634221178235,1.37042267137551,-0.0374352208189761
2.87333486273568,0.388027602788988,-0.201332539380578
5.03620681639915,1.78846082749666,0.315775980109226
2.87288839203893,0.695988507363058,0.114166653649035
0.248389378179323,-0.335111305616162,-0.846383355184174
0.707622681594701,0.753834834953905,-0.384169074507064
1.84460754881687,-0.347845299316711,-1.16009019456121
3.63639425836504,1.77207805444492,0.389597425968983
-2.78227563156524,-1.47645933474828,-1.75432132985073
3.65536741282812,0.784347008603203,0.102707349527116
4.03290872885675,1.12277159933369,-0.479540989218354
2.82974739097985,0.810626150350566,-1.12323503266488
15.4456946583107,5.00551260257358,2.62808071116913
7.8319349582155,3.19405079441432,1.00931777883066
7.9557370588787,1.95476526152761,1.39284767419642
4.40834867581557,-0.149048366768747,0.317854749383307
3.34887444897112,1.68894036181969,-0.567670380055871
11.764596281347,4.58593640002602,0.829088888543767
3.85017007845789,0.918215324594049,0.0478033409352364
1.42846967723002,0.168317712430234,0.167882729749856
-5.67822765154813,-2.82485821585594,-1.24016150223795
3.25722895469863,0.775812573872939,-0.370262728194337
2.48643751271454,0.0452709439947009,0.024853924202648
8.0946771519036,2.5214765974747,1.36651653553186
5.69942108403811,1.60610535654279,1.06887452961508
9.89998223704086,3.3924872873721,0.826839675086783
10.5970586738157,2.82783150189937,0.431838387251233
2.85908517355569,0.650000589564158,0.387278760560381
13.7238995899615,3.27792461824679,2.5807798396264
6.03259913757126,1.92351671191581,0.8444805865384
8.90326442374433,2.94822515606441,0.650352877660498
0.2842722584713,0.153957478006374,-0.780997082716547
5.7501905251152,2.21461484768823,-0.0176343966551147
2.19029153660125,0.731322052517699,0.076559913249074
1.12266201738188,0.848808148167466,-1.53939496761388
6.26551998286792,1.49827680303424,-0.0771842912987367
6.12202196395375,1.20168827673194,0.983210950812631
0.665876220977753,0.493382449508884,-0.905948604314816
5.27120534310486,2.34828101440372,0.13561348672731
5.04571090017996,0.689627286845695,1.08225305311244
4.81637494042222,1.42695465094072,1.17132762953619
2.95821341031605,0.238352724323985,0.470966803269687
8.12789337249384,2.26995973294838,0.62342206548509
8.73235817134384,1.27800015854306,1.67741052152929
0.558978376077659,-0.355177790337781,-0.584157695165529
-0.314212438096638,-1.05649574288694,-0.671729062641814
12.9102096759329,3.86893543956717,3.07288799454698
0.427826705015656,0.226040361162729,-1.24931035782341
7.52525346825654,2.42250301379333,0.687959101236468
0.0779575104497201,-0.0655380582545337,-0.635400752857398
0.584491854305618,-0.0442485411508546,0.027119385122678
-8.57458719201057,-2.46695715129556,-2.93133361489084
-1.00578169478177,-0.329418997728091,-1.42932621496285
8.53626974723851,1.98965365853469,0.391006964325921
0.797455526556087,0.412381940233334,-0.35592514381337
3.61903684698343,1.5801664049941,-0.329757946545235
3.32090892391321,0.402216388705714,-0.346059260335789
0.33011759417879,0.316592520713229,-1.55839072046016
6.06239664503644,0.977398390651324,0.443729274542712
3.05419345538336,0.522068583223365,-0.120952416392048
6.80680560755514,2.3173065966261,-0.21385137833101
-1.26459300141471,-1.11223971130531,-0.037203661028308
4.06960779088541,1.32826894007412,0.163210192143468
0.663996636613584,-0.742111585205326,-0.663166593479472
0.0222789637273027,-0.511217570874096,-0.919081652204823
0.450411182835732,-1.04879264034553,0.457940472043024
2.55947028543978,0.536078622664642,-0.798560889386949
10.4698465647877,3.07940269327571,1.51550517986808
13.3843813739252,4.18872331060558,0.88982313337282
3.12355951476206,0.600567685177242,-0.735232016683528
2.90592834998502,1.19981626956891,-0.776168451068715
7.03625880358881,3.20799772736184,-0.084238290517795
3.44843305893493,1.35569542389322,-0.670467395986223
-0.760286083334789,0.202162700963422,-2.49263397694721
3.01052206041172,0.257029093387975,-0.574228593335757
-1.61915346707619,-1.34801866260284,-0.605517120328338
-0.172757816254867,0.0368338704756292,-1.21511318375384
-0.828650398767381,-0.967155648348016,-0.447517529306663
1.87341564138103,0.81316955973322,-0.87390429515678
11.6240250640669,4.26523951591889,1.35698885901295
2.86219421213818,0.892922138532458,-0.360451091950038
-2.67921617084907,-1.08916349197393,-1.24638923862936
4.26095796866201,1.45580030189135,-0.747055280026688
6.01161473220069,2.21592273633909,0.742513458581035
2.3149433133892,1.0377610280059,-1.32739600325236
-0.256537131824694,-0.49644392879909,-0.69416821267738
4.20732051067748,0.554387737157635,-0.334884960554936
-1.05950742137476,-0.762820919276329,-0.258932490228143
2.72384435491681,1.17724159116581,-1.2891844239823
3.05061050108436,1.20685139609378,-0.036040770295995
8.77912663363971,3.28276095544463,0.543502499437108
3.3085551489406,0.949493023006941,-0.331147840761089
7.00111801536655,1.95419951554689,-0.00109777700486573
2.17501064995525,1.36630674844658,-0.830172298026306
2.90991576668093,0.36718075130891,-0.528856666359938
4.88405010562799,1.7684982556138,0.463229957806207
2.60263060771585,0.319373476229237,-0.0741585081107405
9.60267767592926,2.11622923044307,1.87405188021367
-0.891055035406814,-0.637844338610443,-0.995137698382394
2.99218460908842,0.625425480240729,-0.24694552295867
5.01919709153182,1.76388042060813,0.436604476629716
6.20756108844476,1.79595122796106,0.529478966989695
2.09194592741336,0.313669709789862,-0.247090709166967
-3.41336009920693,-1.1803827416714,-0.962666521138771
1.71850326423608,0.245013581012513,-0.357912716187135
0.236333547210115,0.0995420440571188,-0.603213035629262
5.08994138288344,1.09440629868348,-0.303003125863897
5.5101984246173,2.11908441526484,-0.780620906987627
12.1779525748857,3.02189783332012,1.7181586501287
9.37358449009239,3.62924069147529,1.25220718249055
11.4546964612524,3.30093741170636,1.14301602272045
6.4783476145158,2.34671852473946,0.508539679671163
6.77771536672429,1.48709141733815,1.9210532141501
0.703976774122102,0.0414153885832285,-1.54610559724262
12.1495801551367,3.73794261946039,1.9207111888042
3.13457195645885,0.950915076602047,-0.381164121987292
1.53896919822712,-0.382924899733392,-0.723648615878351
6.32894077097186,1.51465689639721,-0.177647864841605
0.539073561663577,-0.518015690851514,0.827743566790042
-7.4877767806989,-3.43842384463585,-2.26127263600138
0.695245700587338,-0.396583063353211,-0.324605103034808
-6.74151083176231,-2.68899648993762,-2.55511340551137
1.42294942550634,-0.181667714901706,-2.06142028907468
3.82538456042203,0.32970402005543,1.31084894778416
3.1101883323909,-0.443686767701369,0.0377428972033174
-3.16540507388372,-0.671480626997847,-2.00205250177167
5.01033352441079,1.97599789361106,0.273879801940871
0.778195249442193,0.0316300942856224,-0.251979588745468
1.13260426582177,0.833472707441257,-0.741030941660898
9.72309432588478,2.65418226535925,0.393038618260966
6.12651964016978,1.68174995759487,0.324938552360745
1.13299971133907,0.0116476356447379,0.0261821717367628
-7.62725966592958,-2.98069617061139,-2.38622059965826
6.99821422670371,1.97922171861442,0.306518031445374
0.134237016040157,0.401731454050844,-0.779716755841191
8.0314746740253,2.83780876957398,0.55862752247117
0.945760319162513,0.319987325455954,-0.748745515028198
7.17093905983149,1.96688768117613,0.566696597120594
3.70770310034897,0.846023949545146,0.392772581517603
8.24235542519225,2.78864766561996,0.558088027771325
-1.82611402181259,0.943314121543005,-2.3516001228194
2.23642678136977,0.380747712794077,0.784008486566622
8.43077042171058,2.04864431876916,0.413549131601288
4.67827196955771,1.18908071866339,-0.228113293832511
9.09486073286713,2.74237767402729,1.64920621690122
4.49488492292901,0.629095847854406,0.673383026573829
4.10600875496611,1.30427726774858,0.0966458429043898
5.08926317530324,0.868090333015693,-0.27581152557197
3.87508459385898,1.055981292232,-0.281243306617678
-1.63735927553604,0.22991066985841,-0.908728200965088
8.95922728947356,2.03960808038765,1.38289524794916
1.88235713010101,-0.932888204465192,0.863500666395955
-2.31006419503037,-1.41224205406157,-0.761923171092852
1.83555984235353,-0.685021946545013,0.810568639069868
-3.41272946527632,-1.60608476408612,-1.8836270167109
7.51055144511275,1.64451345233734,1.429345279237
-1.85283110138866,-0.947668582940819,-1.27554400010981
12.3646173052558,3.81277655568155,1.60177587639299
9.86762796995839,2.31605780848376,1.894347202267
-1.39604945746719,-0.321893856652569,-1.59959037569191
-3.09300214271065,-1.15663275679076,-0.869818750860974
6.62783442999553,2.30240807551241,1.13117685707915
1.00419771989586,1.0351178950995,-1.23854970144314
8.2474746573343,2.32250939835375,0.808572444177314
-1.73469456066078,-1.146929881178,-0.982631502016206
11.8348199854909,3.40700693528611,1.54124171485177
11.8049017329904,3.01846433291697,3.33180916147641
7.31090133982494,3.30656271864723,-0.668944953904574
7.61445424457054,1.76289548086425,1.04503010776118
3.47495222322413,2.04931317762798,-0.782052934357244
5.64916121718147,1.85129910289367,-0.335214549010947
5.92492010405073,1.53222476308417,0.128389167735733
-5.10854194776635,-0.93663261918462,-2.87689790721713
4.64435492749383,1.11771826766372,0.902863857357101
9.92835693842169,3.99876908440357,1.54386338034068
1.11721054584217,0.000465966576995602,-0.189551858809386
11.5756992305103,3.25540904236411,1.32129861362512
-2.37535985866704,-1.21731954943753,-1.32782602036219
4.60481282691164,2.04449573971265,-0.515484842536935
3.54526032901776,1.46310348567964,-0.217080033714546
3.75902263540475,1.65514225903119,0.528029984793725
3.48138062413285,1.39952628909462,-0.17229788868445
6.87441621192884,2.22137708415178,0.645711849073717
1.67093722068088,-0.691828780475971,-0.0784204020370855
4.13606493168275,1.00229118656219,0.29727386353506
1.18569501220822,0.778426529438862,-0.895450603861726
3.91927772610376,0.678690430683493,0.229878897919693
5.65416765673159,1.91377145258195,0.249557183797112
3.61633420946642,1.39560326402484,-0.549397884628159
7.47621794952353,2.5531281536142,0.404334539104321
-1.57138154549615,-1.35598516526288,-0.442516829957895
-1.44105412503614,-0.520385149631506,-0.530704529449555
5.75994786616943,1.91438276211591,-0.884808648367292
-1.05178498806006,-1.14615853780658,-0.91885398329585
5.71361678370125,1.29600471506529,-0.128006207796463
2.8950648457121,-0.218482567156884,0.887768991776653
3.94274160990509,0.524472788433018,-0.0786099194085755
3.09128763549329,-0.15099224212862,0.101589535739694
4.50373431588958,2.15974644811863,0.417319021162179
6.96098560083122,1.30552655455101,0.656688191324488
-1.1750070268409,-0.513355422640536,-1.47840760249491
6.5793882836507,1.87537744811418,0.962609926297168
8.29165225099776,2.24645704223345,1.52025996118816
7.50028862963557,1.90682268837467,0.270966611532405
0.849639562427373,0.848421448221255,-0.849034814918894
4.16373283932939,0.21317794690691,0.522828348392738
8.6658770933425,2.74122738567393,1.46912073212491
2.77044422764213,0.747889079892287,-0.394667153277945
3.64804581186313,0.868746402914682,0.0206099425475754
3.0476770396125,1.7866052802773,-1.08584837644073
2.64810897869112,1.39501321781345,-0.258699448948903
3.9792248871046,1.06651250375986,0.0574829273033287
5.72417553520078,1.92594913627841,0.976062446445037
3.13904291941239,1.44224977777064,-1.14588019059484
5.11047479014608,0.959153894279654,0.947653072908769
6.91674740720098,1.64079200253094,0.339330646808436
5.16525751301985,1.53971097891819,0.386527214465917
3.12278745761397,-0.609588096861451,0.516042262106506
6.41854936487362,2.59168153117648,-0.307356016943201
-1.92867035267383,-1.32474375900572,-1.38258819613424
10.9882585407317,3.75575325658246,1.13828615083827
8.7741521579134,1.95653261083684,-0.125730344167673
4.34079695351856,1.35062861686574,-0.318443147629564
2.68865539219777,0.122008359144704,-0.210147067145561
0.713361032377745,-0.00833384023625383,-0.0941219501403421
5.20698671324734,2.4441168616178,-0.499039681561359
4.86045584133569,0.731475921790051,0.618946139409761
4.47970336820415,0.630604143376376,-0.106865079159394
2.484495138651,0.8358171556529,-1.16354005599476
3.5050324404599,0.436550964311145,-0.416012888674045
6.33322043628025,2.02911497606732,1.2549013013359
3.42370311174956,1.20337552700603,-0.984552945830025
6.75909120186841,1.34631256831852,0.867941414150387
2.68239430118027,-0.252184979970027,-0.997412626071749
9.26124548940707,2.64335951922118,0.942985961922236
4.7099893703852,1.97866795771652,-0.24587919121
3.60913989565392,0.910580936983671,0.103290523166003
6.01776147859478,1.37963338236331,-0.0440786145626372
-0.185721076265272,0.076497546699497,-0.88746212278867
2.51825157674149,0.646270622958724,-0.649413877263192
6.97265094653711,1.39879027833402,1.23472722383943
6.26672534495123,1.71876167101454,0.442009171221962
-0.822075037471631,-0.969723064442959,-1.39917372182688
4.89171368072173,1.06979032223,0.235330139983731
2.84555334845794,-0.0189136079735922,-0.45857834698083
2.71981417822904,1.15215222733905,-1.20121628537413
7.49174203702839,2.38039797703297,0.377166760258052
5.9582957386337,1.94626415223613,-0.418176223499951
7.08640510190032,3.06357618529873,-0.53999906074039
10.0524351643971,2.1127876964355,2.33171756172077
2.04814369703301,0.617079783799103,-1.05613807230539
3.05630295023406,0.491217560724565,-0.164787426320647
2.72070151907222,1.44755461686625,-0.624261136718085
1.72933875629862,0.578245898865211,-0.772689373475422
9.80229588099954,2.65979346478483,0.826177104801316
6.32220567738226,0.944233009361208,1.17023785085419
7.417002657694,2.47310797184571,-0.193612094002363
2.71924941295565,0.605713546525865,-0.605205047797543
8.14620897441419,2.33335839091735,-0.571124489539088
1.8784876876768,-0.0135589051287675,-0.0550937894835612
1.44686508472393,-0.192388810631283,0.230298258316779
-2.45005189401932,-0.533220431033331,-2.28141217632123
-0.135803772885183,-0.448384466028518,-0.728472206069571
5.52227036509982,1.47622917948701,0.114354402004117
6.00479201148715,1.82485643538972,0.314838247490307
7.33420205017318,2.07579166635122,0.128978430474264
8.82148041482577,2.81219207319988,1.06628856808529
0.996150892617296,0.285246663087106,-0.220408279854443
-1.31532994508505,-0.597654193187389,-1.22350179757677
8.97815766819444,2.86306163121407,1.51912980847506
-3.54424219414089,-1.55493680130008,-0.839564889078168
2.66267936400832,0.383525050381966,0.235475881868226
6.17346122519851,1.4398934184412,1.7445234862344
3.36392720784889,0.935868979091407,0.0507869427684267
-1.10966192606833,-0.903704205270839,-1.80539118332442
9.66273806202737,3.27368591617558,1.20413848181571
9.03810053383194,3.25737940405552,1.45626018578889
6.71321712215811,1.34933948227111,1.34897806223521
1.69676952229552,0.247914923317202,-0.277990037834822
5.08425927079235,1.22948012999856,-0.158465026411052
11.702462078965,3.81932102593163,1.06282288815613
0.501547607116852,-0.538536546365287,-1.33916906828255
3.44850128549105,0.365365671240824,0.20718190999298
-4.31813147027596,-2.61703088405287,-1.85319323898823
0.288116964895263,-0.800863964543762,-1.00436144673119
6.20809839832299,1.82898906946829,0.324222190832657
5.39544975679893,1.59865672021255,-0.227687668559346
9.1954033285325,2.27373597637436,1.45309370609073
-3.9677350310268,-1.77602302727924,-1.72305650651687
7.29109389026268,1.27487943510825,1.31393846513829
8.81389469918172,2.44754289004374,0.808240406991491
2.37637867568628,-0.277514794122304,0.330234246368795
-0.370709242028674,-0.349310994405406,-0.782620656216292
4.12439447909322,1.09815091634943,0.481294929859132
5.47440320618163,1.4025235124887,0.85160578473336
5.43054234431385,2.0229907106958,-1.20598966927893
2.61725850321549,0.521637181852207,-0.40719237362877
4.60586056962079,1.50904961113621,-0.434244112292147
2.87810206159701,0.302861415657288,-0.355124386588806
-0.651431669712058,0.0943078750510767,-1.13501389152806
2.03450294683974,0.918646713798976,-0.789504129004065
2.0688176299053,0.937615652939773,-0.337966363780144
-0.0884115069239462,-0.618252358584906,-1.24577887685092
-3.62133914585957,-1.28355209110266,-1.47178196851859
1.57003455357968,0.0839426137035277,-1.99887072377438
6.94295205699786,2.58726135040511,-0.291470238053964
9.9799217941215,2.97628911416295,1.7820141274963
5.72662927962114,1.36354046371739,-0.0727000950208931
6.09952016335693,1.44483621247545,0.763189855615858
3.55055120171803,0.752814355398687,0.0519055568687778
2.33981683193434,0.433073748738295,0.108538546457224
5.05396393742365,1.1476661193233,0.453775326611036
-0.0867017665991894,0.557585378692322,-1.064935717011
7.32953314662608,1.75791111619561,0.972544646271083
5.07164071840008,1.94466658861028,-0.470837285801123
4.95925752198952,1.78535220230351,-0.369811947319433
4.94533564829255,1.71759041789577,-0.0761111429465422
7.7431931556065,1.92609881801371,0.637397170945496
0.0613338410179693,0.213087950828582,-1.2307268955824
4.16151702865158,0.76446388568612,-0.414807551732372
-0.0650906426351979,-0.550578495342315,-0.86728743534457
-1.38088585087154,-1.38732742931084,-1.44188650539771
7.49579062653691,1.90876461753364,0.351583147444315
4.64379431575587,1.08893429985139,0.574547994737296
1.07364807099009,-0.0401101523857839,-0.362047116803206
3.15544435332965,0.944586431407178,-0.511481550197402
12.0687150356871,3.75138976603648,0.852595653655568
4.57382749202947,1.55103881328726,-1.36194545096807
4.13263375489601,1.88305597590022,-1.64518019132344
3.93824929508894,1.26256053064609,-0.492349121318167
10.6044086754421,3.79087938206612,0.528476504258871
6.88125937694202,2.05522703462136,0.318758016820975
-1.04301029679275,-0.138031500576689,-2.16226105530841
6.53489343636118,2.50882136197871,0.75241525012336
1.49978800342433,0.791554838503191,-1.23081397917219
2.32333463895657,-0.42943820051676,0.804442984503925
0.982940792082838,0.256721127139934,-0.752739952118127
6.16007766891551,1.82157667823378,0.0489267791621421
3.81958313503322,1.48732566973581,-0.391041704688555
1.18536179459358,0.688217204104242,-0.681738105135536
-0.573801684111645,-0.738408910155752,-0.642660366558573
4.90566739614213,1.23988923617281,0.0147335562237638
7.54259065252435,1.57333054542545,1.74852790562693
1.42058884061618,0.403507322459182,0.300960181703862
5.01375488379161,1.15663354699796,-0.255193366191688
-0.246369200456832,-0.493004048616625,-0.168772031982365
1.22508445961066,-0.726996106398453,0.0559367463775919
5.47408297209214,1.5540274272101,0.408323899797833
7.00433956063137,0.914328507554348,0.905745737656952
10.0107954840733,3.05843598146587,1.16074512867277
2.75083327736459,1.1082526071789,-1.28496463428899
0.810752571994476,-0.0466340926329125,-0.581114636667293
4.7828923093221,1.66452352356145,0.715179008722945
9.55733825138697,2.62838180820235,1.48161177592305
3.0831035852389,0.654427064711886,-0.698009071863147
3.76192344903161,1.11933731316694,-0.698700822334064
1.74587845011489,0.204003646115731,0.0286419338332057
3.22048529285556,0.350651920041701,0.280285347792499
6.62551820227871,2.57431646302827,-0.159979681978586
3.44732500546374,0.380683504886467,-0.228245547375564
5.57669753037782,1.33949769751758,-0.0757788810804364
5.62269827912081,1.85456465777526,-0.336803146794088
7.18580315557872,2.17484025032981,0.831589759550665
-4.74177782467699,-1.12565921907064,-1.78628279165885
4.47534021361305,0.740120089472834,0.944313753935858
4.93795558747686,1.27894973532881,-0.263156047495579
8.82166365541644,2.52446630640607,1.18145447630637
3.99037807570962,1.23407280311923,-0.848291392053623
6.53528804755359,1.45020990814321,-0.469903608983173
7.05680145239336,1.39841459736581,1.16620433467187
-1.85559472746795,-1.45812244561274,-0.981252220345557
2.90598981883892,1.17879723602103,-0.757302359999375
6.8792789056603,1.50350561804353,0.4440027467682
1.88862277551154,0.973287798372959,-1.31532829950956
2.15825308553493,1.19118141701005,-1.43466842999567
9.37295216333748,2.25386069667277,1.04130493154348
7.46958305158788,2.86200640184975,-0.738612557785524
2.99877391982182,1.17227984815373,-0.18512238365009
9.27972369695493,2.9579801618067,1.20995900749885
1.46365219781698,-0.364213678198396,-0.116332414795239
9.1316406702677,3.01648518898769,0.836315900810128
16.2574711704742,4.44521191224594,2.85656795561336
10.0844603975123,2.63155738077664,1.389601866474
3.51272735534679,0.761557492901093,-0.43452361636526
5.81756896717708,1.60514936493737,-0.233874605658041
0.941084657507,-0.697176494441943,0.220653065883381
4.74795013232859,2.18142463703083,-0.31167591548349
5.88220558303801,1.79857547757961,0.781310195663421
5.52714863559188,0.953425441582891,1.3673815782495
-1.26470881535815,0.0851480403238838,-1.52053310374322
5.11911623924392,1.56519728957866,0.0662796970473934
1.40120467621718,1.05831606340751,-1.74955512758419
9.39659647916142,3.61138490278244,1.73360505825079
2.32079263819201,0.939598359140277,-0.589124641066453
-2.77215359704605,-1.17060974209043,-2.05194674617252
5.06010897747899,1.08860337390317,-0.53875383281177
6.95343145895134,2.14499435907725,0.589995329537569
-2.50351968039059,-1.14818367328708,-1.38036690727049
2.45975176869162,-0.65472223192402,-0.264219623098395
9.09772882380158,2.94083852474843,1.86629414071545
6.63801834835911,1.54539592039237,-0.302312277179697
-6.33261975313245,-1.95573618883219,-1.40606516671254
2.1193045408876,0.863101602674885,-0.614020498541801
2.26666940332644,0.432836118776999,-0.383725192788579
-0.326718710241125,-0.964799139138065,-0.531954412643726
5.48078530577916,0.856851460826384,0.714096450184411
4.27534194345665,1.08938482285268,0.0810227672040926
5.7504879041724,1.15907779884845,0.175030188507817
3.98780590396422,0.868363750204516,0.872837306441213
-2.17861539591196,-0.215683843018015,-1.43951950325584
7.1646196428627,2.29779273908515,0.856514341717876
0.500253617525046,-0.5730086405391,-0.636830066316418
3.67252416309924,0.691590995954007,-0.630547317919524
2.39719737827375,0.663053854297295,-0.702421758454801
5.78871085916443,1.5784038095025,0.341631105407271
0.316674012939826,0.0811525002430273,-1.19731461771995
1.6391685118794,-0.201037541622384,-0.431664825669493
6.32161459819856,2.21834112604973,0.235014878246283
0.19097885141218,0.505573876567107,-1.0394551686563
8.78610670638508,2.91317491547778,1.60374193702033
4.51956132704042,0.564335885667835,-0.0127828833411244
9.06077376870144,2.8282828772569,1.15334771894656
-3.5359788699415,-1.92944469625923,-0.348843735402617
-1.51376067950295,-1.51182584584861,-0.756275673802805
7.51938665057953,2.10434764888571,1.41615752078752
8.18917352835848,1.86230281884328,1.48520381221052
6.50457126936572,1.97445554464882,-0.421342294483508
5.44786592884671,1.71750236902409,0.595280147339876
2.76545577625112,1.05136260512237,-0.632175279816126
7.53979274907232,0.757557268911553,1.67466079875369
4.20237708003256,0.0354989274493087,0.855883246012643
3.22643678649711,0.186839206495728,-0.441638716612745
5.94082057631203,1.90840696838525,-0.297865705019083
-0.851650328726167,-0.854325215595405,-0.903573816265704
0.585372229351848,-0.168505467332302,-0.464415806815676
-0.893647644354855,-0.654584187183419,-1.06056909974579
1.44034982256858,0.506559359549722,-0.228905031048654
-0.469814017759381,-0.706276838911192,-0.71950320308906
6.3102779373079,1.26739425108262,0.514413978175646
9.62785566690408,3.30987048770785,1.35388985071479
12.7552573188272,2.75123846828442,1.40920952940992
4.23394390953614,0.588021055150567,-0.314494176744405
8.28926493565285,2.08065167246631,1.07356462368441
4.92288504601571,0.732916755798951,0.330487715407142
3.73775648781199,1.04072476648608,-0.245671231425511
-5.65539797373089,-1.71690934133466,-2.64566277264683
3.47419768919158,0.98985779534549,0.0553968573255522
-0.0408210362843967,-0.249858918502403,-0.981726375400301
-3.79103072967869,-1.38527536462481,-1.31851445821852
-2.20147487298049,-1.2897032048453,-1.44414502736704
2.83879043097574,0.245640522408306,0.670948799517153
4.21178156024123,0.79345886987618,-0.990820703689628
-1.16750654162003,-0.402158393568205,-0.954099488277302
3.28541686046224,0.75404334614158,-0.333683416278483
3.38263326002111,0.72415167869616,-0.137105051336499
0.266056072373977,-0.314276552522603,-0.670077510115745
-2.1085507825652,-1.33482166599392,-1.38037648701299
5.86379903145106,1.14047373827066,1.75140895772686
6.23662913087,1.80969164544324,0.388922585689364
0.845410895939822,-0.316797334827353,-0.898974620654289
3.47189325784111,0.609388710918279,-0.344998436371497
4.62041818069361,1.28567204856431,0.530747457190172
4.98974652734848,0.798837844254229,0.613793223958611
2.86681645591823,1.03855965575067,0.133497669603099
7.03635598581037,2.74184382242535,0.581369809025908
-0.731288417581072,0.199589047419398,-1.46847019241694
4.79473701523795,0.226085853173196,0.508431117803378
-0.718307225121908,-0.638300877293887,-0.868707742425833
-0.178535642829823,-0.506852868705619,-0.601975414582323
1.10124942625068,0.00129916365493682,-1.15980061682474
7.04895927976766,2.65690446673734,0.277160174003142
0.581840205439167,1.16126717694817,-1.59386957038002
2.36868407012604,0.225691036933727,-0.0161620555060677
-2.30663235790453,-1.00687727760438,-1.49818694781562
0.0952927691209035,-0.28426804251667,-0.759412298739889
-4.26464962577051,-1.35789914923355,-1.87189699330486
3.46832668038246,1.35534094242879,-0.221914870688504
8.27834574278976,2.75786046052445,0.47193069038774
3.08205897553045,1.00576040014699,-0.974721867938463
9.56751214041,2.79523938372846,1.37449326850762
10.0956597564322,3.2285859759709,0.935387482898075
0.241377602818567,0.122835392612607,-1.31296660490459
0.455314331005366,0.594422486618578,-0.648788665232923
0.707426071537713,-0.218563001363089,-1.11981765876597
3.01115522836139,1.10069595510874,-0.652935132073115
5.97979858043124,1.76936114488283,0.872369062326228
9.63287940670053,2.18535477794317,0.996562016477947
-6.03304405219336,-1.80347146415684,-3.4896581950629
-0.99799443665987,-0.32808224689445,-1.54328274964432
7.00752967332239,0.655086730368654,2.17988806255191
9.11989869826061,2.95763176448833,0.988750780592871
11.0423701374187,3.54301061401847,0.724061955662715
0.739736488190737,-0.106730334093498,-0.997564442993354
8.70116748697821,2.06487198517,1.82460093421141
11.2087217970373,3.41495955070295,2.14315458772559
6.3595352771672,1.86291318267539,1.11747525208934
-0.296558662148205,0.2415135977438,-0.075496204634067
11.2412914412096,3.94476185787633,0.918945570838533
1.15958002542249,-0.442237467085473,-0.528319902141034
-7.00058322059908,-2.64325986792915,-2.44695722713884
5.27907627409508,1.26948568228669,-0.0445739586424003
0.0724493947992809,-0.169550615849759,-1.45725049363944
-2.94990532003581,-0.656980706787935,-2.93998666774495
-4.51273968186141,-1.3146733904118,-1.83108016836031
-1.8009822005799,-0.787950342939127,-1.05993744062424
4.37649731670434,1.91394049384685,-0.785224589744256
0.352434327654819,-0.245633493384129,-0.653491098005517
0.28431618644676,0.491578624388739,-1.36912960690842
3.09634248878076,1.19978132402182,0.217528571333126
12.0570019136174,3.70112586392204,2.44107652532901
-3.96137694131763,-1.6973650195357,-1.00214730047806
7.41126754745886,2.02463650983279,0.575551469945901
8.77570228239277,2.83633363575739,2.12432361278695
3.33302777247861,1.12259033204383,-0.606407431328988
-1.40780163561171,-0.687713200329921,-0.612763873443484
-0.849580303327119,-0.616837341877276,-0.451592756884185
3.92861753990868,0.439767867297492,0.886188843128606
2.08369390374237,1.07377943894459,-1.47624692424799
9.92091889046558,2.5367942850775,1.57782110561712
7.30950605948155,1.83135376139191,0.969638885140909
-0.563614981213574,-0.740010249426255,-0.516683682836708
8.30001533248555,1.92717839355259,1.43484743233444
7.35735868187172,2.24436491465408,0.903416850006498
9.24121945790843,2.82864157708907,1.0079116142202
2.68534974987215,0.543692717998302,-0.425393600508355
1.38290329434071,0.20005973637991,-0.0544805447343833
3.36123006030559,2.26139695762372,-0.273678957427726
6.57709400973838,2.51842576737961,0.801456389392291
9.96154649012773,2.51124968626361,1.22874048995246
3.33335582338961,0.286913825312895,-0.182438850625337
5.1975773001652,1.9252389693527,-0.125245228703498
2.91500197870237,-0.44257278473591,-0.370959148102795
3.87234305818392,1.24809685248244,0.0525664584930323
4.71938466937712,1.33787648060112,-0.145899365670987
-0.274155403578608,-0.497900308811105,-0.975201187023672
1.24567012780511,-0.449480595093874,-0.44281585242556
-0.510818437859111,-0.399943651643128,-0.715139201678581
7.94508493537346,2.50922156345951,0.556611170350365
6.19790723234583,1.50416552744527,0.992045222150508
8.75143974898199,2.47574472462489,0.777071719060172
7.57449798326973,1.79639297139281,1.28284380304779
-0.369162344090229,-0.965291283159317,-0.547264285873826
9.77814748533775,2.87036315006353,0.818644705359682
2.59988796292943,-0.637421458223017,0.244821741103175
1.48610161460977,1.67391589040043,-1.8985921176141
2.69009493228665,0.095426182976953,0.0595972142950678
10.4062204473476,3.27305255832245,1.20371713171879
6.24769309912706,2.11020239267254,0.898812857616866
7.8302173274195,1.76001380641446,1.04335072006579
4.80924811614766,2.04164336038688,-0.277545308004292
3.26182211122541,0.646056666780035,0.0582694340967513
1.64155256780234,0.927745970284459,-0.487280076384499
11.9052632709059,2.64885634971434,2.19401569892743
8.67981634256552,2.76764887083435,0.21264545621566
4.44036110998136,0.732277160768983,-0.614532600253928
2.85598137132044,-0.237222056444397,0.438411029948298
6.84929478729111,2.37131264365652,0.561546782369298
-0.748669676704339,-0.201471652962635,-1.56953024803072
0.503536974952997,-0.330840869878282,-0.354106950616413
1.1772111203274,-0.290750335353851,-0.935235082476812
1.60670000263956,0.142374832607983,0.582260121626992
3.17957695741304,0.527687877998772,-0.295424640244249
-2.58817116068264,-0.191243323405698,-2.43546967111467
5.87209958584815,1.66106451938029,0.466937912474075
1.96219085900237,0.661374320686704,-0.415456249623006
1.20170329624117,0.455723868429229,-0.26962029475795
-6.20317229519607,-2.28770719968313,-2.07773566107326
5.25140932691223,1.988844299145,0.145149519828938
5.71214620467437,1.67898505910834,-0.315231321454975
0.415136074559407,0.446147855299453,-0.693916617208246
7.04562181508258,2.72309314592612,-0.133767191870353
5.77399277022318,1.16199659960107,0.667335511880838
-1.68702173979238,-0.308232827207253,-1.53086581371348
1.62447549119516,0.55560776964559,-1.45112126239894
6.5412583907821,1.47906439297377,0.144001871176675
5.97450825154004,1.81183259023836,-0.463390350498523
-1.12426527474711,-0.473880429807402,-1.81789462508733
-1.57989002078038,-0.260020399920014,-1.16727518590616
6.93641165871374,1.62897710724172,1.58423376446338
-0.910990880852322,-0.816378322080031,-1.5651077382119
3.5059286258095,0.649146713058557,-0.239735464480991
5.77808990880475,1.0522727400443,0.414166232927473
-0.605104365113785,-0.169952961322788,-1.01804100555472
8.0159945186746,2.37393622062018,-0.324847101366333
-1.18047615442875,-0.918975663132565,-0.93027346405988
6.72015079430827,2.14191519104105,-0.428931396052457
9.33331476848594,2.77958588103778,0.518605628517058
-0.0167598254589436,-0.0140457126983379,-0.436647439064936
10.9107290524853,3.48551823705062,1.41036054447738
3.20130572778105,1.428937152872,-0.563059922174275
5.16643658426723,0.963656915719308,0.298800741091711
8.23715529548361,1.94776437085205,0.708006254835664
-1.14978369581435,-1.08133278700125,-0.817196239955321
3.85546808710462,0.993683199225268,-0.124119666576647
1.51134478834126,0.148633493760717,-1.17027933415452
9.36153689419928,2.66051843154153,1.09465831129124
-3.04559665449186,-0.826837974537952,-1.44445307432513
-1.29569791947293,-1.04685125507005,-1.14652136722638
5.65372989118114,1.46229043093326,0.825110714123797
8.39504297159471,1.93377328670806,1.4461502101065
4.50483157008868,1.47923424741621,0.0726546791223192
4.36486780084378,1.60852341540451,-0.903247210616922
-5.23342975889932,-2.21372988740804,-1.31141826539059
1.00592728983885,-0.505299980584589,-0.513791300159991
5.41568086493828,1.37393280669933,0.157525080053197
0.381155735407069,-0.461838179615663,-0.330922887343042
0.00612403621879815,-0.917449698171583,-0.40514580984927
5.788859286138,0.664515344297124,0.921360508619648
2.22350880252399,1.162435478139,-0.36522800718052
10.4443186662947,2.22839802212222,0.970373177196743
5.79615560195971,1.09654286277145,1.37742853697708
-5.43192805271478,-1.80023656877977,-2.12064340638536
7.86336555798059,3.00766732366627,0.639655944985545
1.66000386886462,1.22055604444969,-1.01462955788725
8.05042724297123,2.27132517565934,0.776334062474127
0.97201427344743,0.28416377226161,-0.814873523119362
-1.79779991914886,-0.338686633611118,-1.70761135148807
1.43409329609437,-0.516377534208645,0.584210632545541
12.8185557654744,3.97014878053904,1.81431488319901
3.6830172684848,1.37013275874905,0.397508296175014
1.29113266880315,-0.729257655950932,-0.012630664910301
14.8727216243089,4.50478826972715,2.88865640545447
5.78965819643142,2.13691986226669,0.65883715855194
4.10939897447957,0.858045242316676,0.382902480891572
5.27879356467424,0.950897191129043,0.460103437061518
3.1696668804718,1.02557687571191,-0.234375778276832
3.4520612696878,1.06031817913512,-0.504362080797716
11.5537008672187,3.80441163580469,2.06198100589382
13.7560089404975,3.30354787840071,2.92437153554563
-0.363528517189887,0.305570427289082,-0.633454246744315
9.54345026901596,2.77337246608978,1.91020469907458
4.90968884866791,0.918148763586682,0.175396793921579
2.75795482176507,0.942721572525539,-1.00869016248871
1.43854212415649,-0.159403198628873,-0.595559145426158
-1.00739336602948,-1.50204615526356,-0.526227352863183
6.80110010291742,1.62014665929109,0.530670057185636
8.85428635388847,2.79857108911815,0.412970868935899
3.60449873014452,1.23571459738057,-0.662327478476493
8.45451374451786,2.62197175320958,0.599990132930171
6.47738709408296,1.9098793342007,0.94297103663613
14.5489958002415,3.35487552316892,2.23427824742415
-2.95377744593587,-0.927676153377387,-1.09560781107423
-0.0113972562454316,-0.424516955084463,-0.0381007215170365
1.62221516985863,-0.226686727624859,-0.730136798146476
3.07360997198649,1.45539366593239,-0.041669889890693
2.34539784942606,-0.0156291562388235,-0.449695747144006
7.30911971540362,1.30817468411244,0.982073899454629
6.88453881261338,1.61636639928054,1.98409381411787
6.34157853927998,1.86935374223506,-0.143609261625935
2.41839590937715,0.638628220001911,0.440261811642537
12.9634848222229,3.72382039602387,2.05097163178134
8.64063398781641,1.55187891705711,1.23703402920595
-2.02713236181681,-0.462365664346896,-0.27054800541831
-1.33197084010655,-0.699873630819948,-0.707565783576231
-0.0706420208362911,0.287686705085854,-1.77962937733337
5.81202684982673,1.04694370641943,1.16826495721438
1.88596659238894,0.170612510356752,-0.703829620854774
6.2830810780055,1.86249781385341,0.842398253179427
1.72388774050986,0.745885203314528,-0.681279016485434
1.89220196789366,0.0170372355988726,0.089389651996641
9.51139177393581,3.10166473311111,0.883113979834846
6.1163230020681,1.28881588921234,0.904631153995774
3.93581260850052,0.949151308804989,-0.262500073632543
0.114888123150685,0.62625415286137,-1.35501306022769
13.5286339456351,3.72659523344901,1.48268276364097
3.74656573791737,0.682702178866022,-0.145270118169976
9.50135029025202,2.99449525460614,0.599154383968549
0.30956327255533,-0.831274791385037,-0.175529323956323
7.79645809087907,2.98557891672169,0.0676386482963459
6.70771627722787,2.37893246774371,0.65239719876147
4.4740420315193,1.75301793104521,0.586254469240444
-3.13494780339532,-1.82402021969373,-0.621236896388462
0.571391991684449,0.637424273973959,-0.0739017773884849
5.21294138646858,1.22551845282122,0.720005353126615
3.81041550484355,0.557631369385969,1.48184973995755
6.13174184890278,1.02225003774091,1.27760744739145
8.09848102007482,2.38410095706864,0.977294441510204
6.609432458924,1.76800048274374,0.419236714659254
2.3157420737432,-0.133747635033201,0.0216741299071457
6.86838774926713,1.89580572668129,0.749742944040967
8.64555651816035,2.64499829577343,1.31819123902393
4.46996814058694,0.325624606034868,0.805078648960153
9.47098414681808,2.49523170076267,2.48303506034506
5.66631109178272,1.90103523044384,0.209203813106187
4.20243330041484,1.4698771752801,-0.451127622520305
8.68042763983442,3.00544856196267,0.472603126918047
3.77243149187542,1.62290596072892,0.409838409350416
6.25814581414918,1.62745982305035,1.29092759264584
-0.0998028549298142,-0.792607943768352,-1.15710827344216
2.33795706691778,0.50308472223492,-0.0435922098783063
1.89541398245344,0.368985285811273,-1.11380325578473
4.67831807005009,0.933371932422418,0.133748720066659
0.86628707690122,-0.211758932602011,0.0934860236375952
1.72797045607059,0.868169974560989,0.102017597856823
4.40844783779026,2.1587036709025,-0.855604265565982
-1.5887179657788,-1.44519843078884,-0.907533057345343
8.07600907060302,1.98168293570603,1.2798554962352
9.28854423214115,2.5525134094937,0.877905267266082
11.3067164831901,3.13171874702512,1.32321904096673
1.49743137037468,0.0846823901371166,-0.30515345967062
10.2563150314277,2.92631764780956,1.03660216721456
9.27106683470478,2.79143356348427,-0.182375455619215
1.21605640695128,-0.493012346509199,-0.943291617863519
0.49266855643717,-0.75817857106221,-0.249877504866658
4.33808503387001,1.72860265937228,-0.430071621152146
5.4159523606279,0.960983733669683,0.565545721265962
-2.3408642465395,-1.0162320175702,-1.82421884998196
4.75447185343285,0.982331550770842,0.0829055373846796
3.19099739714272,0.0442446901122209,0.98103826145832
-3.29216068206698,-0.841520877727895,-1.9217015252675
5.76076324667579,1.79326732010685,1.29202505049369
1.2480440237237,0.0716019866957229,-1.15769022465163
3.89398283853706,0.913535253771816,-0.686142734100392
3.01400253990078,0.619550597391832,0.413193540148152
4.23008029096026,1.16362465772571,0.0391897564559883
7.08727869499823,1.35600544649846,1.55338750991513
5.65626736014154,1.70866414638326,0.823395434127732
4.62295502743794,0.896645556968946,0.790804548214854
1.63818665712804,0.497421691502968,0.18477529447868
2.0994808012784,0.249815467498235,-0.0103116737138194
1.45227296131965,1.15576338431343,-0.533255219755734
7.1930297335018,2.1630946910503,0.755275380807473
8.37148697625973,2.79613047718568,-0.302170285074473
0.190240355064505,0.170965899503663,-0.256972362230347
4.02471509479921,0.61829403477931,0.108042426279912
0.362148528628682,-0.165728074582666,-1.72012365830163
1.07741752592066,0.697493252495082,-0.749140060539712
-0.430363007116276,-0.861948588440363,-0.630426256495754
9.53991413319721,2.82310637387017,0.509054584485682
7.41895869278371,2.15440572082328,0.851791590778539
0.426277415236265,0.00207889980284429,-1.22939889401669
1.11290982694482,0.567666818232611,-0.152366677038693
-10.7391822540849,-3.79236228811313,-2.84858852866231
5.40061161898733,1.14030368872876,0.935077522050584
3.57305179159537,0.28674229282507,-0.0524445053118792
0.384593303207516,0.183013794308763,-0.56605256638621
-2.3107567819097,-1.50051423810028,-1.04966855162289
0.0517586050405638,-0.543248049225643,-1.48967833564387
3.11388535746619,0.556398117458332,0.628004302311022
13.8571814024485,4.17654376899285,2.25337459687379
5.15327427715601,1.89997735291403,0.37428089789164
-0.0500410559147632,-0.585161061685132,-0.957875496375769
6.5589334138775,1.80846213308592,0.121405937341407
2.00648139183324,0.968353308036123,0.120464589922695
9.25203873532268,2.19206366193082,0.922160658534719
9.1816277300937,2.78880881965017,1.62290188506321
-0.239924819983785,-0.93805603128212,-0.672323833501277
6.881135801633,1.1917560526242,1.01127481745665
1.62603118636083,-0.406565460287605,-0.139165256466843
6.17192465260578,1.9865056706572,0.400618498547774
-0.0052755701338052,-1.05703019563223,-1.23350211092313
1.80759703575195,0.402962847629081,-0.889292666206687
11.9832887103417,3.82997778028435,0.65015875471536
7.62409135767246,1.71377906967201,1.03710258351566
2.6606353387723,0.92487817197541,-0.602357178916076
5.49339076039362,0.77311304311723,1.51938996308768
8.95392631197855,2.44840812286094,0.622384886863984
1.29718103936245,-0.547855562691499,-0.0481269803361432
4.52569078600644,1.3472388182639,-0.265438980726641
-1.50707807883719,-0.359990373518328,-1.81627218170037
2.38975708998799,-0.170752720025563,-0.221613462999202
5.54350268880993,1.99888256466255,0.494364277211233
6.23312650201313,1.94692085074607,0.250986936546315
9.13030317733292,2.74732346393472,1.10096001741524
6.77691950140655,1.53258889438245,0.460010123378795
5.37199429065964,1.89228530513197,-0.238789992974717
7.82540475746643,3.04039848976045,0.952639582831593
7.38489175972068,2.0313543473589,0.487060496831255
9.94371196355033,2.82614293257786,2.01342795054832
4.9963419447439,1.63822658350792,-0.175308625850094
2.42362482065504,0.156589994945351,-0.744542886460042
5.14572791043374,1.17768151966261,0.0008746049160177
7.48567492672944,1.70392003558603,0.739636704988108
7.64434930964454,1.41210265393058,0.974712766326412
9.26812338154477,2.68840309139355,1.2923147774311
-1.76794691589039,-0.562043259968485,-0.783942397978056
8.19376023651356,1.87998548799495,1.00412851105627
8.83102281215636,1.52431355243337,2.05360814302805
-4.32660145945735,-2.07257091122934,-2.12090234094993
4.04883037776332,0.424300732511457,0.471605505999217
1.40317248414963,-0.0402676318642143,0.284591281801202
10.3229660078177,3.79644687517551,1.19216610098471
4.55187181584567,1.33114840476451,-0.164449435407026
1.64159756515108,0.108077101116286,-0.767039779434619
3.33281119969118,0.753907230592166,0.478447197070385
2.90618283555626,1.30486026314309,-0.211447058232555
-5.22401871133673,-2.61024246387934,-1.60052906131365
-0.643396138948215,-0.730331688524107,-0.833471810761022
0.299035507947227,-0.183404328824982,-1.80106764169275
6.32014947440154,1.06316873467105,0.552594746639095
3.78853359853482,0.989243448539312,0.781931268997148
-1.23962323039423,-1.55887769274261,-1.730289867036
-4.3882634827495,-1.74641434638929,-1.38882513139522
3.70836427599876,1.37938350997646,0.254008460131935
4.65462303956751,1.01149040429454,0.402789983094731
-3.7093041577491,-1.4426918422544,-1.40846737833096
2.67585222701592,0.398141024900852,0.954335015384748
-0.193176301617248,-0.750153416313575,-0.272686540525888
3.28513584660879,0.133981383650956,-0.236163711914675
-1.2215061440015,-0.625819216003461,-1.06211829725073
4.25370727024212,-0.132669997149526,1.02151510337715
4.80173053785385,0.189607595879318,0.0745916671349457
7.17521333282396,1.1305217937368,1.45819190317012
6.48183330750954,2.04013513606703,1.11356783278869
-0.135252219588781,-0.29014872028934,-0.932981470470945
2.10342089094729,0.736276960779668,-0.17282682413627
7.44835390025769,2.45674235449032,1.31992420101555
7.09225827247255,1.66544252172522,0.612811172703662
0.758893759559305,0.471632653568508,-1.2997152833888
3.12586014467372,1.47112667192753,-0.560711444760091
4.11036115628265,2.2172959497134,0.0363297865848982
10.6761471516169,3.5198329583142,1.7915748890876
7.4141196461676,2.2459986424913,0.311058045819496
1.17001055124488,0.758824806195155,-1.20515052760628
5.13038265892633,1.32523147925573,0.216442164571082
1.44344698624843,0.407501436390995,-0.0338621609665543
7.70493026570495,1.54798209252414,0.63351311480223
10.9873778774442,3.0002047812495,0.810690800280297
5.44675728660346,0.885551867132112,-0.0194955421572285
7.95010476863033,1.87726238138056,1.06005674906733
1.32233050576359,-0.194767428588711,-0.125755570100735
2.49007502387572,0.370035677584586,-0.418594821607158
3.74604875286374,1.95552314040859,-0.292289800456691
0.721459634239159,0.146851322235133,-1.31282391192533
0.968792655006772,-0.878608882187008,-0.936413519163146
10.0033722652879,3.42026979839285,1.25853703824076
12.7136463241182,3.58104045678968,1.8802613341474
2.76374420610096,0.824753891714403,0.706679851285412
5.41435403079141,0.869093241394379,1.55461926805377
3.88571737457297,0.861075610104824,0.339475038786443
9.28604368264584,2.5850493242231,1.61512031755654
6.1838400337843,1.85622926041486,1.14934098461949
6.25919021141298,2.10284840424052,0.432664428041978
3.83593171075799,0.298762689304977,0.369498154964889
4.65158866306475,0.920076644432684,0.047238116478829
0.739489858041369,-0.442596688607251,0.111739185896637
5.2671158988426,1.11178518538649,0.132920794225022
1.68161620210377,0.755871147214846,-0.398435808255518
-0.418102583084303,0.660349010515616,-1.07236383501337
2.84052103041724,0.963665223335496,-1.54229577981006
14.009809634704,4.14526203063131,1.45909246027842
4.46651453317744,1.10462654666116,0.0188149808928465
1.5971514493365,0.79500036279627,-0.792908269235688
10.964971159943,2.7422695859372,1.59410857381515
7.4373143196017,1.19601180790351,0.740295819502407
5.35652698783942,1.30278830191201,0.729501966329488
2.97624442293855,1.10942643077967,0.18087964765163
-0.233708581753875,0.257152202986717,-0.987399926141187
2.34318566547023,0.16040259919795,0.30761174782434
15.6785443440014,4.46689469799047,3.30279675506083
1.836469403105,-0.22442868051869,0.514639061657937
4.51551323066466,0.936451808259824,0.165580750684854
4.86997198277441,2.20621507013884,-0.200561069912075
5.0532147417424,1.672757446834,0.462885704270903
8.39952322938607,2.67505935683961,0.471425658037577
8.20956206130425,2.1044177806238,1.6457776197452
8.13651130341587,1.64298744125955,1.44239704544571
6.37196601575497,2.70349422380845,0.0727412976237471
6.63395301906903,1.89960409261831,0.939840205738802
5.12188569866482,1.44820130391123,0.537874287723971
-2.60403155018208,-0.707852718960049,-1.18719668642787
15.5951493737576,4.77879923434213,1.59827605603418
1.49967590268505,-0.516923137491631,-0.685607963961567
-2.75229943106878,-1.71479875319607,-1.78658311939649
10.0773605461104,3.02687711384192,1.214545757216
6.6751679568022,1.80431656879562,1.0327302295625
11.3262504559824,3.879267879531,1.32964379903135
5.03326745318499,0.768240573469688,-0.347403711779715
-2.31534051554071,0.01142407801846,-1.89381781262658
6.7259781329354,2.42889015352327,-0.22159214698584
0.115479378380659,-0.400647847587667,-0.443926762443343
8.4392415389753,2.1944538357975,1.0968792844175
2.37199412306171,0.672608850302755,-0.745800104106484
3.8164435337923,1.36116104145667,0.344168060221851
9.03446333405376,2.55939526895157,1.21103621916196
2.61095593077688,0.0910235119549525,-0.0322657853420733
5.60878425252965,1.21479021121208,0.640985787026247
6.61233580584178,2.58084684512562,0.48164501569431
9.42102664580544,3.35388482989347,1.14270771524039
-0.189205624109259,-0.851368862276458,-1.2958839923223
1.19759588832624,-0.066685891591801,-1.38090458732325
2.9831687420768,1.67073864909177,-0.936289587113875
4.33317209765254,0.954594541627204,-0.642619889752217
8.63596952884569,2.54920005911582,1.21662259193405
15.4714164677675,4.65003259182525,2.88511945824408
0.281672785128919,-0.531493630010782,-0.736661720080859
4.5379664864232,1.4426604258815,-0.0691580154510903
6.85191110150498,1.89368187739635,0.486729625895104
4.7068077678354,1.37258105663106,0.392935905349422
2.96909579270853,0.586212956151988,-0.00207412381559011
6.27132474026073,1.1843649133254,-0.514158083175141
-6.04175716012476,-1.69267587508032,-1.95969976871982
6.77653294048168,2.71206170360498,0.484122236524507
1.32487344052628,0.811800451213598,-0.242738684829919
11.1883030532321,3.46448602566147,1.60975279143454
2.30921987394681,-0.541190576760815,0.552700628897323
5.74823376369757,1.32454327952541,0.825264559225875
5.79737022518628,0.977674899443522,0.930238031078572
-4.23722070842304,-2.11954474806032,-1.53017485334467
0.770659554803978,0.317077858086926,-1.94798290962241
9.62918574642326,3.15960183776684,0.228214048607337
2.44121537599714,0.520695293377972,0.556362621309128
2.62785808400364,0.197134172995703,-0.682964031166389
8.48512239338455,2.03124503197248,1.7212075581781
8.61491430279728,3.20613961701893,0.682346566967646
-0.00323708739783923,-0.424434449939479,-0.311061036676237
3.92940293528894,0.760403766426128,-0.0181303829416146
-1.70245916658513,-0.672301100149271,-1.19704494476658
5.98527968783377,1.31578714332455,-0.843972615169083
6.29536583105434,1.2794140141481,0.594290440966119
0.707811552100165,1.63918138001874,-0.848959011167367
3.4645978717938,1.06741571716725,-0.553162020808692
4.30479746715432,1.68392987037343,-0.556251932433343
12.1717475281492,3.72331407133306,1.457685150321
4.77540487999153,1.61871893601376,-0.187271006222862
0.42474103222162,-0.519906887127065,-0.836594332858977
-0.0996972252800737,-1.28159430229116,0.0232882644149685
7.79170234857031,2.17953020490841,0.604162139586742
3.56002285190631,0.429823997273196,0.21210221171056
16.9759667081056,5.03719997137279,1.92429046996184
2.15670387752024,0.846234585711013,-0.258867828958407
-1.25364395602675,-0.648275673352625,-1.05905175799046
-2.62134442200345,-0.582366267101767,-2.25583404226144
8.9455645515502,2.77074318533064,0.552037817238003
10.0476066595035,2.86617184063215,0.747183091500378
10.2482656399519,1.736877964387,1.53512168606494
8.22370168591932,2.50430740705632,1.47685472675119
4.67012196369132,0.924160121756336,-0.37487526164929
3.41319299457656,1.88730829864262,-0.68483545278114
9.17440672674633,2.4290292090224,1.16610718152852
-3.71554449611283,-0.120322093015593,-2.64085461689324
6.39140490496931,2.49335480909561,0.808089968507202
5.53944088181725,1.38066610956778,0.338721563895508
7.58568911324773,1.78496884975065,1.02811316947463
7.50723503282375,1.46591317155823,1.41269659357986
1.01879622527848,-0.262131051002205,-0.659095963049786
3.81626004758968,0.980541449146165,0.288486110900599
8.22383597990902,2.19467783897518,0.969132201442626
6.55219581324238,3.1005190262865,0.281131148003438
9.17189041428075,2.49691792119375,1.15038842416939
5.20481549871511,1.90916028282545,-0.0777193443535957
3.35954779646318,0.92098630913616,-0.800774343460948
5.87117381782137,1.17245216306544,0.783367485858967
3.03114581671245,1.16072904055632,0.333999232371838
7.68087453408271,2.36258669558514,1.17519437353043
0.585256854241471,0.572530700935251,-1.29688794367497
6.37195778940067,1.3088686386866,0.989372154900708
6.49364237497483,1.00253003685377,0.496569699590058
0.658629455333206,0.320227965254777,-1.36236014634998
2.0496483353026,0.898624359491218,0.0158612223705125
10.8640455108813,3.10961726623568,0.994123566644764
-2.12524707212347,-1.70571483554463,-0.942263319962953
10.9791705645488,3.24585376269664,1.48587569499876
7.18817233856727,2.07286063221679,0.310978824685041
4.419059790419,1.43756535033138,0.41074087829857
9.10812651188579,3.33190790894255,0.735594013906958
4.37530187601483,1.1556282851966,-0.550312175091264
5.24491741703758,1.86251129182333,0.33269537490972
5.91762240119189,0.939938367019527,0.885338914756309
-0.946076833423794,-0.65465065507601,-1.88612593421158
11.0536100212391,3.77356854713856,1.89130989244251
0.914826604671155,-0.200366532251979,-0.620695517380166
9.52862929258891,2.33396003448908,1.07725860381153
12.4308145619694,2.4019605796928,1.65107320695778
0.406505355463039,0.124589776239891,-1.23679312837628
8.27362392552454,2.5210685016151,0.988079362542807
4.25213366095592,1.30497027879552,-0.142593307636288
9.12561801247028,3.54261775165024,0.990603868009317
5.93755497004698,1.73616021598145,0.270811285363265
7.0719032171961,2.03390884244975,0.427336303147949
8.93917294713966,2.38049377712557,1.60696069261853
8.69992826095355,2.71811359964908,0.375909978629535
1.49394516671247,-0.259689565028789,-0.460772407249051
3.61470159977867,-0.00128294154299113,0.831956866943426
3.4911688063183,0.940914085485252,-0.537667756214729
7.38104334006617,1.43450371898968,1.0850443429382
6.19208904443369,1.42721228129299,1.0575338722497
3.43862840322781,1.52086200609328,-0.132837334741971
-0.749972466931577,-0.192765914783785,-1.55776982072611
10.1874962041512,2.89042219701867,1.16421342120392
-0.169234469311931,-1.05558151699154,0.462791919372355
1.12886401103362,0.145635018624019,-0.718112678111028
7.08131783001522,2.08348288050111,1.06356047167778
5.15591606665313,1.71858712822808,1.08689074447033
7.1582265191061,0.989193684191716,1.68730111972353
2.56172252563508,-0.0577759951174612,0.555598734498403
1.6730098924788,0.558074909288438,0.420390223839992
0.712924321434234,-0.147007499880723,-0.0630829519401463
7.9633583173118,3.10772847802829,1.05377444494085
9.2799402465885,2.04278337333794,1.48890837665337
4.55861120050065,1.20627457295062,0.0863332548270084
1.18920518108804,-0.0626042444449753,-1.22272760456139
2.65653501109879,0.838596911707972,-1.10602415102228
8.46275211966063,3.00882624843319,0.754689858066155
1.38403646822047,0.578473751647583,-0.589502451258106
5.76088468747142,1.64618931149127,-0.0756401885297378
-3.22442540138031,-0.868758138873098,-1.6961141786041
3.95496960676693,1.11289372678522,0.570764351213811
8.4550727606204,2.64971175400859,1.22192387598799
4.12732974565807,1.3233195648065,-0.618733881707916
5.797448653453,1.70334032309376,0.204401675341317
5.4056770304407,0.904702585733924,0.5273629206822
0.262255056122107,0.124041422421185,-0.099873383006356
-3.13581332968667,-2.72277606235356,-0.75586078739364
10.5021908176912,3.48548459632841,1.14281906572402
5.8079315743877,1.4583764349466,0.101476092224174
-1.54924316904658,-1.20466071903949,-1.27238173892973
3.230389610624,1.31128269853293,-0.399949575613741
-0.549441835744969,-1.19871241999653,0.123734644285633
-4.46338765345581,-1.56958763926692,-1.79926772776061
5.60239984398427,0.953902769911428,0.217572399482365
5.63060283382488,1.86305122515375,0.319029046135772
4.45437699723392,1.14608920997406,-0.325599208061534
5.83560624358301,1.12958170668677,0.409514833260458
5.07168479399233,1.3407512301699,-0.435654753662358
2.90238023820775,1.25422265405934,-1.37215165302993
7.06881603902055,1.8015362406726,0.743234028225126
-0.0132055749730242,-0.62456718279161,0.210527609782803
7.82503329191894,2.72985964523999,0.0355647503483778
-0.065831368378026,0.285308305276081,-1.3435630838115
5.70210775975807,1.57232645911994,-0.333684981467851
9.11167482321784,2.05936401900875,0.840070284175227
0.563951294464266,-0.0135725538967078,-0.930485111076516
10.0097812072278,2.69200825398557,0.898990194356945
3.26401453227906,0.94059068998994,0.0956146911421157
7.20662003952208,1.61733361699999,1.03459059946959
7.2372313641368,2.81038921197169,-0.10665841000593
1.37535927263475,0.163188625146415,-0.335976239462485
0.745889326423626,-0.250498227342585,0.220437210355401
-0.0328900872553383,-0.45654239378612,-0.773120136155741
1.17467815946397,0.601082692688728,0.0673349135887676
0.721219363051198,-0.184043823079112,-0.425176294323546
8.29652431097807,1.77647590058804,1.86359736386196
-1.96223868288701,-1.09133498917169,-0.963176268752411
0.0698226926900188,-0.0456031597879161,-0.610467623075149
0.765736828958228,-0.404872993722304,0.665316209354297
3.06809350068026,0.759649265518241,-0.108490200655237
7.83218990726279,1.517415167966,1.16803285673984
3.60243093613,0.584346106967414,-0.210924013475708
3.57089759717071,0.128577865207752,0.383158598068809
0.166764369906585,0.31376336761944,-1.3776645252273
3.46941737466831,1.07697870949537,-0.0277189099273526
1.28996734928397,0.0592237767746031,-0.116377840644414
4.57590795885579,0.919588055134567,-0.546963313397757
-1.34093734467863,-0.673519592005182,-0.756830234206458
6.59686333064562,1.74519226930168,0.156659596450522
8.62630213753913,3.40756674124028,0.485152851929883
5.55048196234804,1.61092192938292,1.45817700887102
10.2785630001606,3.03923717526475,0.969016616071733
-1.29682281217085,-0.821005818574167,-1.05874223694579
12.2850083017064,4.1920641466432,2.11936035822702
11.8853658774211,4.45528442232668,1.15213564917146
0.918984954478385,0.59719096464753,-0.361596034829693
0.532064638354564,-0.49105835379875,-1.22973466483645
-1.70802742634887,-0.399887980064052,-1.82145202119239
1.85191823347925,0.882413916235724,-0.447083568775877
4.5131883888207,0.998826731573794,0.447953673391834
5.43353510217965,1.87211256896776,0.556321584863654
0.00514423189101543,-0.0216389237777424,-0.84871947425532
5.68018545439849,1.32787065057799,0.998955185119301
-1.30736352812858,0.259897295645314,-1.55729732635991
5.55184401323601,0.938142028624915,0.726370666178476
-2.94324350303393,-0.395037204930147,-2.21977635031979
6.80993157591385,1.85291349674773,1.34710723284095
5.83186329892051,1.84920555126717,0.448326292593142
2.33788338435142,1.06363189972165,0.242079185847219
0.521881108175132,-0.0686493696345316,-0.584183414318283
-3.48997362105294,-1.85538902699342,-1.84142714758547
3.38460339957079,0.586895999149421,0.107722980391694
9.68514213728043,2.58563524566273,0.943790911411788
-1.90248725054546,-0.32790848026376,-1.49340130513597
-1.36853859152765,0.080209982665717,-1.07991397369316
3.37922444616672,1.42742487678014,-1.40341242168963
6.99581425074037,2.45841768842721,0.397046663194952
9.56716382509775,3.58858313948177,0.731502347576811
2.37256314486055,1.45241312265355,-0.804619777694547
2.18459170193933,0.114951728541961,0.459074174786059
2.9590715670086,0.0783253534457516,-0.102553983281993
-1.80435529087212,-0.658121032925507,-1.59448873045586
5.17192455078276,0.871241177957465,0.958284834060715
-2.11252939771324,-0.241064475419249,-1.74524104243485
6.78062237158138,1.29571492404545,1.85611205816037
2.121271709237,0.506078969270938,-0.345970527735799
9.82422001305794,2.7874852444738,1.26874428090311
1.46413993353272,0.117468476972378,0.260114560370777
7.62946948463027,2.36693771204758,0.600104567605224
7.03508244924377,2.47617110083064,0.0592652531602184
6.31663398138004,1.0564870156335,0.802186238361144
0.42614011331175,-0.762058173905049,-0.259641456687107
7.09185884461554,2.03682730782749,0.724071078070032
1.64481561874449,0.19895693801596,-0.80570800508692
6.23552284433749,1.98310303515678,0.340752044425925
-1.48556613811279,-0.671299390081359,-1.76518900347891
1.04000470669891,-0.486492790334997,0.0430041649040684
1.83153378750379,0.405178595265425,0.0294250878620415
-5.40457943655024,-1.57219644759953,-1.82467204232412
9.52343214642773,2.7556355869114,0.673150267336572
2.37283010583074,0.502589393061532,-0.306484106070423
-4.54808820279746,-2.00083958721178,-1.91105683730012
4.22686329809998,1.76541235724055,-0.462818456403939
-1.51215419804859,0.150186739347181,-1.85673416385238
5.33561717180242,0.588320619580198,1.3157044039731
7.71012882081009,2.5949193114967,0.824441945221065
-2.55844860618519,-1.73301952547567,-1.14266200103582
0.370535457444209,0.257972694243476,-0.642433184644691
5.45107245288255,1.50780842076539,0.547997237193945
4.96970993966353,1.43797060606374,0.11939419645856
4.54510178758859,2.71394800557646,-0.865020302309946
6.42081580422658,2.52348600029198,-0.102983578693421
8.24639816317155,1.91381557041108,1.28930368296922
3.32600237381041,0.88134769510508,-0.0289867602405277
7.46722076931923,1.98152843043765,0.72964003182539
2.24982056267881,0.751231287335962,-0.521387199097945
-0.0836447283404105,-0.907363666154943,-1.37415899318832
6.83917775862739,2.42572414025724,-0.239712001353918
4.62205171030016,1.01487856092456,0.0370674550633332
7.34534570867315,2.24461071362077,0.828209203854684
-0.721308699477608,-0.10396899306035,-0.740293739753546
7.77516363866512,2.27250812143432,-0.322547881591938
-0.650375581947871,-0.368105307358366,-0.823719730659859
5.64324526809508,1.72137838300108,0.194323067217449
2.41307200277548,0.139529311343271,-1.14331522764652
1.68342554195198,0.129088367198034,-0.0746319483466433
9.21130930912758,2.70621752180169,1.59647918993711
7.58638385593849,2.35120282828362,1.9448188362825
-2.29663216428319,-0.454457775752001,-1.36980934326391
9.00360956575728,2.75235443896494,1.5309194272885
5.65826139557024,1.60411218680911,0.21486119632957
4.08324671299598,2.0602337792646,-0.380769171852304
2.84687727222757,0.531765328171792,-0.208841154428704
5.37873374451777,1.62033726466658,0.134323654503192
5.8317486297217,1.42758051068083,0.797392836430937
5.04640274757286,2.06096492250296,0.199942384008792
1.05322814494757,-0.199672921067837,-0.525324976449054
6.16439510338427,2.31456914184382,-0.315289780271664
3.0573830934346,1.75580427113807,-0.517908751498421
3.00311942898609,0.322295636253263,-0.308705948984889
8.96044888632325,3.05601739663674,0.217642608634969
9.41920197632833,2.47236899263376,1.49645027339798
3.44231123421141,0.485454898279904,-0.165082957809063
-2.48237554474369,-2.50882919569055,-1.14496988407235
1.90202241664023,0.596885621519957,-0.332260518940192
0.888507322753989,-0.0542448605645627,-1.6963723372568
14.2258065595965,3.93930083569756,2.87694827922215
-2.56905489805622,-1.2109552983652,-1.57147659341155
-4.45911415393212,-2.11167374152883,-2.35362962021216
5.98686298348268,1.77622126868135,0.320585461448141
7.22840839640453,1.62040955623084,0.675472145757443
0.720635276541484,-0.27478526042737,-1.03791095269566
7.29187459598487,2.12099524315867,0.218910414059982
5.70144484482363,1.3600523893551,0.721377228282196
8.13293834319107,1.55087897118437,1.71157780106507
5.04323542011149,1.13916663148695,-0.306040405479819
17.2103880642386,4.27401881822432,3.40410771578969
4.12708414376966,-0.0436794237879575,-0.410083983865016
1.08025379717002,0.0496433111822403,-0.343987176840786
-1.33899578590414,-0.0194119315629967,-1.33746045210861
-1.64875552801889,-0.43004037077651,-1.06956379280432
2.66950366074605,0.745626289643554,0.519492424635017
9.10947311104463,3.96572662232414,0.207315170187989
2.83504292744057,0.732054752509715,0.0680040854568039
7.8466761160673,2.4139772678286,1.01826562771741
3.7929073271553,0.485220677937645,0.837423031895187
12.4070392826117,3.90650853272173,1.35047147054604
10.9748539881874,2.45834091206256,1.8414714126646
0.413485772845105,-0.367571059187709,-0.672366783084083
3.92350280963988,0.866271652216612,-0.0566839922457164
7.4448427483538,1.4753379504304,0.970197629328689
3.18128664981926,1.61841521258754,-1.04520916419649
11.1925674535002,2.62195091993711,2.00470588939386
-2.91094176377874,-0.250532331023158,-1.80362323046117
10.2143656682791,2.92988107603768,0.916936893733556
14.8031975761867,4.59743484814266,1.79202223481978
-2.61577161746331,-1.94669687457197,-0.611347920217268
7.2731565815254,2.26947576752912,1.03972567644504
2.72713884116527,1.96880209509691,-0.771342694928529
0.279963364391996,-0.206171813829457,-1.07600970803558
0.388658016227198,-0.154756058076861,-0.450239078954849
5.81962763912857,1.59686585875025,0.438231773461639
2.05705052670505,-0.252403281634845,0.325084997454104
7.67659371770899,1.91313971341699,1.25625051803327
0.735081361049821,-0.62099248914323,-0.469655535405981
5.58169357617273,1.26005162729362,-0.671060998203822
4.06063100920028,0.968524063624946,-0.472199534097306
1.90084933976269,1.39070327137577,-1.12889549085797
6.51966025114826,1.86983713058704,1.2749619252352
2.45222129326777,1.44000907982745,-1.62987677616648
3.99636482820712,2.06356150648588,-0.0251740716918916
3.76936131700408,0.515199376267025,0.318225977956869
4.1262697773227,0.449023507628588,0.670915048258593
3.01054066683208,0.885836375199175,-0.032760801137192
4.83333763856652,2.13178035696356,-0.0894572671968931
5.41386276348553,2.3276042297013,0.4277732304731
4.79573081572448,1.74540244011216,-0.183731152139562
7.73698683053029,2.15884604812427,0.239769940241583
4.94112749956671,2.229824728989,-0.295326659778983
7.69806459978382,2.21585630895105,1.24066038932658
6.10778651927098,1.31487704908847,0.797404817634729
10.3913494706726,3.4023346425687,0.483103969511796
5.37089337446741,1.86252855515925,0.164760903093667
4.27125083186322,0.767221763466845,-0.0103519903113195
5.39225368346435,2.01790107169794,-0.224429748273369
5.34628938579289,1.64095029143706,0.119589748831938
-0.31774943492435,-0.808496478898061,-0.944301511317438
-3.55369063037526,-1.39583406619185,-1.67674223885409
3.67228230156029,0.764276097952879,0.393046124571134
5.83988301857241,1.23073158874145,-0.270471657438032
0.321108142104156,-0.556058370203552,-0.863328626644592
3.97222433394112,1.02346718147956,0.301262082419902
-3.01405667923669,-0.237852871549532,-1.32999506099497
0.0614362310961642,-0.223961177107553,-0.70178845597589
3.56109420783919,1.63813534122041,-0.521880532739607
2.34700052634725,0.767032157288013,-0.668780220262508
2.45167832088653,0.718836879553417,-0.543881708997041
7.75890634781888,1.61387186324327,1.26390810100699
5.00671054947122,1.34564026163529,0.00794108118570478
4.21287870448104,-0.0619067417901678,0.189890811362614
2.44961252945239,0.306487910108024,-0.236903806650146
8.66485997525567,2.5533166494684,1.47614873296672
0.532085859435949,0.241570089082497,-1.17947025118853
7.96446129636192,1.69587297114767,1.07030053033246
9.29975978298262,3.04107524372218,0.874908736900576
7.0510655908819,2.0292956462528,0.153102575563892
2.7584030149988,1.29346521552457,-0.0263908941713462
5.73231079695151,1.86338219122384,0.614867145962795
0.157082538855642,0.208728279269258,-1.61375079914682
5.77275763690723,2.0467650506994,0.296094011119591
10.7649457069175,3.49763205821419,0.80532459010757
7.84557326130284,1.82623272147134,1.76673741110447
2.74853630709589,0.80370462894417,-1.0608404907714
5.95131887180773,2.04072814736455,0.0777016049181025
7.94808664089082,2.12399245325305,0.222236935472173
4.00207311530808,0.958972895931182,-0.817947581670613
10.5097215268743,3.06400564415967,1.56818540203151
4.29131083870016,1.68425667430012,-0.368630915355586
-5.10875866733018,-2.55230098103716,-1.63990010942904
1.30814970186521,0.371407429068231,-0.402725752971475
-1.82742073897883,-0.857674604156715,-0.2496103968425
1.15025351084514,-0.717450001951058,-0.0350955395905189
1.69090655389339,0.158652938012044,-0.223567829244184
7.89056602576238,2.23346492046991,0.685405585784231
4.83143139368532,0.96995800850553,0.58971227955936
0.788111378980092,0.0697316553889133,-0.14288293787119
1.84619078958061,0.0118395610709722,-0.819761816678388
2.54246983964324,1.45184315048438,-1.34631876372715
1.30029101004187,0.343786523409249,-0.521745286731912
-3.51747159523811,-0.902578211135932,-1.01271567865579
5.21918180464283,2.94850150715112,-0.840891911168599
2.95536993366141,1.02061162000418,-1.52808753780539
7.07532543962361,2.37698176417988,0.0740222866875243
4.63947329955403,1.19086197381431,-0.43061690006541
8.15842507941957,2.72778850567015,0.245448751068255
-1.32727729489624,-1.00817094907763,-0.847366777985165
6.97334820578016,1.95680854767435,1.60962027008618
8.315797856213,2.78151897961936,-0.359344324643317
4.31297523571441,0.401673059939929,0.0490647932832342
-0.478431279034132,0.0610683141470514,-1.56809228635232
2.07347272558556,0.0527886445400441,-0.665786683925243
-1.43009577187535,-0.440140959736477,-1.64239677587358
3.84038033689857,0.338959997691625,0.511242603977336
3.54364185668894,1.29842172743001,0.11599442148083
13.1794143547018,4.54858321172606,2.17707681663693
-1.55803933038696,-0.056543735873647,-1.07203190836407
9.95126418213582,2.35809639657124,2.19043773458772
0.966743407660887,0.593711273055961,-1.20398369969877
-3.5286937003003,-2.68177993967143,-0.628325921572455
2.56669698376234,-0.580428711867066,0.442014851940976
9.3311299653527,3.05190245449965,1.11795790252019
5.74784251633054,1.78976930443468,0.917770798501893
5.72955154820139,1.54628973015587,0.394637931200401
3.54259742440237,0.84570422548237,0.540530340340949
-0.635867699985057,-0.599466812923273,-1.12062722016144
4.85630922881594,0.478972204993752,0.139595402774477
7.48437665995028,1.54080789240793,0.802724954859208
2.7909533967312,1.57149779277325,0.00430722812296405
5.72366072200001,2.16354034707711,0.276909156034579
0.756764312480905,-0.601601115269745,-0.315572245945948
9.69861543252005,3.07601238117876,1.66865529381805
0.563088904513173,-0.252626813858948,-0.750930434481907
2.26556295396476,0.684906247996059,-0.0705971437096093
7.58775781808578,2.29689330186423,1.49223979335925
4.96401137248833,1.39311180010358,0.787640387541685
8.14520359448089,2.74341547906964,1.17175346161664
2.58585824517023,0.797135137108589,-0.201770839527124
-3.95136771606701,-2.39388465565776,-0.189704297527529
4.75040505124298,1.0068243869559,-0.086799096864283
7.13948427283745,1.73022290397789,0.817227552876579
5.47801272384733,1.36533998041601,0.0505927637528003
3.12749610877524,0.252369228549486,-0.0730272360625668
4.39719691819501,1.25406972205106,0.0219987945760678
8.04717353793721,2.46935674335647,-0.0239587005890178
6.88452400961971,3.06983983430338,0.564233059536092
0.251953231463304,-0.261698133300181,0.0204538386724914
5.1526774431849,0.730845591232494,-0.435565044200297
-2.52970445684914,-1.92475797521202,-1.12077666450956
3.87231586688781,0.521292184915252,0.340419036796025
3.048683750192,1.37102243957076,-0.542532898873918
11.7159716201536,4.22449794061676,1.52480129617356
7.58208260643438,3.47294602018645,0.546781163621078
5.05637532513311,0.826055317631502,1.29318486513853
1.29788737709879,0.0645912913725184,0.35090777713523
5.24302350967035,0.750714231228923,0.978348797567919
2.7519841443071,0.144977413419873,-0.099277334418995
4.15557163377073,0.724317544466797,-0.241761218554462
5.3744598969774,1.48026798114322,0.0441363687154463
6.98682526317239,1.87740691484491,0.789186273401998
-0.33641502122816,-0.254646618460161,-0.981688344917139
8.05668121326688,2.54869796265498,0.0792244951933561
7.24073042825049,2.3249606365482,0.929534688358125
5.18140360657523,1.01309598325365,0.344151435047072
4.47204051128271,0.130872949533994,0.373304903328302
8.1221238626424,1.65010933052492,1.44940641614494
9.83541007286444,2.57945513758296,1.3285335967214
4.01140028129405,2.23123926035477,-0.272845241413558
4.35912381581637,0.764679416074649,0.0758748563130055
5.51281787826345,1.13127027237429,0.206209098317248
6.3002681740183,1.41755030204558,1.33660660364388
0.586300806719051,-0.322169027677137,-0.531148077610186
0.54818591143918,-1.31340435545655,-0.544310629077357
-2.58436098567755,-0.168366044636997,-1.10405633706819
5.83858882550793,1.89011046930234,-0.0592558951540909
4.00538163077003,0.934051075284603,-0.0337830351459652
2.2974662491065,0.911593900696161,0.0279436183475389
5.82348648642622,1.67557395638879,0.391514848169846
-2.09795630950212,-1.7167149612262,0.0536407201646083
7.8761256723369,2.67926690535142,0.987600168349958
-0.109861893419763,0.220190689223578,-0.909789466433014
-0.995812428323824,-1.07892697280643,-0.522170953273502
2.31416205979654,0.408342055834528,-0.37132383081476
3.9891099821772,1.48509507627996,-0.340355559566003
8.1783563984597,2.34728050562688,0.394704942870074
-0.0226142570371146,-0.104413495135966,-0.312943944375345
4.59851038412966,1.51093455810732,0.188844786473144
5.99967104539238,1.97385412578703,0.430171725531547
8.33140366507791,1.96265148812373,1.03664944803193
5.55590543810789,1.11930128113884,0.247841371448368
4.72568665094172,0.998426791242942,0.429706879556871
6.78855497828188,1.79049532184618,1.02909713478163
1.74025941876747,0.8810841382167,-1.32825816421315
4.18892769160366,1.80119708679544,-0.393154244144032
6.11146531879489,0.886204201460713,0.162481870194139
-2.28826796001032,-0.409240623836723,-2.14872587380945
1.22364346752033,-0.178234244571964,-1.1961336187323
3.14437572419443,0.843134823643595,-0.544749708810277
-3.37999473271687,-1.03394043798693,-1.34860121894713
5.12430688011578,1.85472822834284,0.209528065117065
8.81615384541822,2.8093027632022,0.878028703449551
0.63871410277068,0.461336206670498,-0.552592697616193
5.5086751697068,1.93795760569322,0.440227400344431
2.98482638092439,0.534605005267989,0.593048186786123
2.15227326029064,-0.00171356194688582,-0.633972372042958
1.09766836389867,-0.805065465325236,-0.177845499731499
5.78213960246648,1.30903779052195,0.418293392972479
-2.34232792281907,-0.112916860402444,-1.87823894558017
7.8725911139773,2.14503705999384,0.733371079896939
4.97088143520447,1.13053743627097,-0.214307554405249
1.82491476475083,-0.105733016682455,-0.81262815699812
-1.71212546491562,-1.01915997107092,-1.38712337955906
8.40946839588146,2.92304266157231,1.36470783346885
4.71531323442252,0.855498092130595,0.0287768104667177
4.14026648415783,0.912224809228353,-0.0379988709540149
4.16567112701813,0.620983670816088,-0.816371545700264
1.05732614263012,0.243984092586999,-0.511397710517402
6.16297673565068,0.568455563116775,0.809892343584324
8.90493723980349,2.9544393302144,0.675837625933819
6.0161332530065,1.3938535884204,0.756286105003342
5.17325468729612,0.710660773552467,-0.406987492256709
1.11097481702233,-0.0608498820771842,-0.168860101167832
-1.14261857006563,-0.559254912761246,-1.52513595664523
10.3606975463174,3.07814534409983,2.16586465180092
2.37697427516,-0.611737295157805,0.192604406419378
1.71514911089879,0.453778011626017,-0.400625505156565
6.94327495761357,1.28655568920655,1.63679650260814
3.61161960563085,1.09542471164769,-0.395509749714201
4.16269776451498,1.03442531417002,-0.440820018128603
2.85131950288605,0.463580333836674,0.154124101749772
1.50801544975045,0.43724612260428,0.000561494958236873
-0.66332861586149,-0.274030795561258,-1.11920948581815
2.18044197186608,0.437907909310178,-0.627459788677411
-3.07972895244769,-1.32056915337561,-0.134600741627044
4.61610569282354,1.38259937463198,-0.12856854856739
7.22617298872959,2.30272171557673,0.545762780949154
3.08525281414918,1.03790762971106,0.718013241298603
4.48894814504575,1.38358970959531,0.228180393099428
2.85871300203466,-0.00272612937774563,0.309316358770306
13.3163984132257,3.36726230250706,2.69497353587551
5.71876429605948,1.53422044020085,0.837199641617143
6.16685559328699,1.88919292535313,-0.384220500585036
2.74492987730748,0.314011308834205,0.00267117917831055
8.68016898367477,2.25426295664806,0.728027267720136
3.08924005104829,0.440937417870914,-0.296122256566607
8.12566129709642,1.49552264012134,1.41039808545006
5.59459076548239,1.42989376942484,-0.0240373980036356
4.88529603365884,0.113955989899464,0.279338843300477
0.434042582634136,0.0574414626837044,-1.07714188981637
-3.03568035994504,-1.68328742334109,-1.83744216701566
5.64922529853413,1.05154576790404,0.430114254135013
9.5250326245131,2.43678304697642,2.04336248949723
9.74157891620836,3.20473457179415,0.956084637374898
6.64831888202014,1.42536699888069,1.25466851380743
6.38266270431867,2.19684556346432,0.15551668599052
0.72480593781394,0.171009926650055,-0.811899009337758
8.40069152131447,1.3543073378575,1.13794658881497
2.84881337095532,1.14226984996368,-0.354348745864284
6.1188474235276,0.935264677779149,0.754302301214958
9.3306515809904,2.95682289300904,0.230677400818928
11.3736554298191,3.3608204123118,1.71117310597506
1.89629105402875,0.23039202826981,-0.461313995966729
9.191706667056,3.29404803981156,0.218955468475411
0.124000194402856,-1.08063197795885,-0.829690927539559
-0.92968308741795,-1.25068719596799,-0.417330070876282
4.94905797776479,1.38742993823891,-0.327725186830499
5.61812845988043,0.795664215884592,1.1408892731875
3.51959765956609,1.25201647719459,-0.755774497455086
2.70647818331204,0.303033438980708,0.269219030473523
1.14688777022271,-0.0377675059526468,-0.840494073685775
7.49297379570651,1.64493691654223,1.52514600901533
7.10285337815714,2.87058220815981,-0.00124904815554669
3.59527478886972,1.58156661691471,-0.747161372991372
5.06132308222833,1.34898303824238,0.559769681655551
0.441572486564001,-0.546906090793738,-0.137944999548512
8.05340510677934,2.58967262274847,1.24363095875966
1.63846153446245,0.477550827970912,-0.653356362665122
7.75028707800882,2.02044172715532,0.451337212692886
2.43775467980699,0.0859718288090109,-0.0457649653075854
9.01430167359133,2.22506357244347,1.47452188550458
3.30850381301146,0.852895759577468,-0.431542760380377
2.14688701665792,0.45082528411281,-0.644456896360158
3.22468504560903,1.02005189874532,0.0161940697881206
5.00885673331177,2.07274593170871,-0.29240388755341
4.48621749429864,0.874216906796325,0.424260776981431
8.85819482747658,3.03386290705193,1.17707285819575
5.61745362105799,1.91445755776294,0.40740651072944
4.58386511800894,1.54337755892858,-0.0718166724778333
6.98767353339502,1.59772517448685,1.67096502512182
5.1064268879091,0.857380129860753,0.256331836446774
-2.55130603647246,-1.6606422804221,-1.14589620948023
2.21027440316439,1.02337236710279,-0.524739182643206
6.75818009791323,1.87298324070364,0.0918982102519311
-2.4805408124501,-0.762227200230401,-1.9499116686473
7.08364762421955,1.69148889856149,-0.621180503631457
3.49123594466935,2.28134941328325,-0.745521554348076
3.59426763295535,0.838084575924027,-0.0225109501604542
3.81298998068831,1.49653062723228,-0.402660449135293
-2.79957642763321,-0.7399302038041,-1.44583047519004
3.32859110220986,1.09756844432783,-0.14536098905463
-0.303093868173337,-0.17744343547265,-0.875840047325208
1.63753187207721,0.619453959742861,-0.201908092969412
-6.22192448491292,-1.43380851047165,-1.99335148599038
-1.09392603952982,-1.12258995111151,-1.37656171334291
7.9533403175491,2.27570500627184,0.48968807700278
2.04671875026817,0.310489107629851,-0.536328980649169
5.04178238462369,1.6621063624555,0.307805320827141
-0.602836427471907,-0.490030297718036,-0.699933884394313
-2.87104977530928,-1.51470235813006,-1.5455998980339
1.85903214363113,0.604773844993358,-0.988646486374316
0.896061046984886,-0.245573419754708,-0.300533186731
0.56024980596103,-0.36972143739296,0.271994966677436
4.76943382248303,0.46861748679598,-0.0213890879372593
7.59352363165673,2.5732346943331,-0.00793215317734622
-1.73238324780907,-1.50224213343428,-0.283528213147794
3.76339734997794,0.693100911219366,-0.34042912424536
3.65501556801531,-0.0423642947820444,0.055955389371121
5.74662793501731,1.42651070294609,0.796040621262937
1.50804738429571,-0.106125941906081,-0.56192157085128
-6.63062133698659,-3.00435071799252,-2.16250309513816
-4.52278121370409,-2.11534926702406,-1.47054756092622
-0.390731959875305,-0.615484005246049,-0.106417579677367
-0.271801104690453,-0.00803687296414361,-0.910471594397549
12.7444355654888,3.62353889948796,1.48495253202245
-0.544008499653038,-0.294692603278556,-1.37926942615174
13.8715123075004,4.35886566509231,1.5131032826471
-2.51336818789861,-1.41002085634585,-1.04694422057787
3.88468067082785,0.749029778559031,-0.274618164904342
0.286797455162788,-0.180696588619081,-1.55117089445592
6.59179271456883,1.99010472247222,0.112608571619913
-0.300438070701149,-0.216615898446728,-1.3369762721502
2.96702218369011,-0.491773390433219,-0.538208560361208
1.90977396723185,0.476671478121386,-0.64904873481461
8.46065575330863,2.45698102185897,1.1345915941485
-2.58827083995921,-0.969015345139529,-1.59056623727708
1.92388553990446,0.577378604179713,-1.14034508067988
9.37808662337598,2.41617622967628,1.27758167911021
-4.25567379987767,-2.18101347247719,-1.7563510495076
1.10599539604154,-0.0391092036971596,0.286162827535906
7.68564728271833,2.31396334894588,0.409437226119767
10.5702855694921,2.78264549310337,1.72314312916168
5.8206708405866,1.79222600528665,1.0368668025644
0.807647737095805,-0.278546948385814,-0.804459636991328
8.5181236938604,2.8539866452315,0.0483311901564166
1.796657328349,0.457441078968663,-0.724596687438343
8.1356379570616,1.67900719294935,0.395142952873411
2.02944295931255,0.687368738292169,-0.6049011545616
7.5834577977795,3.15837987877473,0.830341371721664
-5.52204354779695,-1.66223253126181,-1.92464723260226
11.0908904016415,2.82984831331586,2.45434115976558
11.7958551634826,2.87544169753033,1.43944579606646
0.382207103069545,-0.376591005360289,-1.19615153799436
-2.85472882431703,-1.21550215846265,-1.44760501854016
2.27076226413612,-0.136644853186022,-0.709588587864048
0.704354618818867,-0.296572765289035,0.686802821469195
5.61805279033978,1.81058324057615,0.59427701232654
6.64219453347307,1.60448637376225,0.629480733986904
1.94451002251907,0.898772074557465,-1.17936867817072
-0.351710579551683,0.83259947390339,-0.889708493284974
6.90053748681028,2.46799717170403,0.799414905086916
4.69765587223661,1.81467033903895,0.519927683947289
4.07589539527146,0.343988299031057,0.418080866107191
0.729181896024665,-0.0264800436377701,-1.3212494678575
-1.41161869800838,-0.680286146291499,-1.12844094678293
0.91398356973619,0.23056390372191,-0.896938631977112
-0.568751818847342,-0.0817956387836281,-1.07833626151087
9.2554838167898,2.34070494293233,2.00936862196385
6.76429523565767,1.79172898835609,0.844448861014763
7.98244849064884,1.00092323444733,1.36202882742163
2.7621087580105,1.24144099065571,0.604890633147203
3.11640426749998,0.616953696021121,-0.745716257541113
-6.31188331550404,-2.21079990106445,-2.25837974176115
0.442900626225487,0.389465286207314,-1.144639193291
6.72574916210703,1.70683557999349,1.1840460179252
6.08260509306982,1.23258383318481,0.792650660627075
1.628745356839,0.326248677826109,-0.959939005557516
11.4674542375971,3.33319229866488,1.42193109211852
9.26539845862797,3.04147369441485,1.09946850795078
6.11488032087554,1.31435952479892,0.108352527101279
2.80049215959767,0.296057145258372,-0.491026127620192
-3.69824750151483,-1.6400135661063,-2.27416128174302
2.77526050682785,0.230641646446055,-0.954201609422635
13.3520356195667,4.46040552738332,1.56564334148091
3.5828747636333,1.72816460869888,0.0669757265704498
6.80926073227146,2.03203243885628,0.644841084044374
1.10267727891837,0.265239877984492,-0.758056607255972
4.94739341437138,0.669717642695786,0.237283599185242
2.25055396290404,0.472031791240094,-0.226157374198829
4.64035472824294,1.90338522127843,0.245480880192109
10.213553973351,3.27478516065881,1.28831455082776
6.18529309827279,1.31801129400184,0.792996944921587
6.5496280604598,1.44876011359084,1.31084553497268
-2.09661281105718,-1.88251461375893,-0.576329396841512
4.48001723993773,0.735595036117981,0.321278584294911
8.78809529942468,2.46343342098756,0.682365665759071
4.22294117987407,1.41652960277694,-0.413318072949213
1.31046169180944,-0.949489221054139,0.115496350235937
8.92404140071241,2.61083636152351,0.459630862601944
0.170130670989933,0.300822613520978,-0.837634324265027
3.951788690783,1.16584518721099,-0.332408739211742
5.85976043700569,1.42559755367381,0.651746858076145
2.26054231221545,1.02802230533335,-0.467796290583852
5.54272564784392,0.792977200975607,-0.0441269031079406
8.61130253473841,2.55487120693023,0.702415394990078
-1.16529628464471,-0.60045705367569,-0.333509052447642
-0.500708269458065,-0.876770130036076,-0.47302150381904
-3.56977868263282,-1.6835904821194,-0.889485624067455
3.71396107420906,1.15222402584621,0.114759986015946
2.78921983022674,0.184090334306102,-0.201057161983875
12.8939038099183,4.01638304653414,1.28959458436887
-2.78839565311047,-0.290507807643654,-1.72610421311182
2.65623405047868,1.18844061810922,-0.714827644378643
6.65483480723662,1.89599790481936,0.545235839364502
5.0027369412091,1.74247536284819,-0.223836122289091
-0.280823170836719,-0.389120403218493,-0.654559268412354
-0.528207464202731,-0.501194130947894,-1.43418910651296
6.08573819044273,2.11305051712316,1.01961707377947
4.13141373114803,1.33181102479394,0.730596885443481
4.39189677232924,1.24496849516232,1.27859560632359
-6.49666870079407,-1.99396263119948,-2.8863299961793
-5.08639364533982,-1.84658363915416,-1.55786463119212
-1.54527193634414,-0.931899097499719,-0.995691107295347
7.84247524011229,2.12422896082,0.974696628348246
4.3895050693247,1.2940890832837,-0.688020822706923
9.39137436365361,3.18988097382667,1.40855024606583
8.52421724959938,2.45642676444197,1.28521672362814
0.603313632498603,-0.239675368421929,-0.663876824396318
9.0872681921438,2.32343945232479,1.06446396394677
-3.44712444110115,-1.44855527517362,-1.36912507714015
-3.08118092821112,-1.09099305376113,-2.53825199181334
0.0980785758405502,0.444488751241611,-1.00084163506704
11.4255932808449,3.87586868360877,0.832119815349209
4.79713715341513,1.31923217899784,0.195483062197165
2.56282664262922,-0.112226506035368,0.869430532261492
6.10498759428334,1.62092684938814,1.05304215562122
-1.84054005985614,-0.94300830898571,-1.99850735181941
2.32765470182817,0.521806389110373,-0.644608319325447
6.65614720413927,2.8464495115987,0.30122133144158
2.11536600187627,0.533653930857795,-0.501871445737776
-2.0399962950255,-0.567696779379051,-1.10306022728817
-0.770529735435397,-0.693402282332621,-0.583118922545083
4.33673226869754,1.25374737179149,-0.718594564714643
8.20616110962521,1.45025124844878,1.27354554869192
-3.58427713269813,-1.35958086877425,-0.545982668423657
3.9947592402892,0.920236884957297,0.032048733407945
5.46084510595475,1.93266714466687,-0.444386412950932
6.28923524332556,2.18628527785788,0.0208243330873133
5.61566201582933,2.05699557296012,-0.114461777250474
2.38468328626799,0.489254611023457,-0.140027675003156
3.9902039451918,1.20437612518813,0.162272013327594
8.08860674817799,1.67436182763395,0.719826976725603
5.21069028534389,1.92275685465912,-0.226244218602493
1.16996633835422,0.0603805615248454,0.173351605485405
1.51509451887873,0.73420951638505,-1.20902066672652
7.27594555775335,1.75664479787688,0.439501086733555
3.73204913721735,0.515105338839551,-0.68103871086098
6.62459169942756,1.87048456495785,0.475955076176197
2.41369191492574,0.742031150507168,-0.00848808628419196
7.22604491289031,1.72938832668879,0.626393891448814
2.95520059449463,1.25140711150073,-0.750897825692675
6.58063506675091,2.13304772882626,-0.390966238221124
3.14320922518313,0.971316404628156,-0.31771918282141
3.21339865600498,-0.0053760110650366,-0.578075910734163
0.323329105395572,0.0857944186706133,-0.68284696313057
8.54038275864612,2.68800008883459,0.331910076489498
2.66676256080545,0.876824557233942,0.470612944727136
7.59194284809713,1.32564115152288,0.961538468354987
4.87247403054759,1.14465684774465,0.885195158945997
2.63333537557887,0.884855875397308,-0.0514299372578339
-3.74207195986193,-2.95432814928588,-0.440206482677736
11.9549734407499,3.79921415768517,1.73509838488326
9.3841251237975,2.83234662694772,1.22101646400833
-1.76139906899035,-0.45626954622186,-0.618952978160034
5.12300268435385,1.63780570098435,0.523397723167848
1.633816927913,-0.142303578692864,-0.855991819629831
6.63605267916508,1.8037546539084,1.20902334527964
6.39993977148683,1.91835705286989,0.268663860132953
6.01715852918709,2.29684321267733,-0.181011437449468
3.66828557313371,1.33103143488606,-1.11355434298585
1.41016229391436,-0.118520302702924,-0.922771672174614
-1.16051753146435,-1.18021124341593,-0.241078620324738
0.957178218105457,0.200911652899307,-0.290304948308255
6.22153689994797,1.34195802181936,1.02744455245383
10.5951675655893,2.50961953637454,1.27939241585672
11.4528338114776,2.83904923639367,1.94727902392379
5.77001926367095,2.05551097647962,-0.681571531121869
3.87789505189839,0.698863760228478,0.185753038430239
0.46707935860866,0.143852913869504,-0.428097251346406
-4.26997213876637,-1.78310892658157,-1.88507729004148
-1.31053647153381,-0.68883216699865,-1.40767292521073
2.30118387542468,-0.218965015288807,-0.150426661090673
2.37443498489179,1.12271139843134,0.344242835076887
7.52077349430711,1.6570396827019,0.140717829119731
-0.564371481408409,-0.279077709270905,-1.27841972322174
3.27524931828305,0.534952505565746,-0.306522685474507
6.49314771022517,1.38753310728531,0.176870359756747
3.66979105255,0.394401932782532,0.645272566978834
-2.65421091441457,-1.14032921446992,-2.29401337262153
7.72106094216346,2.85542437761664,0.000391521355942172
10.3775938514976,2.71928031330714,2.24226720754294
0.822015815307116,-0.796454132663293,-0.462869678049934
1.54584901354504,0.365405779215773,-0.398153313843851
10.4149724876877,3.91892762535341,1.30767500030861
2.24517479007522,0.804463849300567,-0.573788445960275
-2.72588366816133,-1.36717825170057,-0.627043603377175
3.20361809186158,0.251211214566661,-0.0503464638874223
4.3665586573511,0.755670960079609,0.0147128355388232
0.540382650019931,-0.419576506042268,-0.553294018065226
9.3490510956892,3.24774597416606,1.48953290550317
19.2303123948751,6.14027172215318,2.76346004630091
8.13074552869493,2.50500944329988,0.985660601492363
6.84604574278441,2.29992342626187,-0.108634602422611
6.6689177656728,1.5312789983806,1.48573938861927
0.153929161872959,0.163262596209966,-0.353186048245382
3.71247204477763,0.698465198989573,-0.0677914379282858
0.626596344355619,-0.0177560380272936,-1.08151317117409
2.00745043863555,0.950745224013994,-0.615249663852011
10.7214056618426,3.02286752917398,0.931536427801878
5.74502650424339,1.84798864423413,-0.0916069515288126
7.84284061088223,2.48695253595549,0.888484576864059
5.27627467633612,1.45564440515572,1.42294663884981
13.3957138640182,4.93820588700505,1.11158394674758
9.55798005470097,2.88834340682402,0.320237956860687
4.12294725789838,1.23629855339363,-0.251605067113331
-1.11143769131338,-0.647530704030329,-0.734542676902766
11.1304397937712,2.27724251205747,2.0661716247565
-2.59448542131378,-1.1580688925242,-1.43698670400786
2.58288067430782,-0.148292032234924,0.00946610147822687
5.65333253518089,1.88482621849276,-0.634827795807837
3.64717371701691,1.36906142821431,-0.551047601523263
4.43178544959001,1.88364141050159,-0.209402631701283
10.5326244017487,3.01490226776567,1.97224028497317
3.46420482229435,1.16928710440982,0.641945775475214
4.1876296944526,1.76213521076836,0.175479085162583
6.53338966337894,2.15143577125884,0.153740370259107
5.92923978089315,0.816687368727674,0.16285594914648
-4.67748994380255,-2.49273206959465,-0.792588083818645
2.34813271495651,0.257204281373874,-0.252211994343458
6.96047970207273,1.67854940304451,0.244508294620519
4.00569005118926,0.772518119703854,-0.0612437084561437
-0.629057869771898,-0.0910662945308669,-1.64463589069132
8.28382503282629,2.51659591494429,0.350442157214447
7.87682875347173,2.0028799478231,1.82167017497167
5.28262902895504,0.940362615071106,0.450695855249583
0.141391373732555,0.178093378191236,-1.56043085292518
3.00073132226386,0.707387319184514,0.649792667874322
2.21284146793309,-0.130956500208569,-0.379044475917656
4.8654941752808,1.3698381995994,-0.0134296655630003
14.2007652128467,3.86383401663504,2.42848914827966
1.32643516162784,-0.0360443965550377,0.115920909558636
8.30726009549238,2.7743061130062,0.814687476596097
2.97431690506794,0.781717154314281,0.491026432338786
-1.44255073072387,-0.449754040368295,-1.14160925693288
3.32574681898216,0.888296969288403,0.00332654839808538
10.567143737568,2.33804015440989,1.43262710695611
6.94378876122734,1.92473857402566,0.874300971347098
-1.04633057982108,-0.665063099474212,-1.56423971866786
3.38313537037285,0.898807300963023,0.445613222266448
2.82407865017945,0.441445833266142,-0.265297068415639
12.6027666527881,3.7278431072299,2.18392177785871
9.35395349800802,2.71242033947268,1.58898007546288
5.45741971291513,1.49119128688647,0.482222135818733
-5.45354264500569,-2.49209583888793,-0.893551147334617
-2.75189915844569,-0.284441741045911,-2.2081812750286
6.31604601444111,2.14320831249897,0.121030350093585
7.61697021083692,2.7032126915368,0.310948014345093
8.00164907810007,1.83309456372478,0.732445906125687
10.6397842058844,3.64920135438142,1.19580207258402
8.96861647769668,3.11493491259191,0.875780994701904
5.88455497386248,0.927852615550112,-0.0712012529345829
0.0967002566871529,0.129845073808863,-0.702578134315995
2.29268345962337,1.20770115840444,-0.43793631774317
-0.924934072361616,-0.0618687681199278,-0.921666331192229
2.58600314676295,1.80577817286312,-0.605511459747815
1.46135394526127,0.648276908553854,-1.13942002410407
6.4158672771145,1.59017368439716,0.653409168779571
5.12387869242783,2.07913546289504,-0.716941426833894
-0.9416093794157,-0.512731526592976,-1.24219246583345
-1.30348363858709,-0.354540215432948,-1.1605173680076
-1.22325380972795,-0.978686336759021,-1.23011058872896
4.79655267986977,1.77329947957372,-0.473603011283893
-0.426853046347653,0.0361456542997128,-0.675894802594821
13.9138297960828,3.50710871077903,2.74707197917774
1.7435344818576,0.321823209336269,-0.452123134030691
9.69943690242145,3.33032747583648,0.98920105744097
10.6845748863099,3.37225007649384,1.04591003032207
13.0338609923462,4.38719611607082,2.01735622281197
4.77797671162047,1.79979096859791,-0.428224441823749
7.68785343985461,2.04480778486659,0.546648270536451
3.31122606795424,0.764680109430928,-0.247514831360187
8.18082252135267,2.43378374528008,0.233712225190092
7.99978632638289,2.00487127998133,1.54515768827158
5.45864997240958,1.17007303862859,-0.161886749708942
3.13696635849648,2.23992349593354,-0.284642830615567
0.926285442592033,-0.283558905673708,-0.200031436318369
2.61450836302596,0.59309877403665,-1.11721989678284
-0.790221394735325,0.161934956374901,-1.32794031830766
3.0858048181242,1.0164576984707,-0.870889209752346
5.55785672001712,2.05343039452582,0.771382435844551
4.4147500033359,1.81078820395024,-0.233125767779397
6.68981454206398,1.66775019689469,-0.272212575177069
4.64214400066138,0.636805502025652,0.0240357622578889
4.71610718745995,1.63297329106227,-0.447107246468875
-3.04585351096071,-2.26892092020181,-0.609767044620354
6.82035406360437,1.53618744559407,0.490706962552069
-5.36102456971122,-1.65361858656393,-2.62082482562214
9.2773602543169,2.92712309122627,0.416827469555219
6.24809878654678,1.26470451918594,0.564304219145124
-1.02465675610597,0.168021367883478,-1.62631503631242
4.18819247203629,1.24571671324255,-0.194488149420774
4.80757779216259,0.960123190657946,0.222883482777881
10.5372496907508,3.01013971510341,1.30248453478948
1.25174729611256,-0.035749076472182,-0.300782414259209
4.94565509977902,1.78991973724785,-0.648254077445726
2.65615286110468,1.28987628303996,-0.775274981911417
2.21771937122111,-0.496056563387635,1.10747776633302
8.10587733724271,1.72729209329995,1.57988485309322
4.56188205122524,1.26343521398201,-0.0630840799658433
8.57647096797608,2.51083800558532,0.550402574148091
3.55055150278703,1.02944891208415,-0.0966783531574913
-5.30920366873898,-2.27776576507416,-1.79716957290037
4.13138342356135,1.53690074359641,0.0565743009137569
-1.8746953046314,-0.261220325920726,-0.896030943757573
7.32934319826324,2.11480843680161,0.136159054975842
1.49960093467346,-0.0631621114534513,-0.398814119334835
-0.0853827246257869,-1.32222618735302,-0.236363069084733
8.81431095585593,2.73142086804853,0.944577077784129
-1.9261073401228,-1.35890455493092,-1.15642457050263
1.57154813865453,0.376303026895938,-0.197742761535703
2.19869446346652,0.635807867427697,0.404062664287642
4.13876033475286,1.27863174501832,0.329808150856319
3.60137144629187,0.0957135753200018,1.13001647838969
0.665643733138729,-0.11412801318328,-0.487212286650663
0.038566093386486,-0.747982138953898,0.283586159052952
-0.412875286653712,-0.654115371315542,-0.354593184112276
-2.85997573959683,-1.50738674542686,-0.855570862662438
4.11489959993868,0.515196245587911,-0.0469026112086938
-1.08474313192819,0.0348180011465422,-0.59535028882585
3.9722691855509,0.806593513518084,-0.307214342524477
6.79793953747357,2.4265443990505,-0.239128649768498
-1.38426200842955,-1.28672906308907,-0.553990140894152
3.2395666159984,1.0966015284449,-1.1440383537785
4.15127704172086,1.23694912621049,-0.714148272272408
0.79039165808772,-0.59540579440352,-1.44204419797467
-0.355966508186218,-0.492403357036563,-0.264214879395157
7.18857070087705,2.40760722603421,-0.211741471657428
1.41395003981445,-0.147608061189067,-0.57117480973775
0.465541355781766,-0.214187667399067,-0.591203014850854
-0.970864464546656,-0.524759102466306,-0.722245171344081
0.377259523213612,-0.0207673350875909,-0.535758697555849
4.73072117344909,0.569739403594318,-0.229266276970145
2.60016240058755,0.895813065627112,0.167903742073131
-6.77017033947216,-2.31921090434907,-2.33009307479641
7.73822132773483,2.32133054579073,0.83212589325317
8.25736785486527,2.65885197480546,0.493357870652886
4.19987410781527,1.48844709986934,-0.189547613323005
7.98168742941002,2.01234568284564,-0.0562992401551732
9.48702741549161,2.87533735222369,0.142525837279849
0.6385539428442,0.761410271846338,-1.36609491025635
10.6446129950625,2.46685541597571,2.14647915914965
6.683613700273,1.00655340769665,1.54868905340314
1.53681564811776,-0.124452564138339,-0.983520646163224
7.85976678565359,1.20134712958235,1.21299265161549
-1.93370031958157,-0.786601711397577,-1.15743782380697
4.71378516499192,1.10894408750642,-0.465313442427072
2.94100785805565,1.0311224108418,-0.631409761109987
7.44247075046177,2.47293598027061,1.38952750959114
5.7392454252748,1.9817444534209,0.276604451835616
4.97677166112947,1.51384487887615,-0.595810890313626
6.21809855832246,1.57006085885821,-0.328507874695945
1.44545240935165,0.789015762217475,-1.12903788498916
6.11921888693862,1.03499476571356,1.14917291193328
-1.09667983617609,-1.11423718739236,-0.978632714480949
6.99638043559191,1.00568541732244,1.43490780481475
11.2698328996588,3.21794901363718,2.32227191748937
-1.08072526699815,-0.767238726947381,-1.68699872663579
1.76032392456844,0.338320351667634,-0.360194034513531
2.69374408510444,-0.0317477703161452,-0.632468812904625
11.8617551957364,3.73738644040949,2.40565252690345
2.97248189541038,0.0326536353551073,-0.181872107880148
2.7347903662995,0.910177849402128,-0.966466770144815
8.72354136350315,2.60812804509135,1.52209702602083
3.20336242309185,0.556273023824937,-0.647670094394176
1.12699011306459,0.703958679661951,-1.76012414185852
5.23303131302592,1.4539452330589,0.150705240651594
7.43494032579212,1.78025210561375,0.894281317253818
0.237798516344833,-0.197186572541303,-1.17739924674682
8.6191197446172,3.85505332963547,0.30328104754906
-5.31431007939036,-2.14158504520201,-2.18596015389502
-1.04003476102137,-0.311436911962479,-1.47342863292003
12.0035588017768,3.20876693920427,2.17562079481105
2.91554984636343,0.475356858955279,0.048758766994272
2.66902266926243,0.251282095482053,0.347663074448791
4.97337956302666,0.878257212150958,0.248901453630217
2.5215078757694,-0.256427039250162,0.426763408378665
6.46874946743952,1.82543892912363,1.38319610640734
2.83294613021889,0.35777950073029,-0.47548926339996
4.34740325018448,0.833454273365744,-0.102675834671346
2.48538795513869,0.294808566602962,0.257466424650892
6.73118709942355,1.61316191305815,0.955503957975856
4.14784013727807,0.391427474478867,1.10594618667236
9.65149272533434,1.78805347778144,0.714527631676413
3.23780373112985,0.0161629116087763,0.370057046383219
5.57095445210488,0.762311216652095,0.240886527180672
-1.49276720449867,-0.816087791931607,-1.0722452417531
7.8132192329487,2.04365778357622,0.964637369946302
1.79149912225159,0.367965570328808,0.391252098358648
1.74482378256041,-0.14605098778725,-0.216586032745109
-2.71033333806717,-1.31996153160201,-1.58070242369752
8.93281923003128,2.7661877134576,0.789643717198132
4.11932818190136,1.677858664533,-0.52304725603835
6.71493049599094,1.64894232658718,1.18892365068673
7.39128122633955,1.84097711782549,1.02644277814334
8.08787365682354,1.71848208014302,1.42529492512955
1.87375677874132,1.36117569735931,-0.0829197470948429
0.383053065696229,-0.0769836068349031,-1.18917088136243
2.58547518096819,0.887042206134725,0.585188616038618
1.22284146977894,-0.449193087841151,0.0400151836709415
-4.1016782646892,-2.51041430148706,-0.365760640086782
7.43436997902689,2.20807429103483,0.417197033311203
2.15681430713176,0.65949004234637,-0.411638700578453
6.84599876049001,2.12511553041166,1.2794806325502
2.99176722439748,-0.0515682744687775,1.3358182532994
8.4038597220213,2.42867460568841,0.641109188206797
3.32047640800027,1.0669470935931,-1.27714406462557
-1.03806830091126,-0.529166775073989,-0.828140046476605
6.72823849809272,1.97220034485204,-0.0729691090028422
4.40314037538875,0.441239812435001,1.05192186062307
1.96727002619549,-0.482185906372407,0.255209413789065
9.49172171718813,2.58353070599145,0.628194531688183
4.80692109867271,1.85318819450742,-0.240250536955836
6.13031063692247,1.08834960022481,0.283642456125459
5.61296223212207,1.38561979249811,0.566863538937026
1.69442200386523,0.214438476948942,-1.38498945204733
4.94852190038741,1.4705498607769,-0.084397045820217
-0.347060763609255,0.145805784152292,-0.949923922236813
12.050860789829,3.14830845336308,2.26379498524227
4.30548568017547,1.40697676945767,0.15842111267674
5.75681549947864,1.36031579694424,0.793199463896824
12.6113236026964,4.51425186555446,2.06093858446182
15.2563009029452,3.30827571614456,2.69252314701175
-2.93325712763807,-0.552210229856764,-2.25037436019238
7.1500849486872,1.40385923909099,0.689091061939225
9.48693150364575,3.52728470907844,0.602560271198395
-0.346494753525882,-0.579588493315143,-0.848697701814924
11.4565054714184,3.71209860351627,1.3096296409861
5.70134927308341,1.57845052139459,0.654185262149268
6.77229896524045,2.5653527238657,-0.0833550483827114
-3.31874282516738,-2.32341870564661,-1.28956929865547
8.57077992725365,2.79589626930799,0.944975225847463
3.46574569833423,1.4928913450039,-1.09984517800175
-3.53222972927732,-1.18205128159072,-1.81147969557041
3.54989928536993,0.445374558292145,-0.101846929250824
5.55508417931078,2.07095410639364,0.0229761388956756
3.70446023829381,1.76704163424409,0.338057475410019
10.8338490894161,3.37849875219835,1.50007684142581
1.68650506023477,0.267122404826624,-1.11562913710595
2.58831359018807,0.473112128139297,0.297764211328954
-5.67363784485984,-1.5482509939433,-2.53529898879753
4.41542062741101,0.940905546529332,0.593967222353583
5.93905144467467,1.96285168844308,-0.283905597845249
4.30541320057064,0.814415522137393,0.232707160894213
7.69482982966311,1.13413181045015,0.888332675114675
3.50117165111463,0.976158630890824,-0.130849757363305
10.2041982235848,3.22369772219291,0.562467872981979
11.2741275358902,3.11747737364483,2.14666468677727
1.87377418431676,0.452745385289045,-0.646358843428599
2.64318646894035,1.74566286889674,-1.19494592017117
7.93371903195116,2.53169700460412,0.575094459097316
14.364078532954,4.31495912049771,2.41938580468141
-2.34703122964737,-0.294309629248696,-1.0478488415421
2.88295794241597,0.449616073142786,0.0732983520056584
6.86719167502295,1.13107830834328,1.24829566310769
1.37698190308854,-0.652485291611025,0.430023815092405
-5.86946187557721,-2.52645344204704,-1.77612730756586
10.5274236344229,2.96532906103768,1.68208270082551
9.19918112805779,3.34986739151819,-0.18376756737246
0.322145702319935,0.670492692410163,-1.43632010504787
5.35914994109582,1.20513413560265,0.0475503329680025
-1.41543182181952,-1.7105156129328,-0.423189536746214
0.962496191103419,0.655695127363581,-1.32577528551527
1.32542930802661,0.465973593192062,-0.449546566823941
4.49948611531852,1.33098937458246,-0.129724545130942
-1.97014001173635,-1.4304957575089,-0.555472382873858
10.6359536533076,3.20505472505693,1.16147962118835
1.61310717369302,-0.022074306174218,-0.492477675292513
2.03787019996389,0.430962053074402,-0.423056813655835
-0.530173295255908,0.0114432250015573,-0.956393698323909
10.7370347133744,3.61920146532946,0.346058747309325
9.82570059308971,3.06573208134356,0.886515952152595
4.83583204250555,1.20434890414649,0.18841033195628
5.114649758042,1.26709506007409,1.00217486738698
5.5805960010002,1.36753059903077,-0.0215976646656715
8.00361086875994,1.08324971427163,0.972455923403251
3.12674288179023,0.622881836368971,-0.333934230331828
5.02522590580319,1.01908111391156,1.34409030178793
7.17456700490604,0.399931175680574,0.99726576817821
0.178428276015731,-0.543888243411362,-0.444403575415716
6.97579374725145,1.67879962756112,0.725560403142309
5.66796118032704,2.3926232957749,-0.380965555409472
2.79557859278808,0.593789350888027,-0.23937893134859
9.08406617347647,3.16802239974035,1.0148309459254
2.03280762759532,1.77629626834157,-1.58610885941935
2.88282479573895,1.56444504045428,-1.17850370611027
3.02050352816536,0.44712471211424,0.230315226845868
5.5569475271134,1.24510789236768,0.902516905396295
-5.23949459918793,-2.03448999519485,-1.60619912577543
4.59056897953822,0.68999341917636,0.0437128605867527
-1.1866934411207,-1.11423375859579,-0.579948953058593
-2.78307495699328,-1.76209539133349,-0.574915560668398
10.5294633127291,2.85015497180752,0.79564437157642
4.45210963002333,0.169206974325048,0.875001022838621
4.576290830061,1.40712719112628,-0.065544720116525
14.5068259714852,4.63328113363462,2.388512168628
4.99868300616093,0.979920530324011,0.485146832300676
-0.135166530336841,1.10109439948674,-1.43307927963655
5.11325722207018,0.914095540895938,1.26066470542454
8.19223453921025,2.37093554250041,0.319063958213729
0.347900968242865,0.738624547809924,-0.776442050859305
12.867400535724,3.67871320824303,2.28821366286858
1.79801085436534,-0.0761434460673434,0.0586131454334241
-1.40783922638631,-1.47099244967169,-0.821484501415305
7.28440346371188,2.31301462627886,-0.67498742093566
2.37729102825631,0.422724494055287,0.0508459249650859
10.5280401254837,3.45940049086501,1.03601430190287
6.14429764823327,1.6293478648184,-0.0322944901343116
4.71682903994929,0.923690227654834,0.221174331394701
6.63212814028889,1.4953202092955,0.763562474574298
8.15774046221931,2.24021643297557,0.668326627745943
2.76837835798062,0.650923322786323,0.0164933724379911
-0.419914679058011,-0.615125716553472,-1.35044682439889
6.01685832608093,1.32402110426725,0.451714644908953
3.66743620776682,0.578745505160703,-0.0831290094266572
-0.777383558543313,-0.926816127303552,-0.67896349174358
7.65102955751081,2.41777008582822,-0.00451061120167861
6.3359947121681,1.72879040354729,0.710908222732847
6.6548383521859,0.927006952124906,1.35148146368595
-0.951406167419445,-0.321528356644009,-1.23598027154336
6.64721562807794,1.8566704154037,1.42085909329169
1.53818429190067,0.302394182029305,-0.531478378171202
-2.36379932660622,-1.62962248628261,-1.54723903991857
-0.553852885759341,-0.560359422230656,-0.702611311385035
-2.91101035039098,-1.43901023310085,-1.61387212173988
0.618447365057383,0.143355674139537,-0.361833849281679
3.81580270123058,1.20412919926966,-0.0211866246467738
0.409644744431604,-0.628903794416956,-1.35499665527904
12.6893199364637,4.26705459648682,0.927211925320979
-1.66317195984356,-1.05805973753965,-1.24538467915988
5.13033090777701,1.87793231847296,-0.439593829597469
7.81902236156441,2.62625892944444,0.950776256365101
1.83199708108584,0.513464525716011,-0.71855312801349
12.6813736930517,3.72758641127278,1.37175400498126
1.19608737402649,0.573878277098064,-0.612134255515498
4.0832937553417,1.75469404776641,-1.28052013373459
-0.662565806707342,-0.805125611736249,-0.823436584592392
5.2897281411962,1.91878880104794,0.0497389002247579
-1.74136493369323,-1.44675869128832,-1.16262668130483
-0.0608109503241758,-0.84464316488436,-1.4645401325992
6.60756388249486,1.34826539331589,0.811168666081828
6.64973321530964,2.12400101526702,-0.007852253524081
-4.98752153224105,-1.37306453538749,-1.84365609944225
5.81172214972316,1.71759614769484,0.0474776030144631
-0.389608403182331,-0.554295256130624,-0.580054475472974
8.64931916975257,2.80950082888724,0.58043259110375
-0.873356981809664,-0.632877426449882,-0.912230472262906
-0.869316257743692,-0.263148037237741,-0.897795236991961
1.32910840945176,0.674758530520974,-0.718412072924065
-2.69587059252019,-1.75580258817567,-0.704274255221952
5.31010181680158,1.36892022955778,-0.629987594813314
7.8415892766331,1.69591268202486,0.555732756713234
4.49498854166219,0.865525080413748,0.1392526315715
-3.59388665571285,-1.22847924291468,-1.24833457333623
-0.700084903570669,-0.665205595750535,-1.05189283324297
-2.30606186705131,-0.87786632505902,-1.20375395942247
-5.35199570555802,-2.2860499110857,-1.83151153920201
1.16332649552401,-0.234053218243998,-0.22833795622187
0.519963725569956,-0.255465665062536,-0.775534304415186
3.32702872737328,1.50104041272471,-0.440191674148036
-0.276699252423101,-0.407748005999561,-1.11952487403734
5.33345370484861,1.880505865235,-0.190092838140051
3.60679638782362,0.743378253779703,-0.431203139439431
5.65886240348825,1.78976672473493,0.922458553595417
0.797195682412249,1.39990761509762,-2.60025165802202
3.39847024235998,1.31379648502185,-0.143549406666069
0.245012589834336,-0.962179832833454,-0.130232854195235
3.4127618178642,1.46662495021847,0.132385918357993
-1.26112104111042,-1.04067568213926,-1.50290422159275
4.35510192222086,1.87602918955413,-0.0596676828526078
3.21585119213011,-0.196614264605741,0.578806253203418
8.96156653195635,3.01216801437573,0.84953286822515
3.42676230723712,0.938242961648956,0.0281839532801795
-5.46284595117453,-1.49048806776317,-2.44000816396546
-1.62417076842287,-0.809844217070627,-1.20303040589774
1.57406533884937,-0.432928406441444,-0.18898632654325
-3.93194684660882,-1.17289639450181,-2.06029424191505
7.71373752486474,2.40398148666028,-0.113568757109876
15.5411296507754,4.96767701976614,2.29855217648439
7.74653536538158,2.27420286589499,0.335355952611979
0.69055959168498,0.0179272939372765,-0.563076171600284
-1.82896543281233,-0.24720060217701,-1.06868704510837
3.75356771843707,1.2678363208002,0.190083990157889
0.995712956345618,-0.0298087886152717,-0.526534347782226
7.27260232448297,2.37832352461667,0.582272203472538
1.69300586169182,-0.325949567218261,-0.274619112150179
5.33038513200909,0.859844896775118,-0.766375996127302
3.37062003264102,0.0590483926046508,0.561628826559432
2.98221258833684,0.637100285827093,0.0686566011661597
3.16671531223774,0.562301388950475,0.359556372939034
4.83219290848997,1.4325192911001,1.03713069668451
5.8005039196577,1.02780756677874,0.940033123928026
-3.6226130860298,-1.00934873987659,-0.941437830596665
7.59980538059479,2.64616669371592,1.2427028457161
-0.132703219637495,0.291136597047157,-1.01065647773006
9.2609895622767,2.58732296120575,1.26445317385099
-1.4641812868982,-1.25136335114005,-0.48759818255561
6.76538662856749,2.73293527154372,0.347059478044378
10.2029061958357,3.13946369562477,1.78760305339574
8.39120431853041,1.15904220706812,2.0517424798774
8.99008656553754,2.11083347962011,1.22257443684973
6.26087806770317,1.72263038462019,0.390047779174067
-0.19879409031088,-0.0227105736191336,-1.03779878865614
4.55148452831456,1.2122423346144,0.97971606134535
-0.169798854702016,0.206752296335858,-0.636232841708352
1.10535230696015,0.554437054372874,-0.10877854802469
9.08430532464988,2.40616433005604,1.58199341392326
-2.58043106119818,-1.01212718241066,-0.702410268746358
-3.05211532169135,-2.14912244589602,-0.422252709975548
8.10649338640565,2.31895322953303,1.58590120298207
7.12270169551235,3.03275583452159,1.47409585482265
14.130424171386,4.35716413068186,2.15974901139353
-0.686359024374363,0.0130418987516563,-1.1184323853122
0.300960797507883,1.39431206979436,-1.37721624999628
1.68575507490743,0.399901031364839,-0.0290568051207152
6.08899789692554,1.92551369541264,-0.087881758650371
-1.14252316551331,-1.5028535402078,-1.15165514321714
1.49736195585969,-0.0472111640375478,-1.10724769139566
3.75292745532034,0.852150664767733,0.317876503279371
12.0530701488375,3.90316968251963,1.05715624085613
6.09528949773003,1.32647207784644,0.275395341283849
5.61204074018709,0.621036337070228,1.30831514210749
-0.856996850865277,0.368072240154866,-1.13393671068823
6.98371880469022,2.19774468836729,0.809240382747341
2.0703956194535,0.206071311580013,0.275817489788469
7.18491578552778,2.11218758178322,0.864096284188895
1.36293911333848,-0.135142713712852,-0.773878479377753
-3.25580433778879,-2.32269589171219,-0.516388008905546
0.90368823103486,0.0921176700196743,-0.0601423945618555
-2.35503697185386,-0.434740654361699,-1.39532831429053
4.85162016227145,1.27888203045865,0.503394079567797
4.73306747312399,1.23808266601297,1.04267816030003
2.70936979068208,1.23652003404555,0.0163923754293078
-0.18321089072967,-0.185405118289384,-1.02730906811857
4.45442118623517,0.962722549402727,-1.52864624924824
-7.84487789389333,-1.61532458067867,-2.92188019985473
8.41405120762836,2.80368757963018,0.950102217989649
4.92498652431808,0.700224839242462,0.0416159787344201
0.062161734765141,0.285719600308488,-1.35093542747488
12.3198615249683,4.41156310325808,0.962186759596
7.72084017101207,1.83689077288214,1.37714454657827
4.83219507578714,2.56915903216355,-0.351704145424768
3.23796639475149,0.620669022613946,-0.309110338371972
7.63594913107244,2.73156582036782,-0.261103223283608
7.70656944649014,3.01435617705414,-0.180268984415921
5.50013612652416,1.82156023043802,-0.0201968039215149
11.4708064793327,3.91030226789936,2.41857599456094
0.34466824915292,-0.150777596787355,-1.15750075160629
5.02420952700445,1.61780874789503,0.475742549425221
4.35309647873359,0.608032336811872,0.400466645098837
5.32159858170311,1.98031638306538,0.0403229900118644
5.06554858324368,1.53773722367342,-0.48417892548778
2.19022074430719,-0.195109618896008,0.0982075380055275
12.2493166078187,4.26545417633278,2.46978515933847
0.308505550460727,-0.176659364011764,-0.748463573927817
8.19134730263614,2.84722916022244,0.632607494554402
11.2377953337999,2.89005603898408,1.7828301088983
1.70698388784719,-0.364569448629211,-0.699459323760019
-0.845591500186644,-0.646864397298461,-0.926967702953044
4.66482989032454,1.12734623070623,-0.40245083122672
6.64348114902757,2.04733588738982,0.586932071569826
-1.11759543362903,-0.389519641248915,-1.53447530328825
10.2362974739416,2.26853820800898,1.47396699681963
8.20088142347915,1.69453060018475,1.90623806956133
3.10259874004917,1.0663994570123,-0.646190125137604
8.24648426337676,0.608749237284754,1.62965758424963
8.93114080145211,1.79225316222248,1.18864069494352
6.84215188500566,0.992312863129228,0.601275561740535
2.49374753474672,0.143700844488844,-0.618409884990808
3.18199914257041,1.09293769727892,-1.03294774194424
-4.741878206762,-1.77634333641738,-1.78980461400448
0.517986453474668,-0.366620067427607,-0.904262211636583
7.52967464971607,2.56224127633629,-0.0479592909665427
2.61418673264797,1.75090021440877,-1.42543423078608
6.93155654529709,1.34023122655004,-0.249645738523297
3.07614537823872,-0.100644811591052,-0.202945420289877
5.57650117206374,1.48976685235344,0.262306283536977
-2.54172293115026,-0.718202649031891,-0.815145456034326
5.14439121745448,1.59292490198962,-0.00861126434918978
-0.777547071276534,-0.576644527163294,-1.31401262551548
0.583714765211049,-0.133025975157092,-1.3208681504304
8.46363652957263,2.53147465285022,0.779163400625071
0.467494678635691,1.0682316877305,-1.75675443799149
7.72172837149253,2.34590621072325,-0.342040883400901
13.1031846343486,3.23204722521496,2.33093596910923
-2.3181014002792,-1.65249175462353,-0.968450302812939
11.8101195414417,2.7693221021543,1.50557823086019
-3.86881876616921,-1.52382820928734,-1.70356899819678
5.91603338925193,1.22622770773387,0.432554024328619
11.0902771395084,3.62861662785692,1.3930155254338
2.24147612730309,0.49030643608889,-0.811300204596383
-0.539219091564385,-0.891925887061624,-0.813111160452617
9.10229338998005,3.21566789595097,1.61561909332687
3.86798740023155,1.15203263659974,0.280541806996122
0.598690758989814,-0.720244216100093,-0.603477993874539
15.7971684903727,6.1548236611599,1.11732594502765
16.2630649050321,4.82817635620641,3.21513826493566
-0.884151451893531,-0.250295948760028,-0.497480225588766
2.4203221840751,0.610101290377113,-0.876377144691312
5.5417673333712,1.11019199238268,0.372058856695246
4.09638759556718,0.575239248401173,0.248219857871384
11.3826300452827,2.89879835689021,2.53077374575972
12.043621773051,3.7402844015038,1.41874403458714
4.95283585027102,1.48655697920724,0.0407531080885752
-1.16046788199394,-0.825504518694825,-1.27910839548461
7.96666495086306,2.64282996646444,0.970997780443481
6.93735261239963,1.7936161188273,0.595368561084244
9.69720579132713,2.22017962920968,1.33189256500642
4.67464179864661,1.36858206063001,-0.207923618964716
9.47001298928846,2.3983758349413,1.37757820620319
8.91129229649059,3.46972073471173,0.871199832249361
6.06188166941344,2.81309752904275,-0.127515848497714
5.50886028029079,1.80211998505107,-0.852177553415391
5.48892390669518,1.34208868382692,0.0408276925403491
5.90954028525883,1.18455037116762,0.462781014519868
0.696123613477952,0.557229045266145,-1.05338417041742
3.41486257470568,0.936326199299556,-0.492002709462958
3.09930244031263,0.285627457264284,-0.251126358850838
6.28986859931897,1.904092439319,0.392840790108649
1.70509830363716,-1.14628738073727,1.05288724797754
4.33767798107337,1.11500534141763,-0.247774715350397
1.7901307462699,-0.235703527627244,-0.894112493991783
-0.708738764294279,-0.626353174843618,-0.916789309656382
-1.73330757873301,-0.694426150903347,-1.90536391586208
5.04960902329025,1.47787876603527,0.440512975438817
2.53645369572378,-0.558856625860602,1.6366547839461
-2.81550354191081,-1.10829773984797,-1.5730967943546
7.5760927800142,1.40628974152293,1.34270211071703
2.97086818930175,0.610553361751949,-0.0393807331998075
10.9390737375799,2.9703059088231,1.8574201604415
2.50062982999082,-0.0942155360324857,-0.481072136070109
7.14325252786003,1.21930400635018,1.98577330864213
-0.487842279716739,-0.434400278580738,-1.18832220226374
11.8129853288534,3.51044026146215,1.63940554755704
1.03606884628955,-0.217154452650912,-0.188465174509515
9.74755708942468,2.86678520618607,0.965852442338675
5.01237933177025,0.434321124549131,0.74069008712881
2.22837562320285,0.347203771073838,-0.0246002933733797
3.22082723542966,0.5188412831829,0.0331193196603562
3.77168823718703,1.23458180546588,-1.16003853623187
7.22216885775971,1.98658914008433,-0.000564027065176965
6.57232518964428,1.17046129707804,1.37837389401057
10.8620621408222,3.00508588254305,0.899125893904395
9.22012949942546,3.35123090368702,-0.201615018681649
-1.92020354717286,-1.1414642900149,-0.363848038497997
7.45266604579184,2.3984206774331,0.0768187615849122
8.44194028319137,2.24844395670543,1.95713954954064
8.2107954701768,1.90167981577658,1.75440796251203
7.00982101732091,1.99207235879174,0.512132757481295
7.70817720104836,2.19221426244024,0.720021594892747
-2.04715426070475,-0.778042533394775,-0.613754797462095
0.767886079162696,0.0626852275305426,-0.263950882009889
2.83868435176446,1.29027180241863,-1.24997016332523
0.0218067567899151,-0.0984360151419117,-1.59090856367456
3.24644618906412,1.28355926216575,-0.0447637344764709
0.344521476468182,0.276836197162661,-0.921722148944671
0.229058032766975,-0.197415176502727,-1.03473138947549
6.169829037851,2.48445014690056,-0.434043551381172
2.82379992130371,0.871990065892214,-0.922911659552746
-0.17607752149249,-0.849371794395266,-1.02698605860692
-5.06996064672166,-1.18549140993124,-1.96202931681135
4.84178322445231,2.18657769560579,-0.340339879850402
7.091226004196,2.42063480473698,0.0855149411744158
-4.12037126386827,-1.78908126249047,-1.47469715172577
5.64415857672506,0.909527976060052,0.347267604634584
5.69617948070121,1.4923423063843,1.02011389605652
7.50139923956146,2.21646232739619,0.910727615167974
10.0651673553056,3.72687014375294,1.09425499184819
3.18667262562716,1.00683656903323,0.0279947699609227
-2.76907593577486,-2.12271030071153,-1.21600213300204
-0.959789979765934,0.0504227277411245,-1.04662390942046
-3.05432602811749,-1.37361199846624,-1.7760800202052
7.95083830914037,2.55613737436893,1.21508506641166
9.45818867658548,2.67474112452148,1.09694143883538
4.15287692937721,1.70386180196263,0.269125438568221
0.64438715479664,-0.461341191253318,0.0400008019981782
10.3685556544608,2.33980988737067,1.64957407084967
12.3515852649457,3.16335978631532,2.01367162878731
6.92408065666652,2.02123140480115,0.12376805799116
-2.55959410601892,-0.880066184442251,-1.41950710437488
6.49912968580902,2.72300526006127,-0.610445172756498
6.64864700046632,1.63676086073912,0.482247277771017
6.58421948012963,0.90966034683878,1.35237619025344
2.20245289890034,1.39890090173118,-0.730555350940473
-0.722253703972349,-0.024064067619848,-2.01085600990718
4.92761459435325,1.90677932586674,0.110546686515529
-2.72014598938247,-0.949615125200989,-0.95300531617524
7.95468687946138,2.33733647464772,0.612081299831176
4.47216292887805,0.938861106513857,-0.216709650164882
10.802137562737,4.06962510883162,0.276462405235842
12.0048073237092,2.89724810016552,2.27182012936164
1.65119990392624,0.427734952292788,-0.286755482271369
6.40767210907727,1.32239081517486,0.704621280550078
6.12198230787769,1.55861719594293,1.01483045329573
-4.38878878490994,-1.76701934254556,-1.76999587656652
4.84977881523785,1.4507481473002,-0.273168018934563
2.1098877166889,0.855682989142926,-0.209863727936897
8.3293406061062,2.91592623587775,0.596987037882803
1.92141323224475,0.758797445787008,-1.11284777299912
6.82274718502219,1.09328358061889,1.18384038109214
8.02335399571876,2.97088163346034,-0.416626876718275
4.24467387608495,1.01493399063407,0.411065230557382
-2.33158453465692,-0.78774131241487,-1.07747204289165
10.4042364203863,3.02553058873548,1.79868958686279
6.01956379802458,2.67592622676034,-0.105475343853656
6.5748679453366,1.60619504960052,0.974883054800282
5.37501256223975,2.21869070732798,-0.573271262930779
1.11916158720879,0.137783510727323,-0.976637122458171
2.79285705114298,0.195359124318813,-0.167667166419342
-0.671532628972069,-1.34114690040301,-0.215974687400675
9.89264693033298,3.28451112478971,0.740274248397643
1.22118308628684,-1.00386826934837,-0.303801590581045
0.441973043366952,0.156966118577495,-1.06374276742739
2.99419678137844,0.798630006085074,0.0868523530606463
-5.52327550182017,-2.1908137887701,-1.702646467142
2.32502654963677,-0.152497246861452,-0.169028058516196
3.61186847125188,0.991252073304093,-0.0506778579311034
-3.0384575424776,-0.712223537924251,-1.17545759689902
11.8277211189083,3.61386987718923,2.10190650363921
4.51528597942404,0.891325050791092,-0.0265644955255822
5.72695515151124,1.42383525780146,0.385409225402701
-3.06177980806416,-1.55332701856717,-1.06489525903852
4.0399172739417,2.17358151256617,-0.58984968626722
9.69755093546016,2.85722283394739,2.09104903169867
3.83041989518229,1.5279564902893,-0.516479433843361
4.46876808814597,0.987426855481891,0.969509721981647
6.17744483601773,2.040255534813,-0.27326647244569
1.48000769913438,1.04614035300676,-0.549879661253217
7.16434440935031,0.564661516487551,1.16765347032059
5.73198417816868,1.64858905329162,0.0530625700535456
5.69113324935284,2.21510380735472,-0.87930402683838
-0.0466833722816309,0.32268311365796,-0.490519567227388
-3.05249924347561,-0.950064852558593,-1.07459061807247
6.47925734945593,2.25071520020742,0.0533471485247484
-3.58595674513871,-1.18441169395637,-1.67052732734979
7.03363464274978,2.91461182029169,0.65305762854316
7.2524804505543,2.41409207246133,0.750862579867931
11.4062436952422,3.36921058826978,1.4696431085326
5.44547784921134,1.66980997178307,-0.392702242101397
3.52791098623512,0.942342213926892,-0.98284753921045
-4.62624298834678,-1.1703787960942,-0.984283620547223
12.4190997388283,4.42612930901909,1.45751943933756
3.55094975819879,0.864597555789412,0.805678128200862
6.44878546696529,2.23701404806577,0.429603329065225
4.15812126542554,-0.219615912463582,0.107461228571342
2.52634378307194,1.03704120548535,-0.196713000775661
8.31106847878779,2.70026659959292,1.71656939369833
7.12151138922237,1.47988145935632,0.352647248022252
3.3928537219454,0.616559832230846,-0.180050606810701
8.21103878011894,3.18358546753067,0.038829615772328
9.12773677876801,2.96267865068303,0.636925416559892
5.24562749976532,1.26527648550006,0.181321767359757
5.77773690681153,1.6931792541344,1.32276230434872
-1.92540829580571,-0.43160164349114,-1.36141085870675
5.88058111512684,0.92689449548522,0.28312416871624
10.6846896817054,2.42906198464804,1.93489725999749
-0.144039533451644,-0.325349920719549,-0.780777271843666
6.65741643444842,1.79609022335003,0.191312175628833
2.51932009121554,0.46628219108473,-0.194773863383048
2.41526685660159,0.0974014181193704,-0.632325729724117
7.26300356178246,2.50355259550482,0.703516536051073
3.40312457085199,0.499523485985465,0.405903788393205
4.60475789642527,1.64327330084114,-0.344917294302101
3.42604093565052,0.374201742431351,-0.560663902866416
2.0164984749397,-0.166939524815457,-0.318069109177995
-0.321413483138223,-0.0434623727949291,-1.34455903838205
0.199506571720879,-0.846848075627716,-0.361487853149305
4.29854808209687,0.996492444557133,-0.042148360885283
-0.214964613442858,-1.039512302774,-0.712995120653238
7.44874603447631,1.86244126423956,0.859890960031415
-0.520986769855774,0.439328438800342,-1.60216592185782
0.22501896060627,-0.0906386027918689,-0.802375642556337
11.0667370682762,2.88618599848574,1.03893986793666
-0.896362529510989,0.0291480097691814,-1.98937589801876
-2.85927614962683,-1.6941429670429,-0.935247460731714
4.08815325976795,0.621520172650065,-0.797154910718724
0.396898798922223,0.0848318833859082,-0.61431224262347
5.29225119262737,1.78885452332176,-0.0214199480070188
1.93784657725169,0.435533491190254,-0.436759284729753
2.41242315861484,0.436630877969749,0.0804281801025431
6.50338481831095,2.07576173375158,0.538245335529981
6.09465418301112,2.43304975422326,0.110063872031399
0.82700572458363,-0.480808406317175,-0.766107460622823
5.19388654861833,1.39675778538447,-0.328348608724162
-0.60284545767841,-0.622593378784042,-0.506869944168482
3.37355068316,0.574127881643803,0.0779971322652275
3.93164896164117,1.41080025765137,-0.311922709908066
4.08775655842138,0.881170861459295,-0.342451951372499
-0.598721884115633,-0.62991018954094,-0.226309026915023
6.2182686070895,2.28244846953738,0.539924639785255
11.6911202288336,4.32819582548589,1.56989757713102
1.27526363498922,0.328834136943028,-1.33862091933536
3.19598290153176,0.0202182885889711,-0.106374862606466
0.248117085559866,0.145156227701192,-1.48634758899042
0.936417231543787,-0.410325066895594,-0.422956072673227
-3.76057139622251,-1.41074726108169,-1.42351701260096
7.95499383670236,2.18985376350046,0.674150716817925
11.642222867223,2.86518840001618,2.70307839018063
3.54360249152556,0.52420412477552,0.204137374691873
0.458176455870511,0.66347255783706,-0.912277083142472
8.67561706387078,2.84406977952268,1.02583160563221
-1.40895451490737,-1.22000504998272,-0.136913717197132
6.7435081498776,2.39809985452276,0.67385032492802
4.53565448340636,1.11146577045703,0.347473976086774
12.3054803898554,3.63712545758075,1.07913089288475
4.32113938350093,1.59609705395328,-0.125220748320009
11.4477555821507,3.51314652765888,0.479265169414997
2.64916675772686,0.509467281482427,-0.355435273876431
8.08554556303832,1.62898119381725,1.10783201637328
7.3298101675016,2.73778150186882,0.642720075402183
5.44354728067929,1.95688731129401,0.229960366617588
4.51329436085907,1.15166634396383,-0.445363765312539
3.98464702642862,1.5940218239082,-0.485021512864904
5.62873452653077,1.31927311836148,2.38509933327631
14.9256175305817,4.32352707638917,2.45142862174489
-2.61778876612572,-1.50453272980455,-1.66283511945227
4.56001602631828,0.847480751168892,0.364317709557227
2.18721151237037,0.818185628579298,-0.419632915306848
3.08528910669508,1.38955286687629,-0.868617954066238
4.4493895801701,1.43225757561419,-0.224615425135142
5.27186143455207,0.684120480997859,-0.178379602598316
5.91557642172489,1.75771004594043,-0.265593892773021
2.82563762013689,0.0212655893557268,0.537098502436914
0.441432376437461,-0.657681520436764,-0.133990267962807
4.35122375074964,2.19918507395073,0.349408480492387
6.12233561210876,0.867535542403715,0.892171696394971
3.73559085196887,0.584735664741262,0.879202827259602
8.29286333111949,3.16540003653453,-0.276909806584601
10.7985623857698,2.79110702710914,1.99825874751115
8.96115458489694,2.40656586434381,0.559799183867228
7.00579195575887,1.27151089447331,1.52624930539153
6.18180203315588,2.48664141174866,-0.0455316970344725
3.86777243945893,1.27902867100981,-0.0700811188955455
13.1612511944394,3.2678241441628,2.11295519509712
8.70382469683596,1.55860665415375,1.09363367275061
5.83125432830547,2.74948030352086,-0.748976624081438
6.09450582011982,1.41403948765075,0.438129350404823
0.736931369560998,-0.39113367751196,-1.21100391693487
1.78128727695678,0.992342285750348,-0.388267680695801
4.27789382542022,0.50972761730151,0.183056895258478
-2.43803889978237,-1.70559602208757,-1.27960691403542
1.13787292167889,0.386574846482824,-0.417926372997199
0.210526506336124,0.728803292650787,-1.45163315456138
-2.1070671617975,-0.598655497656834,-1.2691650084432
-0.933559947495268,0.219114701118878,-2.35320932480981
-4.63746273425855,-1.41294199602284,-1.8462020869796
3.67089403898614,0.261545039375772,-0.0922317638421097
5.280720517589,1.28781104369626,-0.78300002603427
3.64404762991261,-0.100794526688621,1.41148042237933
11.2855806910195,3.83572165932595,1.06242192748431
-4.35795733923232,-1.20687125284618,-2.25682905752439
11.4453024124904,3.14299762286598,1.67727664847645
6.94852188835969,2.4145077014871,0.950424349487129
9.5600214711397,2.50249154335871,1.88973437863495
0.821143711881568,-0.289379208891632,-0.209041579008769
3.72947921239838,0.557503585982878,0.843484290565133
-0.170922208572374,-0.14409117998686,-0.742660022433971
6.20066166073895,0.959424876337671,0.878353916239558
8.7361161899781,2.03924699418704,1.02413659683525
2.27355523510888,0.581786815907455,-0.911327760959208
10.9167871089959,3.33345781447041,1.23952031609597
-4.38292994545056,-1.25463682312794,-2.29969410841954
5.94769511818772,1.3181079532719,0.789840601332571
2.75307893897454,-0.434350266113183,0.152045567768221
3.63370182920243,0.763699063009909,-0.214009482341095
5.29355810433282,0.416564465870385,0.743088703127267
-1.53744507365905,-0.713038653811198,-0.610469525113144
6.04650900291359,1.89632887420729,-0.529963252201883
5.84225652598429,0.790194969977862,0.752546591619595
2.07120211585684,-0.0644083889928163,-0.0499812001141008
-8.55070471253364,-3.61730769296312,-3.14553442294871
2.2215693716366,0.226190672645026,-0.412870606153641
3.48611865785639,0.334712085561737,0.880691695754789
5.81262169020577,0.857775796547646,0.864098494485284
3.04591758720042,-0.0584301361726909,1.27455566736142
-5.65951212610526,-1.52934177380354,-3.0533883770532
9.09021273055403,2.7437236738566,0.455733339287301
-9.81117323924167,-3.02818269081284,-1.91507999127734
4.28223385163266,1.52792850323288,-0.277565760366165
7.19920935267412,1.49364813466145,0.496186134646536
6.09195501863566,0.918362761865758,0.880631312648124
12.1089553018334,4.4437663038941,0.588494329679414
1.68586165611353,-0.00451538088624348,-1.25523470384514
-3.0535449137976,-1.09842374563874,-0.783594208835373
-0.511767859816965,-0.66393282399457,-0.440011235779387
0.240610703338441,0.627207834140285,-1.74260304280058
7.76813855468294,2.07997325243911,1.69317663840637
-0.0457046563974242,0.641625718592572,-1.82684581235822
0.799429476803009,0.319919996123907,-0.335227415278608
5.66320361849869,2.10775211994628,0.28632950138214
2.96540629735659,0.806978335332417,-0.0643056407741861
1.75993316976364,1.18461528526728,-0.945510040083134
4.26975003808993,0.257140355944409,-0.295309454456158
2.18944817859184,0.585075831963266,-0.0513935613104172
3.07650765670979,0.696073410261511,-0.540786779529514
6.33587145542803,1.42755122629377,0.233838758930169
8.26054961421076,2.03921282045355,0.944296908875772
4.15388105615515,0.0973542238664309,1.20329206514364
3.21277480472572,1.05174327123352,-1.21304049586711
-1.5092776258645,-1.1209738561015,-1.55317666737773
6.78431552850224,1.81796253185306,0.820642431752604
2.24102281693938,0.347142455050841,-0.190669035145864
-3.54843085758572,-2.63126328705032,-0.267324731472359
2.72348612685742,0.319695277961366,-0.0912352099356769
-0.70256860742751,-0.198499134198527,-1.31236486467513
1.7352713332681,-0.261545340430555,-0.398770867161771
6.68262624021911,2.73919072146489,0.94945657260122
7.11028871744954,1.67478156690888,1.47603235587495
2.49818426266502,0.215483936507138,-0.819130078700001
9.29233943715621,2.87434063577938,0.401914804945245
-2.20741417029317,-0.330963902902065,-2.38135311364783
7.93512677264398,2.23225957753877,0.762652159268962
5.38302617358306,0.777854332898117,-0.0016977104718371
-2.91462829927855,-0.468180186834145,-1.01190525805648
2.12544746577662,-0.217737575686661,0.934097705406326
5.3523239471765,1.37927997269043,0.0350292570478484
9.66751215640328,2.95045380191422,0.704184394432707
3.10823037969315,1.36812706623572,-0.803350884631108
0.805861030906744,-0.16392162023529,-0.916749654607305
12.6203559107545,3.53205963452839,2.56422332894125
3.93909873069247,0.618826430629938,0.27685379026017
1.09172361096191,0.429867938788138,-1.14664776839865
4.18129654348953,0.929314414714022,-0.307554845274251
-0.839171379990394,-0.461353542417412,-1.63928741629929
-1.89917993447074,-0.264052290835423,-0.872636270340575
-0.0327323971629515,-0.315998437163708,-0.919311333979197
-1.83924075006582,-0.0467778045866737,-1.75041033634318
3.36907707301729,0.119216923511075,0.234238671704047
8.79757332228145,2.15277027719655,0.237541965070879
7.66006407214782,1.55635674495784,0.717117659829979
4.84505300529393,1.71424181555742,-0.19333038732708
7.87516931165994,2.56793170519238,1.02392056688215
8.78807657616426,1.94761229521918,1.3206862108676
0.831237683752943,-0.236038582742715,-0.00604407634603382
2.98773622910878,0.506611098404337,0.0948952495419914
-1.30145664514406,-1.84981604736196,-0.474070142142811
-1.65940691986929,-1.12901876394722,-1.49527086373266
6.36060403290037,1.24545525671535,0.874403227448318
2.13456356357036,0.549094263852792,-0.0644150462533156
9.42233532461849,2.64906347747031,1.17597888808827
4.36992918245985,1.18999760483377,0.00697475803721404
6.57056345722906,1.88341198623888,0.736599039418539
6.2737514001156,1.49885255381389,-0.294973842202669
12.8951886478278,3.66128147944282,2.61075159301869
14.764131405165,4.24968170771379,1.77172237836472
8.00270734263993,2.07190276918892,0.666985862334557
8.96164088468581,2.4548058345473,1.16927110202582
-3.25862269294839,-2.2218657143442,-1.40743818544035
6.30394151671152,1.51473625558742,-0.203528413300166
7.81695011109436,2.34683699959224,0.33199788909242
10.5977479065797,2.26018751829087,2.05385394009796
9.99343653373115,3.14642400136786,1.17509482402288
6.30980531169264,1.60663484149549,0.604660153751841
0.785967424845488,-0.637870293122417,-0.0794004500489586
4.2258356479266,0.268829599272364,0.0635118513157708
2.59401009659047,1.08797584359973,0.303701881787663
3.76117682355686,0.328710487734586,-0.396031286415393
-3.47624816928796,-0.955013756367809,-1.80775106918818
-7.87396785093106,-3.18701649018191,-1.65283165395672
2.47695954289329,0.257870192539117,-0.513078302752931
5.1321983319953,1.32393356843818,0.00536441451912971
5.1430287229556,1.35609258489672,0.511465946051691
-1.76683338625325,-0.77274343152641,-0.171512227936958
4.91734378056049,1.34631478551375,0.399726071428529
2.64084388373587,0.540087900102974,-0.422441417133553
-1.78433986453402,-0.675091373821022,-0.731365787238145
-7.13631200336031,-2.72301618497312,-1.80890362641614
4.78974705162563,0.999548555752458,0.618086108785187
-1.88130997892576,-1.34081868045078,-0.548604957323957
3.36709156491308,1.40841245019567,-0.490634931094426
5.20207328418603,1.59558859888227,-0.235036077678305
1.85954921687541,-0.289454879817605,0.207188530697328
2.95839015883467,0.347017938109828,0.35956612321437
1.7436043776126,0.0906067244950648,-0.192244657217323
6.97731888849894,2.50372554443655,0.871691600906093
-1.74582103746543,-0.612023535595089,-0.584940476740408
9.06709798239422,3.58335040796427,0.508031406863577
5.83772563721062,2.09525192432961,-0.218854753190864
-4.06817420693743,-1.88711758184426,-2.00722526813758
6.95547487978892,1.43409103661929,0.443452958502703
2.46352814274787,0.977093366352044,-0.562467409480351
11.1412945279168,2.18689008023297,2.57321341232981
-2.02687569444372,-0.0612816170723915,-1.97819621503765
3.05082251326934,0.571517121671962,0.64541614211214
3.61708429280181,0.8589241677153,-0.42582941641147
-5.82826498373747,-1.36067736481095,-2.80048492032466
0.0759309763369011,-0.207267344592199,-0.958018758040901
7.88697913910099,1.35864207158345,0.652397095121416
10.064590023161,2.46211269755681,2.29096886281251
11.948239017276,3.45700231107968,1.33038618739412
4.87144616357801,0.777150103616225,0.129874396862318
4.3679763649615,0.115623164661019,0.540760195505697
-1.61092532323948,-1.46851334898241,-0.662469280123758
12.8591438425441,3.82421934796068,0.895371025765121
-3.01309676852513,-2.05116270628087,-1.29824295506302
0.272674846454515,-0.344711512317631,-0.225318053076555
6.61013555435489,2.54471689945326,1.03015568524722
5.78275403425679,1.45928296277705,0.174508175157302
0.405258540353697,-0.155583311049064,0.0566975737431865
9.53151256448283,2.42973571705407,1.91335004013325
2.5272148765604,0.307606533801401,0.130020065949731
11.3490527509686,2.91641108643593,2.27250279564055
0.277966015300921,0.16393421496811,-1.12738696681795
6.60181202074363,1.83469128213236,0.48956334646687
1.7791828370568,-0.521350681049965,0.112770116540162
9.35293277458519,3.16943658272289,0.762578047583471
8.09334577115281,2.79469488712724,0.379899368209199
0.661864025869899,0.279069093250278,-0.494608454035091
1.89779559253587,0.320092840827307,-0.873947227219838
-1.05550254852689,-1.4487154195911,-1.01096632576322
-3.01985869845586,-0.998497260760458,-1.91448833735205
-0.0380896473234322,-0.771577193127577,-0.394692908953394
-1.05516930151598,-0.318464167398838,-1.01622727676207
8.29956914091116,2.64550417143419,0.371124495203356
10.6979903561884,3.75194125877205,1.14513794958259
-0.933971341827628,-0.60033363130716,-0.0987623615113023
7.39406999170498,2.0221702074257,-0.340133329986099
9.30562746445622,2.50341614673998,1.40620363715096
5.67457549422782,0.79868918567399,1.47034995049963
8.67073358650167,2.68209598468729,0.204411117457303
-0.652471414513549,-0.539220166282845,-0.83564970631518
1.04414750744242,-0.44028196950021,0.0709657721475562
2.29876499944815,0.368721699803966,-0.275698473760473
1.73663875796514,0.281989029576965,0.400378966132661
4.82021976720214,1.15917027816038,0.315205926926052
5.48872966523512,0.64492995235161,1.33297114940993
3.57484822363571,0.538280955740219,-0.313020070354612
-0.105643293577479,-0.440837350558367,-0.891849846963553
1.06519559331238,0.646656269585517,-0.549532359762845
5.62492199890972,1.5182603098497,0.71048378361672
-1.52094952163534,-1.47193166165437,-1.43826741025595
3.81950138404297,0.827780546372199,0.68394284785885
0.804051462395275,0.488541847239084,-1.02441899099169
0.57674771434027,-0.366789937563025,-0.542199755923529
10.7445575288276,3.56653899396892,1.09937901688248
-1.0190716709765,-0.950547148176553,-1.08823656749626
5.94771222419918,1.95883456347181,1.04874376184449
7.75301381127768,2.15922296780953,0.697502369925742
8.05257641069993,2.04850052138725,1.33152357790279
1.97405867611307,0.229959836008389,-0.619564028809483
11.8351059498567,2.64840236987949,1.19464087102858
7.89602867719943,1.98264944285929,1.15769344608641
0.721616302466892,-1.57061863827113,0.228701881575162
1.91553241367973,0.830514274601039,-0.00334019017062976
7.3344395696511,1.21829515981251,1.0690337040376
9.88631857328176,2.82336468208294,1.25400836686786
3.95960978395661,1.57352905857686,-1.09949031877978
0.0884628953110733,-0.272092135440374,-1.03499403788239
6.4900740663984,1.39016099043081,0.801795705357739
-0.700071681486181,-0.12396747539642,-1.19942935975151
4.77256657216281,1.2638992841875,0.339198722167274
1.42792896213116,-0.487347871804184,-0.467125859801666
9.71041371183182,3.18085466650565,1.18640637492549
13.4093355148544,3.86679007849655,1.09246107265351
7.9868043413266,2.01326787029366,1.05834840280401
8.85346773507423,2.52256202089648,0.37749527735918
8.35991802812894,2.04155531614798,0.552306447679751
3.08336657342648,1.10883796965249,-0.215490253505577
-2.4361783297956,-1.15599027281488,-0.72457807079739
5.66830077654765,1.31938190122571,0.873244658718284
5.1821577623768,1.69547596293115,-0.590700378510034
0.496243565409604,-0.076014797164063,-1.25573093407266
2.61620189410056,0.189498241227597,0.0029452977710945
8.9541206602951,2.43663559540178,0.70762045813641
4.1251474542455,0.571086428061632,0.514062633691367
7.49281278252107,1.85523030478071,1.14481031625389
4.0943348058432,0.232572126151051,-0.000708223695405127
7.19136060460389,2.35647695648583,0.557051495980582
9.95701466045742,2.66549978340663,2.07639687650607
4.88090979988668,1.5608109269477,-0.568596524911986
10.3208262855447,2.11558225163646,1.6197904464829
5.00723817956936,1.17964802661184,0.493673910584626
6.9293087132374,2.27537651217569,0.436663143332495
0.781698651476918,0.304434298743028,-1.81563465322073
5.37026234507615,1.08159717213581,0.314112546573892
2.2962137350234,0.472092994490985,-0.561804582636857
3.39599035421624,0.713804916649039,1.06326620729575
-4.83704184533013,-2.48488415308623,-2.06294739816586
7.81247059948645,1.53582512252714,1.05790036847719
0.482079261895947,-0.383075467274086,-0.630986542663483
1.70477666528653,0.604063072236016,-1.06977868749968
0.272875256973644,-0.418548522595115,-0.625379911008324
5.0613624554593,0.892628111895246,1.63059754730254
7.66112764774479,1.46616712042885,2.00649909756211
5.78625870387313,2.61337110736327,-0.408422576460397
5.65858026095099,0.468949464239851,0.568240973413103
-1.48966027615372,-0.804445096168787,-1.2016799459655
0.395879668895667,-0.104509887987196,0.07826087554958
3.0520273010084,0.239749069627875,0.234043385386405
0.968800876297785,-0.385076266305826,-0.831442951070913
8.44279291083123,2.55832506718999,0.519666074627327
4.19637894568408,1.64819157581005,-0.636907816622674
5.12096587010423,0.162312478652679,1.17536378914977
0.967751704587666,-0.535293656230396,-0.976867730262721
-0.336014161195471,-1.08777402548332,-0.0610154521348141
1.19955025684224,0.0931726513182578,-0.389173226767096
3.15009617866399,0.861369435234375,0.160668282155624
-1.095854084904,-0.109370801885967,-1.7648089659747
3.11456271001065,0.250502053169033,-0.453675716850372
3.62495970088359,0.669691706943736,0.100715629463779
2.26882474450562,0.248504982692796,0.36457643988261
-0.581526601253539,-0.661582002486708,-0.909769603255823
-1.0309564205926,-0.558544742946477,-0.995045797412608
-4.52004308751244,-0.814863619266381,-1.81919657312479
-4.57351012743977,-1.87157369028173,-1.63426994240342
5.04740742407117,1.25516763499065,-1.11241020549748
3.18208079385303,0.870454831776806,0.674853935238714
-0.363017401658099,0.0144687918234038,-0.960762789521534
6.35087046192602,1.14496763707484,0.740732674943564
-1.404676663461,-1.02183775770796,-1.65659375567832
-0.823364121800704,-0.929732561268192,-0.556628873701868
2.26680339171899,0.196906657662803,-0.690944889983522
1.47876845801241,-0.165607401257231,0.302641313379228
13.9810249275913,4.68365668912705,1.66844224578548
5.16737623885951,1.06674187895142,0.347038227806381
7.86277732962665,2.93427168002887,-0.304005821421227
-0.501349869962687,-1.0600715119191,-1.23969631349881
-0.455209784979141,0.159070084556592,-0.859446205805292
2.28523832112497,0.990445361951692,-0.178375666001232
8.17479639316879,2.72322669789109,0.508684154882849
4.01178017776719,0.659887480124484,0.3172812073806
8.4833666402448,2.78535115973695,0.52032077099399
7.05262054715753,1.50389354990134,0.908513230893033
3.9532014953267,0.673976920956311,0.295301811776028
4.13383570677999,0.808760261439422,0.578388114365206
4.90475692829909,1.5157880020664,0.281990644244817
-1.07514597759459,-0.193696843090944,-0.2318078149042
1.91968524231268,0.328638038344667,-0.17190418126119
8.35942332484064,2.69677781208184,1.10317275731708
9.14600791886647,2.83435434592792,1.24243338184431
9.99573081697382,2.45080326031543,1.57546459922299
9.41172067960057,2.72640557831434,1.17716617616484
3.6284494064655,1.7027412517597,-1.46018167149486
0.654821845059028,1.22645093351627,-1.3371592943896
-5.19723608540094,-2.1762762703832,-1.53636110170761
5.47458999351845,1.80160517965941,-0.494629334340091
-1.26418332202113,-1.39543999262315,-0.463311793947866
0.306899754086352,0.101219726506998,-0.978856239973834
10.2567970348854,2.74890568441791,1.80025614290046
0.120159112933311,0.122061036596938,-0.332054244431789
2.36566283543401,0.249175536688143,-0.0363202471588845
-4.49642755608931,-1.53762363699739,-1.68649576643948
5.77820024076298,1.41823143691671,0.853579626702691
4.08866755388095,1.59911634186365,0.0664642097335349
3.20763212296503,1.18366740973035,-1.01728350625304
0.803239607844694,0.1180141362847,-0.855650724408043
4.39947632089799,1.39962664741387,0.671445621753933
5.12708506542529,1.35754549996679,-0.1008342898247
-2.01593571079959,-1.88492869181336,-1.5650895986733
-2.84577516524451,-1.53902374091928,-0.723425334597704
-3.88366579819026,-2.67774807699859,-0.972396565996002
-0.1572738254491,-0.154075320964978,-0.510444483524298
3.75177300104514,0.593411103371376,0.672504154861763
3.87741990512263,1.04677009159125,-0.0546348228795796
7.64657381198835,1.78026211600637,0.719566419963055
5.90176001334696,1.82356188677581,0.263863815257256
0.927610312711656,0.738344953094534,-0.629701821109331
3.20143751204863,0.864605449256714,-0.303504933115726
0.467504987412645,0.282551111512156,-1.00602675448872
8.71608793963813,1.81124079801071,1.48440776005578
6.00411875157653,1.88565120046667,0.128142130878748
0.867110635972087,0.846754486310427,-0.942233789128632
3.90166892787244,1.07367266787345,-0.164229719457684
11.3208149874928,2.85665233165915,1.93011303338598
4.37421567473618,1.30479101829369,-0.141851209355121
6.99800796113039,1.51084070505554,0.856021200287466
-1.62095922418768,-0.485251200412684,-1.82533228275178
6.25547579827469,2.3226280318212,-0.655595339134014
4.51479120703005,1.29115523114104,-0.0915926514564973
-0.165719113627072,-0.576452413952696,-1.01701795115458
6.34802182722034,2.2321055826373,0.235955705905857
7.84002420460262,3.02851157653133,0.524231777728398
-2.19855736594892,-1.63967436767066,-1.55845398438643
9.01424173091789,2.7718436281361,0.772370082970082
9.16901283397191,3.03839245134325,1.05306543762102
-0.399500693898891,0.0114215567934471,-1.35051690987631
0.628484482895388,-0.209711680792007,-0.940719809551547
7.78621311428887,3.04213498680189,0.300301058361718
1.1068522988363,0.47853987382323,-0.342581300276617
12.0950087675125,3.19230084398417,2.16938037732308
3.58540738447324,1.12519247272503,-0.398956051737101
5.39924908861984,1.25697169870276,0.919349393044173
-0.0125026790906329,-0.586572941555422,-1.16168539994467
2.04781859161367,0.158012465762342,0.303359296482846
1.09507588788518,1.19727485315205,-0.855670412311528
8.98381184206678,2.37216117409136,1.76045695465088
5.68647950066913,2.17281477375222,-0.118438889987142
10.7752222437535,2.81155179008499,2.48943398608676
