"Y","A","L"
7.34996690658671,"b",1.37095844714667
0.748688880182887,"a",-0.564698171396089
5.36440629777389,"c",0.363128411337339
6.14692545906892,"b",0.63286260496104
4.52892018590805,"a",0.404268323140999
0.912693275756003,"a",-0.106124516091484
6.93829910344956,"b",1.51152199743894
2.8100829454306,"a",-0.0946590384130976
9.67176942095341,"b",2.01842371387704
4.14188542194818,"b",-0.062714099052421
6.42703040732827,"b",1.30486965422349
3.66434693984986,"a",2.28664539270111
5.13189248190039,"c",-1.38886070111234
5.91361817837062,"b",-0.278788766817371
1.78398307103721,"a",-0.133321336393658
8.86721476544072,"c",0.635950398070074
4.69651407192694,"b",-0.284252921416072
-1.65138480997477,"a",-2.65645542090478
-0.626166724137425,"a",-2.44046692857552
7.6079376414225,"b",1.32011334573019
2.69339767356446,"b",-0.306638594078475
5.56556903378706,"c",-1.78130843398
1.80399297143324,"a",-0.171917355759621
11.1346386307004,"c",1.2146746991726
7.41151860252083,"a",1.89519346126497
5.47076955203318,"c",-0.4304691316062
6.52541814900755,"b",-0.25726938276893
-0.377857129910126,"a",-1.76316308519478
2.33828588806233,"a",0.460097354831271
1.16259558710208,"a",-0.639994875960119
6.21138465572655,"b",0.455450123241219
5.9596819628917,"b",0.704837337228819
5.65300788307154,"b",1.03510352196992
4.39313843367963,"b",-0.608926375407211
1.69372744103389,"a",0.50495512329797
2.33641109566515,"b",-1.71700867907334
2.0325463985586,"a",-0.784459008379496
4.54733134523378,"c",-0.850907594176518
-1.685913511666,"a",-2.41420764994663
2.82541910637075,"a",0.0361226068922556
7.42324483817704,"c",0.205998600200254
4.10208181743311,"b",-0.361057298548666
5.30946073100217,"b",0.758163235699517
0.837536186191324,"a",-0.726704827076575
1.42121735543082,"a",-1.36828104441929
7.26115583399732,"c",0.432818025888717
0.421350225169335,"a",-0.811393176186672
4.47393476421675,"a",1.44410126172125
6.55619821997729,"c",-0.431446202613345
7.71975555641455,"b",0.655647883402207
9.34761808584176,"c",0.321925265203947
-0.336825744256394,"a",-0.783838940880375
7.99371406881155,"b",1.57572751979198
8.47025410584312,"c",0.642899305717316
5.18502916518082,"b",0.0897606465996056
7.67066238565063,"c",0.276550747291463
9.01682976888808,"c",0.679288816055271
7.99088520936978,"c",0.0898328865790817
-3.53655203792805,"a",-2.99309008315293
6.59444213435445,"b",0.284882953530659
2.96296463801715,"a",-0.367234642740975
7.78232461007063,"c",0.185230564865609
0.218949850163442,"a",0.581823727365507
5.5302916136614,"a",1.39973682729268
-0.567781338181535,"a",-0.727292059474465
10.5385419875193,"c",1.30254263204414
5.411552793921,"b",0.335848119752074
5.7341365874842,"b",1.03850609869762
1.73302873049186,"a",0.920728568290646
4.02562670256567,"a",0.720878162866863
0.0783852284311484,"a",-1.04311893856785
1.70270516143849,"a",-0.0901863866107067
3.0600554352655,"a",0.623518161999544
3.28124365599628,"b",-0.953523357772344
5.00385058105808,"c",-0.542828814573857
0.4785668866988,"a",0.580996497681682
7.00354920114978,"b",0.768178737834591
3.63745628302703,"a",0.463767588540167
3.38549210103776,"b",-0.88577629740968
4.71292936119374,"c",-1.09978089864786
8.28468488505,"b",1.51270700980493
4.62461576801323,"b",0.257921437532031
2.70748414060959,"a",0.0884402291595863
3.45961528099114,"b",-0.120896537539089
1.11047451333964,"a",-1.19432889516053
8.2157805835887,"c",0.611996898040387
4.67151259818801,"b",-0.217139845746521
4.49420393355912,"b",-0.182756706331922
4.5755782928829,"a",0.93334632857116
7.41026641499857,"b",0.821773110508249
5.3880770558642,"a",1.39211637593427
8.67612194700315,"c",-0.476173923054674
5.32536828569098,"b",0.650348560726305
8.13325997351276,"c",1.39111045639
5.40677688925953,"b",-1.1107888794479
0.894878497160282,"a",-0.860792586877842
6.57732402485401,"c",-1.13173868085377
3.04426265262078,"b",-1.4592139995024
3.7640679533347,"b",0.0799825532411612
7.06676710618203,"b",0.65320433964919
9.39926870759106,"c",1.20096537559849
5.37322505283917,"b",1.04475108716773
5.04271904762977,"c",-1.00320864683985
9.44707385589633,"c",1.84848190167275
1.02843573163732,"a",-0.666773408757817
6.60823741009904,"c",0.105513812456069
0.825382517271354,"a",-0.422255881868856
5.03013929661629,"b",-0.122350171954971
5.37190111249284,"b",0.188193034501498
2.95216257456805,"b",0.119160957997006
1.12642791318652,"a",-0.0250925508674029
4.82109225237965,"b",0.108072727942033
4.77972095757198,"b",-0.485435235846668
6.77493287428182,"c",-0.504217130687903
-0.900660314828838,"a",-1.66109907991481
3.61637049837812,"b",-0.382333726873818
5.79896618150454,"c",-0.5126502578778
5.95063791306681,"a",2.7018910003448
2.70246505589399,"b",-1.36211623118972
2.05185581792503,"a",0.137256218558607
-0.394849969620008,"a",-1.49362506731629
-2.50769357581147,"a",-1.4704357414368
3.65301169240662,"a",0.124702386197007
2.21634829206364,"b",-0.996639134884037
5.78673392998345,"c",-0.00182261430470819
4.08924838680233,"b",-0.428258881425815
4.76288507217958,"b",-0.613671606449495
-1.3566858990305,"a",-2.02467784541911
0.808053098647226,"a",-1.22474795035999
4.85757477421915,"b",0.179516441117938
5.65962141942859,"b",0.567620594423535
0.397791688100058,"a",-0.492877353553475
1.5034410592791,"a",6.28840653511241e-05
6.85655974718592,"c",1.12288964337997
6.84327079012852,"b",1.43985574297619
1.43376682138346,"b",-1.09711376840582
1.98667944569132,"a",-0.117319560250177
9.60810804501021,"b",1.2014984009197
-0.606504496317399,"a",-0.469729580566301
5.54803693958905,"c",-0.0524694849389963
4.57715134691951,"b",-0.0861072982370895
-0.22264051339335,"a",-0.887679017906431
1.56907911984682,"a",-0.444684004884738
3.70547210560344,"a",-0.0294448790882381
2.68033149302912,"a",-0.413868849057924
5.98886393842818,"b",1.1133860233682
7.47306515996514,"c",-0.480992841653982
2.20115321956864,"a",-0.433169032600729
8.6008592007244,"c",0.696862576552103
-0.467982628237915,"a",-1.05636841317091
5.76329805987797,"b",-0.0406984751512149
0.360596479088628,"a",-1.55154482234759
8.0865225433603,"b",1.16716954923568
5.78068557285447,"c",-0.273645701374081
4.19876448348202,"b",-0.467845324672254
4.34494673702117,"c",-1.23825232798621
0.270688843983611,"a",-0.00776203377732663
5.48748244198519,"c",-0.80028217795166
4.68064650081848,"b",-0.533492329950436
7.32971245197638,"b",1.28767524558459
5.20385205443229,"c",-0.175525870242127
6.6835562088559,"c",-1.07178238415068
6.16641656905283,"b",0.163206882467382
5.73180696140613,"c",-0.36273841562795
6.45895407582336,"b",0.590013547987339
5.38872423254012,"b",1.43242192773099
4.59729930044242,"c",-0.992692511109493
6.52525359128127,"b",0.454650297580283
4.69940152112715,"b",0.0848980586784873
2.55741726531388,"a",0.895565582264545
4.83660086365286,"b",-0.229778138946267
7.27258994098713,"c",0.836619068460613
-2.31700935584149,"a",-1.74505586133669
7.69570391464929,"b",1.68945892131337
6.0921209966415,"b",0.864777978518578
4.57612728753968,"b",-0.150775988885748
0.58802009406194,"a",-1.44900713013917
5.6028626048944,"b",0.643008700041982
5.44071366580958,"b",0.483193863814768
3.55292111904061,"b",-0.00635562642138871
0.350769155418008,"a",0.151455892862424
3.65769385984477,"b",-0.584108970349804
6.22645227877621,"c",0.368806732630242
5.51862545293849,"b",0.294654339719516
4.23604964817949,"b",-0.279259373342575
1.20057455582289,"a",-1.33623665489315
5.55213963935965,"b",0.700748818440034
2.44112423985902,"a",0.554196622274034
5.1600035422915,"c",-0.836306592801415
-0.660424352342873,"a",-1.59458816200624
5.00248112524244,"b",0.204958580587634
7.14966547521907,"c",-0.34508797797289
1.04035024065443,"a",0.252611703364455
0.319859772770811,"a",-1.29400246548455
5.33133579871683,"c",-0.959170444380363
8.50361130352601,"b",1.0857748536799
6.01844415205246,"c",0.403774904715714
1.60215300169528,"a",0.586487536719298
9.5580979705033,"c",1.81522844615395
6.01573483276122,"b",0.128821428602383
-0.51355189675284,"a",-2.00092923773151
4.85638855524588,"b",0.33377719743357
3.78220407630274,"a",1.17132512735879
6.10902444948037,"b",2.0595392422993
0.238234822401536,"a",-1.37686159824052
4.54687973984453,"b",-1.15085556562711
3.96534070055992,"b",-0.705821394760121
2.99087496050346,"b",-1.05405578207719
2.83042673532185,"b",-0.645743723142491
4.08899780064468,"b",-0.185377967676503
1.55338346210723,"a",-1.20122205073999
7.71156861702397,"b",2.03697216698315
1.53577211570598,"a",0.107774744885547
6.24128100659502,"b",-0.0841081005055806
0.943736187193171,"a",0.495619641604594
4.74163670054347,"b",0.0374151861179653
1.87576608470712,"a",-0.13208803695591
3.51587487477608,"a",1.4767874235521
5.97519529257151,"c",-0.217030210092103
0.387536434445791,"a",-1.28360220409223
6.19367200650122,"b",0.385667890443402
4.63254689801415,"b",-0.351512873529092
4.17185803642992,"b",-0.521796093356269
4.54945029083379,"c",-1.06813120068717
6.24708852814258,"b",0.428365903266692
5.80497798249974,"c",-0.174018234426995
2.6506387047094,"a",0.515667728648029
7.14762293225194,"c",-0.234365277305921
-0.0343757412850012,"a",-0.658503425821771
7.11952053319564,"b",1.25023660407872
4.35250651908148,"b",-0.271763715111397
4.3144356861147,"a",0.947951995875196
4.7199177722742,"b",-1.20158243010894
-0.0471519514185654,"a",-0.466116096375502
2.31639196976875,"a",-0.26935139515318
1.44833728174999,"a",-0.390965408130861
9.08674915588364,"c",1.34870701199171
3.06417509975946,"a",-0.0227647012984126
7.89329629555422,"c",0.24422585110345
5.52901405984587,"c",-0.942371707863923
0.612260251553141,"a",-0.729217276509575
6.18821684980677,"b",0.998068908554848
3.80339494118961,"a",1.25848166459556
8.1115625744304,"c",1.2488636888101
6.13483656498805,"c",-1.38063704952533
8.6123169133725,"b",2.04996069363639
4.19448170151847,"a",1.01687282979954
5.13194131512591,"b",-0.0267174641382579
3.26310712456623,"a",0.70360777879826
3.67202921045322,"b",-0.971385229151864
4.57605694477788,"b",-1.09615624155886
4.68513425617161,"b",0.0490504509375971
4.11669172439102,"c",-1.19849585655778
2.8975021995465,"a",0.190018998559748
7.76220419732406,"b",1.29770589960467
-0.88042208597679,"a",-1.03387372296475
1.75174666199248,"a",-0.738440754213064
4.65748530083504,"b",0.0465639394508634
3.28500800526864,"b",-1.01759611982611
2.03057592753953,"a",-0.383283959886278
6.27625014185182,"b",0.872755411671398
7.99155193464876,"b",0.969545013970117
8.60977886218592,"c",0.383846665027094
0.780477671567444,"b",-1.85155566306746
5.19923782922814,"b",-0.0539967368261657
6.79551682360284,"b",1.06477321433828
2.63569765226004,"a",0.813195037411605
6.78793814482633,"b",-0.190816474104282
-4.51035348400393,"a",-2.6999298085637
1.19125480828489,"a",0.0609666388011166
6.72544097841417,"b",0.573751697483578
0.903799469208866,"a",0.0458035797250989
5.94941889810222,"c",0.157412540175875
6.70528362578362,"c",0.431565372868771
0.993887910282384,"a",-0.396549736050212
8.21366309287627,"c",1.30997822575155
6.10062269491281,"b",0.470393399873943
-1.51648559160324,"a",-1.2426702705746
9.08696958469267,"b",1.38157545638553
7.20221204084301,"b",1.20445893700982
6.27875781382325,"b",0.824073963681881
3.25582444235658,"c",-1.66262940218559
4.88322120431292,"b",-0.569306343605481
5.98636472655053,"b",0.635513817289526
1.64224316039303,"a",0.0437220075778579
5.39821447933302,"b",0.348012303661307
5.05126486428636,"a",2.45959354887041
4.4708786904249,"c",-0.81838032439967
-0.766107159761615,"a",-2.11320011492914
4.14113371905484,"a",0.273695272430415
4.45592372633167,"b",-0.687596841243412
4.93552098343526,"b",0.446041052961866
3.66578897421627,"c",-0.812384723790597
11.2205194243417,"c",2.21205548033514
0.585795626667472,"a",-0.12370597157743
4.53533448197668,"b",-0.477335506030052
5.17169185873236,"b",-0.166261491486608
8.68760631890486,"c",0.862563383626431
2.7200813314725,"a",0.0973404852028189
0.250104072228185,"a",-1.62561673921129
3.87707679082171,"b",-0.0046207678264578
1.82836803703973,"a",0.760242167662055
0.114211445535515,"a",0.0389909128725626
7.94013144650191,"c",0.735072141614441
5.80751293746971,"b",-0.14647262699887
2.95873261955207,"a",-0.0578873353812826
4.99510307621603,"b",0.482369466104533
6.19632006485167,"b",0.992943636775734
1.48841668862147,"b",-1.24639549803204
3.2123875467611,"b",-0.0334875248456097
3.88127819829576,"b",-0.0709621812499963
1.53407258493584,"a",-0.75892065373095
3.05654674912936,"b",-1.03435936093915
5.2588221601424,"b",-0.63073195397082
3.23448656773443,"a",0.586807720012995
8.4701929224017,"c",-0.416322656183652
2.61622991542187,"b",-0.78488780950532
5.68488850208306,"c",0.163416319486097
3.81833139824286,"b",-1.23671423510935
3.14206304286884,"a",1.04587377623667
0.103429442725502,"a",-0.484595416218709
5.71658728751082,"c",0.189128811680665
4.25982035277677,"b",0.0510063315749732
6.94108538244315,"c",-0.000240668886441977
8.56207030993052,"b",1.80938204244287
4.2833491810632,"b",-0.825327957109945
6.63722551532737,"b",1.14547045222799
2.11506400280723,"a",0.0315731875532431
5.35973688273506,"c",-0.83520580530672
6.87962580115246,"c",-0.0687636490165125
7.00677463742084,"b",0.746771687012467
0.444953589658273,"a",-0.425518734394604
2.59113155992873,"b",-0.772082235193457
4.42866296214209,"b",0.152764106747895
6.22174272802306,"b",0.988596845178799
1.80132658692985,"a",-0.073458334672174
3.42998145903167,"b",-1.38702655355974
-1.07117752713543,"a",-1.30667590437536
3.56582523382709,"b",-0.768395325077939
0.389285895510111,"a",-0.527108125374458
0.922527972093283,"a",-0.0214270650416246
4.95201701119813,"a",0.670498070996282
5.758191735576,"c",-0.434617038572407
1.0028062107199,"a",-1.11387978331285
6.33645087127525,"c",0.6071059948785
3.27425359957242,"a",0.275456968739591
1.98439979734501,"a",1.15734706941474
6.49555605807252,"c",-1.68248085947826
1.78993956786209,"a",0.0873190888948744
9.08657959479432,"c",1.35336189394267
4.35516273106584,"a",0.724173800683369
1.80785160601996,"a",-0.832552825764212
7.05583830222572,"c",0.732528486768414
2.92591808768061,"b",-0.871926869997213
2.16993996646988,"a",-0.453397511229793
3.14535439177111,"a",1.18753427862908
1.03730742636967,"a",-0.290145311790079
5.86714799271856,"b",0.828546144965436
4.05201465642609,"c",-0.291227708779169
0.447207893736298,"a",-1.57636240474791
1.00127772177113,"a",-0.848815696948922
3.57850310060721,"b",-1.08851986195719
5.45752570343677,"b",-0.484290571117173
-0.101115418705501,"a",-0.336311209009573
7.9744295704214,"c",-0.153357890661644
5.22839537668343,"b",-0.243247228574846
9.82941927923173,"b",1.89220204160011
3.520079534772,"b",-1.38599833728542
5.32316645412587,"c",-0.41482430070778
3.70101590725087,"b",0.349081528106831
6.7126464907421,"b",1.62844226581541
2.11876736172677,"a",0.0885218957136163
2.74901643123117,"a",1.23915070840056
-1.70043709660864,"a",-1.64455553575371
8.10137636832043,"b",1.44635652537848
4.24337278547009,"b",-0.690560171665183
6.64772666629574,"c",-0.276431085453852
2.78342489290084,"b",-1.10941875989944
2.80845930914705,"a",0.133869316429452
10.2937853454503,"b",1.78533905173155
5.55215687219017,"b",2.42216335525159
0.0233688510528858,"a",-1.07682890211841
8.39471833120973,"c",0.485941110403099
9.03149884294815,"c",1.38852173874429
2.07928735548907,"a",-0.195656817284544
3.34990570279091,"b",-0.218174797706211
6.24788459253533,"c",-0.304777954546445
4.32002538101508,"b",0.597832724111443
8.92942243999777,"c",1.39742941081576
2.81356823259549,"a",0.687619761239963
7.68152459395787,"c",0.320188014296969
2.51052303601866,"a",-0.301869925777261
6.91848702878473,"c",0.49834868555795
7.71911527520082,"c",-0.549536917916756
6.37435600172449,"b",-0.279256503637243
7.66007264970331,"c",1.09651344311173
1.78837330119887,"a",0.442013088178811
7.02112901854881,"c",0.241016294026112
6.24078543590133,"c",-0.255607655355518
7.77781507651296,"b",0.931032901484882
10.63843312528,"c",1.33491258537547
4.56290050873869,"b",-0.869271763875442
5.81746953148901,"c",0.0554869546651026
4.95964506734634,"b",0.0490669131919192
5.62811909917079,"c",-0.578355728360897
5.95650256741795,"b",-0.998738655996004
2.11818330413636,"a",-0.00243278000660164
7.19654688703359,"b",0.655511882812969
8.23630865153692,"c",1.47684227897655
5.67236074120553,"c",-1.90915278827921
1.95835101851511,"a",-0.702439473312409
4.6471025113203,"b",-0.311430218011919
2.95932645257738,"b",-1.66315703066738
4.83106797661918,"c",-0.75053344179229
5.2530690603164,"c",-0.777351759181508
0.776061926411956,"a",-0.722569699859602
2.60102108664296,"b",-2.18883459914707
6.00262910095818,"b",0.213418550286554
6.37301580779038,"c",-0.631922936254832
6.10953008083121,"b",1.52049119383216
5.64581887644885,"b",0.795955949415082
1.75845873235287,"b",-1.4535295651328
4.74762318570244,"b",0.0983954210058388
4.76799315683256,"c",-0.593770984233153
5.20701939557581,"b",0.888281168634515
1.79530609836439,"a",0.0530704154986666
-1.11808288059036,"a",-0.557023625844656
2.36567637788341,"a",0.43839703617272
4.69449430228682,"b",0.152608158642419
1.6671225121677,"a",-0.164617581749564
7.90184583097425,"c",2.01989062147597
6.62678492202047,"c",-0.529385886317261
2.6743133999454,"a",-0.470786972984042
0.972716219829688,"b",-1.54593692401752
3.48198810553613,"b",-0.0405267232951771
4.93895377081606,"a",0.890356305470676
4.07783645597218,"c",-2.07138785092921
6.20718448396372,"c",-0.250065120073019
1.41468078493594,"a",-1.18165042665332
7.78501836967036,"c",1.44193726501691
8.20674762973912,"b",1.35789553887886
6.03520973226422,"c",0.33450284734065
8.88061986440857,"b",1.42933808040023
5.26328303594989,"c",-0.867317850878684
8.83398442742384,"c",0.950651724971886
3.02456240651146,"a",-0.585011508633235
7.20871224899248,"c",0.320957522525629
6.65102352564543,"c",-0.299396016664908
-0.712334631545944,"a",-0.278543083293069
7.58884678618213,"c",0.546115158329532
0.719960042091784,"a",-1.30382115364487
2.22365963856289,"a",-0.25091446504246
4.58847132273052,"b",0.17100737371791
0.26384003312706,"a",-0.403467478747509
2.11949495381197,"a",0.104659440835727
3.5192754997211,"a",-0.318880786734009
7.84467610931731,"b",1.61834393588343
5.27705201578573,"b",0.714188601488617
12.7944976881591,"c",2.96586536983324
4.79643447978342,"b",-0.795077604559211
8.05896641482085,"c",0.814365914679913
7.55489682202312,"b",2.09803081013037
6.61303888081239,"c",0.30098005515257
5.94998174258348,"c",-1.08307514183923
4.67661825351899,"b",-1.00632250180328
1.66208189339149,"a",-0.035414564917612
5.05900434391252,"b",1.30912436085341
3.49242142340053,"a",0.750400486646719
-0.880483661549399,"a",-2.13836832761242
4.13296266917138,"c",-0.700354108866634
3.97610839540873,"a",-0.00905647529298544
3.77535123400926,"c",-1.45813348724477
6.23757557206857,"c",0.694529646494869
-0.402876281403147,"b",-2.46133547518649
6.29465763872826,"c",0.143289764040456
3.38681134935609,"b",-0.391222119127056
7.01994053932772,"c",-0.491164085614076
2.05423209377463,"a",-0.283647452452051
1.75605126875933,"a",0.314794804707843
4.74047137314176,"b",0.396326577938989
2.86874339190426,"b",-0.22560371103596
2.29573302508638,"b",-1.92495043034056
1.78299667917265,"b",-1.43922929832198
0.56995538714874,"a",-1.4696577739724
5.4481145189742,"b",0.761863446891932
2.46217751595111,"a",-0.24361498187128
4.20046702949302,"b",0.269676607418008
1.6255978359829,"b",-1.55892752095582
5.94686108344111,"c",-0.535588006696314
8.45374921713741,"c",0.562451973173495
7.24751031819536,"c",-0.178326123419918
1.28762627105709,"a",-0.115135986202651
3.91706357565521,"b",-0.0720614721063666
9.50109548546377,"c",1.2109098069263
0.981632251234929,"a",-0.614896900799703
3.61598031470217,"a",0.6761264583147
8.32036690335974,"b",0.898599605537552
5.35618249474148,"c",-1.18931790352102
8.56734672246024,"c",0.121258849819009
3.82142523682145,"b",-0.0112216861304115
6.48625850498863,"b",1.02914071931376
6.1231268973764,"b",0.914774867719613
0.472153490124125,"a",-0.00245626667956324
5.66760536294535,"b",0.136009552413727
4.73214895619379,"c",-0.720153544943125
5.19687771680813,"b",-0.198124330051216
2.66263450767567,"b",-1.02920880604827
4.99929250903125,"c",-0.966955895852616
-0.209536445631263,"a",-1.22081308891909
4.79110691770995,"b",0.836207703944837
9.71895461002985,"c",1.1149717984954
0.875732571342301,"a",-0.412944852927091
6.20025544572899,"c",-1.12897739800683
6.68547278618501,"c",-0.0879313317770513
8.19022147640603,"b",2.24190369331262
6.92231109628516,"b",2.04131317075049
-0.0278231238304034,"a",-1.71980033672145
4.52061130547971,"b",-0.356906656122387
8.83684643399969,"c",1.53328049216229
5.72992443427337,"b",-0.0382440966102368
7.77328060216271,"b",1.59741324232642
4.56246559264083,"b",-0.333585393309883
2.92620789630874,"a",0.604985923915378
3.47081730166383,"a",0.224241239250251
9.73526910954294,"b",3.22906949548006
10.4048973863638,"c",0.92045256677252
0.653548674132119,"a",-1.20653906921592
3.87547679630034,"b",-0.603881169163268
6.66894785869649,"b",0.370235284622063
-2.3051293818114,"a",-1.90100064667961
5.53322666867421,"c",-1.80440994496324
1.32338069244425,"b",-1.12182260635522
7.43765711356258,"c",-0.34792960655914
10.1519336318137,"c",1.23890214863198
-0.0861124101191604,"a",-0.274197564852279
4.90068975045536,"b",0.162380715558193
3.87491803166978,"b",-0.0646069097530627
3.96555236690916,"b",-0.705237097025143
6.31586704384625,"b",1.36219726875099
-0.148383509866346,"a",-1.09651318808332
3.73880254593459,"b",-0.228433518546891
5.48332581382589,"b",-0.347828080610269
8.61205434465963,"c",0.532128619506733
9.92523164775934,"c",1.60723456226119
5.97273049780561,"b",0.513814526116594
9.43501035850443,"c",1.38237316057303
5.8329714170554,"b",0.763097048549903
6.37794004265031,"b",-0.624584544634111
7.22518759485465,"c",0.0815438004289869
9.69232347216927,"c",1.37607911136477
0.376324840315987,"a",-1.56126578615704
3.29814453896351,"a",0.324770660594699
8.08215356435115,"c",-0.156790316952238
6.05353974828181,"b",0.877783860734352
4.25258050881184,"b",0.750166575180638
4.68459888526434,"a",0.30105340384283
6.90304058721336,"b",1.49281111722931
-0.546534398709705,"a",-1.5254938001697
7.89592309263523,"b",0.910717558486022
5.10805375312963,"c",-1.57953202785754
4.66930348651652,"b",0.587716257118582
5.40232568579584,"b",0.0896422960007244
1.92537177995491,"a",0.96726165694984
4.89085457582053,"b",0.0788123529148234
2.47457122328092,"c",-1.56869983648609
-0.547915317530397,"a",-2.00782318401609
6.21352469769266,"c",0.540973524238763
0.680618028834499,"a",-0.0733765981084255
-0.734342808572242,"a",-0.571018393558081
5.19263211683797,"b",-0.311068459853641
2.80354015207144,"b",-0.671415067101365
3.19389166089368,"b",-0.157340452080979
-1.92309877312728,"a",-0.93130507099987
0.332818088239592,"a",-1.98300947947013
4.24438621748926,"b",-0.219599804249378
5.4366492093618,"b",1.04527586946239
4.08756521610576,"a",1.87732956629967
3.25712604743747,"b",0.00260619595716637
3.33590574868459,"a",-0.0806699347091655
5.95669627924629,"b",0.96298228123987
6.50306463837958,"c",0.0535710165465174
5.10442308563276,"b",-0.434898408910037
5.37495702149959,"c",-1.73729725534231
5.83788992688469,"c",-1.26369559978243
1.75032876342806,"a",0.406308512069273
1.24343447081044,"b",-1.45965396777976
5.79626425778143,"b",1.0484573701547
2.80273603999729,"b",-1.3464305394502
6.3527970751219,"c",-0.193570558113494
5.91552711064828,"b",-0.00233595711367605
5.63205535620257,"b",-0.0128297338671881
4.78274750242181,"b",0.151947321984398
3.32028844528795,"a",0.598511131401079
4.7945628821953,"b",-0.126212437298279
6.64656351101986,"c",-0.248535565846776
5.49474155036197,"b",0.160327394904622
6.03060050079732,"b",-0.433641941597269
9.1199447291728,"c",1.53741241910027
-1.91023649156682,"a",-2.17024657661608
2.09435810839997,"a",1.02700461929143
4.59907742074245,"b",-0.248482933189933
9.51445399048566,"c",0.422320385832393
3.86461591533091,"a",0.987653293639674
5.97646786417741,"b",0.835568172035023
5.17819103581794,"b",-0.660521859045705
5.7850308472472,"b",1.56406949329184
3.18193392060887,"c",-1.62297593529155
4.86415767552583,"a",0.863896373478988
6.11430727162973,"c",-0.5116027734362
3.13809883299026,"b",-1.9173650254454
2.18937128290844,"b",-1.86581384861995
6.35897447410955,"b",0.245179063439689
10.9045381209447,"b",2.22353430190807
3.65274982146739,"a",0.273376064144465
7.59278224088255,"c",1.13078479452828
2.81760665700238,"a",0.838669374060099
0.210702205895166,"a",-0.654615277878205
2.64629422677135,"a",0.953960978479396
3.47035460278313,"a",0.352951465489323
7.62645879198721,"c",0.206599292649613
8.0427503536552,"b",1.00111323431025
9.12884880686765,"c",0.747451991640276
5.52536125456304,"c",-0.626574836723139
6.05872121753687,"b",0.395223685936714
2.17039372968132,"a",-0.892167954045578
8.09169644435601,"c",0.630818410091773
3.97474843653659,"b",-0.432705183284567
4.61251295674231,"b",0.452138644218517
8.5157596951417,"c",0.367999045196345
5.82692389491229,"b",-0.270387489661909
5.54111626331802,"b",0.465512617712979
6.29515155376619,"b",0.574356225626969
7.30000760682377,"c",-0.230699990157411
7.76056157445108,"c",1.17224250830245
5.67939061505486,"a",1.39270270673312
4.56424273039756,"c",-0.661991255709585
1.26559853831352,"a",-0.777369206725014
6.33603820015823,"b",0.51353857890878
1.06727616360138,"a",-0.913312238041272
4.43471208555771,"b",-0.449423805250301
6.29928458434078,"b",0.802932699103618
3.39199650644329,"b",-0.573476850981104
-1.23729720697402,"a",-1.92812516784833
2.8124323754172,"a",0.664390833822148
0.23253754611871,"b",-1.60254022379425
5.27185851903557,"c",-1.35460025745385
-2.26968021417341,"a",-3.0179326794179
7.6265475132553,"c",0.831237822230063
6.62017503249079,"b",0.251097088847344
6.28784523032051,"c",0.46229346594133
6.15859312676139,"b",0.844792223223237
6.25928081356014,"b",-0.0419715243215621
6.4355867404667,"c",-1.10557590570003
8.50451860541883,"b",0.563775652330874
4.8871288166232,"a",1.30336475581967
2.75009794710413,"b",-1.50022093779466
5.10999877306816,"c",-0.606989235119036
6.1618754677687,"b",-0.292245065656577
-0.993445603436176,"a",-1.2896833433236
2.99356354126267,"a",0.694105848774699
6.34164197633903,"c",-0.599181902897119
6.8881522754609,"b",1.25690664397164
5.22668880811434,"b",0.053508013627363
8.52498466736981,"c",0.728092517671852
9.47641161329769,"c",1.56109806821061
6.88072788655099,"c",0.26562475359719
5.04195827128011,"b",1.07672625920727
5.27733436681942,"b",0.210697931679245
5.14592658637962,"c",-1.51167352582237
2.18519192899405,"a",0.022402259913625
4.32240743772321,"a",0.718136206042103
9.13893785918773,"c",0.48945701784227
3.92972342473848,"b",-0.17388834587827
1.08824715600446,"a",-1.2176994886684
7.33469433950762,"c",0.646398368709462
1.95565606053594,"a",-0.91645602834789
1.00983053753249,"a",-1.25182344242557
7.4426586978155,"c",0.594927718405501
-1.7484033174707,"a",-1.23281066518983
6.9518192029724,"b",0.244364414906138
4.88903019381534,"b",0.00277218534359506
-0.585791522471368,"a",-1.32820968602556
6.16293545051945,"b",1.17969641183278
7.76719957177512,"c",-0.592804999148929
9.63897389227932,"b",1.19997831633667
1.82611739149098,"a",-0.475033679612135
3.67881217893635,"b",-0.575057096150816
3.13278445469086,"a",-0.031226024608499
7.07195626462056,"c",-0.358056995978456
2.19117883863133,"a",-0.356601077647731
4.21011913178756,"b",-0.877664383433726
5.19880342883482,"c",-1.21289712517796
7.94346597858897,"b",0.613286618687034
0.669648468135562,"a",-0.806203341462477
1.22355792614442,"a",-1.3764569299089
1.33431281829117,"a",-0.507847899163547
2.70472164012704,"a",-0.800935486737338
-2.56462215630583,"a",-2.19278568567007
4.85692940828517,"b",-0.290937149267675
6.36607313050786,"b",0.167174121160518
5.65745964274714,"b",0.294692356485688
5.78153491106992,"b",0.392741265420726
0.479901484467073,"a",-1.00084371300082
5.58957081079091,"b",-0.325727119823434
7.24569222038383,"c",-1.00834880542884
0.329976382179346,"a",-0.635431482033766
3.74663308735133,"b",-1.20984068798734
2.45096875649987,"a",-1.11646380065269
5.06275997973379,"b",0.629881162575935
7.23933966064011,"c",-0.272521570178626
4.9512429299815,"b",-0.258841168378671
10.665451750153,"c",1.72955817989149
4.21436294610294,"b",-0.0583921654073716
1.55324098385214,"a",-0.537063784608919
4.94676692697704,"b",0.74728669616574
5.97239947263144,"c",-0.487257835389733
6.97628043574094,"b",1.37290778147951
-0.100025949508211,"a",-0.377672360646221
5.48971893142476,"b",-0.616152614118394
3.02954690530366,"b",-1.16812505107469
5.33488423632809,"b",0.328640358591086
3.69616047686308,"a",1.46651062744016
1.49207931082806,"a",-0.356009545088913
5.2317983985081,"b",0.261467641877431
6.73866778080784,"c",0.333328855175731
2.67043954464866,"a",1.42219324030954
3.83235100971596,"a",0.663876600666173
4.47825613689407,"b",-1.07365515569531
1.37422623274509,"a",-0.69690177466674
1.80822505889073,"a",-0.746130456934561
5.62726105133483,"c",0.141572872132219
4.28484660000053,"b",-0.00394722073065307
2.71396508557606,"a",0.367937501091766
0.744297027314077,"a",-0.657342914697247
3.72693032371812,"b",-0.376346670161052
2.04181874133588,"a",0.741360060425085
1.63544237552859,"a",-0.0996067564484702
6.01576239163333,"c",-0.654289878607095
7.21254089638373,"c",0.971164374061271
7.71298854174279,"c",0.0134963115683865
3.09379013095193,"b",-0.916534667021545
8.92543939203095,"b",1.70968856126164
-0.756923025624392,"a",-1.16810098994666
2.28971504597725,"b",-1.78103626015252
3.17766930977599,"b",-2.25313244856822
2.79694906977514,"a",0.651125969546699
1.80435391970262,"a",-0.532832625602767
0.530897897441171,"a",-0.275559356972283
6.17095951687041,"b",0.289626972629046
4.69604576415769,"b",-0.466484061790764
0.0872194262675285,"a",-1.60806017494469
-0.881572855588908,"a",-1.94978379604199
3.34758978364545,"b",-0.340699918230981
3.48656740519704,"b",0.17472552733132
2.44562394051347,"b",-2.27777756077723
8.8183768182569,"c",0.290524480947084
3.44201030342472,"a",0.422306357473614
6.96051917280376,"b",1.29473736320671
4.10397186461595,"b",0.164714018573954
1.99620149803343,"a",0.204953840800235
8.18720235195433,"c",0.604603626725806
9.26119370960163,"c",-0.0191407691689314
4.5425856185317,"b",-0.0797143473788086
7.97225340216995,"c",0.115984464402805
6.32539969228852,"b",0.744173364048388
3.18162469367701,"b",-0.431290603527693
1.76931620311721,"a",-0.499528951911234
-0.081130164907184,"a",-0.865162076755711
4.40427600412365,"b",-0.957757283271873
6.28982713794675,"b",0.326799971338638
7.47045108970939,"b",1.54737222568517
5.54725813607126,"c",-0.968859568864431
5.00168034023811,"b",-0.188440426259463
4.54688325988293,"b",-1.03000116145592
8.49069374482486,"b",0.908086441860496
0.627863365009626,"a",-0.317381864708129
4.47247712399121,"b",0.179003966540422
4.43720059344304,"a",0.348028187729177
3.49070551704125,"b",-1.05427902127444
4.37853495411235,"b",-0.104744288110701
2.32048814469911,"a",-0.228342617094529
8.15227967539302,"b",0.675355562427539
2.78252206482481,"b",-1.23324469350631
0.685382845846053,"a",-1.19996154442278
6.82186770588548,"b",0.765866576616108
0.985837374351794,"a",-0.588097861282977
5.35867648789152,"b",-0.660295829975576
7.32908255600403,"c",0.113013522197344
0.473515596128938,"a",-0.320398799686039
10.5624702245075,"c",1.86638149693879
8.28240535463679,"c",0.259531455767799
5.69051167682756,"b",0.16156007091807
6.98632971261985,"b",0.931074909335354
2.98534101734603,"a",-0.0599467492596211
5.33603970671911,"b",0.0487397000774502
0.23217502246245,"a",-1.07287540073396
1.59881532916912,"c",-2.29297143048067
3.79207438358698,"b",-1.20720685006434
6.54062307293406,"c",0.114109429797191
0.656534701268716,"a",-1.03329707910538
2.46950721126416,"a",0.688807752342063
4.6851512932055,"b",0.725083017674864
-0.0229828271440575,"a",0.217380210939088
1.77677766520719,"a",-0.201656731618378
1.1762394728894,"a",-1.36568986058868
1.51946993636637,"a",-0.30893760867716
7.29369328964635,"c",-0.452902886537227
4.84068684661217,"a",0.663229144519792
3.16784958154986,"a",1.3086295367487
7.58819526043302,"c",0.501040309894498
-0.269551370287091,"a",-1.12828853519737
7.50090189343753,"b",1.67099730539817
5.6996551696133,"b",1.01035303245212
4.3486065691907,"b",0.223521215874458
-1.65400415545133,"a",-2.20648459320962
6.67831758072549,"c",-0.954585618553158
4.17677145564067,"b",-0.0685730672102366
5.62856631278906,"b",0.76130590156527
2.81063613753201,"b",-1.17990419995829
8.51400968460674,"b",3.21119895676729
-2.57300571388217,"a",-2.55382485095083
0.764917423423653,"a",-0.235933949334065
0.32309978667608,"a",-0.259562643261435
1.14159122809052,"a",-0.663366916619193
4.22647130099972,"b",-0.318990710826149
5.653500166129,"b",0.742395157572315
7.15982178255308,"c",-0.874292675785773
1.40116504481213,"b",-2.08281376630328
4.63001654775029,"b",0.0937679028102176
0.285980919409984,"a",-0.00181981200279561
7.88930380283577,"c",-0.013100652371574
3.27129651653569,"a",0.667968074558104
2.06767224884464,"a",-0.0131677029521626
3.75379008061437,"a",0.776047030476303
2.49771917170772,"b",-2.01073533263526
-0.485850600555118,"a",-1.1281804949718
7.03391472275672,"b",0.34879957158572
0.966992659555814,"a",-0.352898482096924
5.69187569638598,"b",0.944774597917623
-0.249616556420072,"a",-1.00471985252646
4.31079113477678,"b",0.723902732496846
4.60531304438597,"b",-0.668832740990364
2.78684633320955,"b",-1.1130401937158
7.02233163561127,"c",-0.342805189366945
0.396584385505119,"a",0.0497793231687396
2.67247049952248,"b",-1.22768196152554
6.08137952838873,"c",-0.764005910827448
-0.729383847227005,"a",-1.24618206161788
7.51789619686405,"b",1.01677397775977
5.82693200980987,"c",0.723612624058863
5.16243951428325,"c",-1.03252713710511
6.059994784682,"b",0.557346004122758
5.45493182952325,"c",-0.255581423099522
-0.408814857822869,"a",-1.11339175714667
1.59142159857468,"a",0.421197439614804
6.67957469708581,"c",-0.322950311846374
4.00613635961798,"a",0.880179901191523
5.80687639877882,"c",-0.194863606775901
8.05122012435127,"b",1.18805498210378
5.17233821019268,"c",-0.509764511767954
5.99483363495045,"b",0.219548010873294
5.33406659921295,"b",0.370294421364558
5.84172741850645,"b",0.279108393730607
6.49991108808419,"c",0.201942437313324
2.69400937272078,"a",-0.0129965424313442
5.43897492803471,"b",-0.0908650060774901
7.59353542633488,"b",1.36503136531884
6.74245013178064,"b",0.908130568883166
2.96358923249933,"b",-0.609888171401906
7.31015610013964,"b",1.39643722121945
7.39032640974882,"c",0.144798373308446
3.99668423197393,"b",-0.640606771595302
5.90203963798365,"b",0.169802259558534
2.5795951531131,"a",-0.157187487420844
9.09098260883334,"c",0.100939594546104
1.34715192109498,"a",-0.97339415414828
0.320176608261693,"a",-0.819825275253199
8.97577763426844,"c",1.36291896902543
6.51041206824682,"b",0.961370930531278
1.55268842091403,"a",-0.883724474401114
1.71804021597629,"a",-0.900092115436322
7.89131157044194,"b",1.72333313279683
9.98771850810311,"c",1.90904216212893
0.552074428766301,"a",-0.777141195855263
-1.57783412459055,"a",-1.30230526261311
5.81976203710204,"a",2.62349516681868
2.34366480740414,"a",0.229628914346807
7.33824072124483,"c",0.186749892141885
7.00415374662271,"c",0.0761366349502805
6.89310395212045,"b",1.40486018632133
5.87248367294625,"c",-0.191722235336317
8.48589466356665,"c",1.45939216415609
2.89954402462222,"b",-0.220655451134541
4.50773926584177,"a",0.50514588627314
5.88449455909627,"c",-1.03349700607288
6.54135910920823,"c",0.17047347145922
6.32498209511064,"b",1.20066816089193
2.26962282303519,"a",-0.163405914765736
7.39260841946339,"b",1.28247586312264
7.85367187830855,"b",2.72719638791127
6.86173512598804,"b",0.941924217330924
4.36948708573044,"b",-0.248614037279559
4.42809606717821,"b",0.0964788597064851
4.12418676215825,"b",-0.433930941301739
8.5279641338447,"b",2.17866786745157
-1.1439493091827,"a",-2.95877961913012
0.574577860761265,"a",0.0808882391991137
1.25207741346594,"a",0.110137804617221
3.5428920959112,"b",0.213448326312653
4.1491538091281,"c",-1.55781961263232
8.15766426708534,"c",0.216211546257758
3.26959726845983,"a",0.18766381702644
5.15804228969703,"a",1.2586221252136
8.39234311696725,"c",0.523517780908964
7.38013397894597,"b",1.11545427747996
2.36831996608304,"b",-0.957502242170469
4.26481408173418,"b",-0.124405579855432
8.56879929215163,"c",0.191737829049968
6.74867817020653,"c",0.272217250603347
1.42656868832933,"a",-0.693814463673254
3.6859243937781,"a",1.47917192085213
3.71000375466263,"b",-0.611767021642771
1.65892208853175,"b",-1.61430997435935
7.33797696565837,"c",0.40249011059067
6.1361545092971,"b",0.664555447289484
8.65370541030072,"c",0.944127070994937
3.84434937492787,"b",-0.946260797708289
4.59839316526312,"b",-0.248288449238896
2.89714862406532,"b",-1.32843646853908
7.44121702005171,"b",0.844763742098917
2.55755234545043,"a",0.347696732438648
3.5346413352158,"a",0.913762586431107
9.3468769521475,"c",0.608274553380681
3.4347286364439,"b",-0.607547987804487
4.38112098536787,"b",0.179658070871844
5.27408402490987,"c",-1.90840941941738
8.28335885449631,"b",0.502946257689096
6.57625623755267,"b",0.968899153478499
6.8641545079548,"c",-0.875737125773327
-1.97625518239062,"a",-2.13602453869801
4.23852560929449,"c",-1.52282758158501
6.41427934597693,"c",-1.11311820788607
7.75104495833546,"c",1.2409838955359
4.02092657046505,"b",0.00348193506299025
5.02615443242561,"b",-1.23779458599307
6.23699371657829,"c",0.555699118898025
-0.407430368500476,"a",-2.1831493493599
5.88249134693399,"b",-0.247024457097248
5.02578103517995,"a",1.11285692758645
4.60168497401427,"b",-0.341673237009086
7.24340381776824,"b",1.30543834214107
8.11179457332349,"b",1.79532387144079
0.663184336672391,"a",-1.16783522747345
5.28853141883673,"c",-1.15228762498202
5.09883946348197,"c",-0.914455469345649
6.06458910454232,"b",0.52872803253363
4.17193527354638,"a",0.835078927048582
4.11466537762987,"a",1.20913697409153
7.02089216000293,"b",1.29947254536082
6.61540464766963,"b",1.07573230420989
5.04954116239027,"b",0.939801023514297
6.1440349511063,"b",0.163374693406766
5.98318963505779,"c",-0.888138558640392
4.38056916169449,"b",-0.72616098275635
7.91759942813346,"c",0.407597005613739
4.63424139343238,"a",1.68353633925179
5.21786397822203,"a",1.70597982356461
5.00648607343,"c",-1.92616670082608
-1.63326515520728,"a",-0.833998015228465
4.73827741808843,"a",1.41913251633319
1.55731392219493,"a",-1.06410971501924
4.15447503392652,"c",-1.61357747248045
8.75230864941183,"c",0.599811088697427
11.1571404340655,"c",1.73296470538705
9.33192792366252,"b",1.93450456245773
4.33319697943412,"b",0.532820575670794
0.252756299680159,"a",0.719665756019784
2.9706932299749,"a",0.560093385755184
5.4885821478705,"b",-0.018086931659967
-2.59440623437648,"a",-3.37173908255051
3.99931937843286,"a",0.760703244759755
3.00458256472181,"b",-0.39122685224321
6.00871006855013,"b",1.00990122381185
4.83929443061052,"b",-0.626973147073749
-1.27482282015543,"a",-1.63457736950186
7.94626243059298,"b",1.24524265203048
2.65431486983497,"a",0.181377446555404
14.3926024921954,"c",3.4953042639856
6.62259578219093,"b",0.915591913326913
6.60707041686015,"b",1.04850651742624
8.7301271355735,"c",0.763824936934856
-0.395757814998591,"a",-0.6033873768594
5.44811088094263,"b",-0.370429662702776
7.30086353542424,"b",1.05982593833365
10.5413595966659,"c",1.05511052983939
9.63967859434371,"c",0.582972161120319
0.677201517716411,"a",-0.986567435539539
7.95402965573322,"b",1.68462181174398
-0.652058956209302,"a",-1.36684104568263
7.81815491768041,"c",-0.433214348611114
10.5648502897148,"c",2.32505849371513
1.70578105832471,"a",0.524122181151092
4.58895876807129,"a",0.970733416408591
3.61250980811343,"a",0.376973397152614
1.41104719089936,"a",-0.995933396542156
7.0663926080152,"c",-0.597482913048045
5.99238126253618,"b",0.165251423080152
3.64324290039183,"c",-2.92847717857757
5.96450570981257,"c",-0.847914226578549
7.90535470613996,"b",0.798584512223446
4.96039487640083,"b",-0.298455987965219
5.78244032472052,"b",-0.283611376945371
7.69393763705161,"c",0.869519306648764
-0.339530703055479,"a",-0.544355284698977
6.41477622292788,"b",0.628803235377603
-0.85861909048903,"a",-1.42233445794539
0.644725635301027,"b",-1.22751263333428
4.87473167802429,"c",-1.67410551574443
7.89216964235614,"c",0.0843984822448786
5.75311688626654,"b",-0.2061256639704
8.22872016352921,"c",1.44187164028206
6.64662441814223,"c",-0.0417821033853644
5.79397494572819,"a",1.35375447776378
8.49597879596942,"b",1.94522527592283
0.932567873797808,"a",-0.490938233708141
7.06222341262543,"b",0.388439074944612
6.01741703664146,"c",-0.84489325918598
2.33315247795113,"a",0.737990367871089
-0.510883322595927,"a",-1.07976033128386
3.64165761994738,"b",-1.02647387624363
6.30274104151002,"b",0.288793361578875
5.76998246231045,"b",0.0908113192871749
3.04092760814102,"a",0.262623176711222
1.14640057961727,"a",0.0693349127912537
1.74400358624949,"a",-0.528643818856825
2.60719461817253,"a",-0.130202164518766
2.8049488698679,"a",1.62015874435582
8.91027117910932,"c",-0.0178951233234706
5.67172420220671,"c",-1.31848939894929
1.15150200692866,"a",-0.844560160581277
0.0659289099495165,"a",-1.10181487249111
0.182170288025217,"a",-0.900090143007498
-0.907141967604545,"a",-1.26108391982248
2.70761066480772,"c",-2.6258489024829
6.26475768514951,"b",0.669065749190573
2.30883654727532,"a",0.660041509230777
1.14212513698186,"a",-0.25060043539111
-0.443509522755063,"a",-0.723797316953819
-0.0582289467140904,"a",-0.812181632329413
6.50041683679719,"b",0.398734336018413
5.51584386197576,"c",0.226563573879377
2.63283743857933,"a",0.42164357975321
1.48459360698785,"a",0.00483794372409907
2.95380583934356,"a",0.618983915096519
3.64601636042242,"a",0.431133944485928
5.51347861359112,"b",0.558312370187223
7.48974801211772,"c",0.495961280672009
9.10407492552032,"c",1.66188574094578
2.84485816141059,"b",-1.0550346122045
9.85682908965391,"c",1.50832468678
4.45474197894504,"b",-0.334208656655074
1.55694110802368,"a",-0.0649807438184409
4.95370101362239,"b",0.0810815387134028
1.32831960733532,"a",-0.448214795538841
-0.482922035298146,"a",-2.55380695026597
3.13491978975688,"b",-0.312932535119014
2.19667393675541,"a",0.0413831520402976
1.61693495081895,"b",-1.73772806133762
5.92120097242238,"b",0.54993965969838
6.3173806674479,"c",-0.597273692593322
8.10195045303408,"b",1.44774180603655
2.10957410309399,"a",0.264868114264259
5.04420589069157,"c",-0.788782807782472
6.3329676737184,"b",0.167732220671529
3.96795654320745,"b",0.25758310820126
8.61205491011371,"b",0.912047367450309
3.30521681947883,"b",-0.156872382554867
-0.0996123187084251,"a",-2.03337570844709
6.6769266904877,"c",-1.29966582307858
3.86914255495092,"c",-0.857250659929035
3.98770370740813,"b",0.426265294536191
5.92198062745163,"b",-0.284836263084754
0.403689473578383,"a",-0.614368541969862
6.04031174969056,"c",-0.844890832157483
6.55863370968122,"a",0.153694957218872
5.57089063024102,"c",-0.851432275778188
6.54263144153288,"c",-0.397921072942885
-0.889739175878849,"a",-0.939977226280953
5.42277095693782,"c",-1.38825374141942
6.79833933106253,"c",0.955184588863398
5.80078388045132,"c",-1.31749547003238
3.42604757315612,"b",0.0730291461596218
4.94244585158883,"c",-0.56818584856837
4.55462461739612,"c",-1.05845066878383
8.13739427310814,"c",0.259313538417069
6.98032713573029,"b",0.373134504519161
7.98436895298856,"b",1.26466676928415
5.97337066547355,"c",0.325224996068265
4.45117061032773,"b",-0.138467319508306
8.27570357594597,"b",2.6024688972798
-0.385623764187908,"a",-0.650284428487915
0.48296488884861,"a",-1.00318322831336
4.99174490459299,"b",-0.535113912874478
5.19613864397088,"b",-0.110414566776788
4.45918558677017,"a",0.600430169313573
5.60512010899808,"b",0.415845059598682
1.43510623435035,"a",-0.105750646676992
5.89300155736015,"c",-0.856562538246121
6.23859353912147,"b",1.12732733432216
6.56483916701976,"b",0.916281621448453
0.676775860534755,"a",-0.724379592724361
6.15567349048917,"b",0.686779087574742
6.86906326348036,"c",0.450085791644612
6.79801281696735,"b",1.04522160610504
3.54764710916317,"a",0.149629034437439
-1.73063453166014,"a",-1.14106715320069
2.36609870261329,"a",0.802499402419657
3.92808765588254,"b",-0.728716530969446
1.81177140294648,"a",0.527209285728481
10.4376174006878,"c",1.67347877221231
-0.297710398462847,"a",-1.41882802027083
7.80933854717234,"b",1.56191080116889
7.1032255763221,"b",1.35316100891808
2.328496932323,"b",-0.528696776691558
0.0727048768401775,"a",-0.251272775479278
1.25605335674288,"a",-0.685847686292498
4.00627495114277,"b",-0.570367652254122
6.78273303840928,"b",0.579631381546157
4.58373787172722,"b",-0.898959005252115
4.94154461638031,"c",-0.190329887912783
1.64180848158894,"a",-0.143903377346461
2.41067698759432,"a",-0.0965726512875553
2.98872488189567,"a",0.181446715722357
10.1487176359381,"c",1.59657420918631
4.85825084888426,"b",-0.451331739893457
5.7698750231557,"b",-0.794880224800819
4.75706993397439,"b",0.792284349652293
4.21571252917596,"b",0.380472299761027
1.31863807436663,"a",0.235787982992453
3.8801692471179,"a",0.59098826352041
4.73489631723709,"b",-1.41193020207889
6.62175900644893,"b",1.06329579229111
1.72865126990009,"a",0.453917878897591
5.31910088857836,"b",0.951312977019787
1.97490634081638,"a",-0.598517713401516
4.55353594953338,"c",-1.84194005034614
4.58966375593357,"b",-0.484589533147934
-1.5366615992311,"a",-0.906846815023397
6.23586157488441,"b",2.22276244740438
4.6509918766699,"b",-0.41346657637618
8.71328893644366,"c",-0.215673846704644
6.56049024880056,"b",1.06297852007115
8.55126927188391,"c",0.620346526580243
8.22814821058058,"c",0.673066651879
7.47941151603709,"b",2.63370956294833
6.48221198523005,"b",0.16611439867297
9.13944225318748,"b",1.90517553753426
7.09474784732468,"b",0.253718401313083
1.39372367268828,"b",-1.4590219672543
2.82666160370661,"c",-2.22724824128035
5.30537213030961,"a",0.649683551167725
3.65691543101681,"c",-0.999249864768557
6.62857878235098,"c",0.0419723836763139
5.37305992781728,"a",1.77704370004004
7.81124360091399,"c",0.347182677337207
4.86316548849289,"b",-0.287097446149789
-1.71602862483402,"a",-1.92457665210911
6.63589980137425,"c",-0.800649109339913
2.68435400170183,"b",-0.575617970726623
5.47918538489778,"b",0.684205732670356
5.50074395253544,"b",0.483457347617138
4.12830263728043,"b",0.0139634087073798
6.15382272406903,"b",0.180243734625121
1.53663809482877,"a",-0.2881232483085
2.79322382529025,"a",0.0302272228902285
5.54798793448853,"b",0.271674108529486
2.26893259582573,"a",0.449158427413426
8.54283413836754,"b",1.82762765843039
2.35444320609218,"a",-1.11202371088381
7.9631486599179,"b",1.47480743158371
3.90069631502297,"a",0.671512460144391
-0.341976265779314,"a",-1.54532854371443
2.82326862966686,"a",-0.277047227991105
6.20030176513458,"c",-0.62934299197198
3.96561064819767,"b",-0.933000451619752
-0.0552273108259548,"a",-1.53788648422826
5.75925918187938,"c",-0.494102049599945
1.99607282295985,"a",-0.435360015270196
0.0215040635760577,"a",-0.323544676280226
1.64032954746078,"b",-2.06111361891619
4.44378490122701,"b",0.441502555095545
4.71135467709762,"b",0.746351246566367
8.51294282441009,"c",0.789642873824685
4.73565428228666,"b",0.770740507039544
7.22655468038557,"c",0.200506317830367
6.91314412407634,"b",1.46835003167775
4.1736923583437,"c",-0.876455483940753
3.42392129918347,"c",-1.22660469372111
2.97854838345173,"a",0.337837919974576
8.06773676275654,"c",0.440824087254149
0.499254943929366,"a",-0.746516451736769
1.41811977847073,"a",0.0366061204319243
1.01965684207017,"a",0.323309624203048
6.62534146484508,"c",0.379676032401592
4.79565494271539,"b",0.876556495795362
9.78742247784409,"c",0.933387987569637
-0.534632595330997,"b",-2.42880752268242
6.11832056187556,"b",1.72799402342117
6.22999069259134,"b",0.456002646277211
2.48118216661181,"b",-0.570360345745652
1.41611412988469,"a",-1.11462440217797
3.56013838656107,"a",0.905064265563895
6.94874173569623,"b",0.328096015484134
8.53981288402239,"c",1.07808996004782
2.21017253890233,"a",-0.060315553702501
7.17751508464916,"c",-0.243518761963125
8.60313548385198,"b",2.24142256068828
-0.820194387172449,"a",-2.03599297085583
5.92363000905056,"b",0.390914465082838
2.06423195898711,"a",0.384813342899653
2.37957839841119,"a",0.438695599541397
7.5186263887133,"b",0.55814090204657
6.94645166775092,"c",-0.276406382977446
7.41482196849224,"b",1.16628807898223
2.92968793671676,"c",-2.45427723493739
4.78486120158772,"b",-0.805566259454567
5.49799574784705,"b",-0.119144550620025
5.0441012412423,"b",0.163216234138794
5.89818745718594,"b",0.406479507762917
2.29694377030212,"a",0.639339995644309
3.64975188816139,"b",-1.50851763737235
4.52866092171434,"b",0.00767060439702689
6.42262746611038,"b",0.524168022000385
8.53909718605001,"b",1.32633587157079
8.79072280012436,"c",-0.113567734432564
8.53433281539956,"c",1.59914947839686
0.928903194644288,"a",-0.281528098928179
7.42931349845463,"c",-0.0498981389105064
1.6204079880619,"a",0.160214127321124
5.57845047533408,"c",-0.502380562405328
10.0865929792049,"c",0.715938048776189
6.92991192379792,"c",-1.34578730316321
5.70084307815555,"b",-0.0056435653021491
2.57557766501731,"a",-0.540542549739533
5.53168003217453,"c",-0.547073740849682
6.75902524378309,"b",1.15144538704443
7.50208496849567,"b",1.05221968194591
8.65520020607018,"b",1.59802652870266
0.705069941453833,"a",-0.263796793108458
5.69562843651826,"c",0.0324007875469165
7.11698625220379,"c",-1.55158330768591
6.77808671880285,"b",-0.388179430024523
9.13603089368508,"b",1.76414812218013
7.30662805486041,"c",-0.41652772756372
-1.15443034715231,"a",-1.16633868878939
6.38196557013314,"b",0.0418945661851059
6.55030987866969,"b",1.24648913025954
-0.232364406451846,"a",-1.57797130420835
3.97988090431809,"c",-0.253820471789102
8.93876120893002,"c",0.467830542050614
8.19376946022517,"b",1.97752999445585
4.99575464812456,"c",-0.615605794843624
7.20751021448136,"b",1.51942160121109
5.01499767834961,"c",-0.43289519356181
4.87969329958373,"c",-1.03101770806171
1.02312699074229,"a",-1.13433449832271
5.03378370899645,"b",-0.221098125377531
7.67046957613947,"c",-0.0224146989039466
6.13409315005611,"c",-0.32290182802397
8.52933155957548,"b",1.05222315972554
4.17610740956852,"b",0.189541165695199
7.79944649653687,"c",-0.105827608865873
4.63671738241301,"b",-0.602554472532716
-0.477959205341972,"a",-1.29601593126204
4.7704143241857,"c",-1.95932663870655
7.71818401282883,"b",0.21341173052117
4.53684761631507,"b",0.0253358701112366
7.8296295407929,"c",1.36502318785994
6.39824907265975,"c",0.291093808244857
6.29882841120796,"b",0.79721770112609
1.22453193908327,"a",0.0409863743756614
-0.329214806050866,"a",-0.818324049625889
6.70910931398813,"c",0.289640643164427
6.4891919867448,"b",0.339787111301115
1.09748311138332,"a",-0.817392730763433
-0.744071291721498,"a",-0.0287493152280801
7.87973253595098,"b",2.00078165111199
4.92515078086661,"c",-1.12926606328462
6.76253762822919,"b",1.47217859206972
5.8249021286784,"c",-0.227068916484902
5.60507899021387,"a",1.48231059624201
4.75712077789763,"c",-0.843053174487288
1.98328576593063,"a",-0.0661953274558979
6.54273551253231,"b",0.311233498357864
5.30732200226328,"b",-0.112590228303414
2.98118081414185,"a",0.658738838942645
0.633508505624132,"a",-0.16686150010949
7.07303349782881,"c",1.20887346516015
1.51076853375861,"a",0.170419433884223
8.87131856424346,"c",0.692419636244747
4.71710593670926,"c",-1.18554693655878
5.8070234882792,"c",-0.658389290697043
6.63104730075534,"b",1.08950794879155
8.98073087246196,"c",0.508785941160661
6.10386515769116,"c",-0.135906625600424
6.19503128600031,"c",-0.108782736956893
7.06925006066568,"b",0.754900160454641
6.45219373163238,"c",-0.223811321619966
2.7868384688787,"a",0.0749551709399243
-0.224238494646474,"a",-1.64595480215
6.61085687582936,"a",1.77400936515502
6.85240784793207,"b",0.765967915976574
5.70068726029191,"b",0.832287843010755
3.93156750133887,"c",-1.90545752247312
2.90647407167751,"a",-0.0208366761944145
6.59631971074184,"c",-0.408933912448218
1.24571103560613,"b",-1.3763863065768
6.23191919019937,"b",0.727430374393256
7.8113088349965,"b",1.23413078123709
0.143635146005015,"a",-0.553224405877467
7.44879201017142,"c",-0.229190177928735
6.54216144927722,"b",1.71146198892227
-0.187110661879913,"a",-1.64980790329702
8.63979397316738,"c",0.744220785437818
2.7172740193777,"b",-0.314021323980916
4.66784563671979,"b",-0.115310841404454
1.06673361225209,"a",-0.61097434277214
5.47905827993675,"b",1.09669537901904
5.16377611002746,"c",-1.12716761108376
6.46556970685688,"b",0.962609492438297
6.08517347117237,"b",1.40646401623189
3.06186698514503,"b",-1.6416495088997
2.55204402321509,"b",-1.12690419254923
1.71907023204439,"a",0.591545480502423
4.61766029842645,"b",-0.956309119505936
5.77417699112439,"c",-0.691529886346393
5.78596768397491,"b",-0.445352767351361
5.12897537208615,"c",-0.344484228326568
8.14818476048936,"c",0.703698185246122
0.861191541031498,"a",-0.60300576479426
0.5190838873807,"a",0.0893504124146815
6.8352817626701,"b",0.737494637219904
5.13578384139241,"c",-1.54037944457177
1.26979806357533,"a",-0.689632292648809
5.98700274168335,"b",0.859793460209431
5.65941963710914,"b",-0.376519740675772
0.922779456883911,"b",-2.53508347030523
4.90752191519658,"c",-0.857809228617209
3.49383579372889,"a",0.816026406926163
0.686656487846835,"a",-0.426588909225775
3.75825810272923,"c",-0.40463684004168
5.05668155236814,"b",-0.145769224262472
2.85665961739484,"a",0.71946636806737
4.91649418309408,"b",-0.491090752219327
6.25283991304603,"b",0.475958438418499
3.10541910718686,"a",0.573153668052675
3.10886391648636,"b",-1.01885957771565
1.13789119660031,"a",-0.0618722344363663
4.86212072993571,"b",-0.538305101604451
9.41327947570138,"c",0.416954726110764
-1.15248903625479,"a",-1.50827665613024
8.54248528566702,"b",1.53916992776747
8.88443663218727,"b",1.346018088596
7.30218996242819,"c",-0.842855777501525
3.57832450319331,"b",-0.669874227807658
5.75621597648053,"c",-0.908487448146122
3.23494635632217,"b",-0.136540641797694
0.988976031338569,"a",-0.501037963291251
1.64498497047305,"a",0.1126384468164
3.07375036323593,"b",-1.87521756309427
6.47366189177795,"c",0.158546714458315
1.37182699446459,"a",0.0155626712640042
4.68836080802684,"c",-1.60060346126013
6.52742608787103,"c",0.275973089169957
3.37369056228565,"b",0.0549526398709077
2.09104592991862,"a",-0.230573354697258
5.26176880216468,"c",-0.0132162906038914
5.24635828686547,"b",0.384949196022327
8.6578011929945,"c",0.346723717001246
4.74245060557023,"b",-0.431612760578627
9.30705931184059,"c",1.1501780393287
0.943234223273266,"a",-0.0365321928878792
3.52675967788117,"b",-0.135801421736564
9.2414942008288,"c",0.944618045644523
2.26905515053755,"a",0.992041361670064
5.2773550920654,"b",-0.700669754968901
0.873162148671669,"a",-0.991058671834594
3.98982738131605,"b",-0.705618052658819
5.54691465438822,"c",-1.17577589332822
-1.92640941267523,"a",-1.78119695174032
7.94703077899401,"c",0.310607521838391
2.80941992919271,"a",-0.145110360949431
5.01436618039465,"b",0.642549753692457
4.8219688331402,"b",-0.00165936230130426
1.76284697740601,"a",0.409162962077351
1.3518878935911,"a",-0.496058147310148
0.122541551528403,"a",-0.960107958901165
9.14728483672037,"c",0.778132224570433
4.96073859101222,"b",0.761120616327841
4.29837107634039,"c",-1.73371218388323
6.35700199570206,"b",0.877294651826758
0.526598214118275,"b",-1.7733714389337
6.67747783031073,"c",-0.0456873243111543
5.48761244859272,"c",-0.394872253984139
4.14249012677959,"b",-0.128056266421018
7.35645296717398,"b",1.09623773188662
0.919044624451952,"a",-1.2552178606199
0.32424901837179,"a",-0.265483694629895
8.73321034472753,"b",2.55330249004026
1.19996028241031,"b",-1.47830630595052
4.90017369347078,"b",-0.626587568230723
4.3804951724052,"b",-0.0410520223413907
6.28718251860552,"b",0.199953219832439
2.93650617405681,"b",-0.533305600527376
2.87981827102142,"a",-0.266032317684011
6.01690808493472,"b",1.08414781411867
5.92850040342675,"c",-0.180745479625044
1.93195128019752,"a",0.251555319378233
4.46847768261625,"b",0.369542235154893
5.41506738944557,"c",0.407034259389767
7.75085991724942,"c",0.492505019245782
6.89681488063261,"b",0.0546325790523077
6.03163545022752,"c",-0.708674076161911
7.17784882761852,"c",-0.0582707524435477
7.25827095449572,"c",-0.963421822237506
1.88650155370416,"a",0.0933932966058741
0.597450699598752,"a",-0.347901133459108
7.16197102948344,"c",-0.118334438145549
0.296156235619119,"a",-1.09909095717492
1.26362525986516,"a",-0.283076412422231
3.60038659209951,"b",-1.08973467284561
4.10415157527965,"b",-0.405665544099862
7.00481493971722,"c",0.526907259597763
5.64926342577633,"c",0.240419981775496
2.38046753450806,"a",0.898362457249367
7.02432182837095,"c",0.487968126935476
7.44480706019058,"c",0.111991365197539
6.25536890585445,"b",0.998313347136219
6.03560655229294,"b",1.19171680875342
1.57429057480899,"b",-1.39938756712371
6.37429256675753,"b",0.892147736646772
9.30308538841927,"c",0.777958970340806
2.63887856386831,"a",0.94191451634695
4.82167519447713,"b",-0.908802712301102
7.97051193642678,"b",2.40893084447621
0.618498727714469,"a",-2.59425017430808
4.60441573811751,"b",0.00686303751409395
6.13543225128286,"b",0.118106668928336
5.25016980776997,"b",-0.14969732641009
2.96872398364867,"a",0.747873287863168
4.10610025653051,"b",0.12403480689883
4.10188558250867,"b",-0.778054747212651
8.13376599876343,"b",1.41003330549222
1.43310761139414,"a",-0.293911808229858
5.68793810556755,"b",0.610678645005375
7.87964908567759,"c",-0.666510079863262
2.58956519865823,"b",-1.0598828782705
0.796037664427771,"a",-0.605838699162315
-0.175074966525946,"a",-1.05684142085412
7.63415466928867,"b",0.533106472674961
3.65688411665959,"b",-1.55209261464742
0.87914759809398,"a",-0.978489465308578
6.70247871385419,"c",0.0272183551599775
0.638238896966936,"a",-1.71557231699709
5.00563994201041,"b",-0.504888026492709
1.9263834367779,"a",-0.304922680917571
8.89485840730798,"c",1.34607823542665
1.83618313330748,"a",-0.257536690796696
2.42430049347054,"b",-0.523287300658334
3.45613168563748,"c",-0.663217798972631
6.28177819477331,"b",0.447221039692659
5.95259413242857,"b",-0.319450981926009
0.569027991062135,"a",-0.543778849936917
8.11886864972345,"c",-0.279673442488512
4.30011708784689,"a",1.06523260036693
8.80077954817301,"b",1.56782874914562
5.47397305760039,"b",-0.643112078958536
4.74059653930297,"b",0.0205217485106878
5.03582767696046,"b",-0.324184458375485
9.94807418156371,"c",1.85739602217537
7.00686435539679,"c",0.590763995069064
-0.371821972330448,"a",-1.7806267173964
3.93476658723585,"b",-0.434108699575314
2.43891719248634,"b",-2.29274971170602
7.2950865677947,"c",-0.0929652384515409
6.15507551388346,"b",0.70396445332971
2.05467269986979,"a",-0.894489621256767
0.566540063994334,"a",-1.28250679207462
8.50129953866886,"b",1.25578417415048
1.22867234161205,"b",-0.964629979588376
9.13239892664198,"c",0.907783881064091
0.816134336507258,"a",0.214073613669174
6.85093554827332,"b",0.881023122748974
5.590707047941,"b",1.00254499828277
6.60032870258029,"b",1.13991050456775
7.10933092272342,"b",1.23603585230776
6.83451667566249,"b",0.295401510142675
2.26726983733914,"a",0.171761023605458
1.85571124975809,"a",-0.955389282695439
5.8994059414873,"c",-1.21040912105673
3.17579048141822,"b",-0.601382997836582
4.30045852432157,"b",-0.135816136579885
0.40862856474311,"b",-0.98727278492051
5.5551269337729,"b",0.831925014618267
4.10631190103608,"b",-0.795059516415481
5.44202395185114,"b",0.340464612015827
2.43726483682512,"a",0.870429820346915
2.5586155981766,"b",-1.18216100524638
6.70375352564335,"b",1.02289397573496
3.90985901059543,"c",-2.10843457624333
5.14627782800205,"c",0.229762637699325
6.34667077539197,"b",1.51171079155376
5.76134119959916,"b",0.555437989150677
7.24537124230998,"b",0.914878801249372
2.1190282443719,"b",-0.553396624279516
2.37464641134252,"a",0.298376089510017
5.36447475893774,"b",1.10637953965214
3.80017762046177,"b",-1.32914958483242
6.05472633796594,"b",1.00169412888602
2.49196544173375,"b",-1.40930387375741
0.414660821558191,"a",-0.498781024681268
7.3802497750541,"b",2.62275685248845
6.48297358786805,"c",0.510665566028528
1.41192363497254,"a",-0.0908431942191987
7.00238907852986,"b",0.978765679210879
4.98849302292707,"b",-0.243808656888315
9.69554138297448,"c",0.621808959213633
6.74911508473692,"c",-0.344595219846323
0.972244011520966,"b",-2.35522454584149
3.2530523855746,"a",0.472387633353643
5.89645837439863,"c",-0.511480194786914
2.4813191843021,"a",-0.573602199756116
7.07858625021673,"c",0.00379720372860315
11.3682723688267,"c",1.34255092952781
3.17326220716967,"b",0.295461511559413
4.99001831793495,"b",0.841786943605435
3.69010233820198,"a",0.62906429822047
2.77233337433772,"a",0.101598399463067
5.99707372910038,"b",0.671120874661012
4.67526391475,"c",-0.138316374561719
-0.730127723906139,"a",-1.24931225315241
6.58084799351565,"b",0.347635244215357
-0.413617329017756,"a",-2.27781365917161
2.98034032540011,"b",-0.986209181193632
4.49037640517202,"b",-0.0595413435522069
3.19203010027191,"b",-0.160759490474124
4.26286587672832,"b",-0.420361520340292
3.88622179743306,"a",0.988591016328615
0.993984663138165,"a",-1.06961379110863
0.0804247722112414,"a",-2.61364346701511
9.58503635212395,"c",0.780451897662152
2.91791961048981,"a",0.0451050735540702
3.60097911340753,"b",-0.108489158897566
1.45696347734858,"a",-0.391224310070966
5.24346716238899,"c",-1.6869995043286
2.7109286252429,"b",-0.95270445515168
4.74046618409111,"b",0.507414112103395
3.48457718191712,"b",0.0188160990067223
4.84853597340834,"c",-1.41891037358562
6.89444987214133,"c",0.598171931352236
7.29248303877229,"c",0.786379621743228
4.28399525697881,"b",-0.134633045902237
4.93179994404342,"b",-0.016386517615323
7.42813548887181,"b",1.40914040823509
4.73892273256253,"b",0.394838698802266
8.65771189872071,"c",1.21987512807247
5.93296433423431,"b",-0.0450772128729762
4.81297813717923,"a",1.47948784483878
4.41631983583538,"a",-0.0756837866923921
5.54863219532152,"b",0.917748457199555
4.58960488769778,"b",-0.344778713742413
3.32083689977173,"b",-1.07700265605392
8.44933703564962,"b",1.00160472735829
9.9102896619028,"c",2.29600404077134
5.78509258923912,"c",-0.325878115450014
5.10863151917629,"a",1.46885612852932
5.84365571896026,"b",-0.236908933173859
7.35690303955115,"b",0.923493117890428
-0.453448565399599,"a",-0.989191806701409
5.07122269399733,"b",0.275646278286709
6.28981502287817,"b",-0.763661093561037
3.10990285163836,"c",-1.35211198419997
9.80724411711554,"c",0.655024410228004
8.22781642885707,"b",1.60964676035496
0.198066962676194,"a",-0.788506965877911
5.38688807119619,"c",-0.883876112525995
2.39764210303976,"b",-1.07251461179358
3.9452915499192,"b",-0.458140981447841
8.39316667102818,"c",0.665647015578227
6.72095188919506,"b",0.712228212418725
0.692355458837948,"a",0.442954227499162
7.78172181385543,"c",0.759587312059179
0.971911497417892,"a",-0.468877666019124
4.02294291350459,"b",-0.172709977883837
8.83225339048591,"c",0.682049899385807
7.68520842181774,"c",-0.281577328241543
4.16494456976878,"b",-0.961622573931821
-0.958147182020766,"a",-1.37765014473256
9.10432316492867,"b",2.69758663663836
5.02261060313791,"c",-1.69971505556293
2.46154876820651,"a",0.0293166527942015
6.6432592962605,"b",1.93431433615124
5.98214012848407,"b",0.837510875177963
1.01953000978408,"a",-0.185346331084667
7.84375638127844,"c",0.533329177764386
4.64802941844695,"a",1.78495624201476
4.37014178637234,"b",0.189627819830131
6.46894250534506,"b",-0.5690875121866
5.59099252534689,"a",1.45189294457212
11.0827386157544,"c",1.86899345256532
2.04113465919455,"b",-0.984554893737541
7.07791116243625,"b",0.718756763904366
1.73865841080046,"a",0.129347296958262
6.13418927516905,"b",0.701641308893363
0.221509688169929,"a",0.526697831887448
1.66506182760921,"a",-0.0205130989546023
6.17258040455782,"b",0.438251047306971
1.11293044697029,"b",-1.21052856570154
2.86384252371529,"b",-1.4044199438289
5.59423442113168,"b",0.720749157209312
6.97873128683155,"b",0.0860355032767252
4.67002750165496,"b",-0.13161704140846
4.10069382878884,"c",-1.67605197893984
4.45181850072666,"b",-0.569497990768114
1.3222923802172,"a",0.192205150896545
4.66039992140682,"b",-0.486322920752822
2.42057237409066,"a",0.0812840129938752
5.58761919058002,"c",0.384897246784297
1.51968363391826,"a",-0.137501971038181
2.07440937681405,"a",0.427593109239094
6.17480115578765,"c",-0.243064448539363
5.86436387411368,"c",-0.318352827853891
5.94290744670093,"b",-0.254106393508011
7.34567625514165,"c",0.638887430163065
6.84686320460214,"b",0.821065383166085
11.6323430720265,"c",2.33547908658196
2.86410913088222,"b",-0.983307557611062
3.7519195651922,"b",-0.707457440006258
0.877488583173958,"a",0.644149101349918
9.7690657105192,"c",1.63766532994621
2.84315849042244,"a",1.22664817466431
5.1705368241981,"b",-0.467705618330812
1.28697515004119,"a",-0.678231063737989
10.1024041766442,"c",1.69640227133044
8.18282489506163,"b",1.54284685008907
7.21965625500222,"c",0.214527592060943
7.74075795040224,"b",1.70068829575232
5.56278546581236,"b",-0.00798682964789259
0.491660154775472,"a",-0.817900364802769
4.36707795903663,"b",-0.0506101702835437
5.95997486596507,"b",0.0799210865490335
-0.311551360472173,"a",-1.55957109789405
2.48981676958475,"a",-0.171497956746292
6.75019989213863,"c",-0.418607092832335
2.28467693359907,"a",0.491286818033161
1.08851010200259,"a",-0.53122843123103
6.072598957223,"b",0.482220117734896
2.71094183441236,"a",0.536291040049325
6.04721884305628,"c",-0.279324207858902
3.31177825647991,"b",-0.0435072647005839
6.43707401299467,"a",2.38151529195951
8.45394485719503,"c",1.54803111335561
6.90409333841347,"b",1.55476199852898
6.75014157628644,"c",0.058111230113913
6.16067108617891,"c",-0.839778915527164
5.76327885360376,"b",0.571123448655482
4.72794162497653,"b",0.0660477825630555
9.61173281454132,"b",3.58465949292999
2.83572780266946,"b",-1.93189555365127
6.79294533298058,"c",-0.202832504245977
6.71241010806176,"a",1.48371520427311
-3.15845359454413,"a",-2.09851640016451
8.22160621646426,"c",-0.25964866605676
1.66210293630867,"a",0.334067935887184
4.40541472401704,"b",-0.21963759163322
4.32532649344512,"b",-0.931771803289107
5.45449000808175,"b",-0.122240218296576
7.28960931290867,"b",1.33852842346176
4.58731247877552,"c",-1.34833119004437
3.4949907237722,"a",1.41483572450998
9.15955608536657,"b",0.914048945514682
0.136780132147068,"b",-1.23668791849331
5.12661385481106,"c",-1.50076035467463
5.47243443772491,"b",0.0345386838965327
7.35947655697238,"c",0.286299645402692
6.94067021657512,"b",1.18620809384561
2.34443113451615,"a",-0.037549371842548
5.95333749748843,"b",0.420371593973559
4.38709504616539,"a",1.28924648234277
10.6373107864999,"c",1.17068918509962
4.97626233266265,"b",0.826093654084712
5.39981979022961,"b",0.323917065090484
7.24104039373502,"c",0.380950411454549
8.95193122675002,"c",1.20261958279329
3.60327352740994,"a",1.10220575073214
0.790692129882917,"a",-0.0615149399791465
7.1770929061821,"c",0.364589913995779
7.79338033700167,"b",1.69255229998577
9.13828478636491,"c",1.47136701247198
1.13882701130006,"a",-0.977247661344119
7.89532114730869,"b",1.44820167458194
6.37396420485938,"c",-0.0858556605918652
-1.2431896767328,"a",-1.57376980165346
6.50912869437911,"b",1.29247615946669
4.87765746830723,"b",0.0844677555677161
5.13533256321287,"b",0.967045996480089
3.50373519651923,"a",1.93911299421702
5.50322265645802,"b",1.07987263816564
5.52146710539699,"b",-0.353593526833153
5.46988293291669,"b",-0.134923124718565
1.42291132236319,"a",-0.987132433307501
3.34942841335308,"b",-0.821708146060393
1.71648220746267,"a",0.489530922514731
1.74110407668162,"a",-0.299277458909478
7.19703710631369,"b",0.658254898574355
6.0075076815008,"b",0.832409549670791
5.88608495088777,"b",0.363463261222694
4.66727825040354,"b",-0.398645658616952
5.63455577076745,"c",-1.4979299895057
1.87899661002458,"a",0.114628175272466
3.72944292289555,"b",-1.03781661733663
5.43276886502388,"b",0.645978871261567
3.69214491348079,"a",0.772845400058577
4.72367776975167,"b",0.316014158120416
3.55418893749125,"b",-1.03811282479823
2.0991484289016,"a",-0.755137290088853
6.13011075771911,"c",-0.491504309692582
7.38537813849806,"b",0.147225745107845
10.2235486871339,"c",2.35650304328533
4.14664039218743,"b",-0.920668767105905
2.47002460936873,"c",-2.15684778320885
1.69431155940854,"a",-0.120400049561303
2.37568446800978,"b",-0.839244329563709
-2.008663704718,"a",-2.17243990871478
-0.539973657731021,"a",-0.874307976154287
4.72645422804412,"c",-0.373579348902497
0.0120697078946833,"a",-1.10219771209642
4.23633451168037,"b",0.715659860663444
3.06757933986974,"a",0.907640305684175
7.53892362961937,"c",-0.324805133785133
-0.0456928939017787,"a",-1.48158593228175
4.91825521448155,"b",0.594171138863542
-0.255797344307331,"a",-0.854874687119544
4.51134755135591,"b",-0.829917536632547
5.3109687406534,"c",0.149106814964156
0.467496210620285,"a",-0.976146041384047
0.0346193856745907,"a",-0.294684407656388
5.94645438665639,"c",-0.770974915815347
3.94667717339295,"b",0.392283707078743
1.07798377903033,"a",-0.846305904884495
-0.385483740708807,"a",-0.843759930930453
5.96213597511658,"c",-0.961888444288268
6.24911862823975,"b",0.0110496533565447
5.26087940134272,"b",1.21494896542184
4.81664756918306,"c",-0.888878515738284
1.15728410911683,"a",0.218101261446603
4.19541932499373,"b",-0.656116999607038
4.33949781961338,"b",-1.08851584728066
6.79701293744453,"b",1.0911308981077
9.44583083008793,"c",-0.569227321657799
9.33008742897293,"c",1.6208101305906
1.12168444887488,"a",-0.686988445583741
5.83511307416671,"b",0.656996703568632
9.28258343209391,"c",1.1106922152347
8.06666050261235,"b",2.14072073006633
3.50382349995474,"b",-0.830971809132396
6.62325291693501,"c",0.0764058561981353
5.6197363429474,"b",0.935824446199053
7.58870719865951,"c",-0.50166670286481
6.50975315544971,"b",0.59485346385118
5.72051134897656,"b",-0.430651169136371
-0.202908873064113,"a",-1.13333905267279
3.93792408049002,"c",-2.23717155976963
3.1460510685305,"a",0.514639572443142
-0.149178037087448,"a",-0.341907115162922
8.55938711391718,"b",1.71787742881929
0.379877575517231,"a",-1.11637790865796
4.7619514814746,"b",-0.488479619162847
3.85155051541696,"a",0.807332293407758
4.7901229990139,"b",-0.261008741670786
4.28497887725154,"b",0.488059917826579
7.7025291272648,"b",1.35278382096951
8.95936622863437,"b",2.17681559130925
4.89084806548169,"b",0.051387111206838
4.49360686539313,"b",-0.838095445235414
0.418095847267009,"a",-1.08461500930842
-0.488057832771393,"a",-0.546532769073342
1.99201313912394,"a",-0.426509704704706
5.51017089064257,"c",-1.21099755539979
6.98895973593002,"b",0.597792997779026
7.92614114544013,"c",1.42389578908393
3.59962834366145,"b",-0.443298625558346
2.11425328021946,"b",-1.04033346567429
2.35231717209183,"b",-1.27389707840725
6.79917405656944,"b",0.770151612011796
7.89883330388632,"c",0.031522621976529
1.85446708611153,"b",-1.90485475143827
4.17457619682242,"b",-0.123755177145571
3.89553404242588,"b",0.000328377213438334
5.56820445080262,"b",-0.843778344728857
6.14647890266347,"c",-1.22133337042893
0.215195247193812,"a",-0.452985993615507
1.09445514123368,"a",-0.702319931281127
0.756552298759489,"a",-0.674380385485126
-1.43337392998175,"a",-2.30302319048591
5.1415877195834,"b",-0.149332904782873
5.61003208564399,"a",0.948689589970129
4.80810431479482,"a",1.15636246052357
8.50821980620858,"b",2.07435248589762
4.46600806724496,"b",0.265289970321459
5.00020607489695,"b",-1.05200382914047
6.38609826478648,"b",0.50234223621863
3.95816555667955,"a",1.09984502312187
7.47809479751744,"b",1.88650483041417
4.73223554365414,"b",0.811253500689395
5.03623896877048,"a",1.41824380879396
2.51288676080167,"a",0.439169901702954
1.21516980594263,"a",-1.2775016086011
4.79057095356572,"b",-0.861373205211443
7.76323253963388,"b",1.88698587497109
2.61218488570221,"a",0.704087313182904
5.42716049432479,"b",-0.667720525332029
1.5513075174404,"a",-0.705714342057153
3.83931415928527,"b",-0.920718579914376
6.52129577847023,"b",0.148473291996029
6.6005073814768,"b",-0.250017361132774
-0.832045013238053,"a",-0.941768954111299
7.18955098713724,"b",1.21419901863892
6.09643567367861,"b",0.018566433000226
7.48763174444886,"c",0.757831699457548
3.90885297984636,"b",-0.380062699996006
3.93587737215443,"b",0.174948713347219
3.48166578597626,"a",1.03352330902476
7.37092080003231,"c",0.67572399543247
5.2287595956025,"b",0.94128124291257
3.9909252479462,"b",-1.82663007251395
1.05707750520283,"a",0.177204381296563
4.76559466247571,"b",-0.191807861947269
4.11604200957203,"b",-0.650198710009829
4.71538022377095,"b",-0.560696341260001
3.40278778002619,"a",1.67576579329994
5.96771453467906,"b",0.430534600439241
7.11131338354525,"b",-0.144606620357246
7.89701655485423,"b",0.939025712144101
0.458018315009901,"a",-0.545496749523291
4.92546906905144,"b",0.138850363215646
4.47023774978156,"a",1.44686231335255
7.22143853162906,"c",-0.332628086150536
6.21391037241823,"c",-0.799156272263214
3.97885463896915,"b",-0.548292745132407
6.20946297386827,"c",-1.05079620451942
6.83000947193497,"c",0.252662491033329
5.61506229146376,"b",0.327861853995298
3.61083863497948,"a",0.855672400490503
7.7718776525159,"b",1.80176227162749
7.96032781392451,"b",1.40524081174873
-0.618476387927972,"a",-1.25079179413567
7.39186139763452,"b",1.99910885447275
5.4650244349133,"b",0.139278487592147
0.962040412957594,"a",-0.386669103439724
10.3967100165214,"c",1.85563569044348
1.41052773013463,"a",0.42885538447628
4.2917142702432,"a",1.73079013958977
0.0528205256282761,"a",-0.0435236741393199
2.77853766298756,"a",-0.73108580813751
4.33814026546154,"c",-1.96596407622063
6.8841943967345,"b",1.12686531518852
5.26084239488223,"c",-0.888084388434115
6.04216191056174,"b",0.871359260391993
0.388479917530207,"a",0.119893566616341
5.62987188617678,"b",0.472434944803404
6.54637727224331,"b",1.26663990982006
6.70428428443131,"c",-0.485316378946902
0.726769795759139,"a",-0.461533586184343
1.98938347507278,"a",-0.231758337278765
3.84814703693883,"a",1.06035377243819
5.95727041697689,"b",-0.474785704501272
5.23525937359026,"b",-0.175510280957715
4.16911699911158,"a",0.796324499089145
8.75693782280022,"c",0.77874531585307
2.46773086989451,"a",0.796802566246094
4.52762704966438,"b",0.0490515728363375
5.95172396295879,"b",0.762612934834823
4.19993899177076,"b",0.285993069636396
2.0708096194181,"a",-0.632815038152827
7.63975901024061,"b",1.8043844808011
2.26667724325963,"b",-1.86301097301425
6.51554999923761,"b",0.845528381213056
8.72839506678211,"c",0.341667682894606
4.69968223620206,"b",0.0227776061434687
0.0785868263923946,"a",-0.611399988446644
7.20225229851867,"c",-0.260526772474753
6.60890986179692,"b",1.80567031464304
4.68632619620876,"b",-0.0969992670036506
4.49433808119699,"b",-0.384486699785057
-0.974454135010252,"a",-0.878362142505014
4.21065370627367,"b",-0.495578521936919
5.98387499456036,"b",-0.0842924535744518
0.582298416979508,"a",-1.357722067055
4.28796969491817,"a",1.14269781676707
7.08748620684711,"c",0.0978270374471885
4.63828599962723,"a",1.46502102859676
8.0161539511398,"c",0.990435852724288
10.5672863246813,"c",1.41438675072227
4.80642160261373,"c",-1.33589776931334
9.5884564292951,"c",0.579583638393261
4.44307610380982,"c",-0.361821214298648
4.46410210444015,"b",-0.046852449651786
1.36600608731381,"a",-0.599477471411771
9.30388588277827,"c",0.215104493222833
1.22744905044377,"a",0.0936314854790409
4.06746898121905,"c",-2.11983441513135
5.59337987167614,"b",0.852443088824704
1.51463484579048,"a",0.15437457231326
4.56893552575568,"b",-0.971861640205415
5.2435854446986,"c",-1.10142783592314
2.81403692473717,"b",-0.690244888297098
-0.221306047211865,"a",-1.58363492221125
5.61911296778724,"b",0.137766066513836
8.53926945927987,"c",1.50234395496283
4.99218468780522,"b",0.192881587148273
7.15929913235782,"b",0.527154734523825
2.58027764406824,"b",-1.48320629120238
0.0354953861202163,"b",-1.53920072330941
6.47932925783886,"c",-0.896432886914323
7.42835567086394,"c",0.721069979748221
5.73033975302454,"c",-0.884501944686544
6.41262588726343,"b",0.558598525708553
2.35905656211116,"b",-0.218737504846289
4.28633213066233,"a",0.383623482386597
5.38498048246061,"b",-1.03912011024684
2.72381714385562,"b",-0.948992248570827
5.80849448463373,"b",-0.104160953983452
7.42833294791731,"b",-0.208711102723908
1.24800099411488,"b",-1.78873019525217
6.60108584770606,"b",0.537084421086505
-1.9162763942871,"a",-1.94969607009284
3.76772137432113,"b",-0.415234461553216
4.715583839645,"b",0.0551296705930179
0.769475470413606,"a",-0.701999719088772
4.43275227334336,"b",-1.40383903257398
2.55748114290534,"a",-0.398823930892521
7.89399930847738,"c",-0.110421799564805
1.06795128136487,"a",-0.924078451273399
0.895748681813631,"a",-1.35724300041576
0.0305480472130739,"a",-1.19460448275129
5.69275809883198,"c",-0.528487779287787
3.38745010683423,"b",-0.45262688672095
3.20858615324281,"a",1.41948519316134
0.960674478697358,"a",-1.28568114451572
7.07989987374554,"c",0.381148939361978
0.180641640178352,"a",-0.417468601097774
8.75772405124163,"c",0.092861420787736
5.59422316380445,"b",-0.663584535776221
9.36574106603974,"c",0.802827389507556
-0.641043706967443,"a",-1.70308264539455
5.57509369531875,"c",0.153907072564843
2.97215238354768,"a",0.0260754999213632
3.73141597938441,"a",1.05586337908511
1.02168325661526,"a",-0.224467114350504
2.81200687566526,"a",0.496596389373037
5.22975080786314,"b",0.399633954636834
2.06920940521756,"a",-0.646912750685488
3.54218480746255,"b",-0.0837627647875345
3.03217100232687,"a",-0.133621200009519
3.31978724561385,"a",1.11960385547419
8.00697594459815,"c",0.239220972582604
6.68983358848128,"c",0.290602215857855
11.1730605750481,"c",2.34360141841864
4.02265491755177,"b",0.4162981123864
4.48233908179485,"b",0.362481077869282
9.12039449552548,"c",0.531682625476121
4.73108101839103,"b",1.54804223833981
4.13334181924818,"a",0.961488300605771
2.52119343598654,"a",0.338436178606463
2.85580783362143,"b",-0.610953004269112
4.98289356410963,"b",0.357052050410198
7.47358939073455,"c",0.141508679877188
4.0709692367292,"c",-1.83629134377865
3.13457260789475,"b",-1.54103104639384
-0.283142011859401,"a",-1.79438286441787
9.38535300906932,"b",1.41451490845874
2.44649661092904,"a",0.618337891760976
-0.95508374363312,"a",-2.35045538719928
5.47730492369676,"b",0.467031586094115
0.75882579813295,"a",0.0638319381435125
7.01392369848858,"c",-0.256260441820274
-0.781273643076382,"a",-0.74452203825337
0.858358216480118,"a",-1.26902527654423
8.37485095759988,"c",0.862628007930791
6.76686840642557,"c",-0.576934671897016
3.89782359561484,"b",-0.13226734829003
5.53666284819855,"b",0.586828100587993
4.78327306682023,"b",0.535000276997602
2.44591521570039,"a",-0.393409936967253
-0.265384419879468,"a",-0.540609417209361
3.21926521756776,"a",0.259450915234582
3.52587775193375,"b",-1.17827876100886
6.36219656106261,"b",0.306138478548671
7.51501188446131,"c",0.173481229120353
3.21885417087658,"a",0.25057806717021
4.42938917302752,"b",-0.277924049161014
-1.55247448517736,"a",-1.72473573426284
-0.067588607722493,"b",-2.00670494385569
1.63731996473818,"a",-1.29180833046846
8.83291269288185,"c",0.365838228483296
0.0105097416717457,"a",-0.152203253908431
4.98910186473208,"b",-0.734094090076209
3.2588484427947,"b",-0.781972056981591
3.34447810387963,"a",0.551567034812709
-0.935891258023284,"a",-1.61084098443007
9.73268816353382,"c",0.748176433090443
7.01354407662882,"b",0.449296011237588
1.83206025349663,"a",-0.870062520443655
4.40433934194661,"b",-0.0977479313579405
7.99187137254988,"c",0.893100213716266
9.18935206332644,"c",1.35091509526625
6.7189929338104,"b",1.4889703943085
4.39919578967797,"b",0.371067212847268
1.48646664912911,"a",-0.214473243512569
6.61643361650105,"c",0.455494589939145
1.94089320725725,"a",-0.258111110256068
3.03203954408677,"b",-1.00292375210412
5.94284956940274,"b",0.84414348279794
6.37764577630206,"c",0.694658775896635
8.59945414189109,"b",1.2610037476473
7.3712407739009,"b",1.66655928933767
6.92763161060319,"b",1.47185793808934
7.3587046406594,"b",0.78931570508443
3.93963625475741,"b",-0.0364542711833432
1.13603449780697,"a",-0.091283276642502
2.10017487564545,"a",-0.412862939041902
4.64974111316233,"b",-0.781061198320081
4.70118727117258,"c",-0.390092785411881
6.03033151782791,"b",0.613837622009258
5.7541729914115,"b",0.384677020333242
3.36513949848219,"b",-1.20565664981837
7.86317284314393,"b",1.19785122001404
7.53806661469995,"c",1.29114126665685
3.82857108934527,"a",1.48307160252052
1.77264393446877,"b",-1.22359523581159
4.17511383722578,"b",-0.41317463437103
0.211992568316628,"a",-0.409580866212294
1.07727653108877,"a",-0.451164718262206
1.43086342631615,"a",-0.564698951728143
1.78317209367467,"a",-0.560010334496702
0.368286863549623,"a",-0.970558066992204
1.17206103308772,"a",-0.56282354617343
6.44912113032226,"c",-0.332036443298219
4.88717124553005,"b",0.193650109749296
2.9195045646995,"a",0.605642856272221
1.88716704547368,"a",0.957873599425007
2.40055489988901,"b",-0.800818438984397
1.75098143975424,"a",0.0425486556052422
6.75341369975908,"b",2.33570086201341
4.88323105374469,"b",-0.461867455821985
4.73049339722905,"b",0.740429906040657
0.85027445860025,"a",-0.698344660682268
6.49336897279872,"b",1.06536890145562
7.64957292824901,"b",0.545516821338762
-0.345496363652065,"a",-0.918209320243205
2.27211952930986,"a",1.02519134367607
8.31498367940558,"b",1.12573840290613
4.53588360735919,"b",0.882800384998406
2.42416439451052,"c",-2.76807861085069
6.2327792624262,"b",0.143826578856264
7.27412386016847,"b",1.5198831251518
4.8817145506657,"b",-0.171316078021067
7.2861086391525,"c",-0.65814499931795
7.32075261228991,"c",-0.154294602086388
-2.87748736844612,"a",-2.3830393163367
5.46783879627822,"c",-1.1382970912816
6.07013450768988,"c",-0.0872555328125386
8.94654640256944,"c",0.835326720644203
5.45420990581508,"b",0.212110868191506
2.96382026541293,"a",0.641346301404555
-1.44686673958024,"a",-1.0321009677859
7.78409576448023,"b",1.4857706537531
7.09489573829752,"b",1.19047624727791
4.39097621988092,"b",0.617226731476435
6.00315829680981,"c",-0.172938324465871
2.73395052706227,"a",0.861580440756975
1.68131643187623,"a",-0.620085924544441
4.11414007231422,"c",-0.878213047268405
2.37926336227033,"c",-2.22859514687621
7.71027514526379,"c",0.193263225267502
1.55551910506082,"b",-2.31265671694031
4.62034513110327,"b",-0.0243337921357311
2.9327065371684,"a",0.441340589239052
2.93269092262348,"a",0.789576753769568
4.71535853194391,"b",1.02181962668272
6.72577791919374,"c",0.615261159537096
4.19683330579514,"b",-0.859577856168591
7.17489217988796,"c",0.890748976368977
6.54128024894034,"b",0.0632747474874033
0.685768955839117,"a",-1.86466105555997
0.359404395767276,"a",-0.1131368509232
0.374860960614858,"a",-1.78338637587516
0.55421626059558,"a",-1.05349044072366
6.32420745620198,"c",-0.619354677304664
6.19986331163312,"c",-0.586938576519139
3.75055462643995,"a",0.926975731943589
4.50271346234025,"b",-0.0654058453375009
5.02521055269286,"c",-0.937111758775164
2.79455174086336,"a",-0.633859433761415
3.26336714304681,"b",-0.575224286015068
1.58109639926201,"a",0.188221041759335
1.69230514399769,"a",0.539655974462932
1.64912713831646,"a",-0.420884069657012
0.862689289328917,"a",-0.339466559977085
7.86890460737351,"c",0.518080388363255
1.00706103342784,"a",-0.869387621013225
4.22861163337294,"a",-0.160670914154826
0.497833097237954,"a",-0.142616786605041
7.06167195376183,"c",-0.765210967844204
6.13748180478561,"c",-0.659800571317015
5.31980351732937,"c",-0.307405440413442
2.62452439648857,"a",-0.881927450206018
6.24483184613467,"b",-0.0953451587484263
3.58835212751274,"b",-1.2759693730741
9.4167589496868,"c",0.375584983964806
4.63521476427835,"b",-0.469230372596356
2.90731799024045,"a",0.79893320361921
3.61788175005382,"a",0.426288199258715
5.50268306962321,"b",-0.512132013193506
-0.349537423082878,"a",-0.347515536975732
8.29896268938581,"c",0.609392746386973
7.17537169318376,"b",0.735464318036699
6.25780662724363,"b",0.476708560673323
2.19773312963929,"a",0.328285766781953
1.77395514246556,"b",-1.78126747525362
4.84086741232721,"b",0.119396421345399
5.05722186002345,"c",-1.41829537201652
1.79573812862838,"a",0.076034377653877
4.10889205416296,"b",-0.660833242210851
7.43653726037874,"c",-0.105506046058469
3.97642497316043,"b",-1.18008588758692
1.60383581767446,"a",-0.164359186462737
6.33124952775125,"b",1.5194407743176
7.65436584028571,"b",1.82516507817365
-1.6365636057919,"a",-2.48863985015353
0.443388275635021,"b",-1.65432225038973
-2.03252688666193,"a",-1.42085528137192
-0.202517181301662,"a",-1.27629656625184
7.3286453715641,"b",2.07910079937255
6.05023691455468,"b",1.01553602068229
6.15693699242044,"c",-0.109612816175039
1.32048699690521,"a",0.981518881029313
8.11500899461116,"b",2.26134720681062
7.52635278878861,"c",0.637089923803561
7.32757501173805,"b",1.77553654284699
2.52113522154206,"b",-1.1475015474698
4.77457164528593,"b",-1.07932259375455
3.18877453843284,"a",1.06794985879243
2.64145132079371,"a",0.89175319136426
6.40561718252153,"b",0.870096509939708
2.88343401347194,"a",0.48576246486856
4.70221668968244,"b",-0.471093692846051
4.70512178705933,"b",0.949629993820546
8.6606743156013,"b",1.84772759129207
6.71922588569111,"b",1.24040742887073
3.11651852807447,"b",-1.38081421835124
7.33236754685541,"c",0.474676877291482
4.56448537515522,"b",0.0123463579876949
5.50140296044303,"b",0.0870999372857267
7.01166742751521,"c",-0.182368193763325
2.99642235841149,"b",-1.26567026582532
6.0774645580017,"b",0.331283912940739
8.1906949510006,"b",1.35172863098665
6.53324452013868,"b",1.63656573626269
5.27554851754094,"b",0.479932228852687
0.735786025059885,"a",-0.736315911257857
-0.144196649281434,"a",-0.583016619413601
6.98889876512642,"c",-0.611431981951386
2.84956209540302,"a",0.603350043610892
5.454080433615,"c",-0.235763339357311
9.56232815223657,"b",2.90421609162339
1.37127370821698,"a",-0.268291279315417
6.71209906383367,"c",0.148092848403041
3.94728968194418,"b",-0.206794982835284
2.92516593735047,"a",-0.642560138451547
4.50501128534317,"a",0.847571823884568
0.641489981307601,"a",-0.527572126400654
5.25682363029684,"b",0.00237075710813171
1.75791054700696,"a",-0.281880233551283
3.50103923026824,"c",-2.8284746523873
5.49408258778216,"b",0.650930316327698
8.9237618800178,"c",0.157759171113334
1.42688766537644,"a",-0.853437022665369
7.6714932599784,"b",1.36310008597407
2.67795280966266,"b",-1.26289617117116
0.347526631514455,"a",-1.77794654572074
6.66166078677182,"c",-0.686919645075559
5.85235281349415,"c",-1.18433552229326
2.44588413633183,"a",0.789677301727648
2.45519783163886,"a",0.0859637709502686
1.30400798784375,"a",-0.370061442579403
7.07225710390043,"c",0.00933636704307702
3.67968839213821,"b",-0.951059591672824
3.98771043705171,"b",0.181717711397805
2.55447952811155,"a",0.190339844032856
3.56815790670057,"b",-0.0717387693981193
5.21294056838399,"b",-0.00285171005059469
1.92317777489713,"a",-1.10821896191248
4.5696090050975,"a",0.935191767373595
3.14639740882692,"b",-1.48583945173733
9.28135164289803,"c",2.22854189842651
6.91823387002933,"b",1.6241352225378
7.80724909521593,"c",0.519764625253335
-0.696260351065414,"a",-1.352028636762
5.69951383110397,"b",0.426123827628841
1.53632190137551,"b",-1.66318758520667
5.1234955737436,"b",-0.269943621830999
6.06532969778308,"b",0.790790959773877
5.5353452630559,"b",0.840608638772999
6.31344060653266,"c",0.0329694848504644
1.24171556748167,"a",-0.238163753848546
2.60981745456679,"a",0.263552286150818
4.7583006899315,"c",-1.59178517406521
4.30266640576549,"b",-0.376235068846935
6.87241972528876,"b",1.81252714991038
5.62912740272357,"c",-1.73809968261789
9.71890998802052,"c",1.62911115074531
7.3124284917345,"c",0.528105441488507
1.33514077971313,"a",-0.360444186597554
5.8692250781519,"a",2.23761689061182
5.14304334114509,"c",-0.0401996174749625
8.59387306758952,"c",1.894125331564
6.1012170381916,"c",0.024804649937664
8.68840461462943,"c",0.553425403100445
5.93967968217793,"c",-0.574350945442218
4.28166305183359,"b",-0.928337006439503
1.56467472199307,"b",-2.00042544129482
5.32262827370719,"b",-0.622068696299165
9.21273663065973,"c",0.727145566485242
5.67962098307577,"c",-1.10218330324535
-0.998588407964656,"a",-1.15946277085336
1.10792047504489,"a",-0.43890563975272
0.871619397400783,"a",0.159134206763553
-0.317611389788298,"a",-0.49460068553302
5.98612912961887,"b",1.21236784558103
6.29980563801568,"b",0.292632425911828
6.084966330728,"b",-0.0360424610323628
0.587766269559611,"a",-1.10261610256618
6.25814807656187,"c",-0.935640286949069
1.93170957314889,"a",0.460837326820304
4.31826539599841,"b",-0.332363462610624
2.41050451758243,"a",1.10616326882244
2.37765843352134,"b",-1.63369360485113
4.73292879515578,"a",0.335192800595372
1.50511925854248,"a",-0.524657444990142
4.32708132219215,"a",1.4633710753022
7.11708692636892,"b",0.427178041986582
5.2867291969624,"b",-1.02512982017635
0.098110414759038,"a",-1.30805832132281
6.2659832415403,"b",0.229601886628634
5.82172726007133,"c",-0.307021277811913
-0.276539374298982,"a",-0.0838330995421848
6.65036598837635,"c",-0.165731840611065
5.42464902421788,"b",0.655012558663501
4.46790074281322,"b",-1.07483472817753
11.1781920174983,"b",3.4709096034659
5.94606114368259,"b",0.294080892384018
6.72843834979161,"c",-0.536373846346391
2.2087460035187,"a",-0.144773495445704
5.95869283671937,"b",0.542130527840553
5.8566552860215,"b",0.634175193192408
1.88968267506555,"b",-1.77485606890494
-1.28379139541721,"a",-2.06613588468656
4.65304951273069,"b",-0.0899069094632118
2.86408327605829,"a",0.836802178058687
7.59274011836701,"c",0.166240833093532
6.97937038933458,"b",1.02552557344612
5.05338470443018,"a",0.403188458132936
3.12421745367357,"a",0.4115921198628
7.90040075426817,"b",1.68018682802245
5.79811856737064,"c",-1.06210757323509
-0.454288445213694,"a",-0.791235649678155
5.43810243152017,"b",0.388512274160985
1.69863316862585,"a",0.253998499450374
-2.34850126126357,"a",-2.18716829258598
6.27879583456985,"c",0.537800433283471
3.86898686845122,"b",-1.28988641170683
3.70074445232352,"b",-1.22554397015877
4.56328495684067,"a",1.72711355277575
4.98609999844953,"b",1.1603578032903
0.508430758280558,"a",-0.74816158375162
9.8859915832565,"c",1.66667232493041
4.40944133978505,"b",-0.529697424571316
2.56114387139952,"a",1.02864835063927
8.17511620841924,"b",1.3767179910649
2.30659897036019,"a",1.33100295826265
6.99757942883379,"b",1.25465594943585
4.19810485591043,"b",-0.287334553809268
0.362205725602775,"a",-0.546735518159085
5.33961123823035,"b",1.253927471065
2.57586746088583,"a",-0.0717229189590111
5.45960498055107,"c",-0.682436621264268
-0.341788427524873,"a",-1.02499645828567
5.52389254180451,"b",1.30157781471653
7.49889589590931,"b",0.758060825406684
7.77580949309774,"b",1.4796143353762
6.37901058158815,"c",-0.619562406414632
2.52057416197395,"a",0.259687227256229
0.0477288810201137,"a",-1.08652092497737
1.86770514387128,"a",0.086223563193975
1.71583078101245,"a",-0.846202449052606
4.76599034687096,"b",0.388905864370388
6.94123255681619,"b",-0.0376358153463912
6.34350454410403,"b",1.44560164892583
6.87141742455093,"b",0.317224482102685
3.82199977495786,"b",-0.403980490819091
4.90193041546526,"c",-1.74023733047524
3.30053734348147,"b",-0.452821278920118
0.652925199142422,"a",-0.586087506559595
5.58734369729212,"b",1.14791904431639
5.47531097968861,"b",0.457363259644693
4.72292465233419,"b",-0.587806362058572
3.71563550579788,"a",0.227914940694947
0.546798496634329,"a",0.134147741846246
3.3302099869442,"a",0.329327772114258
5.8220867869777,"b",-0.297512213642794
3.87830074809978,"a",1.18498797306452
6.31055582521453,"b",1.30953538662527
0.98614190616487,"a",-1.17045526511543
7.46562042609705,"b",0.996118866300114
1.1999543099874,"a",-0.746997016690059
8.16900633048062,"c",0.221867656465582
3.03574094756405,"a",1.0009452311825
4.83702768302054,"a",0.494143258559294
0.308178284622341,"a",-0.00844441753463621
1.82020047191479,"a",0.0961369855328748
7.97193198990604,"b",2.25070523918321
7.96786492232886,"c",1.4366346913565
2.33136110407563,"a",0.0104077495384871
3.49667135234222,"b",-0.320791891518128
8.09118669838589,"b",1.84167486726203
5.2331768157627,"b",0.0899247252253416
5.50901757907273,"b",0.402792818116791
6.23731592831095,"b",1.30939370465749
1.23850485596461,"a",-0.613254222725411
1.61418311035369,"a",-0.435480084919432
1.60491565664866,"a",-0.382106084270801
2.3910500435486,"a",0.171328176109932
-1.48209284697232,"a",-2.4165624634469
4.33499691069943,"b",-0.41817143658625
6.72245397695987,"c",0.707195564900496
3.63977252326953,"b",0.31180753531698
8.39075732374596,"c",0.350640156782387
3.90843047853415,"c",-1.58686541262596
5.07847525195506,"b",0.216521654079693
1.5510829482139,"a",-0.114749842879395
8.72412706963519,"c",0.0203381232290744
4.74113992129064,"a",0.892790261937783
8.91791719722667,"c",1.44808414754465
1.29056787663363,"a",-0.252030872055031
2.78017674491065,"b",-0.597471279167578
2.47475800737472,"a",-0.247740839749518
3.70394464133439,"b",0.774365940151648
6.46014381659119,"c",-0.118587206170082
6.54970216668735,"c",-0.417581271100897
1.01468625605851,"a",-0.052426353257736
5.2672414750502,"a",1.35395020283372
3.81697367035836,"b",-0.920651427306943
3.38162120860499,"a",-0.310771373996955
3.45125882158011,"a",-1.05580296818196
8.00378898220819,"b",2.2387442557997
0.49103592065625,"a",-0.473062140033249
8.63791082781104,"b",0.906054085480868
-0.0198066121661107,"a",0.037916931594142
5.0203378957001,"b",-0.175362283023761
5.01330792789728,"b",-0.361609025278738
5.56071469989496,"b",-0.803621542084907
3.30506699168389,"a",1.34157635107538
1.86698192547101,"a",0.625930654378281
5.17285127804027,"b",0.0311307079941854
6.13787170501584,"c",-1.09491334946943
2.63758514476246,"a",-0.486414065558645
4.99890375533311,"a",0.953093683264103
5.09008330659769,"c",-0.994513348092816
4.58458005779545,"c",-0.571870322518041
7.12547878575478,"b",0.783173181570287
5.15184107805117,"b",0.381366421089077
4.82185721842479,"c",-0.60005817395716
5.26683964907335,"a",1.65261512009413
4.03487257059244,"b",-1.19076693514159
6.80005896883707,"b",1.41567745190252
0.436287233766446,"a",0.814172817192482
3.84032855130312,"c",-2.09757104835645
7.7889743432361,"c",0.320165082487674
2.86508719708456,"a",0.801025120424051
1.36795222305645,"a",-0.791680654042777
2.74873503421855,"a",-0.0106662632339682
-0.352858106541392,"a",-1.62351793994448
6.29152516705312,"c",-0.907567051887799
4.32777594767333,"b",0.136766722422639
3.4117588511919,"b",0.271187956531974
3.57554710172743,"b",-0.07366121520502
2.94592248065296,"b",-0.77443032842804
4.29906733755437,"b",0.593816135526189
8.9723038147115,"b",1.32750455958168
0.307093295167527,"a",-0.600835831817181
2.20113137765426,"a",0.0565068582510194
5.62542293083094,"c",-0.531076289581877
6.53467097266688,"b",-0.0808987843769502
5.38691124541761,"b",0.160755586671381
6.55129821009052,"b",-0.102140564663634
5.3908273990147,"c",-0.354749969786071
4.82422560932149,"b",-0.471227347093368
3.63979296780809,"b",0.0340441773616117
4.64889839830192,"b",-0.200721207356766
4.96606736336817,"c",-0.544448628769274
5.34106028257986,"b",0.377362269645537
6.09831968050296,"b",0.403728160580446
6.70081252889423,"b",0.170236937543032
4.4016478698587,"c",-1.10107992122072
6.42380704726209,"b",0.402469699291095
8.50521378504221,"c",0.425816177210946
5.75438165250248,"c",-0.283128718862383
9.16915021048398,"b",0.553632072115556
3.44213014022,"a",1.26435623247709
7.19263575130573,"c",0.327802463194629
6.32410861255853,"b",0.765106373309395
4.03909269852633,"b",1.28257345881025
11.0937924950894,"c",1.65888693382934
1.94660687887513,"a",-0.480729813134911
6.23922299756448,"c",-0.407834514587087
3.35314767622844,"a",-0.328918791729082
7.3687652865188,"b",1.10107658785062
6.17508370395509,"b",0.581717960782718
5.14354240211185,"b",0.957779202757363
6.99908676819474,"b",0.301421804337359
1.56948082840437,"a",-0.288461063573085
5.07098144937148,"c",-1.45615158789359
4.46717645393045,"b",-1.70465154066219
10.4934400049732,"c",2.01122119129554
5.12863076188782,"b",0.00396133245276825
6.79486051302859,"c",0.558221906568822
7.9055655815836,"c",0.694493685600807
6.54001461349535,"b",1.44632123678831
2.30636792141796,"a",0.633468743359524
4.76421862750352,"b",0.0263703369604992
6.86435365969504,"b",0.742875516154548
8.79941591851077,"c",0.347303392127326
1.06952617891656,"a",-0.628654925909304
6.09765869599238,"b",0.958491926298926
3.03505073583214,"a",0.164441350143759
6.12804354203926,"c",-0.034705900963032
3.9544465907547,"c",-0.920743815374439
9.31155033599846,"c",1.14805514963721
6.31850946465181,"c",-0.389880110029636
-0.54536857318884,"a",-0.0992632632773881
2.74312729625321,"b",-0.0279660623672148
2.1988608568018,"a",-0.0569888848706201
8.86083178454349,"c",0.555659016748442
8.91878682863273,"c",0.901923838993518
7.4756578022719,"c",0.536623088234037
1.39076096594578,"a",-1.47118613826484
2.41634462138397,"c",-2.40935940826857
6.05292562407185,"c",-0.365017377779538
0.95148236457759,"a",-0.181268484634166
5.21990670369025,"b",-0.149062942660811
-1.80091348275689,"a",-1.39271469385941
2.3529427710514,"b",-0.679359244378277
2.18323601871581,"c",-1.81911796861397
10.8669427755384,"c",2.63898221848215
7.14460279659222,"b",0.546608278218245
3.62832055881245,"a",-0.0061539389294077
-1.78781936106528,"a",-1.8901394678583
4.08652071616438,"b",-0.266783371165174
5.25617459537278,"b",0.820431010197318
6.48223302726724,"b",0.778193540049604
8.02200385273397,"c",0.454092023522563
4.87596332609882,"a",1.41005217305168
-2.59234769219411,"a",-1.81106410509648
3.89410267173011,"c",-1.10245174108699
4.43567996305968,"b",-0.0191678713168816
4.47872095870704,"b",0.149303719680044
6.71535969758627,"c",-0.532431870264935
8.61758399416654,"c",1.19784612620355
-2.71281860869157,"a",-2.0425957688947
1.6492597458232,"a",-1.01431086481328
4.83666295584778,"a",1.60391822138318
7.52548703769922,"c",0.892350034157026
3.4356240383126,"c",-1.51770556163796
5.73678936888289,"b",0.823528276152144
6.45588816285338,"c",0.365562248008499
6.45800658143493,"c",-1.33092166830989
7.22419887585853,"c",0.3595761544677
8.33625121005448,"c",0.892994609988693
1.28160994542282,"a",-0.995098995899314
6.28153930757304,"b",0.51967192258579
1.88312965200416,"a",-1.23573344828329
3.2893393848152,"a",0.529726874322074
2.47319661766354,"a",-0.983041720955936
5.87105587421954,"c",-0.375745484254249
-1.04450469599013,"a",-1.04173538449989
7.74750798009343,"c",0.697667357430169
4.99797662559851,"b",-0.144448803419361
8.52104914325424,"c",0.498543397139294
7.08911401299896,"b",0.617336709876794
4.80295364426284,"b",-0.00454114147551432
4.57365965912109,"b",-0.0912563600897754
5.2010932791549,"b",0.399959374815336
6.59259504840601,"b",0.588901656549108
3.35203566759817,"b",-0.0168780393868136
6.39984072773085,"b",0.418704182088633
1.9131177585212,"a",0.800727964524838
6.91141553674121,"b",0.679893103827864
3.78666245226338,"a",1.30966392253954
0.867582965280716,"a",-1.89121447886908
4.23085488738097,"b",0.344907334668953
4.73658241645302,"b",0.154762656644616
4.06561284261232,"b",-0.766441731925565
6.16070130326027,"c",-0.752915043322023
1.3620852591476,"a",0.524270675654365
1.38025596988191,"a",-0.355425297900245
3.06144334033579,"b",-0.260266497121109
8.30390419678021,"c",0.507208110031767
6.20319596143638,"b",1.14320521055163
10.4643167552928,"c",2.0668175182942
4.26407307715579,"a",0.769866343085377
10.1816341314681,"c",2.00199794550677
7.71732505731773,"b",1.27162090872777
2.40565299538561,"a",0.333520245850298
5.41685691702798,"b",0.254072676090529
8.45683394523181,"b",1.93091427212792
3.5119991329758,"b",-1.012929867412
4.77300584785476,"b",0.0644444403932076
4.27545025467647,"b",0.192373891357855
2.49012992828674,"b",-2.34002446260473
3.44640440874547,"a",-0.351765901032242
6.47860731193366,"b",0.346590938682391
-1.20081486725096,"a",-2.82894105870644
1.93306664664762,"a",0.367872703584524
4.68330731579757,"b",-0.285484066118437
5.76876341713568,"b",0.442733260452948
6.67501318858367,"b",0.71767113004586
6.82053958844435,"b",1.42389508632609
-1.32800229145128,"a",-1.68539115613733
4.9232077111363,"b",0.0417293162320748
8.86541176351496,"c",-0.632943830350313
1.69796983818608,"a",0.0300992464318592
2.79286788750945,"a",-0.129143576065387
-1.4469671771275,"a",-1.17589928573267
2.25794481498089,"a",-1.80681938019899
8.71397798223217,"c",2.12031372450078
5.15390178155458,"c",-1.32440568336117
5.4569090652965,"b",0.275021593266166
5.15627655938599,"c",-1.1088631832662
5.6183104352045,"b",1.50774050493814
1.36196767667952,"b",-1.76729877966445
1.77691281157369,"a",-0.888592273848649
3.33064840559824,"b",-1.21905138661598
5.02828958461453,"b",0.0502813662769896
4.5814883279456,"b",-0.490812951536646
8.75369086477531,"b",2.3850599584663
5.15960928878275,"b",-0.00438812697078212
7.77874550839828,"b",1.33169035546128
3.84804118981837,"a",0.820808669126654
7.33061783016709,"b",0.685679030525222
2.6909403270032,"a",0.515880947876038
2.76003387874942,"a",0.273801847190434
1.76798269604285,"b",-0.713335909234142
5.82392688000686,"b",-0.343044145090591
6.59815252953435,"b",0.468979532578923
1.08332980706749,"b",-2.47583251603368
4.11044999364682,"b",-1.85544128847299
4.12805795292883,"b",-0.420507917893379
-0.447020656573009,"a",-1.86603756721418
0.694951173524746,"a",0.113504700739202
5.91770055302218,"b",0.470018677123532
5.55229700379804,"b",0.884594160133231
6.04146204838924,"b",1.11360999293018
9.75157373039564,"c",0.566850429321619
6.99549080480892,"b",0.546022842611285
1.66938057012829,"a",0.23984260522916
3.00820997704988,"a",0.0341353438230838
6.80377809817036,"c",-0.808091219300186
10.9402623074274,"c",2.22763232322792
5.8233300967704,"c",-0.792524128713455
7.81657504892544,"b",1.69728053235192
7.26935518105685,"b",0.938924807290475
4.67293309400939,"a",2.03529495828804
9.65506433705696,"c",0.731626386528303
6.25180388687946,"c",-0.419847340595375
5.67123165029443,"b",-0.309743506851099
0.228217190383238,"a",-1.36067647446631
2.89851503092966,"a",1.03771431038458
5.00605147023042,"b",0.0462178272837365
7.4582896641793,"c",-0.0577733552767567
1.54251732502659,"a",0.0767390706997009
3.45213884453984,"b",-0.633641164106258
1.95700436370072,"a",-0.423413462128983
6.75597791390568,"b",0.776691007043517
8.05890027280217,"b",1.31090723646561
5.63357151569233,"b",0.0583013062676336
3.29164709039519,"a",0.245398357259442
1.84202281779606,"a",0.232324718377114
6.94725153181615,"b",0.188775899725465
7.29618482436304,"c",-0.241815887985519
7.59618818752722,"c",0.572136317124428
5.60243075596405,"b",0.705791797687352
0.935360345599891,"a",0.204899603994032
8.60893682850664,"c",0.552103380111652
2.59016041769292,"b",-0.568871310357778
8.66182182565758,"c",0.192717755598882
2.65560643149856,"a",0.621347221610975
7.22857072801582,"c",-0.10721561163254
5.86705980687084,"c",-0.124075919558077
5.13365546085277,"b",-0.465021846854624
4.28458504931735,"a",0.573407762486937
2.15039717576397,"a",0.254936081717929
12.3890540044843,"c",2.67214420120392
5.32836249102574,"b",-0.134495017662124
5.64660773269686,"b",0.111574061825906
4.09273897356998,"b",-1.01000268728494
7.62192250139646,"c",0.887879801316049
6.17393957198849,"c",-0.307217559138982
3.72503805745681,"b",0.133164992636376
1.85742812406636,"a",0.945326369680402
9.47446069209666,"c",1.52568672984904
3.30596559651766,"b",-0.247450568194144
4.30602229910947,"b",-0.35660370110431
0.654528066592067,"a",0.207968407569953
4.97463383709535,"a",1.20925334744545
2.6677020745562,"a",0.116558887074206
1.40524623388609,"a",0.192066193440929
8.56114737744741,"c",0.786616109492443
6.97133890625865,"b",0.739840689710885
1.98661690184156,"a",1.08669203144834
3.88894330471911,"c",-1.95280729969486
3.111751175686,"b",-1.18242682652454
3.63837372444209,"b",-1.18067847791903
6.83795373683659,"c",0.376981101876066
0.640180025176437,"a",-1.35679104068327
4.38936488047979,"b",-0.22860827167565
5.05608850092516,"b",0.423256564904682
3.54965404200317,"a",1.94090825966462
-0.819287060702056,"a",-0.241019348067338
6.50144476048059,"c",-0.0209705719304921
9.13847038958218,"c",0.235647056296984
4.77634340588997,"b",-0.595344815613527
-3.6530096046068,"a",-3.19955843375579
7.54269004842478,"b",1.5112784716271
-0.380243964108765,"a",-0.343587003482767
1.68921793090265,"a",-0.716929115298069
1.9386358928072,"a",0.287909147297481
4.87289300620784,"c",-0.617472756244325
6.98723522481494,"c",0.920167406912455
7.90933387984938,"c",-0.454100665235518
5.91480050493416,"b",0.855761324504685
4.62546601281685,"b",-0.233542837588828
2.30450532762028,"b",-0.978371478897954
2.8268102142069,"a",0.737215963533883
6.95198502995395,"a",2.44160362468046
2.37947698206876,"b",-0.992492651489919
4.15027782283987,"b",-0.440736144505333
5.09012182097689,"b",-1.16938753229774
6.81804560310664,"b",1.59198798945038
6.75684854687777,"b",0.127274716720975
1.27614828811046,"b",-2.32709865557149
1.0262717595794,"b",-2.19677491732732
6.52858137504358,"b",0.939165264428458
5.27062784231503,"b",0.299162155572667
4.51689474294339,"c",-1.98992669349438
5.21251239700825,"c",-1.20413480040692
1.37259802905934,"a",0.398345738001552
4.16146432044784,"b",0.0447565860236231
1.89897468979689,"b",-1.8661608131691
5.45618979270013,"b",0.752522837991073
3.16742901849578,"b",-0.425684374542395
9.19462948022472,"c",1.24417031633511
5.78718294554783,"b",0.450349279282091
6.68354160573374,"b",1.18280748259793
0.557170658835935,"a",-1.96397811110401
6.48953638063018,"b",0.746612868701424
7.80190181134168,"b",1.05132374710196
4.8252565669419,"b",0.524171085063729
-1.385963921815,"a",-1.11558427972452
1.49988943479019,"a",-0.04776622165316
-0.547411919257536,"a",-1.91702894207942
5.88153538546381,"b",-0.571730237839681
5.80679254704993,"c",-0.748196633636421
5.7053809798581,"b",0.345178956409604
8.65181568548049,"c",2.16395110444013
4.16514333483513,"a",0.336646342204412
1.89953536701259,"b",-0.41786398353582
3.55534459656797,"a",0.923691020706286
1.82179566888425,"a",0.766766592335207
3.73700650432918,"a",0.248748147903931
6.35405871821669,"c",-0.657218034949707
6.07042528472618,"b",0.583124169133963
8.52075936176372,"c",0.690682867666824
5.47753012766036,"b",0.291864679995948
7.14800813747842,"b",1.92307416746338
10.0299718956008,"b",2.30612974849875
1.83994362321625,"a",-0.98919526784311
3.47488560903095,"a",0.401427408509758
5.55481954868693,"c",-1.23238817325492
5.3924702735116,"b",-0.544689343472721
6.15478704187378,"c",-0.434532959022116
2.88084368959784,"b",-0.140845191963231
7.13866331382319,"b",1.75814127006527
2.79870114043946,"b",-0.830141420577255
6.08445203635459,"b",0.514427756122244
4.80387060593302,"b",0.787131076627757
7.82529853215206,"c",0.242015513717525
6.29606692601662,"b",0.559916806561637
7.14541797325538,"c",-0.650418509012264
5.5507763770978,"b",-0.458392616404943
5.17280169523003,"c",-0.680486321714024
3.4337518514222,"b",-2.19243732797149
8.17143733420521,"c",0.625987094854832
5.64034235145172,"c",-0.415461682891878
5.31794865344363,"c",-0.17630383376965
8.08707270853182,"b",0.665259163558917
5.86437728104425,"b",0.0498835161725022
3.13095661818954,"a",-0.111450292883659
0.624168624094684,"a",-0.529151371898205
8.26241677552936,"b",1.61586225377977
3.48311876846586,"b",0.139510593333388
4.35457842642177,"b",0.119583697425689
3.05941592611206,"a",0.979865755338673
2.11571982954071,"b",0.379384347932197
4.57623254973133,"c",-0.880212619427024
2.0054129147927,"a",-0.406452972046551
2.41182694539795,"b",-0.777125159688669
2.06409916289994,"b",-1.68350202776482
4.58848717271741,"b",-0.166982560101955
2.01049637055344,"a",0.593948229116086
1.17972938549986,"a",-0.518159140749172
8.00077367935779,"c",0.44119836360764
7.28923296782161,"c",0.755600865049457
4.08680643748366,"b",-0.112960860177346
1.70101610967409,"a",-0.47462538771123
2.55412254820298,"b",-0.702121930359935
8.23408177492079,"c",-0.279371035837961
8.86875024013817,"b",1.56420974922256
7.4224482134131,"c",0.091093609568575
4.32664965938919,"b",-0.462187981024542
4.8714057958909,"c",-0.450438751827904
4.78447525114431,"c",0.0730966154107931
9.01300486606984,"c",0.131353009028611
7.17141254082311,"c",1.34563639889239
3.3853987534083,"a",-0.423361472072342
3.84056776268298,"a",0.976942283768021
5.2294404393991,"c",-0.6309804050454
2.43386611245281,"a",0.219751181001007
0.0213160252714701,"a",-0.345672485091224
8.40634365809806,"c",1.0059050442053
7.92417929857603,"b",1.39731579966728
9.1287963027547,"c",1.53536108075324
6.78080494304502,"b",0.684528247552368
5.80066763955848,"c",-0.505352566351759
7.23769055960311,"c",-0.124233092127789
5.85281911075857,"b",0.301334745178827
-0.812927179658591,"a",-2.08736714684124
5.17101503812265,"b",1.4203970626931
4.37727875946382,"b",-1.06897934731921
1.40708624662911,"a",-0.459351897002142
8.21220632431445,"b",1.33166610954918
5.76867291294231,"b",0.409776277697745
8.91243721275154,"c",0.472336504221015
4.40462878471428,"b",-0.749698629326992
6.7696582226035,"c",-1.60169156402432
1.56976202778309,"a",-0.791447325580303
3.32477978370247,"a",0.502010547640313
6.71594244276934,"b",0.717195270520938
2.9312182420512,"a",0.0433551906169097
2.08311191886809,"a",-0.394144346444174
2.48998243084054,"a",0.380004825407965
7.24082778868303,"c",-0.622427952571525
7.31488584618571,"c",0.511387206007391
4.88352061298769,"b",-1.10137305663194
9.20145589728843,"b",1.86141559956748
1.49264554112366,"b",-2.70498912238434
8.34636543038831,"b",1.41793781636752
1.62896974064134,"a",-0.655309498116006
6.30452688509302,"b",1.25228304742217
4.83784588501037,"c",-1.46028743217333
5.28508680808969,"b",-0.330734876793339
5.10514786335537,"c",0.210817790526989
4.16472191772126,"c",-1.00949926422224
3.46827293276323,"b",-0.534776646171062
7.26820042832842,"b",0.49505827488594
4.79464835690654,"b",0.548494049782142
4.497054892306,"c",-1.22774261421895
-0.72778622090493,"a",-1.00661264436047
5.31460002222119,"c",0.207167201609838
10.3658709665407,"c",1.41740118033914
3.61881028233487,"a",0.747089396555255
3.15790525895979,"b",-1.51943307234853
1.10902722752237,"a",-0.720070739324317
2.35794612356485,"b",-1.83821203439613
6.883468478876,"b",0.784395864352993
-0.304114931727039,"a",-0.871052149527092
3.59699634068625,"b",-0.0108663130165317
6.00283711433832,"b",0.609141558215759
4.80496140871091,"b",-0.133051648058773
5.14074042838683,"c",-0.849531062880063
2.37468571256795,"a",0.115138725174226
3.13786265222808,"b",-1.331337154012
6.96284673969697,"b",2.37445827173169
-1.19376242780931,"a",-2.49583641731167
5.04610070050959,"a",2.20367615406188
1.78904367533382,"a",0.571396927069173
5.93989485342776,"c",-0.583745237218935
6.84360752946935,"c",0.274860357622418
7.18675159038523,"c",-0.0482891959610158
8.30659784237215,"b",2.25246864177724
5.35715320027055,"a",2.20798222218406
5.63833658146596,"b",0.766845014645972
1.83464293531483,"a",-0.284191743792878
7.68074552330826,"c",0.151645292541353
5.18371663488579,"c",-0.781106086643039
3.25090136352609,"c",-0.957398363247324
4.39445869572728,"b",-0.30434111795109
7.87988847438688,"b",1.5308786534036
3.67946103526208,"a",-0.478305936644692
6.353133305503,"b",0.275964288525917
4.9751724648366,"b",1.29277985593516
4.13739501490084,"a",0.424010706580774
5.13335989273002,"a",0.527765253770584
2.52656138076223,"a",-0.653829982143573
5.66187031676101,"b",0.121675552673985
-0.551231273443238,"a",-0.986863054729454
0.228126891192929,"a",-0.755594462248608
-0.0233336525650735,"a",-1.16098995844004
5.28695716926689,"b",-0.442801523619572
1.74557197795507,"a",0.334947784039575
1.27784350467289,"a",-0.10065856814523
2.62040132842497,"b",-0.975536842960497
0.00279673381667911,"a",-0.973216625621073
-1.10476614260433,"a",-1.34078652646553
7.56686065862446,"b",0.414102402054408
5.12449384348754,"b",0.274162429825081
-0.0681994613515918,"a",-1.41396295051925
2.19156757236739,"b",-1.68193057318907
6.65573606276975,"b",-0.0700861139491127
5.49952650466171,"b",-0.460309029288299
-0.575571000655688,"a",-1.20714570347743
8.35832414402999,"b",1.0404412181286
1.58421977636612,"a",-0.0662050121858745
3.57672924485717,"a",-0.0198577785368134
7.65418256386082,"c",0.615556223378135
2.00429165126688,"a",0.420382969919601
1.55853297082951,"a",-0.327954877427185
-0.569733644796293,"a",-1.1344563021002
4.39182446760373,"a",1.18226830511672
-0.792202236375891,"a",-1.7107858033122
6.96102259162583,"b",1.3794490444046
0.972118769223727,"a",-0.541005329157528
9.90134438006931,"b",2.07546679173333
6.01693836127962,"b",-0.20476050301274
4.23573909451326,"b",-0.551416985520336
8.06084924200299,"c",0.0411968667731968
7.6296469638693,"b",1.3170476310258
2.88604113876809,"b",-1.80965020341038
2.41803081897687,"b",-0.307988794620669
8.9068432022732,"c",0.294561194585387
6.8590606599701,"c",0.147770817116647
3.10648650388425,"a",0.115951531975112
8.34423368049134,"c",-0.32333184856328
2.73642809275405,"b",-1.14036672389761
9.76376837712815,"c",2.86131949086317
6.58034925964417,"c",-1.45138694483397
7.34950731238116,"b",0.983744020219985
2.16078653682425,"b",-1.10784132708532
1.52088882168293,"b",-1.99889265684803
1.34784867030023,"a",0.15072249695782
9.74127909710124,"c",2.10896809219341
8.98470598749519,"c",0.629190672836399
1.10445745758975,"a",-1.63764554215991
6.74496044030319,"c",-0.658475714017313
-1.12720550600111,"a",-0.750308265911284
2.34273860068677,"b",-1.1451318955246
6.49884599710698,"b",1.0276132769215
9.99902343869524,"c",2.47804042183143
-1.37783401331653,"a",-1.4533163643196
6.65799228097733,"b",0.822264445361829
3.73213301160852,"b",-1.06644799364953
4.08081851169774,"a",1.09430673251488
6.23606417699714,"b",0.220596182329357
3.10072895607412,"a",-0.283239590537479
5.21811824616359,"b",0.710050753433561
5.60868787166588,"a",2.21047686646211
8.46767983847008,"b",1.41206657562142
1.50205648382437,"a",-0.196598080152223
5.64371395324845,"b",0.75538456981956
3.49722846958482,"b",-1.09410087019746
1.3198288030875,"a",0.430180024146149
5.47668198207718,"b",0.960549711583255
2.65180890527171,"a",0.459059522904321
6.24553310479077,"c",-0.596455394517825
4.67366283741265,"b",-0.0450862072387442
1.57451203243745,"a",-0.581518594777576
1.82684398620662,"a",0.442863237126202
1.93480890283605,"a",-0.310230689543812
0.252914590038476,"a",-0.222829768082489
4.19012084742776,"b",-0.632586792692066
6.01576651440564,"b",1.06719019915197
5.64557006587501,"b",0.337395921464703
3.92387087675217,"b",-0.953645663654521
1.32788982739369,"a",0.251173574136911
6.47071860029362,"c",-0.548148703547833
7.73084364397253,"c",0.103236017603065
5.28125818527687,"a",1.86601650513967
7.23836606606398,"c",-1.04099380528512
8.56060642455399,"c",0.219983787127424
0.199808976939093,"a",-1.42379490646875
6.87168506911502,"b",0.616017410030352
1.86531175730114,"a",-1.44156317991408
-0.831789866266079,"a",-1.70176482285391
1.61422171638275,"a",0.557212957800765
5.28812006838995,"c",-0.750511117127875
-1.59564164288063,"a",-1.97093294572214
2.02585306792059,"a",-1.32446345093933
7.71640789622279,"b",1.07553289349939
5.34874822522584,"b",0.175835094185016
1.34859724465873,"a",0.207924799285704
8.32880135147272,"c",0.893202765882201
3.32232041453194,"a",0.198609916658263
-3.86443338492759,"a",-3.18128256470893
0.00524312837714502,"a",0.0196831947042364
5.77816484905895,"c",-1.39417140470677
2.15647140432062,"b",-0.933235885173988
0.795401664102909,"a",-1.62904088146867
3.32941077914773,"a",0.369097639109454
6.82080992711325,"b",2.28565638502981
7.63417166882115,"c",0.486544869581778
3.60014637595286,"a",1.93215222070259
-0.206363017713369,"a",-0.232129022732062
0.477091712828287,"a",-0.537445056633885
7.61985555338399,"c",0.786101903375549
1.33150432365611,"a",-1.25237291022481
3.01090620397747,"b",-1.32416495483461
-2.25014274594987,"a",-2.96823317332063
2.8711204756991,"c",-2.22571817714071
6.18406400735752,"c",-0.441654172428568
6.93909209685852,"c",0.124644128489496
6.26425487038879,"c",-0.349997232679237
-0.509125135643638,"a",-1.90349930252085
0.490640941289569,"a",-1.15404434196501
2.67833903726832,"c",-0.78918347437427
6.47996331605746,"b",0.899402278193938
7.66722585150797,"c",0.316039999076679
3.30423922090668,"b",-0.826987275162978
0.766817616084722,"a",-1.61457054350712
6.02137656235628,"c",-0.166432120087956
-0.38415904071743,"a",-1.77639192189298
4.83905940800939,"b",-0.666884015219462
1.76216337614183,"a",-0.307965069586008
6.6428979907659,"b",1.22252541528467
2.15781512452872,"a",0.895862262639488
6.37985016096103,"b",0.203905063037902
0.923691471347878,"a",-0.215998412229601
5.24552564304118,"b",-0.488006321935387
6.65272372138446,"b",0.602052313710202
0.608821385664524,"a",-1.39410021352359
1.21141605942087,"a",-0.354163671111447
4.56176519366822,"b",1.23104957794247
1.41733537723236,"a",-0.813405828015018
-0.746253102705139,"a",-1.526672181655
3.95426962396778,"b",0.000913154019056691
6.30398982598181,"c",0.29515790450453
7.00549226470674,"b",1.70653756587127
3.25333184543425,"b",-0.907496040184693
7.19443821693698,"c",-0.526613810298107
7.15823168497216,"b",1.24000855550231
4.07066921687663,"b",-0.267901819188712
2.59678884054573,"a",0.304236349386971
6.64381480437776,"b",0.470303455680992
3.29377018645809,"a",1.2861921743485
4.6597403811592,"a",0.916977260029937
1.35389937987719,"a",-0.0409726646299108
2.83260227206033,"b",-1.28916280671522
2.04944576177634,"a",-0.0792973699461192
9.08250236252994,"c",0.739894802319146
5.63631758409805,"a",1.27676023028368
6.84309322651578,"b",0.665132817105951
2.84420337501282,"c",-1.52269035459494
4.27899492196354,"b",0.126223111685365
5.18124565698586,"c",-1.13138211800086
3.65766799440712,"b",-0.477425235416266
2.8725216329806,"b",-1.09847279446978
9.62731473238805,"c",1.70744236642163
3.82941444640946,"b",-0.184102959599903
4.23922003628948,"a",1.8614262207002
0.0280915829219264,"a",-1.74204706626444
0.592885796471393,"b",-0.783457421295061
6.328615730994,"b",0.795270542310834
5.30729351086204,"c",-0.532270009991016
10.3029116055904,"c",1.9858043427389
3.28812178024025,"b",-0.651800415504399
-1.53475015306532,"a",-2.15696206847162
5.53864047826871,"b",-0.0920274969247368
2.35745221288902,"a",-0.397400116998658
5.26791260202455,"b",-0.138327302570867
2.28141792098729,"b",-0.825764999237853
6.89070822956879,"c",-0.685661664496834
2.87187811082249,"b",-0.79271446858291
7.01738951630752,"b",-0.407004152261873
6.40718789267979,"c",-1.14867061145898
9.91030188567807,"c",1.11576046554672
2.50085520923066,"a",-0.879456778170004
6.84771683204616,"b",1.27932293753161
-0.943796402585713,"a",-1.45427725484716
5.91590998869036,"b",0.84222876919352
1.66961524022041,"a",-0.603215007812732
5.89930471891302,"b",0.131555027342539
6.17830973081516,"b",0.764444556679586
1.01205933525898,"a",-0.917135166591924
6.41566087678112,"b",0.23739451514297
4.30116718013627,"b",-0.0446890666120593
3.7251838022852,"b",-1.11855030356248
3.96991421893774,"b",0.576705022824006
-1.15761586015489,"a",-2.30174221004384
10.3612085616698,"c",1.54401138418949
7.47791839798038,"b",1.19632123896946
6.61360801920902,"c",-0.201676879864589
7.06739760423592,"c",-0.432271579852631
4.28544332379915,"a",0.346948643890299
4.19582335616089,"b",-0.485377933779251
4.33834753532378,"c",-0.195306080234756
7.77336815395379,"c",0.229797411715838
5.62057450366409,"b",-0.0946537580368488
8.02778998234256,"b",1.71019954048516
6.13281510736129,"b",-0.335749000921179
5.08825591365105,"c",-0.875324824335344
3.49203286418624,"b",-1.13255449171348
5.84246923602171,"b",-0.56602063273169
4.77962136078659,"c",-0.974384403128723
5.68853151867146,"b",0.945082340846264
4.92645133974843,"b",0.247741105300021
5.11818618584557,"c",-0.104674620432457
1.99217067833373,"a",0.0277616799037131
-0.60148852746525,"a",-0.907276482340545
8.71523949721581,"c",2.3509337520258
3.96628691423964,"a",0.808769724481045
5.21711257040742,"b",0.784140418846701
6.55397716704799,"b",0.170236490795333
7.00602431477331,"c",0.159197651530768
3.18093039330321,"a",0.678018100413371
7.37978225818656,"b",0.434371999584651
6.62730480720746,"b",0.780554430230763
0.918824065567223,"a",-0.444567758454349
6.46977191592632,"b",1.2715164118455
2.88300527121668,"b",-1.47339222749877
7.79750805404851,"b",1.82601047314349
6.58551597926534,"c",-0.0821605442182188
5.06047152848394,"b",0.207066157170724
5.04074092618266,"b",-0.0581589957425658
4.22735675603161,"b",-0.843052009454205
3.32196747338848,"b",-0.466487279539017
6.45082670238938,"b",1.51644902909499
7.80399757749491,"b",2.07396139462956
-0.0320277805890639,"a",-1.05674676492714
5.22316690540568,"b",0.355248794893353
1.21174814684621,"a",-0.537626676315252
3.8134247272788,"a",0.0903163658583597
5.01969416577727,"b",0.348538284602587
3.44962231397638,"b",-0.517518995099845
6.81647000005576,"b",0.287301302415267
6.97924915071318,"b",1.66807499684583
3.88636915243669,"c",-1.08093672458647
4.62284037399154,"c",-0.397851104622374
6.28787651273115,"c",0.297208816443405
4.36365800002884,"b",0.37342905926644
1.97541330840657,"a",0.0675844815430184
1.01321088284158,"a",0.346634030494695
2.14488814901426,"a",-0.164571372800586
1.46997796207865,"a",0.189982806585771
4.62435873816094,"b",-0.0686986351389328
6.88069011398086,"b",0.916450207694266
6.48453611643443,"b",0.71054961476212
3.65884541371008,"b",-0.0190896861258043
6.207285022503,"b",1.31312687307811
7.14643954940167,"c",0.170386155804506
2.80820482370949,"a",0.578816605533788
3.32697325673941,"b",0.227904874997665
2.77703671971694,"b",-0.612459865597317
8.58393863416914,"c",0.734030133030624
-1.46725612445823,"a",-1.85050186253115
1.89237268432097,"b",-0.968544839770566
5.54049520953589,"b",0.62762646905029
5.34425500945053,"b",1.24027762938144
0.661992263869288,"a",-1.5069030571303
8.77540795084714,"b",1.18259689371289
0.110170462343302,"a",-1.33418855936283
5.89134956981929,"c",-0.596320294015713
-0.180217151342468,"a",-1.32949216503638
4.89084154968843,"b",-0.182113418617215
4.78145406937139,"b",0.0491385446373278
1.28868061826493,"a",0.412076431613412
4.98812564129953,"b",-0.422353546385099
-0.237519232794349,"a",-0.0196536597344667
6.85435250858085,"c",0.303016425333838
3.25497681839377,"b",-0.972422343455087
3.66594433553483,"b",-0.701155053616588
7.91527628617059,"b",1.37843190060709
-4.04640026302092,"a",-2.95313731358376
5.13902408549066,"b",0.955836563019408
3.11153922962139,"a",1.06003423492052
5.1825658914614,"a",1.35096056599856
2.84635787152957,"b",-0.401555741178659
9.10629335095714,"c",0.839986980187327
5.163360177948,"b",0.215439257728434
1.63466537111944,"a",-0.637977201958245
3.97551657883503,"a",0.552847982050689
5.08111144479022,"b",0.370350824990752
6.33313821078006,"c",-0.389023767532155
0.537779403624722,"a",-0.460092848631245
2.77030376748569,"b",-0.26588619338727
6.26118663160118,"b",0.501441363321569
6.95463285216487,"c",-0.0523528269896142
-0.695541358211426,"a",-1.35217134346927
7.34738440603979,"b",0.308578530105712
6.53621919183926,"c",-0.366996403813651
6.32425964186287,"b",0.760815256528283
-1.05270585765353,"a",-1.20877829147781
5.08527316185612,"c",-1.90855673202378
0.154957100498351,"a",-0.497749386024871
3.14449177080307,"b",-0.637044510630347
7.65661847458871,"c",0.676231932030489
3.79569138372414,"b",-1.869411030258
0.0185869001801274,"a",-1.06855248625586
5.3513052226489,"b",-0.126005415934356
-0.0998802549366885,"a",-0.736284418428665
5.14429896168512,"b",-0.191241809184488
4.42462235600179,"b",-1.1983002633847
1.22321603021434,"a",-0.824254618506077
0.582869345430525,"a",-0.919532671174568
3.28238078673335,"b",-1.7438683437219
5.11826961370539,"b",0.383037424261768
5.82249702534294,"c",-0.541069423262346
3.39215204185052,"b",-0.555941097834846
6.98147662470946,"b",1.10895853127751
5.83188869304873,"b",0.667743594836766
1.01497101131948,"a",-0.693679036361983
10.2735201625868,"c",0.879992804711981
3.79102709841539,"b",-0.37897335718852
0.32908283641767,"a",-0.431248632603711
3.51794188064641,"b",0.166444699682016
0.24932613830224,"a",0.140519604666793
3.25721099477294,"b",-0.107546272655053
8.56906277772561,"c",-0.251987609311519
3.45077124733405,"a",0.40002038444736
7.4470407401955,"b",0.994170230292134
-0.253834706459975,"a",-0.393873589955096
7.83656956567103,"b",1.45176227538026
2.60831891949596,"b",-0.834997129573646
9.13677444546743,"c",2.0014571533496
3.2302742223204,"a",0.820293024018973
2.05480432339707,"a",-0.361525358178745
-1.44615215154297,"a",-2.12565181990003
1.07014642804603,"a",-0.39804944688126
0.830894656893309,"a",-0.347597923190669
3.91274198206016,"a",1.44495230883333
-0.0919338093939523,"a",0.376236073898797
-1.90049222097575,"a",-1.82111553207448
7.23237294678075,"c",0.272687271115478
5.72828177961146,"b",-0.942807734498255
-1.43684723921874,"a",-1.70089310223139
7.37949924282459,"c",0.9190367632293
5.54149891926915,"b",0.601705715750341
3.86141976798626,"c",-0.400022724222342
7.60273549181914,"b",1.43747168052874
8.32561560196079,"c",-0.312205370263461
6.25894387280251,"c",-1.68538439471542
2.57931801342925,"a",0.910952091072493
4.17787831588102,"b",-0.675000828576545
3.1125308069011,"a",0.137311566647961
4.84479684912285,"b",-0.923241797486208
3.9108667132475,"b",-1.30445974873968
4.3069364082177,"b",0.441432625274536
3.9471789439285,"c",-0.898687030626517
1.54972222209807,"a",-0.541572099750972
6.35133490465346,"b",0.72408190306176
-0.444401060338005,"b",-2.56237882677918
1.43684094476024,"a",-0.93721767452518
8.06408531672007,"b",1.52956064823639
3.69837001893354,"b",-0.00538613808929788
2.55884221232059,"b",-1.68318369036016
5.0456609403923,"b",-0.0494187800249314
4.65837576702084,"b",0.0454931089477718
1.93509917141355,"a",-0.775870282801966
2.92833137189392,"b",-0.685338106241904
4.98502149741264,"b",-0.0390248343539803
2.42657498600331,"a",0.839742870342485
3.20138695366629,"b",-0.841408017043754
6.90498946322723,"b",0.716228276161418
4.62584149992064,"c",-1.86746565295771
7.69066608318734,"b",1.99085671970778
5.04824765726274,"b",0.771086495860009
6.14576794580598,"c",-0.622598108012433
3.93051883589213,"b",-0.103594550359097
-0.444721803189252,"a",-1.2325383205798
2.23515349895576,"b",-0.93290786277324
4.03190664717262,"b",0.29751851452647
-2.95719077301427,"a",-2.06452596044887
5.65904521191217,"b",0.67724922249105
4.56533523301287,"b",0.83638305791437
4.71917926857933,"a",0.122243876490421
3.8999246524677,"b",-0.788249637189588
4.91854894308232,"b",0.633637015638911
7.85481004358122,"c",-0.203293498180638
7.45919054623369,"b",1.77577501258599
5.57256596131771,"b",0.503354149677886
7.14363549606261,"b",1.85994569369779
0.59628724596876,"a",-0.609493045570301
7.42637144753599,"c",1.15305532248777
8.24679555461942,"c",0.969349157258382
6.8376872790493,"c",0.637303157074264
9.91009140562242,"c",1.77216769250851
10.3994962583061,"c",1.17831056462201
7.08128672503634,"b",1.10070263616134
9.23375570755762,"c",1.37694807585475
2.03922578737436,"a",-0.717265373449893
8.28616228380014,"c",0.688512737577945
7.35492111375129,"c",1.26810145678412
0.0642666277963789,"a",-1.87208877844442
3.08031691759321,"a",1.24808294812689
4.84544383440534,"c",-1.07730040944452
-0.793246631130193,"a",-1.47416956665685
1.36099406601004,"a",-0.102761252843793
-1.57457717836959,"a",-1.71486614730381
6.58740062226365,"c",-0.774401637213465
6.92822923184293,"b",0.847553967889695
4.85102462170548,"b",0.0832352366570336
6.16872254325157,"b",1.28508496858323
2.80759159560819,"a",0.276044917953572
4.65214733166564,"c",-1.71114274542409
0.758759972118209,"a",-1.14955002154367
7.90210893587168,"c",0.159786319641181
4.18080145977549,"b",-0.427212686915226
6.67516818325736,"b",0.907002203909007
1.26979159122591,"a",0.150898962830839
1.73323165330795,"a",-1.10952726348854
4.92348158319981,"b",-0.548808731139672
5.46047085539073,"a",1.01878845500043
-0.912637711594117,"a",-0.945412080328207
1.47285303615273,"a",-1.50031585307676
5.11351167771321,"b",0.565164063059173
4.42696855625337,"b",0.182738767924744
3.54759395003089,"b",-0.796728081908326
2.8020467209709,"b",-0.0461864850495287
2.41359878508798,"a",0.15362674483473
5.59056850092385,"c",-0.766624414368414
8.53898152132622,"c",0.364753332338701
0.707195164569613,"a",-0.693518969658329
5.9787862775967,"b",-0.343156152059392
5.21898617793677,"b",0.742849337934101
2.53533313449557,"a",-0.285537707961138
1.56248685060935,"a",-1.66988367567976
7.23222177411882,"c",-0.264390041455333
2.65373807154879,"b",-1.69995439627627
6.1710055596474,"c",-0.526832813660561
5.58734247448,"c",-0.637015796844457
11.8574557818603,"c",3.17451978428007
6.60265306087626,"c",0.491205589873476
8.48174820188377,"b",0.44201615873174
2.250982183396,"a",0.2001981832427
0.498824877658372,"a",-0.529195211918201
-2.81100807123348,"a",-2.67716885487045
8.64458894809827,"b",1.8127119312971
0.921188306376225,"a",-0.516250386678411
7.16865027933976,"c",-0.862041813735341
7.36152346970602,"c",-0.629968970094094
4.49510261856495,"a",1.0749624618669
6.33596497274347,"b",0.745689854002288
6.0835052012502,"b",1.32158580355189
5.7492200537937,"b",0.279469141307329
1.26813181382431,"a",-0.115006245548185
0.434159261894628,"a",-0.250234587572854
0.911834588784142,"a",-1.55717429972123
5.44233874025321,"c",0.25959546534259
4.26197417294468,"a",-0.337374377540247
1.04538102907176,"a",-0.382965170050938
3.584448813246,"a",1.05269226069953
11.2388975425228,"c",1.21121347353879
9.39837418967577,"b",2.45369487222183
5.53172571743134,"b",0.464927336754254
3.68413751762288,"b",-0.0948498082529971
4.79215074059692,"c",-0.908331474152175
2.19090472074564,"a",-0.0333366032934899
7.98486754301928,"b",1.72059724640604
0.315848216462333,"a",-0.236251623660883
8.09014251666416,"b",1.70869864132557
4.29417695973987,"b",-0.222756799545589
5.15748410056275,"b",0.21033018312288
9.2102033467036,"b",2.48092038385889
4.17227095609141,"b",0.0271648423874321
1.94701897402853,"b",-1.45270517345354
1.3433877255975,"a",-0.673642807416947
5.16183208277369,"b",-1.05691633473035
8.06634039992995,"c",0.0898368491080017
-0.901832558465665,"a",-0.572289502826511
4.1911488576713,"b",0.378039438656651
5.28899018501009,"a",1.62382151287374
-0.393947256103152,"a",-0.976293562011762
7.30169370237162,"c",-1.0083744977457
6.06414775430007,"c",-0.256399512370766
3.43441363483886,"a",0.882816739912026
3.34911399741896,"a",0.376027123503681
4.96868659891862,"b",0.104450888453636
9.82497812429162,"c",1.57174942774957
1.69025057207996,"a",-0.268640998188145
7.0836767978824,"b",1.84852188608278
-0.771085853892648,"a",-1.51059647026223
6.56172034013965,"c",0.281061228694041
8.44764474782365,"c",0.90429346532004
3.64144770989379,"a",1.13865742762799
2.09320674601722,"b",-1.45233814369233
3.89977104120454,"b",-0.626353321542115
2.75737145574148,"b",-1.93207557597691
4.9055438263476,"b",-0.239061590311605
6.86703061108962,"c",-0.500271500433461
3.50887231057752,"a",0.987471730369109
3.28914137346227,"a",0.415421227242454
4.9531970842294,"c",-0.29611631915228
3.62929323674241,"a",1.36222173924555
1.53507547620433,"a",-0.144296461718731
8.98749654145577,"c",1.31572787554448
4.3985691439329,"b",0.666610766445117
9.40490070520862,"c",0.661363775992788
9.323085382281,"c",0.906720372580947
4.22975924119109,"b",-0.620599459294388
5.86179349963825,"c",-1.41157628682664
8.07112125436703,"c",0.810244286891991
0.76297516962216,"a",-1.30099800324336
4.51066250278205,"b",-0.903611801788592
7.65651420169442,"c",-0.218743464648836
2.63666973111663,"a",0.564587997180924
5.75578611887886,"b",0.609256391771582
3.78313023032066,"b",-1.83602086878766
4.03315934197542,"b",0.244146609668066
3.05738908489712,"b",-1.7713618338249
9.23875677904964,"b",2.25061026945178
1.74467151495235,"b",-0.943008853792748
9.28862838033567,"c",1.6868894561962
6.02039132024745,"b",-0.338811926433357
6.03126984971671,"b",0.620713591522164
3.43239352766179,"b",-0.802721086857398
4.43137502377811,"b",0.116593883188853
5.52891392798766,"b",0.608067392089781
7.95462407942169,"b",1.52794183545539
6.3425468121847,"c",-0.627075993917891
0.245765359562997,"a",-1.56426674597898
-0.19332692279214,"a",-1.22558199882339
4.73317945276033,"b",0.125967165114114
6.4549738077964,"c",0.259330821064604
7.03065517590913,"c",-0.275286508832528
3.19262116943135,"a",0.0497672155096357
6.32777688621351,"c",-0.310697724950738
2.34058613609542,"a",-0.421435447880268
8.37628153971156,"b",2.24620779511287
4.68271336788552,"b",0.0866573729924924
9.45566565804369,"c",1.22351387547554
7.57877859123422,"b",2.61823281991171
2.21192948668412,"b",-1.32538097725393
5.95675982899894,"b",-0.137758822174659
5.60958328227205,"b",-0.00266898450538929
6.9851360311884,"b",1.20590945018439
1.27109526000337,"a",-0.328449075698023
2.70529220662609,"a",0.314285567309573
-0.0111546361630879,"a",0.181465253704035
4.85401006580822,"b",0.37478409203679
5.2977319697301,"c",-0.642525197682587
8.90679946926693,"b",2.57545331864491
0.998319901788255,"a",-1.14069051222224
5.10892995969527,"c",-0.309747123005815
5.15129888530083,"b",0.416243047192508
1.8962968233572,"a",0.43153057070049
0.290760469202253,"a",-1.1691369060341
4.79073816162967,"b",-0.150172391372914
1.82681398446424,"b",-1.39912211804635
2.12218533273147,"a",0.917339213683056
3.6138417415592,"b",-0.919625545674867
4.27786129905269,"b",-1.12619356163764
6.3758114817463,"c",-0.00583503886139956
1.71557122796391,"a",-1.25613298158102
5.08582789928763,"b",0.21279147402541
3.1148392266954,"b",-0.555619629469678
0.407909639118696,"a",-0.62831008904347
2.54326446846746,"b",-1.59500145340402
-1.71936035947686,"a",-2.47645049452256
9.45824270907348,"c",1.11029541174685
8.00806150892071,"b",1.76051759457602
6.48708253104882,"b",1.25649974649894
3.20957250240134,"a",-0.0815338980196429
5.97149025696987,"b",0.147271584663551
5.25022859686674,"b",0.354597559542375
3.80819186939974,"b",-0.337141103361032
6.80561570743921,"b",0.492653951656481
8.65677834453433,"c",0.829866793583873
9.10838770150237,"c",0.947611539603209
8.75556887852185,"c",1.16542883446602
6.0263001158932,"b",-0.421166366290429
7.39530546541443,"c",0.334602756436989
7.0801107654456,"c",-0.106222654973173
2.12025708183876,"b",-1.28708648621814
3.18859495358434,"b",-0.908059860049952
1.66025389689009,"a",-0.283935748679001
1.86752356609489,"a",0.266592458399183
10.1165762084929,"c",1.22431930895728
8.69251578558418,"c",0.821525526825726
4.07679873841932,"b",-1.24776679226202
4.07611215347161,"b",0.601275013858364
-0.748459177903962,"a",-0.908752216129051
4.45690179975804,"b",0.900344887747296
4.111484104705,"b",-0.953871513946094
4.69005721618116,"b",-1.24089171441291
5.0539529161599,"c",0.0815500958017237
1.00039470003422,"a",-0.813076911449766
7.66789689188571,"b",1.06478465880181
4.51543432364993,"b",-1.04901921849595
6.97857361926271,"b",0.516009325167412
6.66396626237895,"b",0.985746984418363
3.56020737574375,"b",-0.35165697798206
3.27594106123602,"a",0.451749228471749
0.85144534444657,"a",-0.593572178730932
-0.999370582324361,"a",-1.13649526825212
3.48940386287683,"c",-2.33497178127181
3.38787545657678,"b",-0.926597259630885
5.15470997321639,"b",0.395171601492927
6.52193669506519,"b",0.0741714005493914
-1.57687466594614,"a",-1.05649333360304
2.19352374657883,"a",-0.0775545035183967
1.25706601031397,"a",-2.41603024212657
6.85410740762287,"b",0.809519878482719
5.15463194383541,"b",-0.869749853294244
1.64503161737517,"a",-0.125077441843527
5.83289160983272,"b",0.41115161878454
0.66111664815865,"a",-0.850435305046767
6.6111992921456,"b",1.4665510712084
7.95325698501968,"b",0.306878543209711
4.20322227492834,"b",0.429680832800053
5.23437563052313,"b",0.810377064747989
5.88296987105533,"b",0.921172911124199
2.97411012865404,"a",0.544807883194691
12.3705362472676,"c",2.36959502355302
4.9284946351736,"b",-0.603094261358911
3.78891216481189,"a",1.56083962675
-0.965315876450516,"a",-1.35383614798257
0.636378635521402,"a",-0.508004601076342
6.56721177206505,"c",-0.478311132418979
6.33291709075773,"c",-0.898170282231573
1.82345116327008,"a",0.108274523745864
5.35827515964633,"c",0.649879562609338
2.12279512079798,"b",-0.820473392742006
5.16043870731876,"b",0.359761528557581
3.11688987861151,"a",0.633324928437982
3.30303503521795,"a",0.0978159188655356
0.902152645200567,"a",-0.801183755949992
1.40847535031259,"a",-1.10229315336733
1.54360549319476,"a",-0.851657012572341
8.5160819834337,"c",0.519418173048002
10.3506415131479,"c",1.78231561329573
3.74407063374124,"b",-0.60002701021618
3.77691993700538,"a",1.47202881872208
5.99328621649313,"c",-1.03754711208436
2.88569896759351,"b",-0.571449343788698
6.07787335128843,"b",-0.0767891104349022
2.08848805248609,"a",-0.429972380474222
5.48962718237825,"b",0.178345151589542
7.89456556608128,"c",0.834921341167059
7.35415166340761,"b",1.0466507568352
2.81768808018403,"a",0.762496037757118
3.10717419149477,"b",-1.50551867529972
3.46747743624466,"b",-0.590709411561947
5.81202811056127,"c",-0.353384418087923
8.46681165717645,"c",0.69327791161614
0.0347787301257231,"a",-1.56587278497252
1.62565257556864,"a",-0.677897326851043
7.77502275334743,"c",0.665215998411031
6.20591528870197,"b",0.95524504180699
8.81445253702082,"c",0.291004470673687
7.41357723437819,"b",1.68452398458178
-1.08899436792431,"a",-2.41416486207894
4.63611082460112,"b",0.229897633620541
0.12287565825356,"a",-0.0680445791345914
1.2970228145743,"a",-1.00173505397238
3.79495666491772,"b",-0.560015463091365
5.82135307290663,"b",0.240568027183605
4.60500383222239,"a",1.21394151451887
4.97144882791334,"b",0.252358485164026
7.02088373822558,"c",0.652414104692385
5.88867243553284,"c",-0.928892644960027
3.8054328566282,"b",-0.444693950906624
4.39020095721131,"b",-0.0393421854237676
7.52730382856615,"c",0.143080057160209
5.67665289424933,"b",0.529199978876831
2.73379249198236,"a",-0.185558488318001
7.36767357959913,"c",0.766675058621243
5.22168788336334,"b",0.264323015982099
1.99417271634365,"a",-1.3558222763288
1.13128815203536,"a",0.359071548321692
-1.95595631547068,"a",-1.70825283944633
3.43657818681977,"b",-0.635928277355224
5.14117397370908,"b",0.290433348159067
5.50836116594521,"c",-1.30379423270979
3.29179123612715,"b",-0.114100599327674
5.84671104737515,"b",-0.092962085023748
5.44638120933459,"b",-0.122560626447375
3.73237765447401,"b",-0.883310771318462
7.51864874078066,"c",0.600169469401305
5.44251479068141,"b",0.717134365632955
4.34577485481957,"b",-0.390874782474331
7.56376778610709,"b",0.427892517086193
0.974204727265415,"a",-0.837105234296302
2.2509190838613,"a",0.0225598675334932
5.97364222429204,"c",0.760060847485706
2.94766811749582,"a",0.245713332088109
4.62658131177747,"b",0.14139134685168
8.98363581184569,"c",1.3405773256748
3.74406076690025,"b",-0.749105637416039
2.55059165245446,"a",0.776584537569481
3.45354423620592,"a",0.228181606829711
7.08355403904537,"c",-0.736400489379546
6.70022043391994,"c",-0.0704274811359867
5.1631864654297,"c",-0.376126589747127
5.23096996749238,"b",0.663223068581971
4.55830330443764,"a",0.410695883940059
3.01289871120602,"c",-1.83184901351771
7.52157876609353,"b",1.64842382136271
3.09116221347088,"c",-2.1329179344463
4.93600320433609,"b",0.687006166808365
1.50026646485793,"a",-0.748761646665193
7.04550199061824,"b",1.06911275932534
7.52804917857343,"c",0.396829329884725
10.3909261299517,"c",1.38535325921297
7.06470344086996,"c",-0.178080118436893
3.6466421961553,"c",-2.42988067251115
8.18373830989518,"c",-0.232011957059107
6.66973559057516,"b",0.105937161925274
1.56457605115557,"a",1.21756978398376
2.3950843024057,"b",-1.17176359943771
5.5756921596977,"b",-0.266475823895061
7.55953984507232,"c",-0.454685555577368
8.9846818813031,"c",1.50493216814738
6.37405182247494,"c",-1.62253834012802
9.4445046956937,"c",1.05905497807605
9.04101677443192,"c",1.15698003542924
4.88092131174842,"b",-0.113958858999298
9.05518576073609,"c",0.855190970106915
4.4077938319551,"b",0.511139092189725
3.6044795087008,"b",-0.714418985172829
2.53647850383821,"b",-0.694971594834713
-1.8184824585933,"a",-2.02251977219747
7.42076770149556,"b",1.58146032169396
8.14995131446937,"b",1.29683319578503
3.27661947059427,"a",1.27035453737285
2.56109902600187,"a",-0.0160778678538177
5.72451649437968,"c",-0.581762953398202
0.454103694238396,"a",-1.65357546614648
1.57636657405505,"a",-0.574408772223323
0.527897169758328,"a",-0.907622087912097
-1.19593420922488,"a",-1.36553956640524
5.76754399216449,"b",0.308299926829597
7.26205244823615,"c",-0.472627502422465
3.56455395802191,"b",0.446222235667692
-0.477977222707837,"a",-0.775157770851509
7.65298799922618,"b",2.06068761751814
12.9016945711036,"c",2.58539637352218
6.76264488235188,"b",1.4998064030903
6.49509479675149,"c",-0.100192607788636
5.93714175693114,"b",0.647185814663537
3.64736601090936,"b",-1.40458976481618
4.23476325528948,"c",-1.33411764776861
1.30602248345287,"a",-0.446729345052682
6.42991642523072,"b",1.69061986061771
3.19496673331079,"a",-0.223365145696298
7.42021292943953,"b",0.923438510803911
5.36462777954758,"b",-0.0495256938434538
4.52433923602284,"b",-0.346890884284201
5.06299127235707,"b",0.199251919612581
6.50864451938603,"c",-0.132327785051881
7.87623260541884,"b",1.45423172269893
-0.581007813457001,"a",-1.32063917335026
7.51590295837015,"c",0.109207163477544
7.79007525766776,"c",-0.0254722179209988
7.9895088418912,"c",-0.135157590930348
1.49177188688358,"a",-0.640525314131231
6.06379321738245,"b",0.71748255574154
2.15417459454012,"b",-1.47690981302073
6.00104445455287,"b",0.75410479816319
-1.99085398200006,"a",-2.18980917487403
8.70010369229063,"b",1.55309984771205
8.29896741160204,"c",0.702061998975101
5.3059276639568,"b",0.0515238125352395
-0.0436989736589206,"a",-2.42797370995882
8.68251023499402,"c",-0.0860707324535189
0.419538646890424,"a",-0.738357445758922
6.6967818826944,"b",1.16772402635259
5.27537942658268,"c",-1.63264961625291
2.08208840888434,"b",-1.61312915574097
5.34770612716526,"b",-0.224659351788146
7.5952125983714,"c",-0.0551681503459401
-0.957372554225418,"a",-0.627365956924184
1.57739115823752,"a",-0.184349380412772
0.239366601720919,"a",-0.263044660917603
2.38534729247418,"a",-0.525646241251671
2.06444457291802,"a",-0.67522749773812
6.90924202743211,"c",-0.156788604665715
8.95181480815993,"c",0.969242741689339
3.79441795032561,"a",1.86326613150228
3.22639467744309,"a",1.01885748883875
1.79661450115552,"a",0.0456918216264974
5.39281536894455,"c",-1.20179167247776
6.11175466411682,"b",0.909354155230945
10.2354293737155,"c",1.46195822050016
4.43885530236875,"b",-0.184626753951705
5.96734195747165,"b",-0.190168268382486
3.98125758899455,"a",1.24329480266288
4.8384726765522,"b",0.18558749818315
5.63164531865395,"a",2.27102227928726
4.74926725350728,"b",-0.0515549198891902
-0.738633886549832,"a",-1.61554882919585
5.40579287866125,"b",1.05795583994723
4.22063695639543,"b",0.361894756181958
0.509382421452637,"a",-0.265876705750517
0.0354189799595746,"a",-1.25578140173536
7.75872350359284,"b",0.87648416717228
5.71057511331588,"b",0.592634666890485
7.65505666578204,"c",0.271525680875784
9.04374584988483,"c",1.55327347117647
3.97562193912231,"b",-1.06380687634054
7.65575006547173,"c",0.206822497346744
5.39822745515212,"b",-0.248933255655566
5.52460362962603,"b",0.515388673918764
4.00570023756613,"a",0.442785820060402
6.0268223546708,"c",-0.117116618623996
5.68655851133473,"c",-1.49784147274197
2.27889375549251,"a",0.0472006059695206
8.52940314907812,"b",1.4802578676094
1.43415011051953,"b",-1.96455496249316
3.13971294867196,"b",-0.538555626716068
7.44819576396161,"c",0.50278659285196
1.63024227058062,"a",-1.09331277445394
4.51538846176452,"b",-1.02602611043194
3.12919339425317,"b",-1.01203614366599
1.88302255720626,"a",-0.782634176957744
8.34027561335605,"c",0.359562812057244
4.55299673098533,"a",1.99862021891536
6.88757407502732,"c",0.55393480042535
0.552603350759826,"a",-0.808303348930513
1.94051458113827,"a",-0.557018477813349
0.748363550323957,"a",-1.08560353078743
5.49102331557821,"b",-0.71979401765733
0.074351354941173,"a",-0.692566843267431
7.7025072697223,"b",1.4135047045491
3.30255469014901,"a",0.640962189123194
0.420176192580975,"a",-1.7175207063165
5.99799312948392,"b",0.82618859480234
9.88929222064296,"c",1.28077530846579
6.0558612999526,"c",-0.231344204570623
6.61030662475255,"b",1.35882748116687
3.62355193911067,"a",0.341239054522143
8.41120817020614,"c",0.642236181244164
4.44318616944488,"b",-0.321210717862453
7.86704254329904,"b",1.44019566135034
8.32423361549022,"c",0.0537341212031113
6.77888350359522,"c",-0.269713563078948
1.77464209167791,"a",0.466756268777527
4.78814672294581,"b",-0.11071137212952
2.93299999492527,"b",-0.25606542122908
5.68513071193303,"c",0.726092190740559
1.48880775742713,"a",-0.200982022267937
2.0858253550841,"a",-0.422671961211497
7.08134995107469,"c",-0.54216975567854
3.8165586149238,"c",-1.39017790544112
6.96257140350466,"b",1.60713541056557
-1.16729268724983,"a",-0.652838190922449
4.13285744281871,"b",-0.380368509294335
5.74930408307233,"b",0.0867430365496318
2.00984192875711,"a",-0.649057964312564
-1.67568049776238,"a",-2.01649070787307
4.64959174107784,"a",0.448577388746643
7.57420713003485,"c",0.523388159192163
5.67425410232663,"b",-0.246122239665679
3.09965455515515,"a",-0.544545707183516
4.48938106733562,"b",-0.803683014742773
9.402893325383,"c",1.95447105047381
2.92314197912982,"b",-0.296887442895346
1.20149033667782,"a",-0.035404687210021
0.699052588751454,"a",0.107189714468554
4.50308943622924,"b",-0.230620531545034
10.2350775550416,"c",2.39007004059566
9.02256578362037,"c",-0.0116323437326994
3.90796687272571,"b",-1.08905940665858
7.82160799269756,"c",0.313769183171077
8.18514627657674,"c",1.09572140336201
6.25074622839814,"c",-1.01889460165192
6.86823599020205,"c",1.67087514103806
2.61872987009613,"a",0.275183470718412
0.131813705473159,"a",-0.181866399727406
6.84188893129832,"c",0.867355430722069
5.9384697583339,"c",-1.40279690623594
6.47048040246673,"b",1.48230141230567
5.71760268962623,"c",-0.591796068662362
3.22672973109795,"b",-0.885001753474386
6.18391455303226,"c",-0.527436558659494
6.92634713767006,"b",0.0310374052801759
6.2313742450674,"c",-0.946515483343574
-2.25556981020045,"a",-2.49897029524684
4.82226133269592,"b",0.145711531004003
7.11465573487189,"b",0.858703393437413
0.0422569417572203,"a",-0.209938282882933
2.88439511681382,"a",0.398824020925648
7.17256655769453,"b",0.761127736197585
4.46402225475902,"c",-0.965406631821685
7.33389144854413,"b",1.70425351971367
5.87469215274955,"c",-0.81581184165478
4.9369980945724,"c",0.0505031847282846
10.6549889203598,"c",1.81833471172887
2.71609140393868,"a",0.233738106743284
0.209436301317714,"a",-0.0287897691741464
4.01500597808511,"c",-1.13535799444069
3.09328176875084,"b",-1.15737781092832
0.855588279371043,"a",-0.547340906138225
3.50994479541964,"b",-0.433572715922771
6.1076485266863,"b",1.66248593383382
7.28789483859577,"c",-0.563130851439488
5.47294385602879,"c",-1.14555224504636
9.48815363139429,"c",0.70929132488924
4.30490173303182,"b",0.160234692884093
6.95642584202545,"c",0.113352593811487
7.74441187589469,"b",1.49521350608348
8.91144780396004,"c",1.02323662606114
4.14908305369839,"a",1.17446162052015
1.79512288151528,"a",-0.244503756930785
1.286847395028,"a",-0.166932131005799
6.41524016634422,"c",-0.0841155041461892
3.98824366609998,"b",-0.826498278320729
-0.34267908918602,"a",-1.18949684486068
2.90977136258549,"a",0.393351860980975
2.77218010610527,"b",-0.180783643152807
4.24856339908511,"b",0.00218840129337854
6.82076836121531,"b",1.18276728772386
0.185489481513423,"a",-0.688825038725034
8.11505572366298,"b",1.96360867768691
6.1940294106348,"b",-0.441910422925586
9.74747186865753,"c",0.781007950063791
4.54895963179088,"c",-1.13436748209853
2.36296484140482,"a",0.273041389468936
3.57353643533949,"b",-0.763706558389942
5.11728504113403,"c",-0.737607983989264
3.25998557071418,"b",-1.25657614092639
2.05183473089751,"a",-0.0170698956009469
2.66710134669358,"a",0.760560550871685
1.12677530546848,"a",-0.171825915244101
6.76817651399719,"c",-0.265263394261249
3.93629398532514,"b",-0.423995996873209
4.251450598853,"b",0.689272118280285
6.38585782729655,"b",1.05045042906015
1.44951070239586,"b",-2.19402499653358
0.986803134651265,"a",-0.502965563297584
2.98465803924259,"a",0.880319117538282
6.46717106795983,"b",1.54835282944109
7.01929780825173,"c",0.578006183928215
0.178893833626304,"a",-0.13083383528347
3.66805788459346,"a",0.607857026905797
6.08081921910358,"c",0.217520387392552
7.61317442095143,"c",0.526191223166367
0.261696822769212,"a",0.461979537951275
8.87302088367537,"c",1.50399120650089
2.86581730841281,"a",0.353009602570219
5.37036217120289,"c",-0.398902404734734
2.94269400439258,"a",1.02355959954025
6.59278931475645,"c",-0.800870910576536
0.795879085435115,"a",-0.297780153902299
-0.721306400232774,"a",-2.40109468243829
8.21074464429922,"c",0.193998228900719
6.7649145088731,"b",0.63054874598584
4.7301185907969,"c",-1.72234774234449
6.57807107154727,"a",2.53904641213465
5.57458060537292,"c",-0.93202765273661
4.58520367295879,"b",-1.2920278081392
5.0010091846381,"b",-0.329125469198937
5.2171190791521,"b",0.299302194344734
2.60163199521919,"a",-0.440187586812284
2.84104686945787,"a",0.496934162455208
6.26943756078235,"c",-0.89057085460159
4.83262032919776,"b",0.731639832631132
5.69157939566132,"b",0.126996462004796
10.8238476630862,"c",1.88904233606744
5.53577179033209,"b",0.379767693804555
6.48001917017855,"b",-0.0448161139871801
6.33710718675845,"c",0.136043976842453
3.34424386506886,"a",0.550276535752571
4.31969922619181,"b",-0.808080397534084
6.30707480204713,"c",-1.00699603251889
5.11202503029143,"a",0.858202267276623
2.20934023409755,"a",0.0844163440587337
5.42737719437154,"c",-1.48179176140082
3.84669213411736,"b",-0.9651266161995
0.222856541378907,"a",0.103600145420958
6.26836787510115,"b",1.1773236654154
1.3525953130183,"a",0.192566454895148
4.34998783419379,"b",-0.00723908878469659
0.414797635727167,"a",-0.462310513259255
3.77597385019162,"b",-0.724387535647471
4.12363334430121,"b",-0.639016919876248
1.72872469160067,"a",0.444142523918265
1.51315749430774,"a",-0.584054238178266
6.38355107485187,"b",0.186265347755488
3.70090710087858,"b",-0.300342713730724
2.53880576134746,"a",0.159700413754183
6.99662085659865,"b",1.01999508545972
7.18851202538114,"c",0.798351878707584
4.40279108373876,"b",-0.044090271581282
0.240211059996268,"a",-0.992193431605077
2.7433183143698,"a",0.575852522768862
2.7246432100421,"a",0.135781237800526
3.23711846859517,"b",-1.01208196057172
8.56457439231535,"c",1.00402316383581
2.792205343832,"a",0.876095886998526
1.35130339104055,"a",-0.692968115760895
9.9088137120107,"c",2.68180948338679
-0.913115199345407,"a",-3.13899312896842
5.97716660216588,"c",0.645956605503056
0.82973153959909,"a",-0.480610133856287
0.86309588685361,"a",0.192807393685871
1.3196696772742,"a",-1.04925616100414
4.31116676228288,"b",-0.24585186926655
0.00883556596144319,"a",-0.613729291010653
6.57684971057755,"c",0.497692038896738
7.73275473868217,"c",0.456841757760867
6.46564116830892,"c",0.730374039844885
7.05046293222626,"c",0.399518813185011
5.34084485567767,"b",-0.0861377871174699
4.27694345666269,"a",-0.0963810493728022
7.31371840211627,"b",1.86373382233984
5.99574249995647,"b",0.851283491078538
4.20959979979535,"a",-0.0592854618366041
9.96775347411692,"c",1.50066953016993
9.37485205894158,"c",0.451022941536234
0.711840317496419,"a",-0.0995630325040558
3.42784532923812,"b",-1.02102751463047
5.8601400594039,"b",0.346607005280016
2.66614334714147,"a",0.517299926175581
3.08804460177496,"b",-0.639980910158429
5.21269357780325,"c",-0.998203710977064
0.481629360007058,"b",-1.32931604978871
0.363181348968254,"a",-0.873582293537821
7.89839976182295,"b",1.07104687470885
3.17606877426007,"a",0.468129482172467
3.74712401830933,"b",-0.927321793089823
2.00016987799999,"b",-1.5818156716694
-3.3407157708876,"a",-2.78399210945974
6.30403581288082,"c",-0.936595221275909
7.84228590812166,"b",0.477875031833748
2.73584153143027,"b",-1.19529144352291
4.7723329811476,"b",0.305301660949113
4.6011344702442,"a",1.73266163127779
-1.62824530166481,"a",-2.16316306849597
7.32688091566583,"c",-0.119819499989917
5.03027890246282,"c",-0.975527419817998
8.07158919657631,"b",0.957784463175755
4.29387017904285,"b",0.00494753450098241
8.54722322848254,"c",0.354204596046414
7.68181710905269,"c",0.176206004043117
6.90104049421045,"c",0.230682050535359
6.13238058167232,"b",0.329397305970626
3.83288776812636,"b",-0.97239308578563
5.41153285905473,"a",1.28169363205409
9.62154190498371,"c",1.52914308593026
2.62007133728112,"a",-0.150879530345409
4.55652829903314,"b",-0.181568669642687
1.49764010515803,"b",-1.84093919530514
3.2935619813931,"a",0.16519261489522
3.40117063320535,"c",-2.25342167258279
1.48697984132058,"a",-0.203377537798555
-1.28281944004911,"a",-1.48901267982703
1.13829054600291,"a",-0.80592313159309
7.03697935846538,"c",-0.163240061919337
7.81063110383447,"c",0.52583578459122
7.2491608336894,"b",1.40240703340828
3.67189995867044,"b",-0.426245303013057
1.67063055471128,"a",-0.212596795069938
5.60222943846887,"b",-0.230817019099012
3.25008495544702,"b",-0.492154208159477
4.84967343452438,"b",-0.307399420096093
3.93101721169703,"b",0.713397005310362
9.83609352900356,"b",1.75659582364803
6.66139621462437,"b",1.56873629399177
-0.289574043922568,"a",-0.114376060875312
6.13505001017947,"b",0.585612246214135
1.54123713101101,"a",-0.583870739389275
-0.311551343966656,"a",-1.50778289137984
4.01949325519015,"a",0.518631721220592
6.70237206581844,"b",0.367644068718127
7.43422374660902,"b",1.59744004592723
5.55588112741607,"b",-0.173505779423678
1.34556900189889,"a",-1.71396796503711
4.37797492620093,"b",0.284856517472213
0.689715369006138,"a",-1.51545966092347
2.71170384364828,"b",-1.11722842504756
6.96163684704164,"c",-0.462236253258946
4.40287748106358,"b",-0.450398744367243
5.13653672077773,"c",-1.37722783470441
6.86133653847081,"b",1.04859151359238
5.66710326931863,"b",0.30555621676614
4.23131552913997,"b",-0.918748616451352
6.42933218360577,"c",-0.845222587052554
0.278791486228479,"a",-1.22732567518176
8.24243173255145,"c",0.351529308690375
7.11800301000873,"b",0.880826582309925
5.85466646594288,"c",-0.453966879586077
5.80059082748696,"a",1.01804620900246
5.32870738777429,"c",-0.319211879877217
7.21336388239404,"c",0.258135510658443
6.27079849166616,"b",1.1163642663612
2.04576136718166,"b",-0.77210829956962
8.99586846758279,"c",0.11259430625395
2.34087943677286,"a",0.531562239371635
0.678463711484052,"a",-0.422902650617128
3.41231549762329,"b",0.148623992007772
8.90882123005074,"c",0.399286308762999
7.95642838804538,"c",1.18545205531744
9.13784321257098,"c",0.919095331882199
4.38566756085815,"b",-0.394769701294296
7.4094201942296,"b",0.609240909110271
5.4265361579896,"b",1.552754323222
5.6236558893398,"c",-0.628994863204225
3.13988100639273,"a",1.41924953870264
1.07090121078446,"a",-1.37066534309718
6.46879744275788,"c",-0.897031020178635
1.37334019555748,"a",0.137112823194629
4.19204436086848,"b",-1.70437576028005
3.05235206410566,"a",0.320308058794637
-2.24176090759734,"a",-2.13104361809747
3.27400253309591,"b",-0.742451433401934
1.17114168672065,"a",-0.951941765720053
7.29160396814818,"b",0.9339879197246
-1.16043942146422,"a",-1.09948288223523
8.15596235829084,"c",1.29711010122401
2.4787330330754,"b",-0.811869011460113
0.277608773624546,"a",-0.338192213747675
4.68261905020225,"b",-0.829080141784422
8.48913159553067,"c",1.0766521816494
0.690707433662746,"a",-1.3278948055111
4.48628669669754,"b",0.739907498461063
2.0992628929761,"a",0.976673150622898
3.12545996019559,"a",-0.37681524864787
5.11548791992244,"c",-1.30089125498605
7.15108667682725,"b",0.725204344924953
0.0441806002931354,"a",-0.970320176942339
3.91173812057137,"b",-0.887412359318331
3.88611464245675,"b",-0.686216777211002
4.10030773731304,"b",-0.934156876357403
8.8793861514259,"b",1.65832732814445
5.36194645876606,"b",0.614131653946908
6.58235949205819,"b",0.338641287474492
5.06654926766324,"b",-0.576008960512498
6.28194785766611,"b",1.05067558510226
2.47288532026148,"b",-1.01644723113006
3.1091476759633,"a",-0.210170203015396
5.49271003066145,"b",1.10298560260448
5.15349722324009,"c",-0.933756564769499
3.56780291682626,"b",0.0373396617812627
4.05571571754832,"b",-0.769076145758471
0.744769667679894,"a",-0.387566229908299
6.95878130290635,"c",-0.0538397421329862
3.62860391502401,"b",-0.188542475976531
8.21027998111067,"b",0.965698413257635
2.57665506076863,"a",0.625906596890689
5.5154529537673,"b",0.817892823041214
6.49378404656826,"b",0.846438126417034
9.23706721146471,"c",1.33169732315778
7.10527043590344,"c",0.226968255002824
3.76033779551639,"b",0.65350981979275
4.48288940214443,"b",-0.340644344731065
1.26548371589596,"a",-0.115979062343394
6.31920700694572,"c",0.535850478938863
6.44645211961002,"b",-0.337686762629956
7.10630124632598,"c",-0.374418781703754
7.59659558655934,"b",0.272783555184757
7.97996751931453,"b",1.53591780168055
0.26035607403505,"a",-1.39188968640531
-0.0512744437595247,"a",-0.471635008527422
4.88951006583631,"b",0.381585018084879
7.02411356281648,"c",0.319341086263141
-0.439098457137667,"a",-1.41476618244951
0.340314898897765,"a",-0.739714251249943
6.93552774400051,"c",-1.12173115267717
5.89575531005285,"b",-0.0455645969922295
8.95075998338052,"c",1.31356314065774
1.62194493912308,"a",-0.00158204230492996
3.24501203980729,"a",-0.212091233815896
6.67439465455043,"a",2.25347500925588
-0.244970133614982,"a",-0.60624713210924
5.017237542984,"b",0.113822755103304
0.773684532803332,"a",-0.334740454208365
5.40500800512793,"c",-0.907281697378612
3.08472908786432,"a",0.605857718423735
3.69628331903874,"b",-0.522815844166493
7.75266146490906,"b",0.850439392709796
1.38763442770851,"a",-0.408036071471018
5.82908452733151,"c",-0.141808656570536
-0.818505229473087,"a",-0.813898073869445
2.70566125292727,"a",-0.325540589312666
4.99866779220945,"b",0.378157397165477
2.71999084317891,"c",-1.994485362048
0.681890967058272,"a",-0.999356693242897
6.34176584827018,"b",0.283822423134089
0.0602396304801737,"a",-1.10119397684316
4.47269848272779,"a",0.983346982359529
3.11213794448938,"b",-1.01662540554706
3.63170021758593,"b",-0.863907495138643
2.63332760644181,"a",-0.226986669320352
3.81105742703478,"b",-0.272388059455222
6.13138970363325,"c",-0.253790438243238
3.8803227344385,"b",0.415776373443036
7.67071434878067,"c",0.572441869624907
-2.2082691984064,"a",-1.81823624118953
8.75895274524983,"c",0.953336849161407
7.59321791015906,"b",1.34424787271312
1.07621539223632,"a",-0.754470215261657
-0.655221510210755,"a",-1.88690223703747
6.32604845254038,"c",-1.63915999611165
3.46389675604862,"c",-1.91281989340237
8.39392793744313,"c",0.308721061757311
1.27022469059476,"a",0.634157592046035
10.3331242600964,"c",1.47396772275126
2.48574846692108,"a",0.32357209555769
5.81326271620586,"b",0.923510125090382
2.85273010086974,"a",-0.556882439326111
0.29387872772008,"a",-0.992930853628641
3.08911458200307,"a",0.267362681279231
8.17532100638429,"c",0.337202940545064
1.36773728618069,"b",-2.07330759695566
6.6096378473203,"b",0.937936932333045
0.526854085420308,"a",-0.613064599652876
-0.286909979975621,"a",-0.112092904178992
4.66792863444904,"c",-1.01392542362372
0.628908204522796,"a",0.636392746769097
4.28375293686376,"b",-0.370722808414899
5.2005868304905,"c",-1.42133301305244
7.55262615038867,"c",0.289090230395264
3.05152595422225,"c",-1.64787067570603
5.8463709922542,"b",-0.190245222772756
1.50545885382459,"a",0.0194040309542796
7.49782590177546,"b",2.7018310603995
7.31105878932656,"c",0.510971555702922
0.899649432153191,"a",-1.2733439430434
8.38939796330499,"c",0.376437913312468
2.3640045546431,"a",-0.0987659900483044
0.511592816512069,"a",0.220544495588186
1.43662139866534,"a",-1.61592686996966
8.79902778501419,"b",1.68090301749135
2.34620812218635,"a",0.558235768607064
2.23868623534889,"a",-0.376390838734751
0.30842334596435,"b",-2.02756608489503
7.58048233149689,"c",0.397905309906828
4.44028903846404,"b",-1.39689726524874
0.798757483461147,"a",-1.18227052196702
9.30683093826975,"c",0.542324933740678
3.58303451880945,"b",0.734721150305722
6.38419643276402,"c",-0.378504196411471
0.372117494381031,"a",-1.64280557175606
-1.86621980592499,"a",-2.35363430203608
0.167973375431336,"a",-1.40018450981963
3.91820406704921,"b",-0.696793174595107
5.98597854742774,"c",-0.973673476625389
7.43874826252877,"c",0.321376423697846
3.72233824602797,"b",-0.819010373585505
5.40352294536527,"b",0.472704589780157
3.6390158134405,"a",1.1954171235144
4.50292400951017,"b",-0.445658345235482
-1.04644606845037,"a",-1.35312998679368
4.82618128079532,"c",-1.18503067452279
6.61647132745876,"b",0.760606964346921
-0.809727737904541,"a",-1.55734809274195
4.61111304609283,"a",1.60220703903869
7.9833883054011,"b",0.279216025367745
9.02889705747524,"c",0.958156714510435
2.41717026582655,"b",-0.737894964320054
1.29534457955595,"a",-0.641051896129936
6.48372355161168,"b",0.446461847481247
4.73313323472189,"c",-0.189212251041565
7.94561810087185,"c",0.588090755966724
1.96791264309375,"a",-0.188046258983758
4.00341987611252,"a",-0.183047444540422
9.19716784676769,"b",1.76037108613501
6.32540877953494,"c",0.491819019266072
-1.42486437832699,"a",-2.32690137102039
5.89227052172758,"b",0.717234053379376
3.22342433116443,"b",-0.68233877507983
2.71496039761688,"a",0.038614423126172
4.27774636897018,"a",1.35344327237485
6.04853197077269,"b",1.69138981336243
1.97059807287607,"c",-1.97724922370716
2.68337526903096,"b",-1.52539749092167
8.06589877603214,"b",0.437746900882553
-0.180424562626194,"a",-0.643125319354182
4.96608050794635,"b",-0.4760779533788
6.12875877701682,"b",1.22940126860005
0.229366256118956,"a",-0.461557933995871
3.1814615655295,"b",-1.1671305153144
8.15354358010881,"c",-0.300352441454184
3.01087280665528,"a",0.769973982367045
5.48775304730971,"b",0.240262799278662
3.75567760844128,"b",0.754168797301627
3.90946032110792,"c",-1.76908156428037
6.43963951275798,"b",0.116332320379715
5.29238661276108,"b",0.692022539741815
6.49097596472609,"b",1.37798602518764
0.0883162617229665,"b",-2.73597021069485
4.39395182307043,"c",-0.782565190445743
6.04684086558226,"b",0.808043339986812
6.93650669120757,"c",0.524068585979806
2.98051396143876,"a",0.35611777436691
-1.53310408309642,"a",-1.6049550133313
3.5437101043822,"b",-0.322682059625519
-1.6556641678244,"a",-2.16145939152144
2.74553494219602,"a",0.0190967022825058
0.54219370036079,"a",-0.992704380579595
3.86131316649637,"b",-1.43976540953535
4.92098456843859,"b",0.169291552863872
6.98512287305031,"b",1.8248258610762
-2.24755560702378,"a",-1.58444178208245
4.35041392090251,"b",-0.873830017616974
6.11087554726061,"b",-0.195780946959777
5.77969193930576,"c",-0.706652682485904
5.97198050775806,"c",-1.04368410538297
5.24106527681972,"b",0.61000173520942
5.56656407504776,"c",-1.00719181216564
2.92102928235054,"a",-0.161783123191246
6.3535796851427,"b",0.980051876335626
1.6095531871547,"a",0.361942258956084
1.80039804760653,"b",-1.60565791906829
5.16775820587127,"b",1.31105640447589
4.72062656172427,"b",0.539388173408711
4.35061753852974,"b",0.218794224103804
2.6047902633248,"a",-0.129966893255263
4.9507578871283,"c",-0.865052891545505
6.455481070055,"c",-0.825638182890832
1.47051116894154,"a",-0.954139075093771
3.71032686656047,"b",-1.3922237409318
7.7868499942495,"c",0.532505696903585
7.11100400396369,"c",-1.36001392024891
8.09645035895296,"c",0.417999489071495
7.41626899448286,"c",-0.850258156293663
9.47121002103821,"c",0.869526359692787
4.82131300298988,"a",1.03448043626442
3.94535473927095,"b",0.0207367874396349
6.63479347367083,"c",0.395119304823088
7.4413928831672,"c",0.276352141875242
4.54704086274566,"c",-1.40690816653097
6.38988871045566,"b",0.804685346315888
4.69956759030341,"b",0.775054010807102
1.01399361267307,"a",-0.908145691062996
0.104261675585815,"a",-0.996020115936964
1.81947288454758,"a",0.362546645148159
4.32753131825233,"c",-1.08608236477082
4.68663125677374,"b",0.175262128847649
7.2528223042577,"b",0.634523421021894
2.02378057056925,"a",-0.268304978918258
6.05752184954636,"c",-0.143418596403623
0.928708666359265,"a",-0.68532621612298
3.06809087588865,"a",-0.310462136836296
-0.109140984596561,"a",-0.570169549397608
11.816230744295,"c",2.53434623037214
8.2200790297781,"c",0.601535968134075
5.79500412124162,"b",1.12756120883178
-0.264996371564192,"a",-0.470251565380531
6.15694602160535,"b",-0.207428502167303
7.51596398680119,"b",2.7456733627009
3.07320739862552,"b",-0.830290714875519
0.958182301897363,"a",-0.642700128605558
5.74671689184262,"c",-0.14161198106721
7.3692110936237,"b",1.10436615092869
-1.90562101757603,"a",-3.00102477350675
7.60553434547562,"b",2.05359382706753
3.76373291318576,"b",-1.09379605229137
1.11228144949854,"a",-1.22656351514338
5.97244179315969,"c",-0.342277227142286
6.0184907727344,"b",0.658532578195758
1.07086425898419,"a",-0.851445102760097
3.09514484605012,"c",-1.87598302993031
3.76375415170081,"b",-0.48985664144872
3.01501490694225,"a",0.328243402709361
6.17550147441999,"b",0.865162051806121
5.15424840965431,"b",1.13971671684903
1.49659870512629,"a",-0.433955263226009
8.03407520030684,"b",1.46297579684964
6.87214229536251,"b",1.19780771096557
5.50716937963607,"b",-0.46228665944604
6.19640717466573,"b",0.912847756741927
5.90245497332201,"b",1.05656727466585
4.76396839430605,"c",-1.38155427610757
8.45966995323118,"b",1.52242167132902
1.14538659779807,"a",-0.0780192840566323
6.43488488944989,"b",0.502346304431283
7.94266954600263,"c",-0.0872131289547691
8.59419024226581,"c",-0.690953385894806
4.99691682106966,"b",1.52642292910877
6.22813740705662,"b",1.3140666822661
3.51338778421118,"b",-1.06975411357875
4.24298703452242,"b",-0.0159038650102378
4.08810213344871,"a",0.538930717398302
3.90476766297178,"b",-1.7847166263677
6.27805757024245,"c",-0.450105347817872
5.1990119080632,"b",0.478496474306168
7.53204092998935,"c",-0.346428572747648
0.107892287804991,"b",-2.04428657828086
4.37743542915345,"c",-1.48362599388729
0.69685990114485,"a",-0.922956472241783
7.41065284379586,"b",0.174244530667259
0.742232796164118,"b",-1.81732318496419
2.66761739457123,"a",0.500040679122927
5.4676087273339,"b",1.06354635357899
5.40166719460889,"c",-0.565202660570903
6.5217059278749,"b",0.944092998938885
7.01982888357073,"b",0.973098936350998
4.67811113610767,"b",-0.0171660701106577
5.39295656540987,"b",-0.359927350868906
1.46916438299169,"a",-0.190184285527522
1.11558877211619,"b",-1.87755309426937
8.70613978330683,"c",0.560349532587586
6.24443667439899,"c",0.33538474743254
4.15845342103396,"b",-0.153022777564646
-2.92864701022198,"a",-2.71848745728651
1.93848702000174,"a",0.292217786590762
6.97862324619332,"b",0.565322207888516
5.35435226431449,"b",-0.874218964168323
6.48418007766726,"b",1.0090338680072
6.91083631439183,"b",0.577055109325141
1.14291650618999,"a",-1.18799741203433
-0.532717282974768,"a",-0.958594137083384
6.62459573728767,"c",-0.220745542875477
4.48477018879736,"b",-0.990504323908094
0.292900158726569,"a",-1.04605522165573
3.6884670744734,"a",1.35964791465518
3.52757954562296,"c",-1.15592399628206
4.79667209948468,"b",0.26084315779637
0.730313607075837,"a",-1.55823647505566
7.91082224124792,"c",-0.00714045431300919
5.9430044141061,"b",0.567722227536647
6.4926914318257,"b",1.11104418692594
2.61620560179927,"b",-1.11934473018331
3.92443423317147,"b",-0.745335689322329
2.74294531369894,"a",0.89568526902501
7.15792724517009,"c",0.590244427344547
3.72326180476344,"b",-0.288462279506972
6.8048617377998,"b",0.048163466406871
3.61744519104853,"b",-0.488926055790904
6.04605364558647,"b",0.712986584937058
3.18355464754908,"a",0.348591154474638
3.24078919106082,"b",-0.0935614532345968
0.559609519945795,"a",-0.845384979296857
7.69928513957257,"c",0.277606233056156
5.38050568776532,"c",-0.28890129987681
-1.70196694382073,"a",-1.8513267476268
4.86748613754256,"b",-0.955468599993092
7.13100759826392,"c",-1.68713584936332
9.02750975526353,"c",0.933252713848061
7.61802940896275,"c",1.5139508755078
8.88423701041009,"b",2.35428526164579
5.21552649998416,"a",2.13661687737965
5.08646885213959,"c",-0.752573791675775
0.144105400701551,"a",-1.25293572924985
7.34639690569342,"c",-0.624828084817834
7.98177690033032,"c",1.27206446910862
3.31523035229732,"b",-0.993816376439543
3.6056835095722,"b",-0.708438488507119
0.873066787573587,"a",-0.74678043290112
-1.10993119148724,"a",-0.277310210041919
3.57711226250124,"a",0.659896700957193
2.89746880669411,"b",-1.5121388803747
1.85563232665656,"a",-0.0216116895578993
-0.845884984257118,"a",-1.75457004400806
6.21675066705103,"b",1.03546625106255
6.02102275569051,"b",0.862397608654755
8.32075849367029,"c",0.265544767018382
1.08644153850358,"a",-0.231326977263818
8.31728267813421,"c",1.0243577681252
7.17483957368999,"c",0.617370042573925
3.10411397316957,"b",-1.17103081674999
7.1337105839731,"b",2.51918956720831
9.05055107514328,"c",-0.633089812097793
-0.73873205979443,"a",-1.02353018715821
5.99312050073191,"b",0.435693940706874
4.12978227153475,"a",0.267296542526631
3.10641675199569,"a",0.15153477759341
-0.0158439674531109,"a",-1.42910809944283
6.82536737940465,"c",0.092244038071599
7.3011650491162,"c",0.387349852747071
8.03144615205206,"b",2.24373592299426
-0.84864320281524,"a",-0.781466209509284
5.85969565857098,"b",0.739967670482955
-0.118086293501236,"a",-0.858421801859811
3.53101251893705,"b",0.302018596365049
0.233948681212323,"a",-0.961095221822742
-1.97571764488518,"a",-1.99760903604054
0.576399305956976,"b",-2.30690186737447
2.905219495249,"a",0.86723155891422
5.42691464510847,"c",0.076113269906901
4.30840729478662,"b",0.385224800550677
-1.90520256823392,"a",-2.06023179151918
0.976247102485905,"a",-0.145354412049052
3.20955980386889,"a",0.0979794170841946
6.3678905850424,"b",1.65117286843722
3.01231758916358,"b",-0.697531585795611
6.30718033701467,"b",0.800353223332997
7.09120720437753,"c",-0.0286260385443061
7.4402113101928,"b",0.929936110491093
5.25666596189224,"b",0.165499606708942
7.09524198687173,"c",0.155884163257049
5.43031926160745,"b",-0.165086221014642
1.63208343908836,"a",0.0879751385928528
3.75237329705678,"a",0.0858522002455114
3.8904238669785,"b",-0.171564167050283
5.98865329350932,"c",-0.147076213012955
7.37738657732071,"c",0.8500782782269
1.69145045621728,"a",-0.186019562784106
4.38970444466002,"b",-0.835441534293473
4.81817458983623,"b",-0.0945247655139992
1.88898971743797,"b",-1.26813823932045
8.21154799900389,"b",1.71872324145718
10.3967470037887,"b",2.4968402752067
7.49949249333507,"c",-0.0252063011042785
3.81652262562227,"b",0.0070325800033662
6.4605357385859,"c",-0.981715100072424
4.0161871620782,"b",0.307234493729012
6.44785433301111,"b",0.979590774747593
5.73401412203537,"b",0.780711033538671
7.75610119612863,"c",-0.00765646730584681
7.51198596454073,"b",1.25856749633181
6.82792037267877,"b",1.76683471162832
-0.686402075781617,"a",-0.311547126334333
3.35738392674507,"a",0.426973900055736
6.22527566071188,"b",1.15457522800862
1.10707999984743,"a",-0.287162114791726
1.75334288265068,"a",0.132768822126551
1.97200557591316,"a",-1.10623499986617
-0.493254204377237,"a",-0.880246859827876
-2.41525434753636,"a",-2.38863342271827
0.48641057479972,"a",-0.69004938323951
0.0560706450099391,"a",-0.527856748000707
6.53215591531023,"b",1.0663108268773
0.0128190240162547,"a",-1.09455421444261
4.37320071690878,"b",-0.0850599489390614
1.79863937630906,"a",-0.415982250479874
7.11302435664361,"c",-0.383489419654003
1.99177478696234,"a",0.138478429491991
7.25835139079007,"b",1.5025095098193
2.18037598796982,"b",-1.15592439159928
8.34433504970408,"c",0.676586019302704
5.71520123827136,"c",-0.693678141249576
0.00493575582713857,"a",-1.12948331148021
7.65258864500047,"c",0.84732831798785
3.34860835403266,"b",-1.28432033562367
6.64628872301072,"c",-0.951203283276817
4.04040066205791,"a",1.01151549368614
1.60428595257205,"a",-0.106991612669398
9.79926024804718,"c",1.58067688954012
8.74826625549257,"b",2.70884536477196
2.33160697483056,"a",0.198800479198
9.38074394577624,"c",0.760569649919817
5.21616253198451,"c",0.113335188334946
4.54329145626646,"b",-0.562871825842673
1.27736125562529,"a",-0.717980765062782
9.0202212483027,"c",1.07634568722594
4.71506060113341,"b",0.729188701930514
9.3409624067521,"c",0.472008520170886
8.24467988716426,"b",0.888964554031627
-0.412999093366495,"a",-1.13356486953053
3.41177710179728,"b",-1.09760333280958
4.82923850500412,"b",0.155016187191699
2.64139491961374,"a",0.54070797485713
6.417642158439,"b",1.15080723331547
8.28165127490479,"b",1.47704988933306
8.62759283078867,"c",0.182187910542094
4.6635499142057,"c",-1.10108235737537
6.42810278463826,"c",-1.20252726325904
0.77596349664316,"a",-0.966708676495849
8.67817780601878,"c",1.39449126043296
5.66156365916994,"b",0.404360270712859
9.7999642311344,"c",1.49031586219406
4.0098479467419,"b",-0.680715286073037
9.48914232963842,"c",-0.0522803800696862
6.2265003041029,"b",0.636823632832133
4.09825383469454,"b",0.35688325862053
2.71711422349221,"b",-1.17561605038368
4.41202909461008,"c",-1.48605282360582
2.68685760952656,"c",-2.44537238317247
5.06900162565372,"b",0.65019931683817
5.94857032181091,"b",0.597458845595852
8.04854210838551,"c",-0.00591553466537692
5.38660328623443,"b",2.03488045755017
5.97107926556226,"b",0.276288979880555
5.18085443363143,"b",-0.496466209356325
4.43298740247346,"a",1.17021622041948
5.73406129426907,"b",1.00415049965311
2.49853118897613,"b",-0.706639694712761
6.65374609644253,"b",0.0685642509355788
4.35914838596882,"a",0.887426250052947
1.24996839574255,"a",0.951080448511403
5.23585062189804,"c",-0.132976015348185
4.01471074625894,"c",-1.28558425906626
6.08272488817402,"b",1.66116485621508
7.18814706449255,"b",0.136576555971212
5.7200399461281,"b",-0.464363828025639
4.9014221366716,"b",-0.306423805718502
1.61150202398414,"a",-0.435812300530228
-0.812767994837342,"a",-1.70782279922691
3.97316723247962,"b",-0.171289220774238
3.5097536902255,"a",0.98881575178477
10.6993933674814,"b",2.28564205323546
-0.159088234661244,"a",-0.535947018691219
5.963257262075,"b",-0.189088750770531
4.24771347453696,"a",0.657250840978623
4.62276135968279,"b",-0.167127618066899
4.70732977511484,"b",-0.536767000075604
3.98233231712486,"b",-0.333439039169432
3.82355215727555,"b",0.22290414826286
-0.335080762248591,"a",-2.2417021676314
1.45447521773994,"a",-0.642793087067836
7.90333406714189,"c",0.129506779309632
7.40089457165978,"b",0.500683932489198
0.277545460499061,"a",-0.980687867797905
1.60087691804794,"a",-0.598420796598819
2.89459229166123,"b",-1.68698472183606
6.4045250957114,"b",0.462985502852242
3.19376782144861,"a",0.632984575305104
5.03797891241056,"b",-0.0741200109700842
4.1051917779807,"b",0.0279615662680733
-2.853882210023,"a",-2.51209948928412
8.29263539419893,"b",1.41348402080082
0.688673777995474,"a",-0.303219537073222
1.32943339644614,"a",-0.599311133860702
0.999796338654981,"a",0.0196621914579885
6.30928566453638,"b",0.602632304715408
9.52205531228558,"b",1.57368501672031
6.10902877996719,"c",0.388557997669753
1.13085539054314,"a",-1.12489626596291
5.90136582871162,"c",-0.0792878705440688
8.53526068125221,"c",0.107542505679699
5.08309343196685,"b",0.164244787519655
1.85649823553948,"a",0.98444414538532
3.92567573084259,"b",-0.0872647134232467
0.612871852329405,"a",-0.781784952604271
9.15355842556844,"c",1.39261246235614
8.99937719671639,"b",2.74527254374431
4.92853143733941,"c",-0.3003651504219
5.71617849060798,"b",0.940070703439002
3.28916816366531,"a",1.08241285926193
4.38547118613173,"a",0.92009609256069
2.38632410554749,"b",-0.406215218754482
2.10079294097485,"a",0.664502336527224
7.39375791670571,"c",1.22705104515592
11.0460718526602,"b",2.98890253663116
6.68277823112906,"c",0.399669065766003
7.59811591405159,"b",0.0715461512758006
1.62299275525798,"a",-0.948678112117658
3.90714880348262,"a",0.0133995953743361
1.40604428892965,"a",0.706013814600333
2.80537113807955,"a",0.665694316377917
3.0335822464773,"a",-0.906183125009281
5.58445598569401,"b",0.00476971504793765
2.86033959537121,"b",-1.08293551279599
6.94849288507769,"c",0.406418715411655
5.75617239874027,"b",0.0908270190452244
7.23865098896297,"c",1.21517392458224
6.14109178591336,"b",0.15063891156249
1.91573554981726,"a",1.00672183123613
5.2467620003989,"b",0.590408986990219
3.39053001604519,"b",-0.849094928959333
0.0340552656765879,"a",-1.49130279627827
6.01304515647756,"b",-0.0406862486068376
11.2991215788462,"c",2.19531483288217
7.8313238495812,"c",0.763238192115647
4.1512840172296,"b",0.523443744399959
7.74606086010506,"b",0.639752697916849
7.38054633416086,"c",1.28960951841132
5.62199150977697,"a",1.68831239184355
7.95593553516162,"c",0.964284046069921
6.70167071790011,"b",1.29184696326074
10.7738943809617,"c",1.0349947432296
9.2359525640283,"c",1.40410315391404
7.1875940884466,"b",1.157207222839
4.25173423977219,"b",-1.59933315934367
0.26167135370928,"a",-0.751627165888285
4.49074043897049,"b",-0.239148031041161
3.03219515934533,"a",-0.0204756200877358
10.3943510262819,"c",1.96337329857487
1.75594847062565,"a",0.389845579003814
5.92646572176293,"b",1.06658275219461
0.884760971581054,"a",-0.271213134547158
7.86177460842574,"c",0.187356631287273
1.39045017003358,"a",-0.179024547426
7.88028155289773,"c",-0.156586475829431
8.35505836647997,"b",1.78944297458623
4.46386486000528,"b",0.308503977294177
7.92568178493262,"c",0.365197009298427
6.71354265028935,"c",-0.0419215729776343
0.902005561896437,"a",-0.598982530139343
1.75002209163165,"a",-0.202515342264725
0.931857091649886,"a",-1.21438243722599
5.22056096373392,"b",-0.0195263460837836
0.42484485803111,"a",-0.754033536543343
8.73336122584383,"c",1.18908758835552
6.79747092960791,"b",1.51016674154176
0.613833893085624,"b",-1.17039262434416
0.305284945961669,"a",-1.29392827357685
3.6079154381692,"b",-0.4850066524442
2.92709115401061,"b",-0.0596950692064959
6.9585038109079,"b",0.128079710548587
8.99283822323882,"c",0.797932250756203
5.05338819527412,"c",-1.01607550028687
1.06719898553436,"a",0.246453295107586
2.10032972273506,"b",-0.638881930290301
5.82342342811522,"b",-0.602284587925851
8.84367902397771,"c",0.549106639701504
7.43967072903922,"c",0.124094839861073
3.73619018059508,"a",0.70955825469573
0.232136438961881,"a",-0.823690362514076
5.41386942294717,"b",0.0867371535805039
4.78240588772522,"b",-0.178418195109861
8.24352733793234,"c",1.02363816801281
7.72549483791558,"c",-0.0279217867481935
2.96694994379682,"b",-0.796934682282425
5.92768481451469,"b",0.718795641292891
2.26832325267492,"a",0.525314007375558
4.34844824189202,"b",0.815408353257702
5.6440957135579,"b",0.170546464220667
7.34172035196257,"c",-0.837658538121657
0.756962008294019,"a",-1.48539617991793
7.88058952969787,"b",1.10055629584881
5.68734107406035,"b",0.935247383136132
6.92997656759314,"c",0.0386837713926043
2.16563843967652,"b",-2.39486002499437
4.47272941966584,"b",-0.0962800575605345
8.65932028108035,"c",0.819046378256676
-0.788160773303105,"a",-0.491515207746877
7.16154450596967,"c",0.311656277355361
3.84804428159098,"b",-1.03751663263604
5.19696707193775,"a",0.51359568343252
-0.361994449283689,"a",-1.33149239997633
1.65038435762015,"a",-0.551782617082327
4.68889115182051,"a",1.23567496959979
-0.561991186002493,"a",-0.222170154196533
8.4586797545614,"c",1.42096085799161
6.877262159806,"b",0.365370199998336
6.16477533070467,"b",1.231845289732
5.29494434576006,"b",-0.0665437632093838
6.49207964244317,"b",0.681059674782126
5.11048507196826,"b",0.533263001279274
5.78225714760582,"b",-0.381406909271378
4.43369996779688,"a",1.59602543194098
5.09295978125002,"b",0.890507805491638
2.73540951653266,"b",-0.82457010254821
8.09973966938765,"b",1.18924798131828
4.94469764970983,"b",-0.479534867181896
-0.973273846402966,"a",-2.61804602409254
1.60122845879774,"a",-0.221847073936981
5.30175145359089,"b",-0.926637575506017
6.83893532361229,"c",-0.407807008274702
6.32221500362959,"c",-0.602296259309144
4.44924567041785,"c",-2.44385774047663
3.5268482127722,"b",-0.502961774931847
3.658251149504,"a",0.962870362552425
0.496741310740352,"a",-1.68492017327728
8.81586545866001,"b",1.45060876612427
8.62403893182319,"b",1.52951689120498
2.74799138511782,"b",-0.947020586730197
9.76622771563034,"c",2.29465825850715
-0.02575643907289,"a",-1.09941501918092
2.14232336397082,"a",0.143670976702823
1.1840425965658,"a",-0.394432348238862
7.95302376546437,"b",1.25948661179934
3.42080538945202,"b",-1.25349459868026
4.50952545924944,"b",-0.461954577916792
1.70932959335358,"b",-1.48844389104682
3.18132211356857,"a",0.838214566189021
5.26084954678032,"b",0.57237513194415
3.08287380091875,"b",-0.129107508148844
1.15369056385337,"a",-0.803988673422418
3.01805670362115,"b",-0.973259056167225
7.20095787259561,"b",0.0916671567997696
4.40111840627268,"c",-1.39855532835217
8.55393920519249,"b",2.05728369985151
6.817291203689,"c",-1.10198624116492
5.51387802647228,"b",-0.0741207330096798
5.35240135506493,"c",-0.599930705397576
5.00445957667732,"c",-0.259277542615363
2.62561973942806,"a",-0.080045208785373
7.02631654277516,"c",0.541063018196555
0.264766709048903,"a",-0.827200700837816
0.546734996321011,"a",-0.971392457482621
6.01078938004765,"b",0.787895160523123
9.14008979772605,"b",2.01158578967806
7.13300472796601,"c",0.719118194619255
7.92486009927161,"c",0.444444322327806
3.32889153212709,"a",0.188869109052605
5.57296598311448,"b",0.0771917022259067
1.82451644824536,"b",-1.92878912192965
7.36243003526646,"c",0.572396893691075
6.07056413347582,"c",-0.504092170196848
4.59230144332619,"b",0.298275164165794
9.62218449445292,"b",1.50269854212028
4.19091806508027,"b",-0.138564465090582
5.49849364797659,"b",0.581056511314598
4.05739598942692,"b",-0.710107574329743
4.95813513101593,"b",1.40706683376086
7.51681634594394,"b",1.42853509534363
7.29290051886239,"b",0.772441783032171
8.6547279776175,"b",0.797725022565042
5.74872922733675,"c",0.296590308667897
3.58960884166237,"a",0.377294511198291
5.90239256960882,"b",0.500586036593106
3.39614861268479,"a",-0.1701444604447
1.04793412748729,"a",-0.551333959150525
3.21507164332965,"a",-0.303586949430775
0.149435482253728,"a",0.529529239210803
0.492409720618638,"a",-0.385529572230861
0.137480278895127,"a",-1.92638338710271
7.10321008973391,"b",0.739343544604603
1.96252791159017,"a",0.235654540740689
5.7457419557812,"c",-0.67613702358444
4.53744648370537,"b",-0.234396797207434
7.24654211163023,"b",0.404792586245275
6.13799588574345,"b",1.6452840090843
6.54034505218335,"b",1.07107386863872
0.885368498094838,"a",-0.606306600372966
10.3668982359838,"b",2.46543895780787
4.08460363062806,"a",1.29707345786367
5.77639729685094,"b",0.488910050373438
4.99243159581837,"b",0.379561016004508
4.61819032294631,"c",-0.494899479670209
2.8734172469172,"a",0.542065486479523
7.34712109755975,"c",0.66487153712751
3.20010577508064,"b",-0.121892708410495
2.63721799334422,"a",0.461896904728203
0.264716286205295,"a",-0.863652469560376
6.73605798197425,"b",1.17209487605869
5.11926361827039,"b",-0.0898482493896152
2.63523873502952,"b",-1.82788398254823
3.99343590035182,"b",-0.455205892352482
6.46971369701268,"b",0.272339317206077
5.2235074731689,"a",0.607610914483794
-0.531121356065669,"a",-1.15576960324232
7.19997414788656,"c",0.0569536657454247
3.19194248135242,"a",-0.100914400619936
2.43402649589577,"a",-0.476390204860624
1.42548163150685,"a",-0.950051574408086
-1.39304628804043,"a",-1.35925534448218
5.19482195336462,"b",0.227434158187342
2.56944903346118,"b",-1.10869298062195
-1.43129609754133,"a",-0.792064329484375
5.86390099584174,"c",0.775830180945342
7.34577205939964,"c",-0.515016505863068
4.06605990965239,"a",0.310196948333655
3.15060813195477,"a",1.02688876308036
3.30762199709265,"b",0.207645142587312
8.50781541082543,"c",0.077839334291833
0.0986181426817484,"a",-0.601473088580168
4.00289203491935,"b",-0.764501945443504
4.72863042509249,"b",-0.865204839546204
7.40934596450619,"c",0.354686155682594
0.788016867418843,"a",-1.86214819737199
6.74741685507487,"c",0.419568829487478
-1.02766083216796,"a",-1.17693365754157
2.92431937702195,"a",0.171173448858464
5.9973694640217,"b",1.26606917740873
6.44186842735455,"b",0.515227938879634
4.41087202587721,"b",-0.272150175335622
5.85240298197798,"b",0.314766217809498
-2.62499681939138,"a",-1.65668417491622
6.66065275973993,"c",-0.552661954985865
3.71128638662948,"b",-0.268666472042434
1.64841863436307,"c",-2.68089203175411
7.9574217847401,"b",1.76506855185261
6.02825023702093,"b",0.328554648876664
7.05717633208178,"b",1.04800709689384
1.37344670524373,"a",-0.0207645518372601
2.64837890616366,"a",0.483833682725908
8.59400178445749,"b",1.9079589147774
1.34470989000795,"a",0.0270725035924755
4.37003281460463,"a",0.311601071206303
8.41708851073706,"c",0.54486313129866
6.26681266426272,"b",0.380849055646667
2.11711024246961,"a",0.641074999539806
-0.341338231709714,"a",-0.235946428663467
1.67203074088397,"a",-0.311749390401156
5.55993384134522,"c",-1.15662266773139
2.53930818648535,"a",-0.33427642582797
4.90092015837904,"b",-0.416751365438524
4.16665789919378,"b",-0.576274860540099
5.34069089909595,"b",0.507011462510785
4.97375360166189,"b",0.294197761772827
3.93629081110001,"b",-1.0834104076964
5.55873912990749,"c",-0.424363568579712
5.56692657976138,"b",0.255939264181965
6.62832826721072,"b",0.348409277694668
1.22381127524965,"a",0.114131821276163
4.4326875816776,"b",-0.606208464561042
5.59203143218694,"a",1.67587348031072
5.78794200981427,"c",0.458351194891028
-0.0426826287038284,"a",-0.608973926422281
8.61131539868481,"b",1.24388746890905
6.03814886661486,"b",-0.417240199159802
10.0936135859668,"c",1.68909025314131
4.9532145190598,"b",0.0300191965400803
6.90659404955645,"c",-1.05539227988081
2.85450138276381,"a",0.442194184146143
6.56279680305174,"b",1.2344811616459
0.470859882041964,"a",-0.806793160374736
5.30647927618792,"c",-1.03761187293862
4.38381775547981,"a",0.281338992795805
1.61493742592467,"b",-1.8380879472145
2.61218981427223,"a",-0.327976346867035
7.11812457133837,"c",-0.575331411843572
4.16210859040534,"b",0.659639611766684
-0.161341550599345,"a",-1.8434448893338
6.21072141804795,"c",-1.52287546338822
1.78701433381724,"a",-0.265682623672842
1.30388655399027,"a",-0.891136863522719
5.51441830869862,"c",0.374954755730091
6.52374673576037,"c",-0.270247085865336
1.73619542892961,"a",-0.571192071610369
7.09359304262245,"b",1.45087454017081
1.42071412662646,"b",-2.07041054435924
7.04825627498215,"b",2.39516716185456
2.54196072715992,"a",0.230249637780521
1.79780158758747,"a",-0.726893104262331
3.19996878624094,"b",-1.10444665022195
4.84159697019388,"b",-1.06621061115724
7.37477718311301,"c",0.715481491168421
6.44403114704239,"b",1.0160232041479
-0.563991418703191,"a",-0.699008020065035
8.71928000209375,"c",1.11827526043437
7.59545397640766,"c",0.225997274235179
5.91310370881695,"c",-0.625930925461728
2.98799244441141,"a",1.33093703645417
5.89824957009996,"b",0.755160164778092
-0.311731734732548,"a",-1.24044740450407
5.47750630387017,"b",0.841632104460084
4.06859776513326,"a",1.33704706202603
4.28171151317146,"b",-0.212640070558653
0.122296680016397,"a",-0.591545913982333
7.21268612440241,"b",0.798984409532817
9.09077769165209,"c",1.54910827672268
2.00112575893969,"a",-0.449885967076205
2.0126685593658,"a",0.437068042022732
9.08698951490928,"c",1.8095190179863
3.1266701552901,"b",-0.242786464324929
5.08252169739581,"b",-0.361860427127746
4.6790458051157,"b",-0.672434404914734
-0.509904048505281,"a",-1.0826704624276
1.92858179413639,"a",-1.35625188887867
4.74144299082361,"b",0.593281971433118
1.05011668533472,"a",-0.29203559590948
3.71651066603634,"b",-1.41393186361165
7.36893339355808,"c",0.51275917033726
0.461827367729694,"a",-0.604524842917402
1.7254252394418,"a",-1.71338042520059
5.43042548385298,"b",-0.666540633304246
6.84224901465495,"c",-1.06934950358275
4.53828730557069,"a",-0.0800493864182336
3.97982875258515,"a",0.748247344948633
4.44090287731187,"a",0.992287348258555
4.22543105136507,"b",0.487005333676022
-0.0968452107905433,"a",-0.773574527345658
7.88509315157412,"c",0.484279380891144
4.07374503845803,"c",-1.07965145555786
2.19730800170259,"a",0.709756653395665
3.22589549627546,"b",-0.16400365294094
1.74094334813504,"a",-0.406454687062378
6.77932861204558,"b",0.612738368586642
3.23705593245139,"b",0.35493597329444
-0.295289245961263,"a",-1.92351871398073
0.677784000713148,"a",-1.98629922477166
8.50895036225312,"b",2.06490401472519
5.44153109495008,"b",0.186260849628837
5.80585528848786,"b",1.35214558584758
3.37813506587035,"a",1.42387183533754
1.24349289581016,"a",-0.068415304889387
2.83488908072873,"b",-1.30213553388525
-0.17921291736484,"a",-1.42605702269244
0.794550201089528,"b",-2.40884160605589
7.90338520203259,"b",1.57327897753296
4.2565856893225,"b",-0.0735462886504976
8.37819543551757,"c",0.872665824048119
4.67846208337674,"b",-0.204903909956811
2.22149140874199,"a",1.26119194435528
7.80968947496827,"c",0.298291440645197
7.70704962942717,"c",0.309227566485526
3.29420751348359,"b",-0.272791029401605
4.96975383288006,"b",-0.087984183416195
7.51800381191876,"b",0.925880812678206
-1.13843485695234,"a",-2.70047279265272
4.64199776505744,"b",-0.855505101047478
0.341830924023945,"a",-1.10403579300387
6.55858067279342,"c",-0.393212709744721
5.44614205111006,"b",-1.00528864307356
5.40354530760512,"b",0.682137975116011
3.10063031522598,"a",1.27337781870638
8.91934172218281,"c",0.927049266153049
4.11985557347888,"a",1.0855162221139
5.97497171127211,"b",0.850809408657291
5.17227094449367,"b",0.866213289418356
0.387308656391752,"a",-0.984625602881257
5.89689860432892,"c",-1.78731703649892
9.27971647983017,"b",2.14701952442045
1.32127769344648,"a",-0.608840731481907
7.04825546237323,"b",1.68209881019529
1.53017714892654,"b",-1.61998447843025
4.76590490073653,"b",-0.155795262456675
1.85544763765382,"a",-0.130185921231863
7.90292211693873,"c",0.167954403268229
1.97171556220079,"a",-0.954041390839007
5.1547612616935,"b",-0.319356263078315
6.66203186778006,"b",0.810850422501062
5.7541114949219,"b",-0.0575533561695966
4.83127093537067,"c",-0.56827358823646
3.90574833540372,"a",-0.464012178479885
9.80614624770572,"c",2.49626913723505
5.39701147838361,"c",-0.68153975808126
7.48189015449827,"b",0.639024315794198
6.11231869096089,"b",1.28337273160955
1.40165092733016,"b",-1.06918610430193
4.05943324875422,"b",-0.366263709420238
2.8580253151105,"a",0.414995691392273
9.83496385059799,"c",1.21511383357618
2.13866261834809,"a",1.13686422127868
5.13679318158039,"b",-0.0667885949517715
6.56825141069187,"b",0.364270046772317
4.88546421124604,"b",0.194713080945651
2.26546720065684,"a",0.2649364865303
1.37364067106412,"a",-0.189154595341058
1.48750976671249,"b",-1.85752545366634
3.42570831051997,"b",-0.272458522069372
5.51769742593555,"b",0.288067785289902
6.14924156758922,"b",0.381455103290408
4.62279098923646,"b",-0.0297595351186698
6.69618764617748,"b",0.408812399675477
1.75865947692969,"a",-0.245687552660955
-1.56065409694046,"a",-1.72985213587392
3.34646504472674,"a",-0.187333955704389
5.72558535967225,"c",-0.130120091331554
3.60885929814987,"c",-2.37751572077173
5.45265845648192,"b",0.91229420870375
5.67239637948121,"c",-1.1051159424841
2.59920833462964,"a",0.612495537136808
6.38131114986375,"c",0.24230360165906
-0.0394233980423959,"a",-0.971379214795806
7.69132886354476,"b",0.241862330761821
7.29312731741577,"b",1.27579067505983
4.35582620432635,"b",0.183779755043307
6.14558111838924,"c",-0.288268153193212
1.38452385394575,"a",0.0398795727165739
1.06697895574244,"a",-0.316339818018865
1.5865127429441,"b",-1.58517187616385
5.9961962048282,"b",0.160829909495481
1.30831813514765,"a",-0.924235424001103
0.501448169887762,"a",-1.57689362202097
4.77715920168232,"b",-1.94415033053522
0.804151515220694,"a",-0.378703723581663
4.4589359579099,"b",0.634368333986066
3.54352363238516,"b",-1.52081560880892
6.58375190341166,"c",-0.736445210255799
2.76435532725239,"a",0.447918828187212
-0.0374442388746084,"a",-1.28788170924236
8.46456163173141,"c",1.50446367636167
0.802312480509983,"a",-0.81328192000375
0.918383549947531,"a",-0.468393203956805
9.41170303453385,"b",1.20696426606273
8.89044643372844,"c",0.541972911959017
6.84406427744359,"b",0.855523295262332
4.21054437354002,"b",-1.14980244755602
4.99953433519669,"b",1.06335662830357
4.52298033277471,"b",-0.00764969714568288
6.79803265330768,"b",0.482883485113326
2.26880981110652,"a",0.025645949450268
3.89648694834143,"b",-0.177861789976426
11.5098933280245,"c",2.11528094082124
2.10168970376609,"b",-1.34227866146777
9.41813150388976,"b",1.42916563474189
1.38244246280836,"a",-0.336904933568333
0.66843567725033,"b",-0.738067428888895
6.39906772316799,"b",0.692330073051101
5.99129725819499,"c",-0.412510700934761
6.20471084456896,"b",0.912620184483832
1.16834098966701,"a",-0.958172741669908
1.17955244707558,"a",-1.07196489744233
8.5553685400622,"b",1.27302546189127
6.07068794847164,"b",0.740891261191436
4.48962717576419,"c",-0.167711206765435
9.8259298466642,"c",0.503768894999758
6.42006175062326,"c",0.0545179125713212
4.80534758289808,"b",0.0768784904987115
5.01508977126275,"c",-0.487458837260032
3.63915046558996,"a",0.269912880371111
6.54901563251374,"c",-0.119801806947925
5.83702580953326,"b",1.27674983971827
-1.4797277178799,"a",-1.68373922526588
8.90908057875397,"c",0.660817099212903
1.29913979734429,"a",-0.558583275440896
4.6741504154371,"b",-0.546194958376543
4.95622093879472,"b",-0.0501552941200661
4.44531671426757,"a",1.39025703407765
-0.0867837390650202,"a",-1.42484238513711
1.28555424014196,"b",-0.907690086200589
6.05898459380618,"c",-0.22120484884991
5.42031689843581,"b",0.172700145711298
2.98498410519016,"a",0.193437013664752
8.77516697621238,"b",1.96870347281662
5.37090686820441,"b",0.225811532500821
1.21216818201777,"a",-0.0691860441674244
4.4456636791204,"a",0.179468198755704
3.43299275340353,"b",-0.899070862943707
3.55394440336973,"a",0.736943274776188
0.643284830367283,"a",-0.74525006428211
4.47690875579241,"b",-0.92842858375266
6.51942519352369,"b",0.429195955111476
1.74173058670639,"a",0.560469443656528
-0.319361182749732,"a",-1.57715910014466
4.23370934002187,"a",1.34443426699639
-1.7731503128863,"a",-2.02365521848896
8.17374394091095,"c",1.01709870131519
1.32332326348459,"a",0.0666759027743099
5.76981924329259,"b",1.17698600986258
5.81656146003251,"b",0.572207833160936
5.38349641716242,"a",1.47909386450566
4.14902659607016,"b",-0.00109100951474444
2.48147729153272,"a",0.854956683201155
2.57529660306849,"a",-1.10461932862212
6.10395703710781,"c",-0.108195914327519
9.38010509982962,"c",1.40896855932181
6.91307387148109,"c",0.708061848649616
0.738791440921573,"a",-1.48973621490687
1.45672001382927,"a",-0.600611423948417
2.94158976248538,"a",0.127987874061411
3.42353634355022,"b",-0.868975772211247
1.25075198224709,"b",-0.770532160624135
10.091344033436,"c",1.69363282448629
4.9783494290442,"b",-1.07374618940762
2.07596763703917,"a",0.217959234933704
6.99937845561466,"b",0.843248468113156
1.27334092195178,"a",0.206935689638343
7.60287591929704,"c",-0.177814582420745
2.24623118807137,"a",0.666353495398929
3.73740195731846,"b",-0.484768345562675
6.71966463134535,"b",1.5796307669078
4.49159322664595,"b",-0.583880407606718
0.29305434216948,"a",-1.16208611436047
-3.18651374419023,"a",-3.3307353376903
0.963742027280062,"a",0.27626047350569
0.199654551552621,"a",-1.01052733986274
7.41773931447209,"c",0.0521830732815136
1.06622801964541,"a",-1.56106906490804
7.51884992526447,"b",0.97173397004454
2.16487644741088,"a",-0.226291783572956
7.12857015315077,"b",1.11342070453125
5.60164204410995,"b",0.514568050211903
5.53134677000287,"b",0.937697576181779
6.152694839382,"b",0.55793619254011
4.49661330800497,"b",0.211012783762694
4.14724643015047,"a",1.51658512458091
3.12310129851488,"a",-0.433232872525924
-1.16662256229775,"a",-1.29784149705717
9.23923807438753,"c",2.02252934988147
5.07403333000423,"b",-0.280771388384867
9.2420975891251,"c",0.953238504171681
0.396971658754321,"a",-0.306332909990624
6.15518748228574,"b",0.258262001823186
6.11847547526972,"b",0.526532410487888
4.81542529483216,"c",-1.88416256460521
6.02051077577353,"b",0.33094699895771
4.57652793611971,"b",-0.943592183318653
7.00960847121983,"b",1.90365454427142
4.4777703325606,"a",0.681237475593895
7.49118758064986,"b",1.22175223046536
5.45154201952829,"b",-0.277563567566576
2.96702239196504,"a",0.083600056802731
5.58741034639831,"b",0.33226335311816
2.29746280596555,"a",0.379695239303798
1.49263257032451,"a",-0.958207670654434
6.15007100711313,"c",-0.227389012209278
0.183528134739143,"a",-1.22494595874735
4.66241806189257,"a",1.46817217233113
1.22056165367396,"a",-0.226548468245322
8.00582644840102,"b",0.704418095095258
4.38530235902607,"b",-0.146193821684405
4.78387815185599,"a",0.769280974950692
3.05508411256694,"a",0.365235938065276
6.54738327971817,"b",1.04633575204747
1.69765376768934,"a",0.909742838918374
1.39338385704425,"a",0.484817302440194
2.31868474234069,"a",-0.399249387586168
4.5716600224918,"b",-0.445050778224049
0.373974764880756,"a",0.561711690105432
3.48055933936814,"b",-0.797507564198517
6.25800319362817,"b",1.15940351252905
6.71623342641378,"c",0.629350954722465
5.88501150153724,"b",0.493970156030412
