"age","Ltv0","A0","Ltv1","A1","Y"
53.7095844714667,1,0,1,0,316.812862350855
34.3530182860391,1,1,0,0,296.081023855883
43.6312841133734,1,0,0,0,250.492531883337
46.3286260496104,0,0,1,0,302.150103156539
44.04268323141,1,0,0,1,389.745231541194
38.9387548390852,1,0,0,0,367.874173192253
55.1152199743894,0,0,0,0,385.325614451627
39.053409615869,1,0,0,0,292.195232850075
60.1842371387704,0,1,1,0,445.745783823226
39.3728590094758,0,0,0,0,290.828050201409
53.0486965422349,0,0,0,1,371.200899343619
62.8664539270111,1,0,1,1,421.882086641209
26.1113929888766,1,0,1,0,309.952135973345
37.2121123318263,0,0,1,0,337.863048961245
38.6667866360634,1,1,0,1,362.897126457975
46.3595039807007,1,0,1,1,403.11535520418
37.1574707858393,0,1,1,1,470.87466880475
13.4354457909522,0,0,1,0,298.144562334277
15.5953307142448,0,0,0,0,238.681892723155
53.2011334573019,0,0,0,1,354.608207164165
36.9336140592153,0,0,1,1,372.487255780509
22.1869156602,1,0,0,1,273.896375733655
38.2808264424038,1,0,0,0,230.169142905709
52.146746991726,1,0,1,1,434.802871655467
58.9519346126497,1,0,0,0,292.133893391234
35.695308683938,1,0,1,0,319.917010072083
37.4273061723107,0,1,0,0,377.043218611873
22.3683691480522,0,1,1,1,404.164981163531
44.6009735483127,1,0,0,0,346.652165554404
33.6000512403988,0,1,0,0,274.548518582739
44.5545012324122,0,1,0,0,316.774855575598
47.0483733722882,0,0,0,0,300.882315393662
50.3510352196992,0,0,0,0,299.003918099785
33.9107362459279,1,0,1,0,329.256166023967
45.0495512329797,1,1,0,1,428.212185430113
22.8299132092666,1,0,0,0,294.789133379597
32.155409916205,0,1,1,0,393.706634686451
31.4909240582348,1,0,0,0,239.634600927082
15.8579235005337,0,1,0,0,281.381535025797
40.3612260689226,1,0,1,1,384.505866597955
42.0599860020025,1,0,1,0,314.644084086069
36.3894270145133,0,0,0,0,271.937365394606
47.5816323569952,0,1,1,0,374.153804617235
32.7329517292343,0,0,1,1,373.244981906402
26.3171895558071,0,0,0,0,296.986329979092
44.3281802588872,1,0,0,0,255.00113745009
31.8860682381333,0,1,1,0,367.324162345442
54.4410126172125,1,1,0,0,326.242780085124
35.6855379738665,1,1,0,0,321.84626060063
46.5564788340221,0,0,1,0,324.865295557238
43.2192526520395,1,0,0,1,321.78982550023
32.1616105911962,0,1,0,0,310.950918675943
55.7572751979198,0,1,1,0,452.981473007344
46.4289930571732,1,0,0,0,321.121320224833
40.8976064659961,0,0,0,0,293.010992906736
42.7655074729146,1,0,0,1,320.144350525778
46.7928881605527,1,0,0,0,294.430433090638
40.8983288657908,1,0,0,1,335.482527273148
10.0690991684707,1,0,0,0,261.924386429901
42.8488295353066,0,0,0,1,352.08884467309
36.3276535725902,1,1,1,1,414.713617620424
41.8523056486561,1,0,0,0,279.441275084604
45.8182372736551,1,0,1,0,280.598588088321
53.9973682729268,1,0,0,0,291.609601083323
32.7270794052554,0,0,1,0,294.357639421223
53.0254263204414,1,0,0,0,280.269708517976
43.3584811975207,0,0,1,0,370.905719708834
50.3850609869762,0,0,0,1,393.479431856154
49.2072856829065,1,0,0,0,281.405149607855
47.2087816286686,1,1,1,0,408.16863706056
29.5688106143214,0,0,0,1,331.267331944671
39.0981361338929,1,1,0,1,390.883497359565
46.2351816199954,1,1,0,1,448.253902099498
30.4647664222766,1,0,1,1,310.70652720495
34.5717118542614,1,0,1,1,360.385841020756
45.8099649768168,0,0,0,1,381.154722731707
47.6817873783459,0,0,0,0,280.864724775446
44.6376758854017,0,0,0,0,260.087125315961
31.1422370259032,1,1,0,0,304.378710518263
29.0021910135214,1,0,1,1,374.321272669729
55.1270700980493,0,0,0,1,360.334996419305
42.5792143753203,0,0,1,1,340.648182782069
40.8844022915959,1,0,1,0,351.758256812057
38.7910346246091,0,0,1,1,373.6872631553
28.0567110483947,0,0,0,1,333.468898912081
46.1199689804039,1,0,1,0,309.095585568856
37.8286015425348,0,0,1,1,388.665698321991
38.1724329366808,0,1,1,0,335.125475471879
49.3334632857116,1,1,0,0,361.983471204055
48.2177311050825,0,0,0,1,361.251531566596
53.9211637593427,1,0,1,1,349.751010882114
35.2382607694533,1,1,1,0,386.894905575524
46.503485607263,0,0,0,0,247.071896339346
53.9111045639,1,1,1,1,416.697438899074
28.892111205521,1,0,0,1,345.773413086541
31.3920741312216,0,1,0,0,311.540418605836
28.6826131914623,1,0,0,0,279.905300355145
25.407860004976,1,0,0,0,255.603829310939
40.7998255324116,0,1,0,0,267.979634029314
46.5320433964919,0,1,1,0,337.504687002087
52.0096537559849,1,1,0,0,321.809762926311
50.4475108716773,0,1,1,1,426.189748623198
29.9679135316015,1,0,0,1,329.973743905415
58.4848190167275,1,0,0,1,338.983834514867
33.3322659124218,0,1,1,1,400.361639785556
41.0551381245607,1,0,1,0,339.892107926687
35.7774411813114,1,1,1,0,339.54698652902
38.7764982804503,0,0,0,0,334.160288084363
41.881930345015,0,0,0,1,332.531782046551
41.1916095799701,0,0,0,0,338.436319521255
39.749074491326,1,0,1,0,310.943618215396
41.0807272794203,0,0,0,0,248.241615156798
35.1456476415333,0,1,0,0,380.94628194857
34.957828693121,1,0,1,0,352.895072075459
23.3890092008519,0,1,0,1,383.303093157511
36.1766627312618,0,1,0,1,447.171471900788
34.873497421222,1,0,1,1,383.447281394416
67.018910003448,1,0,0,0,337.523935759178
26.3788376881028,1,1,1,1,405.357983381167
41.3725621855861,1,0,0,0,230.520501427076
25.0637493268371,0,1,1,0,281.287615149841
25.295642585632,0,0,0,0,263.564753337635
41.2470238619701,1,1,0,1,367.421443676061
30.0336086511596,1,1,1,0,374.052195648981
39.9817738569529,1,0,1,0,300.292078977556
35.7174111857418,0,0,0,0,334.507741806815
33.863283935505,1,1,0,0,313.630234720615
19.7532215458089,0,1,0,1,254.133411082459
27.7525204964001,0,0,1,0,357.606499380131
41.7951644111794,0,0,0,0,299.401159245413
45.6762059442353,0,1,1,1,438.768306807205
35.0712264644653,1,0,0,0,253.283652071321
40.0006288406535,1,0,0,1,354.439006335361
51.2288964337997,1,0,0,1,372.37008777905
54.3985574297619,0,0,1,0,385.055188161653
29.0288623159418,1,0,1,1,356.271717368975
38.8268043974982,1,0,0,1,325.235128123407
52.014984009197,0,1,0,0,365.984358366496
35.302704194337,1,1,1,0,311.27294730955
39.47530515061,1,1,0,0,338.877240629526
39.1389270176291,0,0,0,0,270.975699672836
31.1232098209357,0,0,0,0,332.879729783224
35.5531599511526,1,0,0,0,264.595269343812
39.7055512091176,1,1,1,1,434.275930676639
35.8613115094208,1,0,0,1,293.802110771406
51.133860233682,0,0,0,0,269.412034699809
35.1900715834602,1,0,0,0,225.411987895988
35.6683096739927,0,1,0,0,296.155212908255
46.968625765521,1,0,1,1,334.453445047196
29.4363158682909,0,0,0,0,267.533583754101
39.5930152484879,0,0,1,0,309.685056179062
24.4845517765241,0,1,1,0,308.220349070265
51.6716954923568,0,1,0,0,372.753065577695
37.2635429862592,1,1,0,1,372.417992239656
35.3215467532775,0,1,1,1,326.37043903315
27.6174767201379,1,0,1,0,265.264080429171
39.9223796622267,1,0,1,0,332.224927872242
31.9971782204834,1,0,1,0,264.215192038866
34.6650767004956,0,0,0,0,282.002816980048
52.8767524558459,1,1,0,0,373.270555488114
38.2447412975787,1,1,0,1,343.328362584913
29.2821761584932,1,0,0,1,305.951809870793
41.6320688246738,0,0,0,0,311.075895894208
36.3726158437205,1,0,0,1,335.222107226982
45.9001354798734,0,0,1,1,437.093426029439
54.3242192773099,0,0,0,0,331.051901469775
30.0730748889051,1,0,0,0,271.704509213784
44.5465029758028,0,1,1,0,359.179756331149
40.8489805867849,0,1,1,0,388.770933180777
48.9556558226454,1,1,1,0,310.323621079955
37.7022186105373,0,0,0,1,341.625373853964
48.3661906846061,1,0,0,1,343.699051443962
22.5494413866331,0,0,1,0,288.035663967272
56.8945892131337,0,0,0,1,380.224309991512
48.6477797851858,0,0,0,0,290.127201397328
38.4922401111425,0,0,0,0,286.051160919023
25.5099286986083,0,1,0,1,358.847485215519
46.4300870004198,0,0,0,0,266.251401123476
44.8319386381477,0,1,0,1,368.936074090113
39.9364437357861,0,0,0,0,259.573052051518
41.5145589286242,1,1,1,1,426.816283103232
34.158910296502,0,1,0,1,407.573188325585
43.6880673263024,1,1,0,0,337.361222545986
42.9465433971952,0,1,0,0,350.318906921112
37.2074062665742,0,0,0,1,295.886899065795
26.6376334510685,0,1,0,1,359.698654823694
47.0074881844003,0,0,0,1,339.167938441039
45.5419662227403,1,0,0,1,354.872619470826
31.6369340719859,1,1,1,1,371.256911203226
24.0541183799376,0,0,0,0,263.383843194263
42.0495858058763,0,0,1,0,317.686101575631
36.5491202202711,1,0,0,1,374.271480780373
42.5261170336445,1,1,1,0,380.833016587127
27.0599753451545,0,0,0,0,230.705022690121
30.4082955561964,1,0,1,0,316.849259206861
50.857748536799,0,1,0,1,393.164195753334
44.0377490471571,1,0,0,1,306.579975609519
45.864875367193,0,0,0,0,299.579897021907
58.1522844615395,1,1,1,1,443.983994140153
41.2882142860238,0,1,1,0,388.572979362108
19.9907076226849,0,0,1,0,306.006618060892
43.3377719743357,0,0,0,1,321.115451708484
51.7132512735879,1,0,0,1,261.437566421317
60.595392422993,0,0,0,0,309.38607223379
26.2313840175948,0,0,0,1,270.070611685051
28.4914443437289,0,0,0,0,254.415864142638
32.9417860523988,1,0,0,0,252.281659077289
29.4594421792281,1,1,1,0,386.911800146005
33.5425627685751,1,0,1,1,366.464444859327
38.146220323235,0,0,1,0,322.922307770023
27.9877794926001,0,0,0,0,258.096985334925
60.3697216698315,0,0,0,1,327.514944201934
41.0777474488555,0,0,1,0,418.082630912812
39.1589189949442,0,1,1,0,330.140916468506
44.9561964160459,1,0,0,0,281.446777133034
40.3741518611797,0,0,0,0,271.60296623678
38.6791196304409,1,0,1,0,312.240704363095
54.767874235521,1,0,0,0,280.076333163261
37.829697899079,1,0,0,0,281.139612301688
27.1639779590777,0,1,0,0,317.003982846965
43.856678904434,0,0,1,0,316.546370883813
36.4848712647091,0,0,0,0,238.043353200725
34.7820390664373,0,0,1,0,360.151196815933
29.3186879931283,1,1,0,0,290.277493975534
44.2836590326669,0,0,0,0,223.767957568368
38.2598176557301,1,1,0,0,332.097583598486
45.1566772864803,1,1,1,1,430.088637655232
37.6563472269408,1,1,1,1,349.422894086215
33.4149657417823,0,0,0,0,275.733379830685
52.5023660407872,0,0,0,0,298.351888993323
37.282362848886,0,0,0,1,419.798082480933
49.479519958752,1,0,1,1,395.833635417546
27.9841756989106,1,0,1,0,285.387629031392
35.338839036245,1,0,0,0,290.943380093474
37.3064860484682,0,0,0,1,285.283832500127
36.0903459186914,1,1,0,0,356.652033748563
53.4870701199171,1,0,0,0,362.554411614404
39.7723529870159,1,0,0,0,283.14825446868
42.4422585110345,1,0,0,0,316.231456091848
30.5762829213608,1,1,0,0,299.140551033699
32.7078272349043,0,0,0,0,252.9008392715
49.9806890855485,0,0,1,1,380.256907939586
52.5848166459556,1,0,0,0,310.91615280015
52.488636888101,1,1,1,1,480.413051191488
26.1936295047467,1,1,0,1,368.153868720554
60.4996069363639,0,0,0,0,335.34478992487
50.1687282979954,1,0,0,1,357.857761716103
39.7328253586174,0,0,1,1,381.122623534279
47.0360777879826,1,0,0,0,279.376903054692
30.2861477084814,1,0,0,0,256.740123144249
29.0384375844114,1,0,1,0,281.888557906237
40.490504509376,0,1,0,0,356.23150458249
28.0150414344222,1,1,1,0,308.722508262424
41.9001899855975,1,1,1,0,334.116439352737
52.9770589960467,0,0,0,0,297.377897893231
29.6612627703525,0,1,1,1,431.132400128409
32.6155924578694,0,1,0,0,380.829854787219
40.4656393945086,0,0,0,0,244.346535311003
29.8240388017389,1,0,1,1,327.847712270532
36.1671604011372,1,1,0,1,323.892442736766
48.727554116714,0,0,0,0,341.215891220496
49.6954501397012,0,0,0,0,295.857544813557
43.8384666502709,1,0,0,0,308.988068004319
21.4844433693254,1,0,1,1,329.374499828973
39.4600326317383,0,0,0,0,310.729334491603
50.6477321433828,0,0,1,0,403.787541838601
48.131950374116,1,0,1,1,335.236904084448
38.0918352589572,0,0,0,1,342.437939495056
13.000701914363,0,0,0,0,221.571898926013
40.6096663880112,1,0,0,1,346.765789993064
45.7375169748358,0,0,1,0,351.269097367921
40.458035797251,1,0,0,0,238.534146270766
41.5741254017588,1,0,0,1,320.82430971435
44.3156537286877,1,0,0,0,290.828666890637
36.0345026394979,1,1,0,0,310.258593104084
53.0997822575155,1,0,1,0,323.378784273257
44.7039339987394,0,0,0,0,309.949140856852
27.573297294254,0,1,0,0,303.215471382326
53.8157545638553,0,0,0,0,317.588533772063
52.0445893700982,0,0,0,1,334.645246705086
48.2407396368188,0,0,0,0,288.058797514094
23.3737059781441,1,1,1,0,381.536015062404
34.3069365639452,0,0,1,1,337.142049534429
46.3551381728953,0,0,0,0,297.935462315974
40.4372200757786,1,0,1,0,344.062503160625
43.4801230366131,0,1,1,0,407.742715945196
64.5959354887041,1,1,0,1,449.619824893004
31.8161967560033,1,0,1,1,375.50818194515
18.8679988507086,0,1,0,0,311.261191398654
42.7369527243041,1,0,0,0,230.999819642863
33.1240315875659,0,0,0,0,267.641041524278
44.4604105296187,0,0,1,0,350.639615471844
31.876152762094,1,1,1,0,336.667451071715
62.1205548033514,1,0,0,0,285.464315107367
38.7629402842257,1,1,0,0,349.553489017704
35.2266449396995,0,0,0,0,298.960990624194
38.3373850851339,0,0,0,1,333.47209327603
48.6256338362643,1,0,0,0,263.167211889548
40.9734048520282,0,0,0,0,270.213559627652
23.7438326078871,0,0,1,0,341.918280666666
39.9537923217354,0,1,1,1,479.949140568355
47.6024216766206,1,1,0,1,425.410079201388
40.3899091287256,0,1,0,0,363.221154677887
47.3507214161444,1,0,0,0,318.980965113707
38.5352737300113,0,1,0,0,278.823787592761
39.4211266461872,1,1,0,0,323.499721457332
44.8236946610453,0,0,0,0,300.741215024836
49.9294363677573,0,1,0,1,418.1079317332
27.5360450196796,1,0,0,0,254.904048659062
39.6651247515439,0,1,0,0,273.5256215045
39.2903781875,0,0,1,0,339.740046593788
32.4107934626905,0,0,1,1,381.185667856256
29.6564063906085,1,0,0,0,251.607554374715
33.6926804602918,1,0,0,0,247.170060562357
45.86807720013,1,0,0,0,244.185738120935
35.8367734381635,1,1,0,1,355.586376432647
32.1511219049468,1,1,1,1,338.973289929987
41.634163194861,1,1,1,1,478.839120210477
27.6328576489065,1,1,0,0,283.616438958343
50.4587377623667,1,0,0,1,371.410636429564
35.1540458378129,1,0,1,0,297.616586229106
41.8912881168067,1,1,0,0,319.08535795645
40.5100633157497,0,1,0,0,311.242273417492
39.9975933111356,1,0,1,0,316.60856709553
58.0938204244287,0,1,0,0,364.074502196446
31.7467204289006,1,0,1,1,370.551436072854
51.4547045222799,0,0,0,0,307.230576507017
40.3157318755324,1,1,1,1,442.87866566036
31.6479419469328,1,1,0,1,425.447255011354
39.3123635098349,1,0,1,0,260.801264331699
47.4677168701247,0,0,0,0,341.192338897229
35.744812656054,1,0,1,0,345.985675779547
32.2791776480654,0,0,0,0,238.547162213828
41.5276410674789,0,1,0,0,393.723562289755
49.885968451788,0,1,0,1,417.764185104892
39.2654166532783,1,1,1,0,341.424586801991
26.1297344644026,1,0,0,0,277.972730377385
26.9332409562464,0,0,0,0,243.521238267051
32.3160467492206,1,0,0,0,232.466621992882
34.7289187462554,0,0,0,1,293.45498466808
39.7857293495838,1,0,0,0,280.011504429527
46.7049807099628,1,0,1,0,394.781800454213
35.6538296142759,1,0,0,0,317.48020966107
28.8612021668715,0,0,0,0,282.012229659806
46.071059948785,1,0,1,0,324.91632928784
42.7545696873959,1,1,0,1,403.630203975615
51.5734706941474,1,0,0,0,349.757351847749
23.1751914052174,1,0,0,0,235.837691560558
40.8731908889487,1,0,0,1,329.771870710063
53.5336189394267,1,0,1,0,421.310758201328
47.2417380068337,1,0,1,1,387.356690289486
31.6744717423579,0,0,0,0,199.473552825554
47.3252848676841,1,1,1,1,422.702869780934
31.2807313000279,1,0,1,1,298.76801645477
35.4660248877021,1,0,1,0,351.23383072947
51.8753427862908,1,1,0,1,453.394199668287
37.0985468820992,1,0,0,1,366.619699308239
48.2854614496544,0,1,0,0,389.002943609039
37.0877229122083,1,0,0,0,262.755167797322
24.2363759525209,0,0,0,1,270.263145447725
31.5118430305108,0,0,0,1,293.545935925735
29.114801380428,1,0,0,0,231.520833782552
35.1570942888283,0,0,0,0,258.964680211544
36.6368879099043,0,0,0,0,245.036915670789
38.4664210933836,1,0,1,1,422.230003579933
37.5675277142515,0,0,0,1,382.674615018302
58.9220204160011,0,0,0,1,345.41738912451
26.1400166271458,1,0,1,0,298.002946870422
35.8517569929222,1,0,0,0,264.664791248491
43.4908152810683,0,0,1,1,334.003435918181
56.2844226581541,0,1,0,0,333.41868582987
40.8852189571362,1,0,0,0,272.034067738725
52.3915070840056,1,0,1,0,350.143501111821
23.5544446424629,0,0,0,0,202.081501194716
54.4635652537848,0,0,0,0,260.726840774707
33.0943982833482,0,0,0,0,229.427484024768
37.2356891454615,1,0,0,0,284.061801657502
28.9058124010056,1,0,0,0,214.865756800656
41.3386931642945,1,0,0,1,337.503748456199
57.8533905173155,1,1,0,0,393.280911459898
64.2216335525159,0,0,1,0,321.60442680165
29.2317109788159,0,0,0,0,229.906548110845
44.859411104031,1,1,1,0,415.004544929049
53.8852173874429,1,0,0,0,328.885890088173
38.0434318271546,1,0,0,0,282.797836539807
37.8182520229379,0,0,0,0,313.157159111142
36.9522204545355,1,0,1,1,359.596915412413
45.9783272411144,0,0,0,0,310.042050706843
53.9742941081576,1,0,0,0,383.01702014178
46.8761976123996,1,0,0,1,368.854336675806
43.2018801429697,1,1,0,0,341.710258700753
36.9813007422274,1,1,0,1,424.9709236102
44.9834868555795,1,0,1,0,295.920565367053
34.5046308208324,1,1,1,0,345.73149842638
37.2074349636276,0,0,1,0,368.371294693468
50.9651344311173,1,0,0,1,339.573468321622
44.4201308817881,1,0,1,0,359.813541733973
42.4101629402611,1,0,0,0,317.19294832233
37.4439234464448,1,1,1,1,412.919060614911
49.3103290148488,0,0,0,0,291.866209996921
53.3491258537547,1,1,1,0,420.286683759367
31.3072823612456,1,0,1,0,256.709166265736
40.554869546651,1,0,0,0,290.078159117527
40.4906691319192,0,0,0,1,362.268450780215
34.216442716391,1,0,0,0,226.972577896847
30.01261344004,0,0,0,0,272.991538649003
39.975672199934,1,0,0,0,241.265678081998
46.5551188281297,0,0,0,0,302.957756323043
54.7684227897655,1,0,0,1,360.77929483479
20.9084721172079,1,0,0,0,255.150405309251
32.9756052668759,0,1,0,1,377.186053591563
36.8856978198808,0,0,0,1,346.686464264762
23.3684296933262,0,0,0,1,296.148993525928
32.4946655820771,1,0,1,1,340.381324654997
32.2264824081849,1,0,1,0,364.858295682911
32.774303001404,0,0,0,1,353.719135276724
18.1116540085293,1,0,1,0,315.475869665572
42.1341855028655,0,1,0,0,351.322660864811
33.6807706374517,1,0,1,1,358.952826077108
55.2049119383216,0,0,1,0,436.91861188759
47.9595594941508,0,1,1,0,416.876660188734
25.464704348672,1,0,0,0,256.515795864822
40.9839542100584,0,0,0,0,273.927716846551
34.0622901576685,1,0,1,0,275.036528544655
48.8828116863451,0,0,1,0,333.807856832433
40.5307041549867,1,0,0,0,304.69340257229
34.4297637415534,0,1,0,0,325.113142891943
44.3839703617272,0,0,0,0,266.593290469474
41.5260815864242,0,0,0,0,341.286986520096
38.3538241825044,1,1,1,0,420.262569499861
60.1989062147597,1,0,0,0,330.668472626942
34.7061411368274,1,1,0,0,309.25036016635
35.2921302701596,0,0,1,0,281.985489665314
24.5406307598248,1,1,0,0,313.070362129008
39.5947327670482,0,0,1,0,326.279888525507
48.9035630547068,1,0,0,0,373.721074270003
19.2861214907079,1,0,1,0,285.99086921185
37.4993487992698,1,0,1,0,294.350660876463
28.1834957334668,0,0,0,1,306.48655355317
54.4193726501691,1,0,1,0,351.860051117201
53.5789553887886,0,0,1,0,362.868201778012
43.3450284734065,1,1,1,0,381.678813311609
54.2933808040023,0,0,0,1,363.509723718963
31.3268214912132,1,0,0,0,226.533562760804
49.5065172497189,1,0,0,0,347.689053638198
34.1498849136676,1,0,1,1,267.772875391884
43.2095752252563,1,0,0,0,271.26092941653
37.0060398333509,1,0,1,0,284.855101230662
37.2145691670693,1,1,0,0,283.561046786606
45.4611515832953,1,1,0,0,360.346387108394
26.9617884635513,0,0,0,1,294.789658451325
37.4908553495754,1,1,0,0,344.16140868108
41.7100737371791,0,0,0,1,286.713093701749
35.9653252125249,0,1,0,0,336.696435017475
41.0465944083573,1,1,0,0,399.331897411507
36.8111921326599,1,0,0,1,310.392158548338
56.1834393588343,0,0,0,1,333.424911274951
47.1418860148862,0,0,1,1,377.900854743112
69.6586536983324,1,0,0,0,356.821015580909
32.0492239544079,0,1,1,1,405.62273250821
48.1436591467991,1,0,0,0,256.362381151322
60.9803081013037,0,0,0,0,336.309464433694
43.0098005515257,1,1,0,1,374.025257564251
29.1692485816077,1,0,0,0,287.973864815447
29.9367749819672,1,1,1,0,335.602590976462
39.6458543508239,0,0,1,0,330.096744589881
53.0912436085341,0,0,0,1,340.626705425173
47.5040048664672,1,0,1,0,278.972451286076
18.6163167238758,0,1,0,0,276.919238195576
32.9964589113337,1,1,1,1,423.498589677296
39.9094352470701,0,0,0,1,320.295242962376
25.4186651275523,1,1,1,1,367.956037256364
46.9452964649487,1,0,0,0,316.960984940462
15.3866452481351,1,0,0,0,296.044476290613
41.4328976404046,1,1,1,0,367.861647351531
36.0877788087294,0,0,0,0,277.030603508014
35.0883591438592,1,1,1,0,427.421463522202
37.1635254754795,1,0,0,0,275.468521752464
43.1479480470784,1,0,0,0,260.614902264411
43.9632657793899,0,0,0,0,230.639623896132
37.7439628896404,0,0,0,1,311.417782250828
20.7504956965944,1,0,0,0,269.301623122609
25.6077070167802,1,0,0,1,288.421630401675
25.303422260276,0,1,0,0,286.742041724671
47.6186344689193,0,0,0,0,327.510835649153
37.5638501812872,0,0,0,0,243.490759787893
42.6967660741801,0,0,1,0,275.731457884111
24.4107247904418,1,0,0,0,254.009281982875
34.6441199330369,1,1,0,0,305.34226186151
45.624519731735,1,1,1,1,446.323704137016
38.2167387658008,1,1,1,1,352.953389408703
38.8486401379735,1,0,0,0,256.877219521846
39.2793852789363,0,1,0,1,409.951165865347
52.109098069263,1,1,1,1,406.55430099476
33.851030992003,0,0,0,0,280.453669712943
46.761264583147,1,0,0,0,301.053857855486
48.9859960553755,0,0,0,0,247.860804441505
28.1068209647898,1,0,0,1,336.658861530301
41.2125884981901,1,0,0,1,342.535121793704
39.8877831386959,0,0,0,0,294.8314395372
50.2914071931376,0,1,0,0,343.432734331526
49.1477486771961,0,0,1,1,377.919946872802
39.9754373332044,0,0,1,0,341.782034792361
41.3600955241373,0,1,0,0,403.569036737852
32.7984645505688,1,0,0,0,241.129244563277
38.0187566994878,0,0,0,0,294.856683089263
29.7079119395173,0,0,1,1,383.123276357566
30.3304410414738,1,1,0,1,415.173722229376
27.7918691108091,0,1,0,0,304.728491473983
48.3620770394484,0,0,0,1,362.015692541986
51.149717984954,1,0,1,1,364.031558329192
35.8705514707291,1,0,0,0,289.920580274361
28.7102260199317,1,1,1,0,348.447351014171
39.1206866822295,1,0,0,1,380.509012945556
62.4190369331262,0,0,0,0,331.466428282076
60.4131317075049,0,0,0,0,323.130230512019
22.8019966327855,0,0,0,0,221.960237851104
36.4309334387761,0,1,0,0,298.529261101684
55.3328049216229,1,1,1,1,487.267251938537
39.6175590338976,0,1,0,0,338.504330728958
55.9741324232643,0,0,0,1,426.742722177893
36.6641460669012,0,0,0,1,305.499445188494
46.0498592391538,0,1,1,1,360.062401829777
42.2424123925025,1,1,1,0,419.192427212464
72.2906949548006,0,1,0,0,439.13867906394
49.2045256677252,1,0,0,0,295.04792455778
27.9346093078408,0,0,1,0,246.358031701582
33.9611883083673,1,0,0,0,262.079483924252
43.7023528462206,0,0,0,1,326.157894644714
20.9899935332039,0,1,0,0,284.818941674602
21.9559005503676,1,0,1,0,272.429592316624
28.7817739364478,1,0,0,0,258.65421709561
36.5207039344086,1,0,1,1,385.631632143537
52.3890214863198,1,0,1,0,369.167799300659
37.2580243514772,1,1,1,1,395.044154868754
41.6238071555819,0,0,0,1,331.192730840687
39.3539309024694,0,0,1,0,323.013065102878
32.9476290297486,1,0,1,1,279.840701460449
53.6219726875099,0,0,1,0,392.397144079486
29.0348681191668,0,1,1,1,360.226221094458
37.7156648145311,0,1,1,1,448.65534517415
36.5217191938973,0,0,0,1,317.509490307961
45.3212861950673,1,0,0,0,336.885585031352
56.0723456226119,1,1,1,1,526.723961032137
45.1381452611659,0,0,1,0,330.994119948186
53.8237316057303,1,0,0,1,341.25427306828
47.630970485499,0,0,0,0,307.646230117673
33.7541545536589,0,0,0,0,293.637912639617
40.8154380042899,1,0,1,1,411.625978299936
53.7607911136477,1,0,1,1,348.302298842659
24.3873421384296,0,0,1,0,285.33541088552
43.247706605947,1,0,1,1,373.869629151726
38.4320968304776,1,1,1,0,364.28136599967
48.7778386073435,0,0,0,1,350.997843863918
47.5016657518064,0,0,1,1,349.691334629471
43.0105340384283,1,0,1,0,364.500169163153
54.9281111722931,0,1,1,1,405.283025534342
24.745061998303,0,0,0,1,329.028488175282
49.1071755848602,0,0,0,0,341.845602159039
24.2046797214246,1,0,1,0,276.316577286718
45.8771625711858,0,0,0,1,330.289184906965
40.8964229600072,0,1,0,0,336.459104963832
49.6726165694984,1,0,1,0,368.914031237971
40.7881235291482,0,0,0,0,285.443482062073
24.3130016351391,1,1,0,0,325.603864665829
19.9217681598391,0,1,0,0,306.594643739191
45.4097352423876,1,0,0,0,335.577517815366
39.2662340189157,1,0,1,1,372.912386327168
34.2898160644192,1,0,0,1,321.223625786848
36.8893154014636,0,0,0,0,242.829918588945
33.2858493289864,0,0,1,0,280.937392360122
38.4265954791902,0,0,0,0,243.441201598852
30.6869492900013,0,0,0,0,247.516676262197
20.1699052052987,0,0,1,0,335.096951496079
37.8040019575062,0,0,0,0,277.564125445468
50.4527586946239,0,0,1,1,393.553282150032
58.7732956629967,1,1,0,1,407.896482649592
40.0260619595717,0,0,1,1,375.458677168324
39.1933006529083,1,1,0,0,335.396643720899
49.6298228123987,0,0,0,0,295.335096311307
40.5357101654652,1,1,1,0,364.351957653195
35.6510159108996,0,1,1,0,322.025970345122
22.6270274465769,1,0,1,0,287.210549003839
27.3630440021757,1,0,1,0,313.659996732061
44.0630851206927,1,0,1,0,280.300928101223
25.4034603222024,1,0,1,0,283.537213386008
50.484573701547,0,1,0,0,386.888610206109
26.535694605498,1,1,1,1,422.857784157409
38.0642944188651,1,0,0,0,245.666811771177
39.9766404288632,0,1,1,1,413.033717242593
39.8717026613281,0,0,1,0,342.317628342306
41.519473219844,0,1,1,0,363.206951456922
45.9851113140108,1,1,0,0,320.96573711652
38.7378756270172,0,1,0,0,340.452226103612
37.5146443415322,1,1,0,0,297.656744414374
41.6032739490462,0,0,0,1,343.544544620741
35.6635805840273,0,0,0,0,275.421290840956
55.3741241910027,1,0,0,0,329.970861997272
18.2975342338392,0,1,0,1,331.694324179017
50.2700461929143,1,0,0,0,339.007104477097
37.5151706681007,0,0,0,0,263.815603172675
44.2232038583239,1,0,0,1,340.749149855153
49.8765329363967,1,0,0,0,312.254561838873
48.3556817203502,0,0,1,0,356.139092278582
33.3947814095429,1,0,0,0,223.883711459307
55.6406949329184,0,0,0,0,286.728595950673
23.7702406470845,1,0,0,0,297.960168500593
48.6389637347899,1,0,0,1,338.492439795208
34.883972265638,1,1,1,0,350.403889295766
20.826349745546,1,0,0,0,225.378273357652
21.3418615138005,1,1,0,1,311.28402190967
42.4517906343969,0,0,0,1,340.680662390263
62.2353430190807,1,0,0,0,300.94497877307
42.7337606414447,1,0,1,0,335.588885060593
51.3078479452828,1,0,0,0,301.558582926591
48.386693740601,1,0,1,0,303.072593787034
33.453847221218,0,0,0,0,246.547067243899
49.539609784794,1,0,1,1,441.723926848967
43.5295146548932,1,0,0,0,292.279959998876
42.0659929264961,1,1,1,1,416.211458494487
50.0111323431025,0,0,0,0,326.311084595787
47.4745199164028,1,1,0,0,360.297128459495
33.7342516327686,1,1,0,0,346.716849842066
43.9522368593671,0,0,1,0,276.400301591334
31.0783204595442,0,0,0,0,279.798156497541
46.3081841009177,1,0,0,0,296.594347198078
35.6729481671543,0,1,0,0,342.125603397729
44.5213864421852,0,0,1,1,451.029915355409
43.6799904519635,1,1,1,0,374.540791567433
37.2961251033809,0,0,0,0,174.322281739151
44.6551261771298,0,1,0,0,296.638905577609
45.7435622562697,0,0,0,0,297.779992139448
37.6930000984259,1,0,0,0,336.572749979184
51.7224250830245,1,1,1,1,450.517563602218
53.9270270673312,1,0,0,0,299.003285872509
33.3800874429042,1,0,1,0,337.157645099957
32.2263079327499,0,1,1,0,282.117471112503
45.1353857890878,0,0,0,0,281.862635239127
30.8668776195873,0,0,1,0,376.282185180461
35.505761947497,0,0,0,0,252.355934725821
48.0293269910362,0,0,1,0,355.906673816926
34.265231490189,0,0,1,1,310.959594889386
20.7187483215167,0,0,0,1,261.425535428041
46.6439083382215,1,0,0,0,247.500817834655
23.9745977620575,1,0,1,1,345.088641186619
26.4539974254615,1,1,1,0,348.044569563892
9.82067320582104,0,0,1,1,333.799961448034
48.3123782223006,1,1,0,0,361.900238336362
42.5109708884734,0,1,1,1,441.160275651449
44.6229346594133,1,0,0,1,323.403640725152
48.4479222322324,0,0,0,1,322.497521499269
39.5802847567844,0,1,0,1,402.582663171523
28.9442409429997,1,0,0,0,234.31761995815
45.6377565233087,0,0,1,1,442.948348367555
53.0336475581967,1,0,0,0,303.095785665651
24.9977906220534,1,0,1,0,272.03986758735
33.9301076488096,1,0,0,0,233.018945704095
37.0775493434342,0,0,0,0,299.978386107669
27.103166566764,0,0,1,1,353.710571203228
46.941058487747,1,0,0,0,275.976074646806
34.0081809710288,1,1,0,0,334.685382184389
52.5690664397164,0,0,0,0,291.725666325136
40.5350801362736,0,0,0,1,312.602154326999
47.2809251767185,1,0,0,0,255.501751623891
55.6109806821061,1,0,0,1,337.589307904297
42.6562475359719,1,0,1,1,317.675934157957
50.7672625920727,0,0,0,0,303.017529058939
42.1069793167925,0,0,0,0,248.168756334133
24.8832647417763,1,0,0,1,293.929716144834
40.2240225991362,1,1,1,1,422.468314249172
47.181362060421,1,0,1,0,330.094001053326
44.8945701784227,1,0,1,1,425.126323921292
38.2611165412173,0,0,0,0,214.05618340519
27.823005113316,0,1,0,0,309.146137941452
46.4639836870946,1,0,0,0,291.183291310083
30.8354397165211,0,0,1,1,308.599749146077
27.4817655757443,0,0,0,0,279.537521040064
45.949277184055,1,0,0,0,303.805881171369
27.6718933481017,0,0,1,1,375.114908002955
42.4436441490614,0,0,1,0,322.737191805829
40.027721853436,0,0,1,1,337.756641933974
26.7179031397444,0,0,0,0,231.540418611207
51.7969641183278,0,1,0,1,389.338570414902
34.0719500085107,1,0,0,0,256.818122845108
51.9997831633667,0,0,1,1,446.736289634924
35.2496632038787,1,0,1,0,365.052470270806
34.2494290384918,0,1,0,0,346.07097615413
39.687739753915,1,0,0,1,344.69100089899
36.4194300402154,1,0,1,0,302.069726204849
36.4339892235227,1,0,1,0,284.930381077018
31.2233561656627,0,1,0,1,356.837246146164
27.8710287482204,1,1,0,1,423.839970358165
46.1328661868703,0,0,0,1,300.558706697399
31.9379665853752,0,1,1,0,348.365015754933
26.235430700911,0,1,0,0,327.438932877535
34.9215210083645,1,0,1,0,281.739730633833
31.9906451326266,0,0,0,1,330.224484525227
18.0721431432993,1,1,1,1,369.939874031757
37.0906285073233,0,0,1,0,297.562291979646
41.6717412116052,0,0,0,0,311.834677981805
42.9469235648569,0,1,0,0,342.666823712187
43.9274126542073,0,0,0,0,321.247780608878
29.9915628699918,0,1,0,1,367.781878310507
36.7427288017657,0,1,1,0,342.699325145046
29.9165119457116,1,0,0,1,341.133947980476
33.6456851796623,0,0,0,1,371.278059648218
27.9015931201266,1,0,1,0,327.317460490595
28.8353619934731,0,0,1,0,296.483696741653
46.2988116257593,0,1,1,0,423.519837840669
37.2747842982137,1,0,0,0,282.20280384444
37.4115883162133,0,0,0,1,335.152229976594
57.2955817989149,1,1,1,0,389.001210590848
39.4160783459263,0,0,1,1,346.932529112093
34.6293621539108,1,1,1,1,381.223833222083
47.4728669616574,0,0,1,1,379.110117084335
35.1274216461027,1,1,1,0,389.19936835018
53.7290778147951,1,0,1,1,345.734266781329
36.2232763935378,1,0,1,1,357.859007046187
33.8384738588161,1,1,0,1,374.647558717308
28.3187494892531,1,0,0,0,291.613709365057
43.2864035859109,0,0,1,0,264.576653488763
54.6651062744017,1,0,0,0,305.414304452114
36.4399045491109,1,0,0,0,286.580844013954
42.6146764187743,0,0,1,1,334.810855939424
43.3332885517573,1,1,1,0,380.20288042046
54.2219324030954,1,1,0,1,404.74613568285
46.6387660066617,1,0,1,0,331.013219282477
29.2634484430469,1,0,0,0,257.512556336202
33.0309822533326,0,1,0,1,357.140330445403
32.5386954306544,0,0,0,0,225.058302356774
41.4157287213222,1,1,0,0,354.970564340732
39.9605277926935,0,1,1,0,429.002133700202
43.6793750109177,1,1,1,0,406.745967446269
33.4265708530275,0,1,0,1,350.00620277069
36.2365332983895,0,0,1,0,276.816198961931
47.4136006042508,1,0,1,0,352.064426235988
39.0039324355153,0,0,0,1,320.018922337395
33.457101213929,1,0,1,0,272.917839789399
49.7116437406127,1,0,0,0,289.197552202648
40.1349631156839,1,0,0,0,289.178274885274
30.8346533297846,0,0,0,0,300.668689919875
57.0968856126164,0,0,0,1,321.842927687931
28.3189901005334,0,0,0,1,288.727874374247
22.1896373984748,1,1,0,0,335.306400395529
17.4686755143178,1,0,1,1,312.580600399639
46.511259695467,0,0,1,0,319.397259239034
34.6716737439723,0,0,1,0,249.078790118394
37.2444064302772,0,0,0,0,249.763129821169
42.8962697262905,0,1,1,0,398.748108444613
35.3351593820924,0,0,1,1,349.965109943555
23.9193982505531,0,0,0,0,231.051819326398
20.5021620395801,0,1,0,0,304.908805030729
36.5930008176902,0,0,0,0,304.604698682361
41.7472552733132,0,0,1,1,283.346606734961
17.2222243922277,1,0,0,0,251.32100334475
42.9052448094708,1,1,1,0,434.601297631809
44.2230635747361,1,1,0,0,317.682304458433
52.9473736320671,0,0,0,0,279.187513225684
41.6471401857395,0,1,0,0,317.932272848383
42.0495384080024,1,0,0,0,274.668739165584
46.0460362672581,1,0,1,1,368.28981096861
39.8085923083107,1,0,0,1,332.084171311752
39.2028565262119,0,0,0,0,186.531140631991
41.159844644028,1,1,1,1,444.571465200754
47.4417336404839,0,1,1,0,402.424830395081
35.6870939647231,0,0,0,0,285.182539156868
35.0047104808877,1,0,1,1,349.005663440413
31.3483792324429,0,0,0,0,274.945323281519
30.4224271672813,1,1,1,0,378.6288248694
43.2679997133864,0,0,0,0,285.110313486789
55.4737222568518,0,0,0,0,299.832406127335
30.3114043113557,1,0,0,1,268.555006999017
38.1155957374054,0,0,0,0,268.519871732273
29.6999883854408,0,0,0,0,270.933605925081
49.080864418605,0,0,1,1,405.509636649603
36.8261813529187,1,1,0,1,363.029797808545
41.7900396654042,0,0,0,0,356.589270922932
43.4802818772918,1,0,0,0,291.090849313462
29.4572097872556,1,0,0,1,320.169064525371
38.952557118893,0,0,0,0,321.136612707977
37.7165738290547,1,0,0,0,250.434220690714
46.7535556242754,0,0,1,0,350.946207480368
27.6675530649369,1,1,0,0,309.517028115109
28.0003845557722,0,1,0,0,314.436229189774
47.6586657661611,0,0,0,0,315.592935269973
34.1190213871702,1,0,0,1,372.219869727601
33.3970417002442,0,1,0,0,273.227117381506
41.1301352219734,1,0,1,0,308.749650087161
36.7960120031396,1,1,1,1,398.710062117326
58.6638149693879,1,1,1,1,449.991469074533
42.595314557678,1,0,0,0,323.099945988763
41.6156007091807,0,0,1,0,328.039324145253
49.3107490933535,1,0,1,1,387.305104763136
39.4005325074038,1,0,0,0,294.866185458208
40.4873970007745,0,0,0,1,306.756652070428
29.2712459926604,0,0,0,0,267.046590019755
17.0702856951933,1,0,1,1,295.488490680776
27.9279314993566,1,1,0,0,291.753678659746
41.1410942979719,1,1,0,0,306.400232714674
29.6670292089462,0,1,0,0,323.669518951685
46.8880775234206,1,1,1,0,366.712362512656
47.2508301767486,0,0,1,0,396.174263286824
42.1738021093909,0,1,0,0,321.859443295857
37.9834326838162,1,0,0,0,276.527638810345
26.3431013941132,0,0,0,0,213.531211977801
36.9106239132284,1,0,0,1,361.988475844668
35.4709711346277,1,0,1,0,384.407116688887
46.6322914451979,1,0,0,0,282.737170342744
53.086295367487,1,0,0,1,393.45944400076
45.010403098945,1,0,0,0,317.279933523521
28.7171146480263,0,1,0,0,262.047708722888
56.7099730539817,0,1,1,1,467.763616527669
50.1035303245212,0,0,0,0,274.56332139282
42.2352121587446,0,1,0,0,388.336589261409
17.9351540679038,0,1,1,1,389.902422708325
30.4541438144684,1,0,1,0,301.875137653873
39.3142693278976,0,0,1,1,377.323309600792
47.6130590156527,0,0,0,0,283.956957154428
28.2009580004171,0,1,1,0,284.1530804266
72.1119895676729,0,0,0,0,442.32816137999
14.4617514904917,0,1,0,0,286.40787652054
37.6406605066594,0,0,0,0,297.537306426159
37.4043735673857,1,0,1,1,400.700639522543
33.3663308338081,0,1,1,0,318.395194715485
36.8100928917385,0,0,1,1,375.344965514112
47.4239515757232,0,0,1,0,356.060027070912
31.2570732421423,1,0,0,0,244.621887817573
19.1718623369672,1,0,0,1,312.343981649521
40.9376790281022,0,0,0,0,269.344757904893
39.981801879972,1,0,0,0,217.225028832873
39.8689934762843,1,0,0,1,343.861071954228
46.679680745581,1,1,1,1,461.955902615983
39.8683229704784,0,1,0,0,245.505313746395
47.760470304763,1,0,0,0,340.307032168441
19.8926466736474,1,1,1,1,419.48209604621
28.718195050282,0,0,0,0,261.349653431973
43.4879957158572,0,0,1,0,308.915194571919
36.4710151790308,1,1,0,0,399.848797941661
49.4477459791762,0,0,0,0,279.423295932075
29.9528014747354,0,0,0,0,296.920570300987
47.2390273249685,0,0,0,1,320.388484590154
33.3116725900964,1,0,0,0,264.084543232083
28.869598062842,1,0,0,1,349.246822348846
36.5719481063306,1,1,1,0,353.682084605547
40.4977932316874,0,0,1,1,388.022332014936
27.7231803847446,1,0,0,0,237.050175780556
32.3599408917255,1,0,0,1,357.467072259959
27.5381793838212,0,1,0,1,345.912084527337
50.1677397775977,0,0,0,1,343.482001382659
47.2361262405886,1,0,1,1,384.344467138365
29.6747286289489,1,0,1,1,368.056145643566
45.5734600412276,0,0,1,1,345.56600806799
37.4441857690048,1,0,0,0,286.051751347638
28.8660824285333,0,0,0,1,300.580192808821
44.211974396148,1,0,1,0,346.061124164318
36.7704968815363,1,0,0,1,354.820772762437
48.8017990119152,1,0,1,0,378.702131803141
38.051363932241,1,1,0,0,320.159019382763
51.8805498210378,0,0,0,1,358.281707307112
34.9023548823205,1,0,0,0,237.459115722192
42.1954801087329,0,0,0,1,298.595928588151
43.7029442136456,0,1,0,1,388.190081534905
42.7910839373061,0,0,0,0,266.396611298442
42.0194243731332,1,1,0,0,364.432367639963
39.8700345756866,0,1,0,1,405.727733714835
39.0913499392251,0,0,1,0,305.729967982543
53.6503136531884,0,0,0,0,326.381032454023
49.0813056888317,0,0,1,0,333.844855450118
33.9011182859809,0,0,0,0,275.346704971198
53.9643722121945,1,0,0,0,290.8526406639
41.4479837330845,1,1,1,0,352.654279461623
33.593932284047,1,1,0,1,316.139151241477
41.6980225955853,0,0,0,0,319.644259690301
38.4281251257916,1,1,0,1,370.418539421019
41.009395945461,1,0,0,0,304.659999959805
30.2660584585172,0,0,0,1,315.020437080331
31.801747247468,0,1,0,0,324.813492542283
53.6291896902543,1,1,1,0,419.902705245314
49.6137093053128,0,0,0,0,229.334102445103
31.1627552559889,0,0,1,1,332.593415152024
30.9990788456368,0,1,0,1,384.841114550068
57.2333313279683,0,1,0,1,380.426432714638
59.0904216212893,1,0,0,0,338.540643585025
32.2285880414474,0,1,0,0,253.462285823533
26.9769473738689,0,1,0,0,321.925341207734
66.2349516681868,1,1,0,0,372.00092583955
42.2962891434681,1,0,0,1,298.523149111861
41.8674989214189,1,1,0,0,313.420151450934
40.7613663495028,1,1,0,0,292.214130784349
54.0486018632133,0,1,1,1,480.136592286147
38.0827776466368,1,1,1,0,388.180690527557
54.5939216415609,1,1,0,0,377.180308216645
37.7934454886546,0,0,0,0,299.099642895236
45.0514588627314,0,0,0,0,292.336308800273
29.6650299392712,1,0,0,0,258.086150713415
41.7047347145922,1,1,1,0,378.069512659085
52.0066816089193,0,0,1,0,280.739334882181
38.3659408523426,1,0,0,0,307.6373890408
52.8247586312264,0,0,0,0,308.541247755689
67.2719638791127,0,0,1,0,354.368417968866
49.4192421733092,0,1,0,0,334.641257818023
37.5138596272044,0,1,0,0,316.42821975734
40.9647885970649,0,0,1,0,281.090237801167
35.6606905869826,0,0,0,0,261.289904675741
61.7866786745157,0,0,0,0,242.750505151222
10.4122038086988,0,0,0,0,206.054155077215
40.8088823919911,1,0,0,0,315.65450147454
41.1013780461722,1,0,0,0,283.653651954217
42.1344832631265,0,0,0,0,321.266209706596
24.4218038736768,1,0,1,1,338.906191491229
42.1621154625776,1,1,1,0,344.847967819586
41.8766381702644,1,0,0,1,329.374103101165
52.586221252136,1,1,0,0,320.965749461585
45.2351778090896,1,0,1,1,369.33541007961
51.1545427747996,0,0,1,1,415.540248270884
30.4249775782953,1,1,1,0,344.811198648425
38.7559442014457,0,1,1,0,380.11005277894
41.9173782904997,1,0,0,0,304.568174821301
42.7221725060335,1,1,1,0,392.035154643241
33.0618553632675,0,1,0,1,355.436663811439
54.7917192085213,1,0,0,0,293.427916671529
33.8823297835723,1,0,1,0,282.516462526996
23.8569002564065,1,0,0,1,304.888525427938
44.0249011059067,1,0,0,1,306.706355223156
46.6455544728948,0,0,1,0,370.414114926436
49.4412707099494,1,0,0,0,313.335128676859
30.5373920229171,1,1,0,1,430.622484675191
37.517115507611,0,1,0,0,316.233730638809
26.7156353146092,1,1,0,0,351.041418071939
48.4476374209892,0,0,0,1,333.276284651213
43.4769673243865,1,0,0,1,344.242690752121
49.1376258643111,1,1,0,1,440.116712815457
46.0827455338068,1,0,0,0,333.145117542733
33.9245201219551,1,0,0,0,318.507550559346
41.7965807087184,0,0,0,0,208.865961539751
20.9159058058262,1,0,0,0,251.668310531961
45.029462576891,0,0,1,0,410.197580910394
49.688991534785,0,0,0,0,318.903349729299
31.2426287422667,1,0,0,0,241.073301582923
18.6397546130199,0,0,0,0,209.275767771289
24.7717241841499,1,1,0,0,301.431200470512
28.8688179211393,1,1,0,1,369.464663116844
52.409838955359,1,0,0,0,325.519026671833
40.0348193506299,0,1,0,0,290.454223175417
27.6220541400693,1,0,1,0,262.838168672918
45.5569911889802,1,1,1,0,375.53115627647
18.168506506401,0,0,0,0,216.86974728976
37.5297554290275,0,0,0,0,315.179140397194
51.1285692758645,1,0,1,1,490.01573135437
36.5832676299091,0,0,1,0,281.895705189605
53.0543834214107,0,0,0,0,360.305682959863
57.9532387144079,0,0,1,1,365.755424590474
28.3216477252655,0,1,0,0,347.021070103001
28.4771237501798,1,1,0,0,370.066493151627
30.8554453065435,1,1,1,1,403.798864510243
45.2872803253363,0,0,1,0,340.872798347767
48.3507892704858,1,0,1,0,350.295579222572
52.0913697409153,1,0,1,0,351.954349760902
52.9947254536082,0,0,1,0,323.748318420181
50.7573230420989,0,0,0,0,284.580268651054
49.398010235143,0,0,1,1,378.981039698617
41.6337469340677,0,0,0,0,281.68621214693
31.1186144135961,1,0,0,0,265.175883741322
32.7383901724365,1,1,0,0,333.465929453394
44.0759700561374,1,0,0,0,280.389565662471
56.8353633925179,1,0,0,0,307.613343992697
57.0597982356461,1,1,0,1,394.82487082655
20.7383329917392,1,0,0,1,259.73889948103
31.6600198477154,0,0,0,1,278.957174250889
54.1913251633319,1,0,0,1,375.12910301871
29.3589028498076,0,1,0,0,282.512823690599
23.8642252751955,1,1,1,1,415.077129446128
45.9981108869743,1,0,0,0,258.099327873932
57.3296470538705,1,0,1,0,361.309139182065
59.3450456245773,1,0,0,0,274.915735503592
45.3282057567079,0,0,0,1,366.777615027772
47.1966575601978,1,0,0,1,347.687494390399
45.6009338575518,1,0,0,0,226.804892932478
39.8191306834003,0,0,1,0,308.80352301327
6.28260917449487,0,0,0,0,211.979347483249
47.6070324475976,1,1,0,1,356.831357279606
36.0877314775679,0,0,0,0,300.779716643224
50.0990122381185,0,0,0,1,308.813521952852
33.7302685292625,1,0,0,0,271.137420925285
23.6542263049814,0,0,0,0,242.576376283226
52.4524265203048,0,1,1,1,447.568919834995
41.813774465554,1,1,1,1,423.301926816184
74.953042639856,1,1,1,0,468.967076382856
49.1559191332691,0,0,0,0,324.430292515305
50.4850651742624,0,1,0,1,444.785195237262
47.6382493693486,1,1,0,0,374.123069415999
33.966126231406,0,1,1,0,331.107487506492
36.2957033729722,0,1,1,1,388.082063873441
50.5982593833365,0,0,0,0,329.988131736432
50.5511052983939,1,0,1,0,269.279540968615
45.8297216112032,1,1,1,1,460.303141409561
30.1343256446046,0,1,1,1,394.586892091774
56.8462181174398,0,0,0,0,286.994669735727
26.3315895431737,0,0,0,0,275.294706069937
35.6678565138889,1,0,0,0,302.06716337959
63.2505849371513,1,0,1,0,381.370664480888
45.2412218115109,1,0,0,1,356.040067386017
49.7073341640859,1,0,0,0,286.748581798109
43.7697339715261,1,0,0,0,313.432852285734
30.0406660345784,0,0,1,1,326.743665349977
34.0251708695195,1,0,0,1,322.487739769974
41.6525142308015,0,0,1,1,382.04833054715
10.7152282142243,1,1,0,0,245.3126846525
31.5208577342145,1,0,1,0,315.257289507504
47.9858451222345,0,0,0,0,293.811285898279
37.0154401203478,0,0,1,1,350.784700011359
37.1638862305463,0,0,1,0,334.662071178209
48.6951930664876,1,0,0,0,250.45984971373
34.5564471530102,1,1,1,1,418.771616589519
46.288032353776,0,0,0,0,273.342028055105
25.7766554205461,0,1,0,0,280.779483989387
27.7248736666572,1,0,0,0,234.982860082272
23.2589448425557,1,1,1,0,347.49394749376
40.8439848224488,1,0,1,1,326.607756706588
37.938743360296,0,0,0,1,319.865838176751
54.4187164028206,1,1,1,0,419.411243132451
39.5821789661464,1,0,0,0,339.873023581647
53.5375447776378,1,0,0,0,311.967541398249
59.4522527592283,0,1,0,0,400.838377859863
35.0906176629186,1,1,1,1,361.514452743618
43.8843907494461,0,0,1,1,379.296110354109
31.5510674081402,1,0,1,0,296.029374834168
47.3799036787109,1,1,1,1,480.604269944395
29.2023966871614,0,0,0,1,320.396811979816
29.7352612375637,1,0,0,0,268.590587821289
42.8879336157888,0,0,0,0,344.401854416548
40.9081131928717,0,0,0,0,220.953122070922
42.6262317671122,1,1,0,0,311.931421255409
40.6933491279125,1,1,0,1,399.319699415984
34.7135618114318,1,0,0,1,339.081186019185
38.6979783548123,1,1,1,0,360.613925900653
56.2015874435582,1,0,1,0,319.739354315196
39.8210487667653,1,1,0,0,326.947361273525
26.8151060105071,1,1,1,0,331.098952059841
31.5543983941872,0,1,0,0,336.191893547828
28.9818512750889,0,0,0,0,224.591897322806
30.999098569925,0,0,0,1,323.084126104561
27.3891608017752,0,0,1,1,359.283391856691
13.741510975171,1,0,1,1,272.635913204283
46.6906574919057,0,0,1,0,275.874250619278
46.6004150923078,1,0,0,0,294.304480338168
37.4939956460889,1,1,0,0,315.535786361286
32.7620268304618,0,1,0,0,341.659515175198
31.8781836767059,0,0,0,0,239.026681140219
43.9873433601841,0,0,0,0,327.163313162364
42.2656357387938,1,1,1,0,355.636221786207
44.2164357975321,1,0,0,0,266.811533901787
40.048379437241,1,1,1,1,371.465728747355
46.1898391509652,1,1,0,1,359.158589114847
44.3113394448593,1,0,1,1,326.844352287728
45.5831237018722,0,0,0,0,306.608978334729
44.9596128067201,1,1,1,1,459.893226795165
56.6188574094578,1,0,0,0,307.732814689388
29.449653877955,0,0,0,1,352.830184983476
55.0832468678,1,0,0,0,365.095435517561
36.6579134334493,0,1,0,0,287.316223647579
39.3501925618156,1,1,0,0,323.346800248378
40.810815387134,0,0,1,1,332.465894569522
35.5178520446116,1,0,0,0,319.421499803802
14.4619304973403,0,1,0,1,280.818311390993
36.8706746488099,0,1,0,1,379.381528405608
40.413831520403,1,1,0,1,392.320297612672
22.6227193866238,1,1,1,1,385.677255999912
45.4993965969838,0,0,0,0,228.996519535084
34.0272630740668,1,1,0,1,366.320337380981
54.4774180603655,0,0,0,0,326.354183605667
42.6486811426426,1,0,0,0,335.976073368179
32.1121719221753,1,0,0,0,291.414283977475
41.6773222067153,0,0,0,0,269.273075025264
42.5758310820126,0,0,0,0,340.942544650217
49.1204736745031,0,0,0,0,266.951238740337
38.4312761744513,0,0,0,0,269.914477190165
19.6662429155291,0,0,0,1,297.347327832916
27.0033417692142,1,0,1,0,313.881553820179
31.4274934007096,1,0,0,1,328.677334479813
44.2626529453619,0,0,0,0,299.941939064853
37.1516373691525,0,0,1,0,262.226430598215
33.8563145803014,0,1,1,1,392.420223316138
31.5510916784252,1,0,0,0,261.49527344187
41.5369495721887,1,1,0,0,313.99017296348
31.4856772422181,1,0,0,0,263.795233096982
36.0207892705712,1,1,1,1,415.989669542618
30.6002277371905,0,0,0,0,224.331645781058
26.1174625858058,1,0,1,0,297.123908114821
49.551845888634,1,1,0,1,374.148609936031
26.8250452996762,1,1,1,0,314.71935932691
40.7302914615962,0,0,0,1,318.819631937678
34.3181415143163,1,0,0,0,247.991732157761
29.4154933121617,1,0,1,0,274.558532750436
42.5931353841707,1,1,0,1,410.549091900954
43.7313450451916,0,1,0,0,290.595278444462
52.6466676928415,0,0,0,0,352.124165053016
43.2522499606827,1,1,1,0,349.019445708693
38.6153268049169,0,1,0,0,329.712804306743
66.024688972798,0,1,1,0,416.721187222889
33.4971557151209,0,1,0,0,290.429157163744
29.9681677168664,0,0,0,0,281.785195640661
34.6488608712552,0,1,0,1,334.933988617695
38.8958543322321,0,0,0,0,243.424245094688
46.0043016931357,1,1,1,0,380.187924548564
44.1584505959868,0,0,1,1,374.27248272871
38.9424935332301,1,0,1,0,286.816779492252
31.4343746175388,1,0,1,1,355.930869502589
51.2732733432216,0,0,0,0,259.946138862909
49.1628162144845,0,1,1,1,459.064772118201
32.7562040727564,0,1,0,1,391.624941290285
46.8677908757474,0,0,0,0,237.521860219096
44.5008579164461,1,0,0,0,269.352886551716
50.4522160610504,0,1,1,1,416.40829528691
41.4962903443744,1,0,0,1,323.379853683827
28.5893284679931,0,0,1,0,317.081919823101
48.0249940241966,1,1,0,0,342.052056627707
32.7128346903055,1,0,0,0,231.986468517007
45.2720928572848,1,1,0,0,321.753172430891
56.7347877221231,1,0,1,1,468.186742857696
25.8117197972917,0,0,1,1,342.928996571039
55.6191080116889,0,1,0,0,351.175303480004
53.5316100891808,0,0,0,1,322.183639444719
34.7130322330844,0,0,1,0,243.387818073757
37.4872722452072,1,0,0,0,260.641740398414
33.141523137075,0,0,0,1,324.33268235813
34.2963234774588,0,0,1,0,305.412158324196
45.7963138154616,0,1,0,0,353.008085401334
31.0104099474789,0,0,0,0,276.911368541764
38.0967011208722,1,1,1,0,443.89408749511
38.5609662265354,1,1,0,1,378.738179189667
39.0342734871244,1,1,0,0,289.494720415436
41.8144671572236,0,0,0,0,252.902957350641
55.9657420918631,1,0,1,0,335.277880395486
35.4866826010654,0,0,0,0,278.825445979765
32.0511977519918,1,1,0,1,341.486961908161
47.9228434965229,0,0,0,0,294.250408936098
43.8047229976103,0,0,1,1,415.338852185063
42.3578798299245,1,1,0,1,368.906577272505
45.9098826352041,1,0,1,0,300.138973044588
25.8806979792111,1,0,0,1,350.693207652418
50.6329579229111,0,0,1,1,424.508496511294
44.5391787889759,1,0,1,0,363.30217300532
49.5131297701979,0,0,0,1,349.68971529858
34.0148228659848,1,0,0,0,226.916765882615
21.5805994965386,1,0,0,0,239.021564315137
35.1541046685207,0,1,0,0,287.913499687695
30.931531849766,0,0,0,0,311.869348281867
62.2276244740438,0,0,0,0,277.290503809877
35.8653342362382,0,0,1,0,328.478524690987
37.8432615329536,1,0,1,1,400.915601360202
50.6297852007115,0,0,0,0,312.755431056092
46.2034652658024,1,0,0,0,312.821160737874
46.73066651879,1,0,0,0,324.785354644521
66.3370956294833,0,0,0,0,298.562910429487
41.6611439867297,0,1,1,0,376.42872873117
59.0517553753426,0,1,0,1,467.395233937085
42.5371840131308,0,0,0,0,292.975580008782
25.409780327457,1,0,0,0,250.789663405763
17.7275175871965,1,0,0,0,213.557654943657
46.4968355116773,1,0,0,0,249.28951080453
30.0075013523144,1,1,0,1,340.403150459021
40.4197238367631,1,1,0,0,404.478297224878
57.7704370004004,1,1,1,0,333.598222818559
43.4718267733721,1,1,1,0,329.908129251427
37.1290255385021,0,0,1,0,352.905784553562
20.7542334789089,0,1,0,1,312.141597901293
31.9935089066009,1,1,1,0,409.694197061429
34.2438202927338,0,0,0,0,227.036197849466
46.8420573267036,0,0,1,0,364.551215883312
44.8345734761714,0,0,0,0,304.334146502008
40.1396340870738,0,0,1,0,327.529372745139
41.8024373462512,0,0,0,0,302.874803504915
37.118767516915,1,0,0,0,257.626799151073
40.3022722289023,0,0,1,1,389.264925336587
42.7167410852949,0,1,1,0,371.824761952615
44.4915842741343,1,0,1,1,387.838974236466
58.2762765843039,1,0,0,0,325.907138811645
28.8797628911619,0,1,0,1,390.160227008225
54.7480743158371,0,0,1,0,340.768982363394
46.7151246014439,1,1,0,0,296.524509096501
24.5467145628557,0,0,0,0,258.770866686488
37.2295277200889,1,0,0,0,233.673632463076
33.7065700802802,1,0,1,0,322.509068338038
30.6699954838025,0,0,0,0,284.532591451881
24.6211351577174,0,1,1,0,319.874271431384
35.0589795040005,1,0,0,0,261.710208147548
35.646399847298,0,0,1,0,343.512807211145
36.7645532371977,1,0,0,0,262.883637058362
19.3888638108381,1,0,0,0,294.166712158461
44.4150255509554,0,0,1,0,314.615995439002
47.4635124656637,0,0,0,1,331.812225748713
47.8964287382469,1,1,0,0,363.855429901539
47.7074050703954,0,1,1,1,399.429044225423
42.0050631783037,1,0,0,0,290.54368334233
54.6835003167775,0,1,0,0,296.312605952872
31.2354451605925,1,0,0,0,261.962387079008
27.7339530627889,1,1,1,0,425.364677300321
43.3783791997458,1,0,0,0,272.64196587705
44.4082408725415,1,1,1,0,417.664168996342
32.5348354826323,0,0,1,1,381.591494651395
40.3660612043192,0,1,0,0,347.998518007161
43.2330962420305,1,1,0,0,308.142687406027
43.7967603240159,1,1,1,0,397.707147180113
48.7655649579536,0,0,0,0,300.007592961243
49.3338798756964,1,0,1,1,378.682820957064
15.7119247731758,1,0,0,0,212.775806786318
57.2799402342117,0,0,0,0,351.085115134963
44.5600264627721,0,1,1,0,397.123807691776
34.2963965425435,0,1,0,0,275.577985517471
28.8537559782203,0,0,0,1,337.831760506629
49.050642655639,1,0,0,0,334.5301048905
43.2809601548413,0,0,1,1,385.837547487305
50.7808996004782,1,1,1,0,427.761577708149
39.396844462975,1,1,0,0,356.574063578213
37.5648123803687,1,1,1,0,404.29910851563
62.4142256068828,0,0,0,0,319.653554391207
19.6400702914417,0,0,1,1,301.476941770036
43.9091446508284,0,1,1,0,382.004599018558
43.8481334289965,1,0,0,0,287.26838250065
44.386955995414,1,0,0,0,335.175170927993
45.5814090204657,0,0,0,0,332.461628080016
37.2359361702255,1,1,0,0,357.088791504777
51.6628807898223,0,1,0,0,309.295977521902
15.4572276506261,1,1,0,0,277.971959325172
31.9443374054543,1,0,0,1,333.479798458287
38.8085544937998,0,1,0,1,363.136975625663
41.6321623413879,0,0,0,1,337.886288880737
44.0647950776292,0,0,0,0,281.143038079991
46.3933999564431,1,1,1,1,454.654358607018
24.9148236262765,1,0,0,0,264.898697426686
40.0767060439703,0,0,0,0,258.084049849098
45.2416802200039,0,0,0,0,287.170144884293
53.2633587157079,0,0,1,1,382.885501501858
38.8643226556744,1,0,1,0,350.849019744407
55.9914947839686,1,0,0,0,343.663331473574
37.1847190107182,1,1,0,0,326.038255927838
39.5010186108949,1,0,0,0,299.854846380093
41.6021412732112,1,1,1,1,366.84229520804
34.9761943759467,1,1,0,0,345.512500733521
47.1593804877619,1,1,0,0,366.249507186925
26.5421269683679,1,0,0,0,214.752277518435
39.9435643469785,0,1,1,0,412.404138785132
34.5945745026047,1,0,0,0,274.176114575884
34.5292625915032,1,0,0,0,241.568173814663
51.5144538704443,0,0,1,1,452.072709621038
50.5221968194591,0,0,0,0,302.760706431139
55.9802652870266,0,1,0,0,410.199391512582
37.3620320689154,0,1,0,0,330.981175091707
40.3240078754692,1,0,1,0,314.405483866915
24.4841669231409,1,0,1,1,349.246348909414
36.1182056997548,0,0,0,0,314.235909875829
57.6414812218013,0,0,0,0,320.961487594523
35.8347227243628,1,1,0,0,323.635683884422
28.3366131121061,0,0,0,0,252.936701352088
40.4189456618511,0,0,0,0,272.492075428369
52.4648913025954,0,1,0,0,360.288590025095
24.2202869579165,0,0,1,1,348.478225219881
37.461795282109,1,1,1,0,357.927970581128
44.6783054205061,1,0,0,1,340.644531444309
59.7752999445585,0,0,1,0,381.174863564501
33.8439420515638,1,0,0,0,293.385380388683
55.1942160121109,0,0,0,0,317.87773824928
35.6710480643819,1,1,1,0,380.031682479031
29.6898229193829,1,1,0,1,398.472894243657
28.6566550167729,0,0,1,1,382.972543486129
37.7890187462247,0,0,1,0,259.009192796502
39.7758530109605,1,1,1,1,434.718190124316
36.7709817197603,1,1,0,1,403.732500741127
50.5222315972554,0,1,1,0,390.314920871149
41.895411656952,0,0,0,0,270.259592262871
38.9417239113413,1,1,0,1,338.265831842335
33.9744552746728,1,1,0,1,348.194827473013
27.0398406873796,0,0,0,1,334.276037851409
20.4067336129345,1,1,1,1,366.267501152698
42.1341173052117,0,0,1,1,370.378922350471
40.2533587011124,0,0,0,0,306.934611508874
53.6502318785994,1,0,1,0,330.677488043215
42.9109380824486,1,0,0,1,340.634160212608
47.9721770112609,0,0,1,0,298.704333935934
40.4098637437566,0,0,1,1,371.068745354867
31.8167595037411,0,0,0,1,250.944602011207
42.8964064316443,1,0,0,1,283.182910376873
43.3978711130111,0,0,1,1,400.184613301137
31.8260726923657,0,0,0,0,289.809939337703
39.7125068477192,1,1,0,1,426.615638653645
60.0078165111199,0,0,0,0,317.685285873874
28.7073393671538,1,1,1,0,369.609164330502
54.7217859206972,0,0,0,0,311.28720008474
37.729310835151,1,0,1,1,364.361022270458
54.8231059624201,1,0,0,0,281.441121227103
31.5694682551271,1,1,1,1,391.542814572568
39.338046725441,1,0,1,0,340.531288039007
43.1123349835786,0,0,0,0,311.541894969627
38.8740977169659,0,0,1,0,294.795971137169
46.5873883894265,1,0,1,0,344.548906918829
38.3313849989051,1,1,1,0,376.424715323502
52.0887346516015,1,0,1,1,380.089310322748
41.7041943388422,1,0,0,0,297.128502267492
46.9241963624475,1,0,0,0,209.601316037244
28.1445306344122,1,0,1,0,312.78462295834
33.4161070930296,1,0,1,1,388.857455748231
50.8950794879155,0,1,0,0,314.585598091733
45.0878594116066,1,1,1,0,451.808488778876
38.6409337439958,1,1,0,0,293.741496416692
38.9121726304311,1,0,0,0,234.740866005173
47.5490016045464,0,1,0,0,400.46824773308
37.7618867838003,1,1,0,0,317.34887721274
40.7495517093992,1,1,1,0,365.97707372668
23.5404519785,0,0,0,0,302.6220368391
57.7400936515502,1,0,0,0,252.643363829775
47.6596791597657,0,1,0,0,324.006832041043
48.3228784301075,0,0,0,0,302.631275547392
20.9454247752688,1,0,0,1,251.943019010719
39.7916332380559,1,1,0,0,312.127910484205
35.9106608755178,1,0,0,0,222.742644640157
26.236136934232,1,0,0,1,292.459448837196
47.2743037439326,0,0,1,0,294.858362971743
52.3413078123709,0,0,0,1,364.795564505558
34.4677559412253,0,0,0,1,312.45015820975
37.7080982207127,1,0,0,0,251.541473416543
57.1146198892227,0,0,1,0,397.85803870314
23.5019209670298,0,0,0,0,221.867947323082
47.4422078543782,1,0,0,1,344.709134627672
36.8597867601908,0,0,1,1,323.882908156996
38.8468915859555,0,0,1,1,401.835067855706
33.8902565722786,0,0,0,0,275.810348024039
50.9669537901904,0,0,0,0,304.732037048743
28.7283238891624,1,0,0,0,236.390116339797
49.626094924383,1,0,0,0,351.32798005218
54.0646401623189,0,0,0,1,348.226928217617
23.583504911003,1,1,0,0,323.593312145508
28.7309580745077,1,0,0,1,302.659113103625
45.9154548050242,1,0,0,0,301.636869196191
30.4369088049406,1,0,1,1,360.931601234984
33.0847011365361,1,0,0,0,282.043397889554
35.5464723264864,0,0,1,0,327.538407905181
36.5551577167343,1,0,0,0,294.92969220542
47.0369818524612,1,0,1,1,367.841636157732
33.9699423520574,0,0,0,0,219.817222004857
40.8935041241468,1,1,0,0,352.482050952845
47.374946372199,0,0,0,0,318.537768458761
24.5962055542823,1,1,1,1,389.251945944516
33.1036770735119,0,0,0,0,267.832480788024
48.5979346020943,0,0,1,0,338.317072592616
36.2348025932423,0,1,0,0,354.84195366956
14.6491652969477,1,1,1,1,381.982182564891
31.4219077138279,1,1,0,0,283.631105965072
48.1602640692616,1,0,1,1,387.818335256095
35.7341109077422,0,0,0,0,259.460247029393
35.9536315995832,1,1,0,0,305.86448443095
38.5423077573753,0,0,0,0,264.040433058264
47.1946636806737,1,1,0,1,403.162733109769
35.0890924778067,0,0,0,0,290.374721247151
44.759584384185,0,0,0,0,256.360203106819
45.7315366805267,1,1,1,0,360.568063895875
29.8114042228435,1,0,0,0,273.8859778607
39.3812776556363,0,0,1,0,336.033874291236
34.6169489839555,0,1,0,0,325.014441954078
44.1695472611076,1,1,0,0,299.513118964956
24.9172334386976,0,0,1,0,283.295254163976
55.3916992776747,0,0,1,0,353.702205255103
53.46018088596,0,0,1,0,296.894639278307
31.5714422249848,1,0,0,0,238.015901378976
33.3012577219234,0,0,0,0,274.122285097345
30.9151255185388,1,0,0,0,267.68553086956
38.6345935820231,0,1,0,0,316.764576797761
34.9896203670875,1,0,1,0,274.977475505084
41.126384468164,1,1,0,1,376.936249501914
21.2478243690573,1,1,0,0,272.557476934768
41.5854671445831,1,1,0,0,301.809486724336
40.15562671264,1,0,1,0,281.043600262308
23.9939653873987,1,0,1,1,298.453330141929
42.7597308916996,1,0,0,0,367.371993071042
40.5495263987091,0,1,0,0,298.547906263735
37.6942664530274,1,0,0,1,273.341964899553
39.8678370939611,1,1,0,0,351.586258465829
43.8494919602233,0,0,0,0,276.536458441576
43.4672371700125,1,1,0,0,346.171838546258
35.6838723942137,0,0,1,0,315.789453524094
51.501780393287,1,1,0,0,389.381219541335
39.6346780711212,0,1,0,0,373.16548833723
38.6419857826344,0,0,1,1,387.103659707951
49.4461804564452,1,0,0,1,349.19924500089
49.9204136167006,1,1,1,0,377.695157969625
32.993302450311,0,1,1,1,371.539596281509
30.0894132816541,0,0,0,0,275.096953695969
32.9438194734118,0,0,1,1,342.05240045035
28.2422410667178,1,1,0,0,321.623616396788
22.1880304825968,0,0,0,0,234.337053755691
43.1060752183839,1,0,0,1,320.105621018447
38.5488963905057,0,0,0,0,278.535882986023
46.4254975369246,0,1,0,0,341.562568576993
39.983406376987,0,0,0,0,232.645762674988
44.0916296207735,1,0,0,0,293.703305798204
35.0394185268985,1,1,0,0,324.827170318526
30.3989204109883,0,0,0,0,247.663758368516
47.7813222457043,1,0,0,1,356.898029634242
47.6112061632784,0,1,0,0,327.018266455568
22.6628781611677,1,0,1,0,252.90525117589
48.7729465182676,0,0,0,0,307.345865854256
22.266285610663,1,1,0,0,240.779660707248
39.5431267568885,1,0,0,0,300.403491219278
36.0512774601586,1,0,0,0,309.134706575524
38.7194373357898,0,0,0,0,209.237734213315
50.9623773188662,0,0,0,0,329.449982021666
27.447821393801,0,1,1,0,375.963344681073
37.345163053701,0,1,0,0,299.529559254442
65.5330249004026,1,1,0,0,359.667562556723
25.2169369404948,1,0,1,0,232.592597597124
33.7341243176928,1,0,0,0,289.645092246704
39.5894797765861,0,0,0,0,311.857694407885
41.9995321983244,0,0,1,1,390.256138943263
34.6669439947262,0,0,0,0,295.228871880772
37.3396768231599,1,1,0,0,318.319501912446
50.8414781411867,0,0,0,1,349.115876787048
38.1925452037496,1,0,0,0,251.443766096212
42.5155531937823,1,1,0,0,363.687778321815
43.6954223515489,0,1,0,1,343.824407461487
44.0703425938977,1,0,0,0,284.485067399209
44.9250501924578,1,1,0,0,346.365811273582
40.5463257905231,0,0,0,0,236.268456489654
32.9132592383809,1,1,0,1,330.756725662494
39.4172924755645,1,0,1,0,280.923550588046
30.3657817776249,1,0,0,1,324.269777745506
40.9339329660587,1,0,0,1,380.307765260455
36.5209886654089,0,0,0,0,275.68921974102
38.8166556185445,1,0,1,0,333.746161873662
29.0090904282508,0,0,0,1,275.262808185395
37.1692358757777,0,1,0,1,381.978647039183
29.1026532715439,1,0,1,0,343.240876546248
35.9433445590014,0,0,0,0,294.938098232032
45.2690725959776,1,0,1,0,344.637033638902
42.404199817755,1,0,0,0,264.811416141715
48.9836245724937,1,0,0,1,335.567425296728
44.8796812693548,1,0,0,1,284.467000839352
41.1199136519754,1,1,1,1,431.491004326757
49.9831334713622,0,1,0,0,366.640598436577
51.9171680875342,0,0,0,1,338.013055881705
26.0061243287629,0,1,1,1,430.633781101864
48.9214773664677,0,0,0,0,256.919079938351
47.7795897034081,1,0,0,0,265.664040881442
49.4191451634695,1,0,1,0,369.602949308889
30.911972876989,1,1,0,0,310.206300810132
64.0893084447621,0,0,0,0,327.836371114798
14.0574982569192,0,0,0,0,236.725379606327
40.0686303751409,0,0,0,0,332.600630295314
41.1810666892834,0,0,1,0,344.704386920618
38.5030267358991,0,0,0,0,210.714455955887
47.4787328786317,1,1,0,0,307.905299637819
41.2403480689883,0,0,0,0,292.114907201144
32.2194525278735,1,1,0,0,274.694868967129
54.1003330549222,0,1,0,0,360.647735654627
37.0608819177014,1,1,0,0,387.729916471345
46.1067864500537,0,1,1,1,433.157406450693
33.3348992013674,1,0,0,0,279.503257385964
29.401171217295,1,1,1,1,397.877229861068
33.9416130083769,0,0,1,0,279.806257932532
29.4315857914588,0,1,0,0,334.407362959665
45.3310647267496,0,0,1,0,301.045637793422
24.4790738535258,0,0,0,0,242.050268785533
30.2151053469142,0,0,1,1,338.870445147133
40.2721835515998,1,0,1,0,322.576926351803
22.8442768300291,0,0,1,0,250.842213026608
34.9511197350729,0,0,0,1,340.908012072153
36.9507731908243,1,0,0,1,336.441200895683
53.4607823542665,1,0,1,1,386.388024009089
37.424633092033,1,0,0,0,256.492140564081
34.7671269934167,0,0,1,0,308.591637140368
33.3678220102737,1,0,0,1,330.873918378217
44.4722103969266,0,0,0,0,234.090412608111
36.8054901807399,0,1,0,0,307.59418733831
34.5622115006308,1,0,1,1,405.972642278906
37.2032655751149,1,0,1,0,300.076046541312
50.6523260036693,1,0,0,1,354.993987059899
55.6782874914562,0,0,0,0,314.759912296313
33.5688792104146,1,0,1,0,367.244619338121
40.2052174851069,0,0,0,0,241.294454178171
36.7581554162451,0,1,1,0,369.323212206497
58.5739602217537,1,0,1,0,381.187188078584
45.9076399506906,1,0,1,1,357.934998785657
22.193732826036,0,0,0,0,266.545560677308
35.6589130042469,0,1,0,0,314.056278519334
17.0725028829398,1,0,1,0,210.611776032686
39.0703476154846,1,0,1,0,323.532802125503
47.0396445332971,0,0,0,0,309.81011651985
31.0551037874323,0,0,0,1,297.698764947751
27.1749320792538,0,0,1,0,249.469123678372
52.5578417415048,0,1,0,1,430.86939425888
30.3537002041162,1,1,0,0,320.999376090767
49.0778388106409,1,0,0,0,302.509204453183
42.1407361366917,1,0,0,1,346.02705713944
48.8102312274897,0,0,0,0,328.668845423977
50.0254499828277,0,1,1,0,353.372629797128
51.3991050456775,0,0,0,0,335.169121424827
52.3603585230776,0,0,0,0,284.405290242663
42.9540151014267,0,1,0,0,372.451078365897
41.7176102360546,1,1,0,0,325.062629699872
30.4461071730456,0,0,1,0,253.730818928103
27.8959087894327,1,0,1,1,373.113001000523
33.9861700216342,1,1,0,0,282.19610891772
38.6418386342011,0,0,0,0,243.246100292039
30.1272721507949,1,0,1,0,285.088594371797
48.3192501461827,0,0,0,1,343.106789339227
32.0494048358452,1,0,0,0,235.509163613067
43.4046461201583,0,0,0,1,372.320561906152
48.7042982034691,1,0,1,0,325.697219027524
28.1783899475362,1,1,1,0,391.523391893505
50.2289397573496,0,1,1,0,400.940427194703
18.9156542375667,1,1,0,0,294.795102956858
42.2976263769933,1,1,1,1,463.927042378773
55.1171079155376,0,0,0,0,284.010530671118
45.5543798915068,0,1,0,0,361.664604116565
49.1487880124937,0,1,1,0,391.45098971538
34.4660337572048,0,0,0,0,223.29158391513
42.9837608951002,1,0,0,0,289.59757937008
51.0637953965214,0,0,0,0,293.514535580384
26.7085041516758,1,0,1,1,374.753121420505
50.0169412888602,0,0,0,0,317.241367401525
25.9069612624259,1,0,1,1,281.093501849158
35.0121897531873,0,0,0,1,288.18152985745
66.2275685248845,0,0,0,0,320.188488572937
45.1066556602853,1,1,1,1,463.166615264361
39.091568057808,0,0,1,0,356.466728130509
49.7876567921088,0,0,0,1,368.785696528849
37.5619134311168,0,0,0,1,286.226453873191
46.2180895921363,1,1,0,0,334.344412017327
36.5540478015368,1,1,0,0,291.293221664435
16.4477545415851,1,0,0,0,244.394186512782
44.7238763335364,1,0,0,1,364.677261239338
34.8851980521309,1,0,1,1,415.771419792401
34.2639780024388,1,1,1,1,403.386380058545
40.037972037286,1,1,0,1,393.728072221847
53.4255092952781,1,0,0,0,272.418393595567
42.9546151155941,0,0,1,0,321.484192747716
48.4178694360544,0,0,0,0,270.457124469072
46.2906429822047,1,1,1,0,340.076058504215
41.0159839946307,0,0,0,1,340.845477142583
46.7112087466101,0,1,1,1,474.228074682487
38.6168362543828,1,1,1,1,429.325829861518
27.5068774684759,0,0,0,0,237.522369679779
43.4763524421536,0,0,0,1,384.420235604124
17.2218634082839,0,0,0,0,229.018006694862
30.1379081880637,1,0,0,0,240.483595612772
39.4045865644779,0,0,0,0,254.18475147711
38.3924050952588,0,0,0,0,221.074844954773
35.7963847965971,0,1,0,1,415.178020023155
49.8859101632861,1,0,0,0,318.87311096845
29.3038620889137,0,1,0,0,276.66916833481
13.8635653298489,0,1,1,0,303.855424076765
47.8045189766215,1,0,1,1,399.06742855515
40.4510507355407,1,0,0,1,345.30150507347
38.9151084110243,0,0,0,1,277.087528136291
36.0877568992903,1,0,0,0,286.51676013378
23.130004956714,1,1,1,0,344.087171276011
30.4729554484832,1,1,1,1,304.90497123965
45.074141121034,0,0,0,1,318.653713184847
40.1881609900672,0,1,0,1,411.636118704977
25.8108962641438,1,0,0,0,200.11567312405
45.9817193135224,1,1,0,0,308.878035302586
47.8637962174323,1,1,1,0,372.558678742638
38.6536695409776,0,1,0,0,367.820290286055
39.8361348238468,0,1,1,1,384.947369104856
54.0914040823509,1,0,0,1,383.505008323385
43.9483869880227,0,0,0,1,294.131960602619
52.1987512807247,1,1,0,1,391.064700301217
39.5492278712702,0,0,0,1,279.301247116184
54.7948784483878,1,0,0,0,301.765484237355
39.2431621330761,0,1,0,0,313.576287449415
49.1774845719955,0,0,0,0,316.792951083666
36.5522128625759,0,0,0,0,289.303909070709
29.2299734394608,1,1,0,1,366.247868944351
50.0160472735829,0,1,0,0,366.840274276311
62.9600404077134,1,0,0,0,372.578676264404
36.7412188454999,1,0,0,0,271.504338159692
54.6885612852932,1,1,1,0,408.544017778673
37.6309106682614,0,0,0,0,287.068033728889
49.2349311789043,0,0,0,1,369.725530703139
30.1080819329859,0,1,0,0,316.021816159638
42.7564627828671,0,0,1,1,323.391361090526
32.3633890643896,1,1,0,0,356.481023677332
26.4788801580003,1,1,0,0,350.336993248126
46.55024410228,1,1,1,0,401.566846888258
56.0964676035496,0,0,1,0,381.272442198432
32.1149303412209,0,0,0,0,255.112712420808
31.16123887474,1,0,1,1,379.875799432511
29.2748538820642,1,1,0,1,340.844572899324
35.4185901855216,0,1,0,0,289.304602353739
46.6564701557823,1,0,1,0,370.768846956723
47.1222821241873,0,0,0,1,329.238815060473
44.4295422749916,1,0,1,1,314.382975123737
47.5958731205918,1,1,0,1,390.10185866221
35.3112233398088,0,0,1,0,300.570192547316
38.2729002211616,0,0,0,1,333.12610149381
46.8204989938581,1,1,0,0,367.889007411098
37.1842267175846,1,0,0,1,343.875298591261
30.3837742606818,1,0,0,0,229.544396702197
26.2234985526744,0,0,1,0,314.496586396569
66.9758663663836,0,0,1,1,388.353904818146
23.0028494443707,1,0,1,1,324.155336643279
40.293166527942,1,0,0,1,316.770571644544
59.3431433615124,0,0,0,0,321.78553447479
48.3751087517796,0,0,1,0,361.369568228268
38.1465366891533,1,0,0,0,235.402798910098
45.3332917776439,1,0,0,0,236.102866484786
57.8495624201476,1,1,0,0,355.626234930289
41.8962781983013,0,0,0,0,293.336726420661
34.309124878134,0,1,1,1,403.76116447032
54.5189294457212,1,1,1,0,377.935990529192
58.6899345256532,1,1,1,0,418.054791669336
30.1544510626246,1,0,0,0,257.1139406452
47.1875676390437,0,1,0,0,334.542354272665
41.2934729695826,1,1,1,1,414.348026572765
47.0164130889336,0,0,0,0,306.296597266597
45.2669783188745,1,1,0,0,286.127757599684
39.794869010454,1,0,0,0,273.04768154383
44.3825104730697,0,0,0,1,316.581836652823
27.8947143429846,1,1,0,0,313.573331362482
25.955800561711,0,0,0,1,269.010598467146
47.2074915720931,0,1,0,0,411.585209959999
40.8603550327673,0,0,0,0,280.066536215647
38.6838295859154,0,0,0,0,293.201510287701
23.2394802106016,1,0,0,0,225.080063320402
34.3050200923189,0,0,0,1,293.940811059617
41.9220515089655,1,0,0,0,294.817887480319
35.1367707924718,0,0,0,0,276.52791315599
40.8128401299387,0,0,0,0,346.41730624413
43.848972467843,1,0,0,0,292.249243466779
38.6249802896182,1,0,0,0,270.686108322379
44.2759310923909,1,0,0,0,303.51722886137
37.5693555146064,1,1,1,0,351.311290642683
36.8164717214611,1,0,1,0,288.786773820879
37.4589360649199,0,0,0,0,258.741070996609
46.3888743016307,1,0,1,1,379.044771082172
48.2106538316608,0,0,1,1,383.640240802197
63.3547908658196,1,0,1,0,342.948653401452
30.1669244238894,1,0,0,1,331.671943718075
32.9254255999374,1,1,1,1,353.507042652788
46.4414910134992,1,0,1,0,335.12544744151
56.3766532994621,1,0,0,0,327.143037931753
52.2664817466431,1,0,0,0,289.942024370155
35.3229438166919,0,0,0,0,247.298870039189
33.2176893626201,0,0,0,0,263.476420493639
56.9640227133044,1,0,0,1,303.880480262825
55.4284685008907,0,0,0,1,382.109643538207
42.1452759206094,1,0,0,0,288.173470503228
57.0068829575232,0,0,0,0,260.350035004763
39.9201317035211,0,1,0,1,321.73448244891
31.8209963519723,0,0,0,0,275.899858875564
39.4938982971646,0,0,0,0,337.342071247206
40.7992108654903,0,0,1,0,319.112168852233
24.4042890210595,0,0,1,0,269.194682894604
38.2850204325371,1,1,1,1,500.428273170163
35.8139290716766,1,1,0,0,365.081601975277
44.9128681803316,1,0,0,0,243.47586376523
34.6877156876897,0,0,0,0,196.039355940839
44.822201177349,0,0,1,0,371.328789859965
45.3629104004932,1,0,0,1,369.769045777522
37.206757921411,1,0,0,1,353.203161389215
39.5649273529942,0,0,0,0,317.342109023374
63.8151529195951,1,1,1,1,468.827115463828
55.4803111335561,1,1,0,1,369.775655627316
55.5476199852898,0,0,1,1,400.466644190802
40.5811123011391,1,0,1,1,334.40493637823
31.6022108447284,1,0,1,1,366.416260401578
45.7112344865548,0,0,0,1,387.619474061103
40.6604778256306,0,0,0,0,256.622716732495
75.8465949292999,1,0,1,0,398.086474144186
20.6810444634873,1,1,0,0,250.407640475191
37.9716749575402,1,1,0,1,364.83863715478
54.8371520427311,1,0,1,1,421.422083271183
19.0148359983549,0,1,0,0,308.481576397648
37.4035133394324,1,1,0,0,315.192980075512
43.3406793588718,1,1,0,0,300.810929730566
37.8036240836678,0,0,1,0,325.603202484257
30.6822819671089,1,0,0,0,236.490058181897
38.7775978170342,0,0,1,0,272.493016666009
53.3852842346176,0,1,0,0,351.583190608072
26.5166880995563,1,0,0,0,265.446149324481
54.1483572450998,1,1,1,1,394.338009454135
49.1404894551468,0,0,0,0,268.036865656011
27.6331208150669,1,0,1,0,323.983222513903
24.9923964532537,1,1,1,0,360.732662420544
40.3453868389653,0,0,0,1,318.688868640676
42.8629964540269,1,0,0,1,303.386730592734
51.8620809384561,0,0,0,0,309.178493526997
39.6245062815745,1,1,0,0,330.792254158319
44.2037159397356,0,0,0,0,288.563285289646
52.8924648234277,1,0,0,0,258.514515189873
51.7068918509962,1,0,0,0,317.511508462807
48.2609365408471,0,0,0,0,307.91064841871
43.2391706509048,0,0,1,0,314.784392526483
43.8095041145455,1,0,1,1,398.120330521122
52.0261958279329,1,0,0,0,318.521559211416
51.0220575073214,1,0,0,0,302.134972907109
39.3848506002085,1,1,0,0,338.299612108065
43.6458991399578,1,1,1,0,349.964941828363
56.9255229998577,1,0,0,0,274.265202611487
54.7136701247198,1,0,0,0,330.571845054979
30.2275233865588,0,1,0,0,295.616623464253
54.4820167458194,0,0,0,0,344.580346208511
39.1414433940813,1,1,0,0,330.741147623374
24.2623019834654,0,0,0,0,198.511610065998
52.924761594667,0,0,0,1,400.435937459588
40.8446775556772,0,0,0,1,391.266605548377
49.6704599648009,0,1,0,0,365.745047508566
59.3911299421702,1,0,1,1,423.414194385488
50.7987263816564,0,0,0,0,265.674681766684
36.4640647316685,0,0,0,0,304.949540121149
38.6507687528144,0,1,1,0,326.241498651184
30.128675666925,0,0,1,1,296.687767808004
31.7829185393961,1,1,0,1,312.294452725273
44.8953092251473,1,1,0,0,347.622004039287
37.0072254109052,1,0,0,0,300.329124647371
46.5825489857435,0,0,0,1,324.914417010501
48.3240954967079,0,0,0,0,308.193307944159
43.6346326122269,0,1,1,1,419.329603944972
36.0135434138305,0,1,1,1,375.980737866422
25.020700104943,1,0,0,1,349.571866131025
41.1462817527247,1,1,0,0,317.360630360856
29.6218338266337,1,1,0,1,354.34239034642
46.4597887126157,0,1,0,1,355.464100973331
47.7284540005858,1,0,1,1,406.449058866941
43.1601415812042,0,1,0,1,292.410268897426
29.6188717520177,0,0,0,1,290.40659522815
32.4486270991115,0,1,1,1,465.956637192042
35.0849569030742,1,0,0,0,319.618714771363
41.4722574510784,0,0,0,1,285.57066284957
63.5650304328533,1,1,0,0,355.432167587808
30.793312328941,1,0,1,0,243.435271416197
18.4315221679115,1,1,1,0,336.545453399863
38.795999504387,1,0,1,1,359.872693543384
31.6075567043629,1,1,0,0,292.52010578318
18.2756009128522,0,0,0,0,223.038822802134
31.2569202384571,0,0,0,0,307.11179839191
36.264206510975,1,0,0,0,249.70317201366
28.9780228790358,0,0,0,0,278.704693519642
47.1565986066344,0,0,1,1,391.850828012077
49.0764030568418,1,0,0,0,308.519471181623
36.7519486621487,1,0,1,0,293.835497139371
25.1841406771825,0,0,1,1,332.871569852636
45.9417113886354,0,0,1,1,359.326738526258
31.4512531288046,0,0,0,0,304.217265814817
31.7008246336745,1,0,1,0,241.676741224609
41.4910681496416,1,1,0,1,397.588924424457
30.2385395861595,0,0,1,0,349.370713288893
37.0531559234361,1,1,0,1,391.470156917204
32.2902508418465,1,1,1,0,353.718015538807
43.9228370707874,0,1,0,0,344.58907836634
31.536940951155,0,0,0,1,314.078854369578
31.5624006906955,0,1,0,0,329.546836123549
30.3811155571173,1,0,0,0,283.704426360826
40.1104965335654,0,0,0,1,267.161786188643
52.1494896542184,0,0,0,0,345.15068771072
31.1112148426172,1,0,0,0,269.873454357529
42.181012614466,1,0,0,0,301.003915776984
33.4388300039296,1,0,0,0,250.202012720803
29.1148415271934,1,1,1,0,300.927049257566
50.911308981077,0,1,1,1,435.985846599469
34.307726783422,1,0,1,0,335.690897308451
56.208101305906,1,1,0,0,361.620104589014
33.1301155441626,0,0,1,0,284.447646598856
46.5699670356863,0,0,1,1,405.577602880244
51.106922152347,1,1,0,0,397.775693960103
61.4072073006633,0,0,0,1,352.294648465985
31.690281908676,1,1,1,1,433.81095120827
40.7640585619814,1,0,0,1,314.658115364237
49.3582444619905,0,0,0,0,317.453873878383
34.9833329713519,1,0,0,0,317.610068781459
45.9485346385118,0,1,0,0,327.565269506854
35.6934883086363,0,0,0,0,320.655299827923
28.6666094732721,0,0,0,1,260.010857975818
17.6282844023037,1,0,0,1,266.736196829204
45.1463957244314,1,1,0,0,312.952083432724
36.5809288483708,0,0,1,0,301.054676087472
57.1787742881929,0,0,1,0,390.405594735065
28.8362209134204,0,0,0,0,212.634789430961
35.1152038083715,0,0,1,1,402.121633413273
48.0733229340776,1,0,0,0,365.449868585512
37.3899125832921,0,0,0,0,244.682878183987
44.8805991782658,0,0,1,1,385.137335876671
53.5278382096951,0,0,0,0,349.720757691465
61.7681559130925,0,0,1,1,411.492457291636
40.5138711120684,0,0,0,1,331.722151043393
31.6190455476459,1,0,0,1,312.219740806213
29.1538499069158,0,1,0,0,263.666903703249
34.5346723092666,1,1,0,1,321.837960423035
35.7349029529529,1,1,0,0,279.234430395952
27.8900244460021,1,1,1,0,318.858792009018
45.9779299777903,0,1,0,1,385.81841332877
54.2389578908393,1,0,1,0,334.215061331572
35.5670137444165,0,0,0,1,342.359867403456
29.5966653432571,0,0,1,0,311.360615010694
27.2610292159275,1,0,1,0,276.806776238531
47.701516120118,0,0,0,1,354.335509280461
40.3152262197653,1,1,0,0,317.32831325807
20.9514524856173,1,1,1,1,349.825856896119
38.7624482285443,0,1,0,0,301.782613959213
40.0032837721344,0,0,0,1,387.19494595461
31.5622165527114,1,1,0,0,299.222189190367
27.7866662957107,1,1,1,1,469.327304477243
35.4701400638449,1,1,0,0,337.481331324343
32.9768006871887,0,0,0,1,313.365785646335
33.2561961451487,0,0,1,1,358.061346050909
16.9697680951409,0,0,0,0,247.241135561481
38.5066709521713,0,0,0,1,352.71398064543
49.4868958997013,1,0,0,0,387.802925434116
51.5636246052357,1,0,0,0,294.973309694932
60.7435248589762,0,0,0,0,355.600123537955
42.6528997032146,0,0,1,0,283.132504886291
29.4799617085953,1,1,1,0,351.730769474212
45.0234223621863,0,0,1,0,350.527255897039
50.9984502312187,1,0,1,0,335.563304518472
58.8650483041417,0,0,0,0,296.962958382952
48.112535006894,0,0,1,1,387.004595039928
54.1824380879396,1,0,0,1,390.657176741806
44.3916990170295,1,0,0,1,305.212470227925
27.224983913989,0,0,0,0,292.832778839789
31.3862679478856,1,0,0,1,290.180402652782
58.8698587497109,0,0,1,0,368.079524481184
47.040873131829,1,1,0,1,390.146666313708
33.3227947466797,0,0,0,0,298.908589967341
32.9428565794285,0,1,1,0,329.600028732908
30.7928142008562,0,0,0,1,324.64038017073
41.4847329199603,0,1,1,1,404.337736476937
37.4998263886723,0,0,0,0,260.340685373866
30.582310458887,0,0,0,0,206.283138756887
52.1419901863892,0,0,0,0,257.034373417123
40.1856643300023,0,1,0,0,344.629168091291
47.5783169945755,1,0,0,0,336.447332875847
36.1993730000399,0,0,1,1,365.875020721028
41.7494871334722,0,0,0,1,352.419295317976
50.3352330902476,1,0,1,0,338.136627206242
46.7572399543247,1,0,1,1,382.704615277604
49.4128124291257,0,1,1,0,391.580252422366
21.7336992748605,1,0,0,1,313.070518256204
41.7720438129656,1,0,0,1,359.385168128842
38.0819213805273,0,0,0,0,330.365045829772
33.4980128999017,1,1,0,0,367.543179825023
34.3930365874,0,0,0,0,272.362698747788
56.7576579329994,1,0,1,1,405.609687716996
44.3053460043924,0,0,1,1,363.464428883701
38.5539337964275,0,0,0,0,267.897526739965
49.390257121441,0,0,0,0,266.952946329565
34.5450325047671,0,0,0,1,361.052655076278
41.3885036321565,0,0,0,1,382.379860281606
54.4686231335255,1,0,0,0,303.816047538544
36.6737191384946,1,0,1,1,396.424528294804
32.0084372773679,1,0,0,0,270.22633900537
34.5170725486759,0,0,0,0,268.526297354571
29.4920379548058,1,0,0,0,304.67498802438
42.5266249103333,1,0,1,0,312.655702499603
43.278618539953,0,0,1,0,285.329372556972
48.556724004905,1,0,0,1,365.97714786281
58.0176227162749,1,0,0,0,298.946442516409
54.0524081174873,0,0,0,1,372.525265669551
27.4920820586433,0,0,0,0,220.49115534463
59.9910885447275,0,0,0,0,298.24613042755
41.3927848759215,0,1,1,0,332.452138173374
36.1333089656028,1,0,1,1,377.02483026234
58.5563569044348,1,0,1,0,363.774772547321
44.2885538447628,1,0,0,1,354.165810013343
57.3079013958977,1,0,1,0,412.348021307286
39.5647632586068,1,0,1,1,392.682523756795
32.6891419186249,0,1,0,0,314.523951778481
20.3403592377937,1,0,1,1,327.738548153488
51.2686531518852,0,0,0,1,335.483645616987
31.1191561156589,1,1,0,1,339.972239056005
48.7135926039199,0,0,0,0,292.068464141442
41.1989356661634,0,0,0,0,270.455940914281
44.724349448034,0,1,0,0,396.46563313888
52.6663990982006,0,0,0,0,359.994474337086
35.146836210531,1,1,1,0,332.829482655134
35.3846641381566,1,0,0,0,193.300772534494
37.6824166272123,0,0,0,0,253.249675880904
50.6035377243819,1,0,0,0,284.686442538488
35.2521429549873,0,1,0,0,353.289037648219
38.2448971904229,0,0,1,0,304.30264987171
47.9632449908915,1,0,0,0,269.802876079239
47.7874531585307,1,0,0,0,326.03529423393
47.9680256624609,1,0,0,0,315.958832394188
40.4905157283634,0,1,1,1,412.237633612377
47.6261293483482,0,1,1,0,382.038488531012
42.859930696364,0,1,0,1,366.793076341052
33.6718496184717,0,0,1,0,299.409470763398
58.043844808011,0,1,0,0,391.435776399978
21.3698902698575,1,0,0,1,269.950389404278
48.4552838121306,0,0,0,0,335.51318298504
43.4166768289461,1,1,0,0,359.293619900197
40.2277760614347,0,0,0,0,251.678268568461
33.8860001155336,0,0,0,0,292.241389812358
37.3947322752525,1,0,0,0,290.048073127129
58.0567031464304,0,1,0,0,323.136247777276
39.0300073299635,0,0,1,1,373.279888421692
36.1551330021494,0,1,1,1,424.122612397375
31.2163785749499,0,0,1,0,255.502902079121
35.0442147806308,0,1,0,1,387.103688819872
39.1570754642555,0,0,0,1,269.998796629397
26.42277932945,0,0,0,0,258.127845340349
51.4269781676707,1,0,0,0,252.683067970977
40.9782703744719,1,0,0,0,212.769514640636
54.6502102859676,1,1,0,0,366.816611914798
49.9043585272429,1,1,0,1,376.732217001246
54.1438675072227,1,1,1,0,382.189710082585
26.6410223068666,1,1,1,1,352.29006976762
45.7958363839326,1,1,0,0,329.563076415147
36.3817878570135,1,0,1,0,294.533004740808
39.5314755034821,0,0,0,0,297.173363052377
34.0052252858823,1,0,0,0,246.297055573827
42.1510449322283,1,0,0,1,318.226772645507
40.9363148547904,1,0,1,0,314.975530469388
18.8016558486865,1,1,0,1,312.217393200542
48.524430888247,0,1,1,0,361.243221830265
41.5437457231326,1,0,0,0,282.995477369085
30.2813835979458,1,0,1,1,354.387860404069
28.9857216407686,1,0,0,0,247.635505832615
33.097551117029,1,0,1,0,292.639014849137
24.1636507778875,0,1,0,0,307.717466422229
41.3776606651384,0,0,0,0,309.759862651145
55.0234395496283,1,1,0,0,366.07864496387
41.9288158714827,0,0,0,1,315.119239969087
45.2715473452382,0,0,0,1,373.027925489521
25.1679370879762,1,1,1,1,379.934187375456
24.6079927669059,0,0,0,0,185.735176632953
31.0356711308568,1,1,0,1,391.120072943724
47.2106997974822,0,1,0,0,395.286815166256
31.1549805531346,1,1,1,1,403.248277465161
45.5859852570855,0,0,0,0,359.729100296568
37.8126249515371,0,0,1,0,322.671725428778
43.836234823866,1,0,0,0,299.78368142872
29.6087988975316,1,0,0,0,208.109100477584
30.5100775142917,1,1,1,0,362.793434525832
38.9583904601655,0,1,0,0,288.338832638562
37.9128889727609,0,0,0,1,356.332695241771
22.1126980474783,1,1,1,0,314.163519254769
45.370844210865,0,1,0,1,333.53788501064
20.5030392990716,0,0,0,0,270.430336929462
35.8476553844678,0,0,0,0,286.019230421032
40.5512967059302,0,0,0,1,362.812887784979
32.9800028091123,0,1,0,1,362.323167735558
25.9616096742602,1,1,0,0,283.443056642094
36.0117606910748,0,0,0,0,270.324047221807
38.895782004352,1,0,0,0,280.003631279381
30.759215487266,0,1,1,1,436.598001175069
26.4275699958424,0,1,0,1,341.577953803763
28.0539551724871,0,0,1,1,349.519979281287
34.7151222071221,1,1,1,1,419.596850245329
35.4737311327905,0,0,1,0,274.08217679237
54.1948519316134,1,1,1,1,400.577761854713
27.1431885548428,0,0,0,0,191.771309938326
43.8114893936198,1,0,0,0,333.980075917827
35.8253139890223,0,0,0,0,260.43581971231
40.9286142078774,1,0,0,1,376.817929766098
33.3641546422378,0,0,1,0,301.059737339527
48.0282738950756,1,0,1,1,435.406627118374
22.9691735460545,0,1,0,0,322.067747512538
41.5390707256484,1,1,0,0,335.330076985878
40.2607549992136,1,0,1,0,333.551058394188
50.5586337908511,1,1,1,1,479.046361069341
37.755328856495,1,0,0,0,296.088510395007
44.9659638937304,1,1,0,0,304.000429718661
43.9963395463683,0,0,0,0,272.485233673394
33.5308724931451,0,0,0,0,309.738446526274
39.1623723521247,0,1,0,0,298.721859226311
38.6637879999048,1,0,1,0,315.097627981732
51.1960385547419,1,1,0,0,338.332464631911
42.392209725826,1,1,0,0,310.304197984578
42.9060221585786,1,1,0,0,334.910608597911
63.4360141841864,1,0,1,1,374.24419597452
44.162981123864,0,0,0,0,257.989864563511
43.6248107786928,0,1,1,0,355.010647732221
45.3168262547612,1,0,0,0,311.908357042286
55.4804223833981,0,0,0,0,297.332528511059
49.6148830060577,1,1,0,0,390.132436640447
43.3843617860646,1,1,0,0,328.479335736308
33.8904699573089,1,0,0,0,287.635888017013
43.570520504102,0,0,0,0,284.901600304946
41.4150867987719,1,0,0,0,308.562707444882
21.6370865622135,1,0,0,0,241.536146948226
24.5896895360616,1,0,0,0,290.399491967797
22.0561713558213,0,0,0,0,269.572601180502
54.1451490845874,0,0,0,0,336.746332236146
46.1833789176098,1,0,1,0,402.769586160394
16.4954461280072,0,0,0,1,316.442825110466
44.6703158609412,0,1,0,1,455.92149943719
40.6383193814351,1,1,1,0,328.087404067519
37.4373955817973,1,1,1,0,328.445531317138
32.5547796174663,0,0,0,1,293.916083092921
27.3097472345577,0,1,0,0,340.710557843677
48.6262800793079,1,0,0,0,363.197126353444
34.2306532810298,1,1,0,0,344.593925203645
38.6773265170997,0,0,0,1,369.32855361049
45.8682810058799,0,0,1,0,328.015910513856
45.350002769976,0,0,0,1,315.132242791239
36.0659006303275,1,1,0,0,274.989599988075
34.5939058279064,1,1,0,0,372.241978440807
42.5945091523458,1,0,0,1,339.775588479617
28.2172123899114,1,0,0,1,296.180790192502
43.0613847854867,0,1,0,0,336.777557062655
41.7348122912035,1,0,1,0,354.543391385851
42.5057806717021,1,0,0,0,288.311702514124
37.2207595083899,0,0,0,0,252.223899490878
22.7526426573716,0,0,0,0,230.185635219816
19.9329505614431,1,0,1,0,252.494920392744
27.0819166953154,0,1,0,1,315.37479367157
43.658382284833,1,1,1,1,454.470104211964
38.4779674609157,1,1,1,1,433.980012404714
32.6590590992379,1,0,1,0,364.011696306027
32.1802794301841,0,1,1,0,396.451719361722
45.5156703481271,1,1,0,0,333.500147857376
23.8915901556993,0,1,0,0,276.300859805971
47.4817643309044,1,0,1,0,374.352345803817
44.4929601123759,0,1,0,0,321.638932308856
31.2993747955635,0,0,0,1,339.122792968955
39.0225206864206,0,1,0,1,384.477479166735
48.9310021371627,1,0,0,0,253.143471057915
53.5091509526625,1,0,0,1,350.447996495875
54.889703943085,0,0,0,0,346.286465417681
43.7106721284727,0,1,1,1,494.44743333103
37.8552675648743,1,1,0,1,390.84124572329
44.5549458993914,1,1,1,0,364.839669866966
37.4188888974393,0,0,0,1,342.940138187858
29.9707624789588,1,1,1,1,413.590054553066
48.4414348279794,0,0,0,1,385.833451659425
46.9465877589663,1,0,0,0,356.730062535126
52.610037476473,0,0,0,1,334.810588786162
56.6655928933767,0,0,0,1,368.10247150269
54.7185793808934,0,1,0,1,419.463040191892
47.8931570508443,0,0,0,0,271.92240154943
39.6354572881666,0,1,0,0,304.764663287119
39.087167233575,1,0,0,0,293.037227902148
35.871370609581,1,0,1,1,331.691770194314
32.1893880167992,1,0,0,0,209.881258722477
36.0990721458812,1,0,0,0,234.064173958419
46.1383762200926,0,0,0,0,299.113708635084
43.8467702033324,0,0,0,0,333.306398281268
27.9434335018163,1,1,1,0,342.497528829378
51.9785122001404,0,1,1,1,452.961145706015
52.9114126665685,1,1,1,1,460.161667778028
54.8307160252052,1,1,0,0,400.048872344064
27.7640476418841,1,0,0,1,294.705946068316
35.8682536562897,0,0,0,0,241.900609385746
35.9041913378771,1,0,0,0,222.770717985948
35.4883528173779,1,1,1,0,347.148234934843
34.3530104827186,1,1,0,1,347.280867445804
34.399896655033,0,0,0,0,280.347911693909
30.294419330078,0,0,1,0,324.568037476325
34.3717645382657,0,0,1,1,383.941582897725
36.6796355670178,1,0,0,0,269.805072672714
41.936501097493,0,0,0,0,265.730949744412
46.0564285627222,1,1,0,1,323.471231523293
49.5787359942501,1,0,0,0,316.254098831403
31.991815610156,1,0,0,0,257.840297253645
40.4254865560524,1,1,1,0,386.339871035367
63.3570086201341,0,0,0,1,353.780679359846
35.3813254417801,0,1,0,0,357.451621353896
47.4042990604066,0,0,1,1,404.002256922421
33.0165533931773,0,0,0,0,294.253041858807
50.6536890145562,0,0,0,0,207.800502825219
45.4551682133876,0,0,0,0,330.95409634441
30.8179067975679,0,1,0,1,377.788581187232
50.2519134367607,1,0,1,0,343.550122224343
51.2573840290613,0,1,1,0,388.035222886131
48.8280038499841,0,1,1,0,418.738190040428
12.3192138914931,1,1,1,0,332.536935382128
41.4382657885626,0,0,0,0,356.997422078855
55.198831251518,0,0,0,0,282.099991847908
38.2868392197893,0,0,0,0,277.78958422816
33.4185500068205,1,1,1,0,329.792055705983
38.4570539791361,1,1,1,1,420.980390538125
16.169606836633,0,1,1,1,351.892288359852
28.617029087184,1,0,1,1,329.146251464569
39.1274446718746,1,0,0,0,326.311398465424
48.353267206442,1,1,1,1,421.075255036248
42.1211086819151,0,1,0,0,330.586149168207
46.4134630140455,1,1,0,1,392.930699592464
29.678990322141,0,1,1,1,402.690174665628
54.857706537531,0,1,0,0,311.343894677569
51.9047624727791,0,0,1,0,365.187636471659
46.1722673147644,0,0,1,0,326.554618443119
38.2706167553413,1,0,0,0,198.618848133487
48.6158044075697,1,0,1,0,336.091201416851
33.7991407545556,0,0,1,0,335.267741535223
31.217869527316,1,0,0,0,305.498440724686
17.7140485312379,1,0,1,0,309.701005529933
41.932632252675,1,1,0,0,335.345390726955
16.8734328305969,1,0,0,0,250.53070188114
39.7566620786427,0,0,1,0,287.225552496767
44.4134058923905,1,0,0,0,262.804619296011
47.8957675376957,1,0,1,0,283.969790844278
50.2181962668272,0,0,1,1,398.580393051669
46.152611595371,1,0,0,1,352.350077717132
31.4042214383141,1,0,0,1,325.460533255357
48.9074897636898,1,0,0,0,270.8248653262
40.632747474874,0,0,0,0,241.9702234952
21.3533894444003,0,0,0,0,223.141425405658
38.868631490768,0,0,0,0,305.88922353564
22.1661362412484,0,0,0,1,295.175412655479
29.4650955927634,0,1,0,0,296.485968662937
33.8064532269534,1,0,1,0,276.164492217373
34.1306142348086,1,0,0,0,272.830842194777
49.2697573194359,1,1,1,1,439.671831052247
39.345941546625,0,0,1,1,368.204299492816
30.6288824122484,1,0,0,0,299.853700798947
33.6614056623858,0,0,0,0,264.888230141719
34.2477571398493,0,0,0,1,322.002506145
41.8822104175933,0,0,0,0,245.556795047137
45.3965597446293,1,0,0,0,291.151823766799
35.7911593034299,1,1,0,1,379.345552841581
36.6053344002291,0,0,1,1,399.452595390908
45.1808038836325,1,0,1,0,306.311431704553
31.3061237898678,0,0,0,1,304.368428579069
38.3932908584517,1,0,1,1,446.141529085263
38.5738321339496,1,1,1,1,391.865095331146
32.347890321558,1,0,0,0,250.139516464714
33.4019942868299,1,0,0,0,254.877962358867
36.9259455958656,1,0,0,0,276.099799428438
31.1807254979398,0,0,0,1,302.271377068101
39.0465484125157,0,0,0,0,292.445843144913
27.240306269259,0,0,1,0,278.478309728023
43.7558498396481,1,0,1,0,355.951889668312
35.3076962740364,0,0,0,0,277.495457180908
47.9893320361921,1,0,0,1,307.357769413604
44.2628819925872,0,0,0,0,261.664664316409
34.8786798680649,0,0,0,0,268.697937978956
36.5248446302427,0,0,0,0,239.065082485427
46.0939274638697,1,0,0,0,298.090772747763
47.354643180367,0,0,0,0,288.753465049436
44.7670856067332,0,1,1,0,400.498699696314
43.2828576678195,0,0,1,0,390.146329691386
22.1873252474638,1,0,0,0,293.301346275432
41.193964213454,0,0,0,1,368.756625289494
25.8170462798348,1,0,0,0,236.137070953702
40.7603437765388,1,1,1,0,381.645509639191
33.3916675778915,1,0,0,0,303.904568126179
38.9449395394153,1,0,0,0,235.218598596067
28.1991411241308,1,0,1,0,323.615865084197
38.3564081353726,1,0,0,0,249.966052436183
55.194407743176,0,0,0,0,303.430022066346
58.2516507817365,0,0,1,0,390.273141304885
15.1136014984647,0,1,0,0,256.569793575847
23.4567774961027,1,0,0,0,240.86294461257
25.7914471862808,0,0,0,0,204.171396707797
27.2370343374816,0,1,0,1,351.180436909194
60.7910079937255,0,0,1,1,456.095325898978
50.1553602068229,0,0,0,1,326.941704544864
38.9038718382496,1,1,1,0,341.708034924884
49.8151888102931,1,1,1,0,373.785021219673
62.6134720681062,0,0,0,1,394.735714548798
46.3708992380356,1,0,1,0,314.414804868846
57.7553654284699,0,1,0,0,325.86100965923
28.524984525302,1,0,0,0,252.727816585241
29.2067740624545,0,0,0,0,259.844961019111
50.6794985879243,1,1,0,1,404.550728157324
48.9175319136426,1,1,0,1,423.372381788752
48.7009650993971,0,0,1,1,412.239005298816
44.8576246486856,1,1,1,1,419.91512543272
35.2890630715395,0,0,0,0,259.591357966818
49.4962999382055,0,0,0,0,283.226588907085
58.4772759129207,0,0,0,0,314.977938704501
52.4040742887073,0,0,0,0,334.241358330933
26.1918578164876,1,1,0,0,309.900675718961
44.7467687729148,1,1,1,1,429.640955084107
40.123463579877,0,1,0,0,337.213994658229
40.8709993728573,0,0,1,1,406.898654326688
38.1763180623667,1,0,1,1,353.102322947036
27.3432973417468,1,0,1,0,327.805585165573
43.3128391294074,0,0,0,0,274.414109687829
53.5172863098664,0,1,0,1,436.748611984552
56.3656573626269,1,1,0,0,367.881400948561
44.7993222885269,0,0,0,0,300.839552451389
32.6368408874214,0,0,0,0,268.377243069167
34.169833805864,1,0,0,0,218.161922632769
33.8856801804861,1,0,0,0,222.012782342726
46.0335004361089,1,0,0,1,292.895422434993
37.6423666064269,1,1,1,0,361.064541603699
69.0421609162339,1,1,1,0,435.559188269225
37.3170872068458,1,0,0,0,229.64749984041
41.4809284840304,1,0,0,1,338.511329391534
37.9320501716472,0,1,0,0,306.800521573118
33.5743986154845,0,1,0,0,328.231320110069
48.4757182388457,1,1,1,1,438.299717874671
34.7242787359935,1,0,1,1,328.85386342805
40.0237075710813,0,0,1,0,288.823777330046
37.1811976644872,1,0,1,1,333.447402996086
11.715253476127,1,0,0,1,276.192782134823
46.509303163277,0,0,0,0,269.429770831966
41.5775917111333,1,0,1,0,332.961611870856
31.4656297733463,0,1,0,0,327.088993420188
53.6310008597407,0,1,1,1,431.658894249251
27.3710382882884,1,1,1,0,353.542454550781
22.2205345427926,0,0,0,0,242.420991880911
33.1308035492444,1,1,0,0,257.416607155331
28.1566447770674,1,0,0,1,328.756664128653
47.8967730172765,1,0,1,1,458.418028225313
40.8596377095027,1,0,0,0,275.406155532804
36.299385574206,1,0,1,0,311.471524321098
40.0933636704308,1,0,0,0,321.029278747978
30.4894040832718,1,0,0,0,265.818956124609
41.817177113978,0,0,0,1,309.210140578936
41.9033984403286,0,0,0,0,333.746624819014
39.2826123060188,0,0,0,0,305.81113613382
39.9714828994941,0,0,0,0,325.461398343256
28.9178103808752,0,1,1,1,455.917749461965
49.351917673736,1,1,1,0,414.201893878787
25.1416054826267,1,1,0,1,386.408520827973
62.2854189842651,1,1,1,1,494.854358044535
56.241352225378,0,0,1,1,457.815266071547
45.1976462525333,1,1,1,0,391.42652852383
26.47971363238,0,0,0,1,325.141578227542
44.2612382762884,0,0,0,1,294.850712340972
23.3681241479333,1,0,0,0,272.877007174685
37.30056378169,0,0,0,0,313.028284078697
47.9079095977388,0,0,0,1,273.764380498593
48.40608638773,0,0,0,0,293.428022704978
40.3296948485046,1,1,0,0,377.766819174335
37.6183624615145,1,0,0,0,263.172547316686
42.6355228615082,1,1,1,0,322.436267969887
24.0821482593479,1,0,0,0,265.073364442049
36.2376493115307,0,0,1,0,342.948033313918
58.1252714991038,1,0,0,1,362.701694049765
22.6190031738211,1,0,0,0,210.356245794266
56.291111507453,1,0,1,0,338.587378423283
45.2810544148851,1,0,0,1,323.415600488782
36.3955581340245,1,0,0,0,268.130675150304
62.3761689061182,1,1,0,0,365.079404463032
39.5980038252504,1,0,1,1,401.02635695917
58.94125331564,1,0,0,1,368.745334564635
40.2480464993766,1,1,0,0,345.105726519602
45.5342540310045,1,0,1,1,355.922932619896
34.2564905455778,1,0,0,1,372.149484614236
30.716629935605,1,0,0,0,275.768420796808
19.9957455870518,1,0,0,1,298.53763417903
33.7793130370084,1,0,0,0,261.179975416019
47.2714556648524,1,0,0,0,336.985728699691
28.9781669675465,1,0,1,0,335.216840232556
28.4053722914664,0,0,0,0,271.323696218754
35.6109436024728,0,0,1,1,349.362622025817
41.5913420676355,1,1,0,1,392.127826670997
35.0539931446698,1,1,0,0,300.317641610628
52.1236784558103,0,0,0,0,260.891580656644
42.9263242591183,0,1,1,1,401.731497072981
39.6395753896764,0,0,0,0,344.300434569954
28.9738389743382,0,0,1,0,308.566672581463
30.6435971305093,1,0,0,0,292.808579141004
44.608373268203,0,0,1,1,365.087664234342
36.6763653738938,0,0,1,0,324.5026492261
51.0616326882244,1,0,0,1,395.642227915589
23.6630639514887,1,0,0,0,213.412612096765
43.3519280059537,1,0,1,1,378.338334486269
34.7534255500986,1,0,0,1,345.787153331363
54.633710753022,1,0,0,0,282.403289898674
44.2717804198658,0,0,0,0,330.842105621902
29.7487017982365,0,0,1,1,355.20325690953
26.9194167867719,0,1,1,1,402.250985892421
42.2960188662863,0,0,0,0,235.892149297763
36.9297872218809,1,1,1,1,393.563131254819
39.1616690045782,1,0,1,0,322.65583176586
38.3426815938894,1,0,1,0,286.688452975806
46.550125586635,0,0,0,0,310.146573606352
29.2516527182247,1,0,0,0,286.243991934317
74.709096034659,0,0,1,0,342.348141016486
42.9408089238402,0,0,1,1,366.292171533959
34.6362615365361,1,0,1,1,351.836568804414
38.552265045543,0,1,0,1,394.887605802313
45.4213052784055,0,0,1,0,324.129852215599
46.3417519319241,0,1,1,0,391.42771778007
22.2514393109506,1,1,1,0,299.251171255935
19.3386411531344,0,0,0,1,324.435832470532
39.1009309053679,0,0,1,0,287.559103429271
48.3680217805869,1,1,1,1,437.367906342359
41.6624083309353,1,0,1,0,307.208264229693
50.2552557344612,0,0,0,0,290.548832166677
44.0318845813294,1,1,1,1,414.001061445594
44.115921198628,1,0,0,0,296.833861325875
56.8018682802245,0,0,0,1,363.091328992316
29.3789242676491,1,0,0,0,258.297956859252
32.0876435032185,0,0,0,0,241.492116347661
43.8851227416098,0,1,1,0,369.118229773659
42.5399849945037,1,0,1,0,280.946817594936
18.1283170741402,0,1,1,1,429.950655272938
45.3780043328347,1,1,1,1,410.877222099656
27.1011358829317,0,0,0,0,245.487414480761
27.7445602984123,1,0,1,0,292.541133608542
57.2711355277575,1,0,1,0,343.67766839441
51.603578032903,1,0,1,0,393.063193718148
32.5183841624838,0,0,1,1,393.639093542495
56.6667232493041,1,0,0,0,269.177199346955
34.7030257542868,0,1,0,1,356.01156641879
50.2864835063927,1,0,0,1,355.078892696767
53.767179910649,0,0,0,0,323.594111141521
53.3100295826265,1,1,0,1,410.760962230859
52.5465594943585,0,0,0,0,338.520828747611
37.1266544619073,0,0,0,0,293.930809849454
34.5326448184091,1,0,1,0,339.30510853874
52.53927471065,0,1,1,1,452.319657068901
39.2827708104099,0,0,0,0,323.256909891989
33.1756337873573,1,1,1,1,404.168834081247
29.7500354171433,0,0,1,0,299.159052188913
53.0157781471653,0,0,0,0,294.396745085868
47.5806082540668,0,1,0,0,324.884408407682
54.796143353762,0,1,0,0,393.450131206386
33.8043759358537,1,0,1,0,282.889989735812
42.5968722725623,1,1,0,0,328.035375392059
29.1347907502263,0,1,0,1,356.438065000046
40.8622356319397,1,0,1,0,331.943853223686
31.5379755094739,0,0,1,1,326.312073236379
43.8890586437039,0,0,0,0,321.357334239048
39.6236418465361,0,0,0,0,277.542756749801
54.4560164892583,1,0,0,0,330.232075134692
43.1722448210269,0,1,1,0,340.177344214758
35.9601950918091,0,1,0,0,310.01071655596
22.5976266952476,1,1,0,0,315.784436696915
35.4717872107988,0,0,0,1,349.090984169821
34.139124934404,0,1,0,0,312.367619589867
51.4791904431639,0,0,0,0,305.347654652817
44.5736325964469,0,0,1,0,361.580901810744
34.1219363794143,0,0,0,0,278.228764425681
42.2791494069495,1,0,1,0,321.049780449708
41.3414774184625,0,1,1,1,476.724541275896
43.2932777211426,1,1,0,0,352.578576747512
37.0248778635721,0,0,0,0,293.716773327942
51.8498797306452,1,0,1,0,329.280777609493
53.0953538662527,0,0,1,0,347.63050341367
28.2954473488457,0,0,1,0,264.648225913445
49.9611886630011,0,1,0,0,380.599547253482
32.5300298330994,0,1,0,0,289.624091305614
42.2186765646558,1,0,1,1,356.968561210893
50.009452311825,1,0,0,0,354.169861232588
44.9414325855929,1,0,0,1,304.656298814855
39.9155558246536,1,0,0,1,347.729485942767
40.9613698553287,1,1,0,1,390.496417577503
62.5070523918321,0,0,0,1,315.043343188576
54.366346913565,1,0,0,0,312.265363737105
40.1040774953849,1,1,0,0,324.57213260034
36.7920810848187,0,0,0,1,315.425047755289
58.4167486726203,0,0,0,0,319.095288998023
40.8992472522534,0,0,0,0,262.877456501259
44.0279281811679,0,0,1,1,387.20833127952
53.0939370465749,0,0,1,0,330.063783408862
33.8674577727459,0,0,1,1,358.532698698935
35.6451991508057,1,1,0,1,374.298902950172
36.178939157292,0,0,0,1,342.731477177808
41.7132817610993,0,0,0,0,260.836486749084
15.834375365531,0,1,0,0,226.069192008925
35.8182856341375,0,0,1,0,226.302605123316
47.071955649005,1,0,0,1,325.00610404134
43.1180753531698,0,0,0,0,289.412474758018
43.5064015678239,1,1,0,0,322.944103781835
24.1313458737404,1,0,1,0,269.770253982377
42.1652165407969,0,0,1,0,263.514884516451
38.8525015712061,1,0,0,0,227.503325876697
40.2033812322907,1,0,1,0,298.610066142599
48.9279026193778,1,0,1,1,352.681070058702
54.4808414754465,1,1,0,1,359.052038088724
37.4796912794497,0,0,1,0,293.259744223473
34.0252872083242,0,1,1,0,402.073262882709
37.5225916025048,1,1,0,0,332.425093686274
47.7436594015165,0,1,0,0,330.54602544171
38.8141279382992,1,1,1,0,324.708742292799
35.824187288991,1,1,1,0,356.636192554929
39.4757364674226,1,1,0,0,332.954906897654
53.5395020283372,1,0,1,0,297.271890180195
30.7934857269306,0,0,1,0,314.574838946497
36.8922862600305,1,1,1,0,327.080455829956
29.4419703181804,0,0,0,1,340.106185180284
62.387442557997,0,0,0,1,424.001317461256
35.2693785996675,0,0,0,0,308.917890818048
49.0605408548087,0,0,0,0,264.320092448436
40.3791693159414,1,0,0,0,288.191840144797
38.2463771697624,0,0,0,0,310.246279579542
36.3839097472126,0,1,1,0,389.676754388558
31.9637845791509,1,0,0,0,225.377317686651
53.4157635107538,1,1,0,1,356.848746475926
46.2593065437828,1,1,0,1,350.499619820044
40.3113070799419,0,1,1,1,413.148793133063
29.0508665053057,1,0,0,0,222.456659389921
35.1358593444136,1,0,0,0,273.033946341708
49.530936832641,1,0,1,1,424.016369215342
30.0548665190718,1,0,0,0,227.957989242309
34.2812967748196,1,0,1,0,262.383813442024
47.8317318157029,0,1,0,0,395.767827754518
43.8136642108908,0,0,0,1,296.23665197954
33.9994182604284,1,1,0,0,295.93381098301
56.5261512009413,1,1,0,0,378.562592292978
28.0923306485841,1,0,0,1,291.56764324492
54.1567745190252,0,0,1,0,303.500819479222
48.1417281719248,1,0,0,0,317.262340745384
19.0242895164355,1,0,0,1,292.307485873337
43.2016508248767,1,0,0,0,292.89003596304
48.0102512042405,1,0,0,0,289.285079236053
32.0831934595722,0,0,1,0,267.326887171364
39.8933373676603,1,0,0,0,274.000884271552
23.7648206005552,0,0,0,0,209.042863017319
30.924329481122,1,0,0,0,291.019591099635
41.3676672242264,0,0,0,1,266.735486270721
42.7118795653197,0,0,1,0,378.157296457168
39.2633878479498,0,0,0,0,277.304254224575
32.2556967157196,1,1,0,1,406.115631319046
45.9381613552619,0,0,0,0,280.443093909515
53.2750455958168,0,0,0,0,295.161153863009
33.9916416818282,0,0,0,0,265.395466734654
40.5650685825102,1,0,0,1,356.937828631507
34.6892371041812,1,0,1,0,332.842957329787
39.1910121562305,0,0,0,0,248.85699558403
41.6075558667138,0,1,0,1,384.673378432339
38.9785943533637,0,0,1,1,402.582751893807
36.4525003021393,1,1,0,0,315.360927979306
35.2877265290663,0,0,1,1,403.35400393978
40.3404417736161,0,0,0,0,267.629024895661
37.9927879264323,0,1,0,0,328.096171383717
34.5555137123073,1,0,0,0,278.634152305803
43.7736226964554,0,0,0,0,256.130892417768
44.0372816058045,0,0,1,1,409.677623870839
41.7023693754303,0,0,1,0,323.751669525238
28.9892007877928,1,0,1,0,324.730809149543
44.024696992911,0,0,0,1,338.325601724775
44.2581617721095,1,0,0,0,327.341128520736
37.1687128113762,1,0,0,0,283.666180368895
45.5363207211556,0,0,0,1,321.774499892042
52.6435623247709,1,1,1,0,388.948992318502
43.2780246319463,1,0,1,0,339.771515690775
47.651063733094,0,0,0,0,231.271411932327
52.8257345881024,1,1,0,0,382.884221695565
56.5888693382934,1,1,0,0,403.953217383088
35.1927018686509,1,0,0,1,333.07087159494
35.9216548541291,1,0,0,0,337.806924532069
36.7108120827092,0,0,0,0,285.307594620918
51.0107658785062,0,0,0,0,374.253563120328
45.8171796078272,0,0,0,0,292.4352909792
49.5777920275736,0,0,1,0,306.758441822423
43.0142180433736,0,0,0,0,299.38915639381
37.1153893642691,1,0,1,0,313.841074463727
25.4384841210641,1,0,1,0,266.611302549504
22.9534845933781,1,0,0,1,327.301307251587
60.1122119129554,1,1,0,1,402.112691252946
40.0396133245277,0,0,0,0,234.40371439473
45.5822190656882,1,0,0,0,246.482159545987
46.9449368560081,1,0,0,0,308.909398675978
54.4632123678832,0,0,0,0,324.516410999676
46.3346874335952,1,0,0,0,381.333133838814
40.263703369605,0,1,1,1,465.985022306
47.4287551615455,0,1,0,0,340.773762104764
43.4730339212733,1,0,0,0,319.513151305091
33.713450740907,0,0,0,0,275.915282936939
49.5849192629893,0,0,0,0,298.951230618649
41.6444135014376,1,1,1,0,332.755979566971
39.6529409903697,1,1,1,0,378.074929782707
30.7925618462556,1,0,0,1,327.812875339499
51.4805514963721,1,0,1,0,345.337853634755
36.1011988997036,1,1,1,1,461.426550786758
39.0073673672261,1,1,1,0,397.001111215542
39.7203393763278,0,1,0,1,413.505809987772
39.4301111512938,0,0,1,1,375.583892190257
45.5565901674844,1,0,0,0,299.422522829016
49.0192383899352,1,0,0,0,229.883151128577
45.3662308823404,1,0,1,1,396.910859714694
25.2881386173516,0,0,1,1,331.727451088462
15.9064059173143,1,0,1,0,280.710370487306
36.3498262222046,1,0,0,0,273.324717441509
38.1873151536583,1,1,1,1,428.602291476182
38.5093705733919,0,1,0,1,356.775469287559
26.0728530614059,0,0,0,0,272.127526041107
33.2064075562172,1,1,1,1,410.283799793688
21.8088203138603,1,1,0,1,315.346234338719
66.3898221848215,1,0,0,0,345.27322519541
45.4660827821824,0,1,0,0,373.299584221227
39.9384606107059,1,1,0,0,307.753279197484
21.098605321417,0,1,0,0,350.157564900486
37.3321662883483,0,1,1,0,368.562518139892
48.2043101019732,0,0,0,1,335.093275608065
47.781935400496,0,0,0,0,292.597634552571
44.5409202352256,1,0,1,0,294.788114342291
54.1005217305168,1,1,0,0,377.009466841316
21.8893589490352,0,0,0,0,192.702426439875
28.9754825891301,1,0,1,1,313.351874408724
39.8083212868312,0,0,0,0,261.52826733306
41.4930371968004,0,0,0,0,268.996478803941
34.6756812973506,1,0,0,0,269.365127130897
51.9784612620355,1,1,0,0,330.511200215664
19.574042311053,0,1,0,0,266.950723340026
29.8568913518672,0,0,1,0,298.103646171276
56.0391822138318,1,1,1,1,505.160475987005
48.9235003415703,1,0,1,0,357.057520569921
24.8229443836204,1,1,1,1,345.627174612561
48.2352827615214,0,1,0,0,393.661331707848
43.655622480085,1,1,1,0,337.699444486206
26.6907833169011,1,1,0,0,262.179115181521
43.595761544677,1,0,0,1,336.705259328639
48.9299460998869,1,0,0,0,346.010022094904
30.0490100410069,0,0,0,1,322.14098933329
45.1967192258579,0,0,0,0,312.465022744242
27.6426655171671,0,1,0,1,358.985114654742
45.2972687432207,1,0,1,1,379.79086582222
30.1695827904406,0,1,0,0,307.836809473716
36.2425451574575,1,1,0,1,282.92301267788
29.5826461550011,0,0,0,0,262.866272218923
46.9766735743017,1,1,0,1,447.43294916294
38.5555119658064,0,0,0,0,240.707867235255
44.9854339713929,1,1,0,1,453.729580780305
46.1733670987679,0,1,0,1,438.182956463544
39.9545885852449,0,0,1,1,407.950259091796
39.0874363991022,0,1,0,1,383.929064973758
43.9995937481534,0,1,0,1,385.900896593912
45.8890165654911,0,1,0,0,297.722884027331
39.8312196061319,0,0,1,0,321.103197390676
44.1870418208863,0,1,0,0,333.761253960314
48.0072796452484,1,1,0,0,321.722796764538
46.7989310382786,0,0,0,0,280.59745877477
53.0966392253954,1,0,0,1,347.459045781104
21.0878552113092,0,1,0,0,320.318427763246
43.4490733466895,0,1,0,1,350.796121138094
41.5476265664462,0,0,0,0,280.473732026744
32.3355826807444,1,0,1,1,362.197707156898
32.4708495667798,1,0,0,0,243.686208264365
45.2427067565436,1,0,1,1,397.107036433055
36.4457470209976,0,0,0,1,376.385637767162
37.3973350287889,0,1,1,1,418.629645635403
45.0720811003177,1,1,0,0,323.437303919854
51.4320521055163,0,1,1,0,400.575551900777
60.668175182942,1,0,0,1,379.965707203247
47.6986634308538,1,0,1,0,371.306134193337
60.0199794550677,1,0,0,1,359.823599537908
52.7162090872777,0,1,1,1,445.331578742866
43.335202458503,0,0,1,0,321.461542103052
42.5407267609053,0,0,0,1,301.862287891569
59.3091427212792,1,0,0,0,343.519950277386
29.87070132588,0,0,1,1,342.271828698321
40.6444444039321,0,0,0,0,293.709066226813
41.9237389135785,0,0,0,0,253.577955414747
16.5997553739527,1,1,0,1,332.418719542765
36.4823409896776,0,0,1,0,331.340089832966
43.4659093868239,0,0,0,0,322.029481913872
11.7105894129356,0,1,1,0,282.269711788554
43.6787270358452,1,1,1,0,374.818650067868
37.1451593388156,0,0,0,1,283.204313530742
44.4273326045295,0,0,0,0,236.219680840407
47.1767113004586,0,0,0,1,322.963344208745
54.2389508632609,0,1,0,0,330.227151834544
23.1460884386267,0,0,0,1,315.545280337135
40.4172931623207,0,0,1,0,344.576651162193
33.6705616964969,1,0,1,0,331.609661861032
40.3009924643186,1,1,0,0,331.179772143105
38.7085642393461,1,0,0,0,286.543669961479
28.2410071426733,0,0,1,1,343.866161546482
21.9318061980101,0,0,1,1,339.058869339427
61.2031372450078,1,0,1,1,416.392038000901
26.7559431663883,1,1,0,1,327.437225595724
42.7502159326617,0,1,1,0,380.14612414359
28.911368167338,1,1,1,0,419.963354453398
55.0774050493814,0,1,0,0,339.385685311394
22.3270122033555,1,1,0,1,318.128735521881
31.1140772615135,0,0,1,0,293.788858309314
27.8094861338402,1,0,0,0,254.733815491595
40.5028136627699,0,0,0,0,228.25528135266
35.0918704846335,0,1,0,0,321.843957164531
63.850599584663,0,0,1,0,339.712223418889
39.9561187302922,0,1,0,1,407.50195663612
53.3169035546128,0,0,0,1,395.31517317641
48.2080866912665,1,1,1,0,381.829756319524
46.8567903052522,0,0,0,0,259.320431839524
45.1588094787604,1,1,0,0,320.758966298045
42.7380184719043,1,0,1,1,328.169015389289
32.8666409076586,1,0,0,1,345.541062771771
36.5695585490941,0,0,0,0,216.674365563287
44.6897953257892,0,1,0,0,345.475735667868
15.2416748396632,1,1,1,0,355.375561545771
21.4455871152701,1,0,0,0,232.955652275352
35.7949208210662,0,0,0,0,233.974500548504
21.3396243278582,0,0,0,0,181.528128379932
41.135047007392,1,0,1,0,296.932799888222
44.7001867712353,0,0,0,1,299.023188791468
48.8459416013323,0,0,1,0,352.804832407239
51.1360999293018,0,0,0,1,404.241964649819
45.6685042932162,1,0,0,0,255.442677653927
45.4602284261129,0,1,0,0,352.268036329047
42.3984260522916,0,0,1,0,278.388389769883
40.3413534382308,1,0,0,0,287.970774099291
31.9190878069981,1,0,0,0,325.704615686517
62.2763232322792,1,0,0,0,290.006792984329
32.0747587128655,1,1,1,0,367.680502450704
56.9728053235192,0,0,0,0,323.488393734472
49.3892480729047,0,0,0,1,301.743061057585
60.3529495828804,1,0,0,0,365.281595454956
47.316263865283,1,0,1,0,356.516944224995
35.8015265940463,1,1,0,0,298.025861653117
36.902564931489,0,1,1,0,337.938257088761
26.3932352553369,0,0,0,0,243.097445877941
50.3771431038458,1,1,0,1,395.464956389839
40.4621782728374,0,0,0,0,277.284813355985
39.4222664472324,1,0,1,0,321.979755910279
40.767390706997,1,0,0,0,297.662022508183
33.6635883589374,0,0,0,0,255.675990317097
35.7658653787102,1,0,0,1,337.090546441715
47.7669100704352,0,0,0,0,259.992154422795
53.1090723646561,0,1,1,0,396.02123079652
40.5830130626763,0,0,0,1,333.876170881
42.4539835725944,1,1,1,1,470.87350616946
42.3232471837711,1,1,0,1,401.352884631594
41.8877589972547,0,0,1,1,323.557711267953
37.5818411201448,1,0,0,1,331.459716442855
45.7213631712443,1,0,0,0,316.205622619681
47.0579179768735,0,0,0,0,297.238052297
42.0489960399403,1,0,0,1,330.847489546791
45.5210338011165,1,0,0,0,257.480506067555
34.3112868964222,0,1,0,0,329.720991171234
41.9271775559888,1,1,0,0,336.018152478319
46.2134722161097,1,1,0,1,467.48965748648
38.9278438836746,1,0,0,0,290.820330035459
38.7592408044192,1,0,1,1,362.242036508697
35.3497815314538,0,0,0,0,318.878831365828
45.7340776248694,1,1,1,0,365.343855437349
42.5493608171793,1,1,1,1,396.652394914747
66.7214420120392,1,1,1,0,443.529869463406
38.6550498233788,0,0,0,0,265.488599656259
41.1157406182591,0,0,0,0,361.197106985817
29.8999731271506,1,1,1,0,310.610758879335
48.8787980131605,1,0,0,0,306.547951589586
36.9278244086102,1,0,1,1,374.101835098091
41.3316499263638,0,1,0,1,373.409844354237
49.453263696804,1,1,0,0,344.816833323779
55.2568672984904,1,0,1,0,380.920469513237
37.5254943180586,0,1,0,0,355.715797046635
36.4339629889569,0,1,0,1,397.059703076478
42.0796840756995,1,0,0,1,304.593784666025
52.0925334744545,1,0,0,0,286.22020765858
41.1655888707421,0,0,0,0,292.072244823754
41.9206619344093,1,1,0,0,306.140539768526
47.8661610949244,1,1,1,0,383.369655726156
47.3984068971088,0,1,0,1,394.801744650707
50.8669203144834,1,0,0,0,254.421011819252
20.4719270030514,1,1,0,1,349.015879248707
28.1757317347546,1,0,0,0,264.298852372415
28.1932152208097,1,0,0,0,223.946442400449
43.7698110187607,1,0,0,1,320.709313378175
26.4320895931673,0,0,0,0,233.175710746948
37.7139172832435,0,1,0,0,324.831530688647
44.2325656490468,0,0,0,0,348.326124434044
59.4090825966462,1,0,0,0,272.468047831164
37.5898065193266,1,1,0,0,341.510484378366
39.7902942806951,1,1,1,0,427.80734759477
42.3564705629698,1,0,0,1,301.757929305983
34.0465518438647,0,0,0,0,296.849633047596
8.00441566244214,0,0,0,0,256.46313221744
55.112784716271,0,0,0,0,361.767972420658
36.5641299651723,1,0,1,0,324.737879597757
32.8307088470193,0,0,0,0,222.531557008614
42.8790914729748,1,1,0,0,338.820778166171
33.8252724375567,1,0,1,1,376.23224600897
49.2016740691246,1,0,0,0,275.101927612002
35.4589933476448,1,0,0,0,288.609062905253
48.5576132450469,0,0,1,0,355.159045460083
37.6645716241117,0,0,0,0,295.10271808986
30.2162852110205,1,0,1,0,293.539938387484
47.3721596353388,1,0,0,0,268.774968495293
64.4160362468046,1,0,0,1,415.292987001711
30.0750734851008,1,0,0,0,251.657249087311
35.5926385549467,0,0,1,0,287.529285582843
28.3061246770226,1,0,0,0,251.061309035393
55.9198798945038,0,0,0,0,309.59524685858
41.2727471672098,0,0,0,1,333.595845864922
16.7290134442851,1,1,1,1,396.579000328115
18.0322508267268,1,1,1,0,281.839000264473
49.3916526442846,0,1,1,0,371.986996816732
42.9916215557267,0,0,1,0,371.070006707886
20.1007330650562,1,1,1,1,437.210407469916
27.9586519959308,1,0,0,0,259.507401686267
43.9834573800155,1,0,0,0,275.368998837061
40.4475658602362,0,1,0,1,342.507046371359
21.338391868309,1,1,1,1,398.067410990693
47.5252283799107,0,0,1,1,395.247650768354
35.743156254576,0,1,0,1,394.964339914683
52.4417031633511,1,1,1,0,385.148988726757
44.5034927928209,0,0,0,0,276.405853716132
51.8280748259793,0,0,1,0,349.062186717207
20.3602188889599,0,0,0,0,211.229470391985
47.4661286870142,0,0,0,0,235.547776552194
50.5132374710196,0,0,0,1,333.054615950889
45.2417108506373,0,0,0,0,288.725033977539
28.8441572027549,0,1,0,1,374.887188753623
39.5223377834684,1,0,1,0,321.857388343057
20.8297105792058,0,1,1,0,334.602890823637
34.2826976216032,0,1,0,0,318.192887620697
32.5180336636358,1,1,0,0,244.205511752975
43.451789564096,0,0,0,0,260.683320975708
61.6395110444013,1,1,0,0,344.600973293008
43.3664634220441,1,0,0,0,270.250104503619
35.8213601646418,0,0,1,0,302.603356709933
49.2369102070629,1,0,0,0,306.553772715289
47.6676659233521,1,0,0,0,287.241018231565
42.4874814790393,0,1,0,0,296.310842999303
33.4278196505029,1,0,0,1,394.042124063763
45.8312416913396,0,0,1,1,359.616243670939
46.9068286766682,1,1,1,0,365.245322145263
42.9186467999595,0,0,0,0,305.87495119323
59.2307416746338,0,0,0,1,333.216068436174
63.0612974849875,0,0,0,0,341.090455263338
30.1080473215689,0,0,0,0,158.891599818778
44.0142740850976,1,0,0,0,308.27787726637
27.6761182674508,1,0,1,1,325.728038802716
34.5531065652728,0,0,0,0,273.289507246421
35.6546704097788,1,1,0,1,373.588864816077
38.5915480803677,0,0,1,1,415.879346030348
57.5814127006527,0,0,0,1,367.068777485205
31.6985857942275,1,0,1,1,358.181805511912
45.1442775612224,0,1,1,0,422.196414873514
47.8713107662776,0,1,0,1,394.085693010685
42.4201551371753,1,0,0,0,281.404458382426
45.5991680656164,0,0,0,0,299.079923263278
33.4958149098774,1,0,1,0,292.395622754724
35.4160738359506,0,0,0,0,227.134044119891
33.1951367828598,1,0,1,0,267.003296079671
18.0756267202851,1,0,0,0,242.175941183376
46.2598709485483,1,0,0,1,319.556804658983
35.8453831710812,1,0,1,0,347.366954497339
38.2369616623035,1,1,0,0,290.221403613359
46.6525916355892,0,1,0,0,310.538568233592
40.498835161725,0,0,0,0,237.580875987296
38.8854970711634,1,1,1,1,443.952761552351
34.708486281018,0,0,0,0,266.738845142183
56.1586225377977,0,0,0,0,370.220902381004
41.3951059333339,0,0,0,0,274.758162314478
41.1958369742569,0,1,1,0,356.890964833782
49.7986575533867,1,1,1,1,378.927687760999
43.793843479322,0,1,0,0,416.348764328316
31.1978738057298,1,0,0,1,314.355710278677
35.9354702795345,1,1,0,1,320.083109174507
32.2287484031133,1,1,1,1,395.527494022694
23.1649797223518,1,0,1,1,311.537042668895
38.3301743989805,0,0,0,0,248.669865564149
45.9394822911609,1,0,0,0,303.553471463181
34.8184085925083,1,0,1,0,337.425028887357
44.4119836360764,1,0,1,1,354.8699013859
47.5560086504946,1,1,1,1,454.197569284828
38.8703913982265,0,0,0,0,248.235002761121
35.2537461228877,1,0,1,1,319.647887759422
32.9787806964007,1,0,1,0,279.439258809782
37.2062896416204,1,0,1,0,316.360233145224
55.6420974922256,1,1,0,1,424.453059870792
40.9109360956857,1,0,1,0,358.539281526409
35.3781201897546,0,0,0,0,215.633765716291
35.495612481721,1,1,0,0,303.691997180788
40.7309661541079,1,0,1,0,378.745944177959
41.3135300902861,1,0,0,1,311.246334706756
53.4563639889239,1,0,0,1,371.175404152085
35.7663852792766,1,1,0,1,389.132123063105
49.7694228376802,1,0,0,0,313.719526054628
33.690195949546,1,1,0,0,308.271373691752
42.1975118100101,1,0,0,0,335.566702314097
36.5432751490878,0,0,1,1,369.813404618974
50.059050442053,1,1,1,0,397.714749641135
53.9731579966728,0,1,0,0,330.152586156314
55.3536108075324,1,0,0,1,271.634518766905
46.8452824755237,0,0,0,0,267.449260401616
34.9464743364824,1,0,0,1,277.388786360421
38.7576690787221,1,0,0,1,305.477196302797
43.0133474517883,0,1,0,1,347.671280179801
19.1263285315876,0,1,0,0,259.970176010643
54.203970626931,1,1,0,0,365.772489625255
29.3102065268079,0,1,0,0,261.179175156607
35.4064810299786,0,0,0,0,287.404862827138
53.3166610954918,0,0,0,1,341.13190744456
44.0977627769774,0,0,1,0,360.727134837002
44.7233650422102,1,1,0,0,337.412025752165
32.5030137067301,1,0,0,0,277.456174866662
23.9830843597568,1,0,0,0,183.074535842922
32.085526744197,0,1,0,1,384.467624303447
45.0201054764031,1,0,0,0,303.707838826732
47.1719527052094,0,0,0,0,275.114571509103
40.4335519061691,0,0,0,0,278.792930279327
36.0585565355583,1,1,1,0,380.172584019737
43.8000482540797,1,0,1,1,373.077032732993
33.7757204742847,1,1,0,0,317.575158170715
45.1138720600739,1,0,0,0,259.049139808868
28.9862694336806,1,0,0,0,241.140743121175
58.6141559956748,1,1,0,0,403.267975652231
12.9501087761566,1,0,0,1,308.492157116539
54.1793781636752,0,0,0,0,336.295858869718
33.4469050188399,0,0,0,1,287.923575591228
52.5228304742217,0,1,0,1,432.49029827728
25.3971256782667,1,1,0,0,311.916152183237
36.6926512320666,0,0,0,1,382.479572205392
42.1081779052699,1,1,1,0,344.062902718829
29.9050073577776,1,0,0,0,255.897477768765
34.6522335382894,0,0,1,0,348.941196167406
44.9505827488594,0,1,1,0,368.09020165645
45.4849404978214,0,0,0,0,319.866466924839
27.7225738578105,1,0,0,0,262.974007310006
29.9338735563953,0,0,1,0,273.620991669232
42.0716720160984,1,0,0,0,272.297048199394
54.1740118033914,1,0,1,0,359.111398600998
47.4708939655526,1,0,0,0,340.569009908842
24.8056692765147,1,0,0,0,269.083256756274
32.7992926067568,0,0,0,0,261.880216346801
21.6178796560387,1,1,1,1,357.690182183662
47.8439586435299,0,0,0,0,334.721693024608
31.2894785047291,0,0,0,0,265.964242071603
39.8913368698347,0,0,0,1,294.332603534499
46.0914155821576,0,0,1,0,314.73588633747
38.6694835194123,0,1,0,0,338.6037169889
31.5046893711994,1,0,0,1,329.721784177166
41.1513872517423,1,0,1,0,310.680125108396
26.68662845988,1,0,0,1,324.281734206697
63.7445827173169,1,0,0,0,283.59993915847
15.0416358268833,0,0,0,0,194.089654192886
62.0367615406188,1,1,0,0,368.171190012839
45.7139692706917,1,0,0,0,252.954528478833
34.1625476278106,1,0,1,0,304.697051724656
42.7486035762242,1,0,1,0,366.168341788494
39.5171080403898,1,0,1,0,353.003501157242
62.5246864177724,0,1,1,1,507.565561893876
62.0798222218406,1,1,0,0,390.707170155296
47.6684501464597,0,1,0,0,325.307808469047
37.1580825620712,1,0,1,1,403.320316038854
41.5164529254135,1,0,1,1,385.593582156376
32.1889391335696,1,1,1,1,416.064179040181
30.4260163675268,1,0,1,0,242.019830637825
36.9565888204891,0,1,1,0,371.20173826016
55.308786534036,0,0,0,0,257.559793998747
35.2169406335531,1,0,1,1,364.18847940964
42.7596428852592,0,1,1,0,409.638758564733
52.9277985593516,0,1,0,0,383.530366118346
44.2401070658077,0,0,0,0,269.330763473565
45.2776525377058,1,0,0,1,341.457760191955
33.4617001785643,0,1,0,1,341.390484152426
41.2167555267399,0,0,0,0,252.775620702884
30.1313694527055,0,0,0,0,268.434026746302
32.4440553775139,0,0,0,1,336.403476546927
28.3901004155996,0,1,0,0,347.279458977872
35.5719847638043,0,0,0,0,269.113228544968
43.3494778403957,1,0,1,0,255.060640526703
38.9934143185477,1,1,0,0,288.493723243424
30.244631570395,1,0,0,0,259.920061668043
30.2678337437893,0,1,0,0,354.03474811277
26.5921347353447,0,0,0,0,228.111677125994
44.1410240205441,0,0,0,0,268.833752846173
42.7416242982508,0,0,0,0,249.238778058337
25.8603704948075,0,0,0,0,263.061865838998
23.1806942681093,1,0,1,1,309.189307430969
39.2991388605089,0,0,0,0,291.279421696813
35.396909707117,0,0,0,1,327.022043076926
27.9285429652257,0,0,1,0,324.970544361713
50.404412181286,0,1,1,1,436.605996696725
39.3379498781413,1,0,0,1,375.592681130539
39.8014222146319,1,0,0,0,255.027310481419
46.1555622337813,1,0,0,0,291.139789437742
44.203829699196,1,0,1,0,315.334229531401
36.7204512257281,0,1,0,0,350.058009744104
28.655436978998,0,1,0,0,301.649395722338
51.8226830511672,1,1,0,0,391.352519851887
22.892141966878,0,0,0,0,232.60624187408
53.794490444046,0,1,0,1,428.581856968536
34.5899467084247,1,0,0,0,317.450350376302
60.7546679173333,0,0,1,1,400.262594696681
37.9523949698726,0,0,1,0,360.518979086413
34.4858301447966,0,0,0,0,235.970774897146
40.411968667732,1,0,1,0,341.920479791322
53.170476310258,0,0,0,0,298.003437523989
21.9034979658962,1,0,0,0,212.787971127122
36.9201120537933,0,0,0,0,256.951500023412
42.9456119458539,1,0,1,1,389.716146467507
41.4777081711665,1,0,0,1,314.238427377641
41.1595153197511,1,0,1,1,388.229493010318
36.7666815143672,1,0,0,0,248.694340356663
28.5963327610239,0,0,0,0,271.735034512198
68.6131949086317,1,0,1,1,406.925531876708
25.4861305516603,1,0,0,1,302.553164584266
49.8374402021999,0,0,1,0,332.76025915337
28.9215867291468,1,0,1,0,305.734660740474
20.0110734315197,1,0,0,0,211.107587818278
41.5072249695782,0,0,1,1,390.096350710657
61.0896809219341,1,1,0,0,367.250274596191
46.291906728364,1,0,0,1,323.224851985031
23.6235445784009,0,0,0,1,311.333585326705
33.4152428598269,1,0,0,0,286.044408973924
32.4969173408872,0,0,0,1,323.702554311195
28.548681044754,1,0,0,0,214.109399958057
50.276132769215,0,1,0,0,360.523305581211
64.7804042183143,1,0,0,1,410.949301418849
25.466836356804,0,0,1,1,314.227811960105
48.2226444536183,0,0,1,0,321.722959244736
29.3355200635047,1,0,0,0,273.804914481358
50.9430673251488,1,1,0,0,332.826757293539
42.2059618232936,0,0,0,0,250.734783786934
37.1676040946252,1,0,1,1,400.152930621905
47.1005075343356,0,0,0,0,274.752394321989
62.1047686646211,1,1,0,0,384.271748767003
54.1206657562142,0,0,0,0,333.505801606907
38.0340191984778,1,0,0,0,291.49922570419
47.5538456981956,0,0,0,1,295.720280038855
29.0589912980254,1,1,1,1,413.605888342339
44.3018002414615,1,1,0,0,326.29014101629
49.6054971158325,0,0,0,0,291.392839001671
44.5905952290432,1,0,0,1,357.552963059545
34.0354460548218,1,1,1,0,452.392752233373
39.5491379276126,0,1,0,0,306.781940566927
34.1848140522242,1,1,0,0,311.479538286373
44.428632371262,1,0,0,1,362.80052019084
36.8976931045619,1,0,0,0,287.603025762813
37.7717023191751,1,1,1,1,373.912936789537
33.6741320730793,1,0,0,1,336.572644541943
50.6719019915197,0,0,1,1,353.822403999643
43.373959214647,0,0,0,0,284.510193757804
30.4635433634548,1,0,1,1,318.944582360271
42.5117357413691,1,1,1,1,377.619028992278
34.5185129645217,1,1,0,0,257.845663691328
41.0323601760306,1,0,0,0,289.92390919137
58.6601650513967,1,0,0,0,280.299049011229
29.5900619471488,1,0,1,1,356.437300495154
42.1998378712742,1,0,0,0,268.961636722982
25.7620509353125,0,1,1,1,386.944015116533
46.1601741003035,0,0,1,1,372.359874471885
25.5843682008592,0,0,0,0,290.062353789453
22.9823517714609,0,0,1,1,341.19675385631
45.5721295780077,1,0,0,0,233.509620000533
32.4948888287213,1,0,1,0,335.792547589333
20.2906705427786,0,0,1,1,282.080327413872
26.7553654906067,0,0,1,0,309.469151502681
50.7553289349939,0,1,0,1,404.301186540821
41.7583509418502,0,0,0,0,264.952517298738
42.079247992857,1,1,0,1,393.911402659732
48.932027658822,1,1,1,1,498.611951463385
41.9860991665826,1,1,0,0,334.229958518109
8.18717435291074,1,1,1,0,366.39774517439
40.1968319470424,1,0,0,1,336.718430632325
26.0582859529323,1,1,1,0,356.670390101492
30.6676411482601,1,1,0,1,318.261403892693
23.7095911853133,0,1,1,0,355.598776959714
43.6909763910945,1,1,0,1,357.591893166636
62.8565638502981,0,0,1,0,373.506250265091
44.8654486958178,1,1,0,0,287.445180788242
59.3215222070259,1,1,1,0,378.765608637916
37.6787097726794,1,0,1,1,310.019948538034
34.6255494336611,1,0,1,1,324.8357315665
47.8610190337555,1,0,0,0,263.782977421227
27.4762708977519,0,0,1,0,318.697290640347
26.7583504516539,1,0,0,0,192.098477372992
10.3176682667937,1,1,0,0,315.808368448181
17.7428182285929,1,0,0,0,262.109702767694
35.5834582757143,1,1,0,1,385.061207857018
41.246441284895,1,1,1,0,421.878380937919
36.5000276732076,1,0,0,0,325.463817169592
20.9650069747915,0,1,0,1,347.558428505567
28.4595565803499,0,0,0,0,217.748487470667
32.1081652562573,1,0,0,1,329.282241343636
48.9940227819394,0,0,0,0,271.648115777698
43.1603999907668,1,1,0,1,355.47150142476
31.7301272483702,0,0,0,0,263.085008716008
23.8542945649288,0,1,0,0,328.52670634372
38.3356787991204,1,0,1,1,312.792791222392
22.2360807810702,0,1,0,0,328.32290513887
33.3311598478054,1,1,0,0,293.600512361022
36.9203493041399,1,1,1,0,343.449251668412
52.2252541528467,0,0,0,1,323.409263502071
48.9586226263949,1,0,1,1,393.458214988533
42.039050630379,0,0,0,1,316.229344127639
37.840015877704,1,1,1,0,319.203995964534
35.1199367806461,0,1,1,1,434.00377129187
46.020523137102,0,0,1,0,358.337577306483
26.0589978647641,0,1,0,0,329.538862590807
36.4583632888855,1,0,1,0,308.762630527352
52.3104957794247,0,0,0,0,310.069748604934
31.8659417198498,0,0,0,0,276.782978124434
24.73327818345,0,1,1,0,343.972400250022
40.0091315401906,0,0,0,0,279.896805717792
42.9515790450453,1,1,1,0,396.630741465886
57.0653756587127,0,1,0,0,344.100771123207
30.9250395981531,1,0,0,0,290.444733413337
34.7338618970189,1,1,0,1,315.160346152589
52.4000855550231,0,0,0,0,285.828614000228
37.3209818081129,0,0,0,1,233.738766169379
43.0423634938697,1,1,0,1,381.463067440878
44.7030345568099,0,1,1,0,322.658877689902
52.861921743485,1,0,0,0,349.192193128871
49.1697726002994,1,1,1,0,359.650998899126
39.5902733537009,1,0,0,0,254.748997598815
27.1083719328478,1,1,0,0,309.267733966423
39.2070263005388,1,0,0,0,261.629384758037
47.3989480231915,1,0,0,0,305.243054249749
52.7676023028368,1,0,0,1,303.570623767749
46.6513281710595,0,1,1,0,406.859012109547
24.7730964540506,1,0,0,0,254.390526282998
41.2622311168537,0,0,1,0,301.858080152261
28.6861788199914,1,0,0,1,256.386831788005
35.2257476458373,0,0,0,0,318.066501906603
29.0152720553022,1,1,0,1,363.496791857616
57.0744236642163,1,0,0,0,280.330132633628
38.158970404001,0,0,1,0,373.336537807529
58.614262207002,1,0,0,0,296.374766035823
22.5795293373556,0,0,0,0,262.956392456522
32.1654257870494,1,0,0,0,258.873977695085
47.9527054231083,0,0,1,1,404.785881383378
34.6772999000898,1,1,1,1,439.607968031973
59.858043427389,1,0,1,0,405.997443060597
33.481995844956,1,0,0,1,322.506950845996
18.4303793152838,0,0,1,1,334.567117353687
39.0797250307526,0,1,1,1,462.348514627071
36.0259988300134,1,0,0,0,261.280346574605
38.6167269742913,0,1,0,0,279.33943582142
31.7423500076215,0,1,0,0,322.022288633638
33.1433833550317,1,0,0,0,297.040525310998
32.0728553141709,0,0,0,0,220.671055491539
35.9299584773813,0,0,0,0,314.384157145958
28.5132938854102,1,1,1,0,315.967578025619
51.1576046554672,1,0,1,0,344.875178848202
31.2054322183,0,1,0,0,319.762913665117
52.7932293753161,0,0,0,1,388.13291771229
25.4572274515284,0,1,1,1,456.093341813665
48.4222876919352,0,0,0,0,310.301814195188
33.9678499218727,0,0,0,0,229.010822118186
41.3155502734254,0,0,0,0,316.099427353476
47.6444455667959,0,0,0,0,304.078749768024
30.8286483340808,0,0,1,0,270.857626230925
42.3739451514297,0,0,0,0,299.537924420066
39.5531093338794,0,0,0,0,209.298349184732
28.8144969643752,1,1,1,1,442.711720166648
45.7670502282401,0,0,1,0,289.6082695031
16.9825778995616,0,0,1,1,331.586435631298
55.4401138418949,1,0,0,0,313.449266173453
51.9632123896946,1,0,0,0,288.125558346072
37.9832312013541,1,0,0,0,264.994777402553
35.6772842014737,1,0,1,0,280.812466935917
43.469486438903,0,0,1,0,334.719849501386
35.1462206622075,0,0,0,0,325.089021164929
38.0469391976524,1,0,0,1,356.814781714769
42.2979741171584,1,1,1,1,429.155821285366
39.0534624196315,0,1,0,0,317.400627652886
57.1019954048516,1,1,0,1,429.336558183998
36.6425099907882,0,0,0,1,269.932312325406
31.2467517566466,1,0,1,0,281.641508142686
28.6744550828652,1,0,0,0,305.14508570787
34.3397936726831,0,0,0,1,295.228470342145
30.2561559687128,1,0,0,0,274.321462144341
49.4508234084626,0,1,1,1,445.669872770283
42.4774110530002,0,1,0,0,308.219181449228
38.9532537956754,1,1,0,1,352.613530166946
40.2776167990371,1,0,1,0,341.654879603461
30.9272351765946,0,0,0,0,308.746207723774
63.509337520258,1,0,0,1,309.475263559563
48.0876972448104,1,0,0,1,352.428669710094
47.841404188467,0,0,0,0,297.268312552479
41.7023649079533,0,0,0,0,298.15011248995
41.5919765153077,1,0,1,0,317.977311393926
46.7801810041337,1,1,0,0,379.750213530073
44.3437199958465,0,0,0,0,294.407250291786
47.8055443023076,0,0,0,0,297.208231205338
35.5543224154565,0,0,1,1,360.99121634929
52.715164118455,0,0,0,0,301.120329267572
25.2660777250123,1,1,0,0,304.339620875115
58.2601047314349,0,0,0,0,294.295787006183
39.1783945578178,1,1,1,0,397.813116030653
42.0706615717072,0,0,0,1,351.026355613676
39.4184100425743,0,1,0,0,385.686834870029
31.569479905458,1,1,1,0,337.18827228802
35.3351272046098,0,0,0,1,323.797280041833
55.1644902909499,0,0,1,1,367.871787906682
60.7396139462956,0,0,1,1,426.717864495247
29.4325323507286,0,0,1,0,348.274648455627
43.5524879489335,0,0,0,0,293.255894176556
34.6237332368475,1,0,0,1,312.299701797687
40.9031636585836,0,0,1,1,315.195305754757
43.4853828460259,0,0,1,0,345.432624233208
34.8248100490015,0,1,1,1,348.890981352576
42.8730130241527,0,0,0,1,318.341702439758
56.6807499684583,0,0,0,0,339.156947197399
29.1906327541353,1,1,0,0,277.685096787197
36.0214889537763,1,1,1,0,367.198633946707
42.9720881644341,1,1,1,1,427.908168693181
43.7342905926644,0,0,0,0,308.529668599317
40.6758448154302,1,0,0,0,311.139199808755
43.466340304947,1,0,0,0,320.228444849028
38.3542862719941,1,0,1,1,369.265151811147
41.8998280658577,1,1,0,1,406.745754424189
39.3130136486107,0,1,0,1,378.575516846514
49.1645020769427,0,1,0,0,323.022096923015
47.1054961476212,0,0,1,1,363.774435187992
39.809103138742,0,0,0,0,273.953722348614
53.1312687307811,0,0,0,0,315.944690656653
41.7038615580451,1,0,1,0,293.565546383476
45.7881660553379,1,0,0,0,219.813582469417
42.2790487499767,0,0,0,0,310.261302158346
33.8754013440268,1,0,0,1,311.38367134589
47.3403013303062,1,1,0,0,319.596285667569
21.4949813746885,0,0,0,0,216.714659541985
30.3145516022943,1,1,1,0,384.898648584685
46.2762646905029,0,0,1,0,280.731416647779
52.4027762938144,1,0,0,0,303.235495380529
24.930969428697,0,0,0,0,266.796685763836
51.8259689371289,0,0,0,0,305.913677686305
26.6581144063717,0,0,0,0,200.843083754557
34.0367970598429,1,0,0,0,308.447350779885
26.7050783496362,0,0,1,0,311.70302070757
38.1788658138279,0,0,1,1,346.187356513866
40.4913854463733,0,1,0,1,398.228625453386
44.1207643161341,1,1,1,0,383.976157503173
35.776464536149,0,1,0,0,291.015280926318
39.8034634026553,0,0,0,0,313.87279763276
43.0301642533384,1,0,0,0,241.869070838619
30.2757765654491,1,1,0,0,295.238020426184
32.9884494638341,1,0,0,0,259.148898923469
53.7843190060709,0,1,1,0,393.711898708258
10.4686268641624,0,0,1,0,270.786307858943
49.5583656301941,0,1,1,0,391.343155413497
50.6003423492052,1,1,1,1,442.088758127293
53.5096056599856,1,0,0,0,279.339243607429
35.9844425882134,0,0,0,0,265.812724897986
48.3998698018733,1,0,1,1,362.19764246819
42.1543925772843,0,1,0,1,341.99467325706
33.6202279804176,0,1,0,1,384.043979821911
45.5284798205069,1,0,1,1,378.441181889728
43.7035082499075,0,0,0,0,322.991171678887
36.1097623246784,1,0,1,1,343.936852312589
35.3990715136876,1,0,1,0,349.813034503911
37.3411380661273,0,0,0,0,296.376118953532
45.0144136332157,0,0,0,0,285.91737941062
39.4764717301039,1,1,0,0,298.418489126496
26.4782865653073,0,0,1,0,322.900591137513
43.0857853010571,0,0,0,0,229.877649895737
36.3300359618635,1,0,0,1,300.370463192877
47.6081525652828,0,0,0,0,277.057622461072
27.9122170852219,0,0,0,0,257.183397647156
20.9144326797622,1,0,0,0,229.894628729342
35.0225061397513,0,0,1,0,318.158543543501
33.6295548936965,0,0,1,0,331.529918237182
46.7623193203049,1,0,0,0,300.403411671548
21.30588969742,1,0,0,0,219.368729419896
29.3144751374414,0,0,0,1,268.262155555522
38.7399458406564,0,0,0,0,239.833186227261
32.6371558157133,0,0,0,1,265.47693373812
38.0875819081551,0,0,0,0,280.290174101415
28.016997366153,1,0,1,1,292.486479699676
31.7574538149392,0,0,0,1,273.082267963996
30.8046732882543,0,1,0,0,319.370074961348
22.561316562781,1,0,0,0,301.788120808205
43.8303742426177,0,0,0,1,300.866985615482
34.5893057673765,1,1,1,1,342.003341913987
34.4405890216515,0,1,0,0,259.172492476697
51.0895853127751,0,0,0,0,268.314487091632
46.6774359483677,0,0,0,0,313.427526023901
33.0632096363802,0,0,0,1,344.366012140039
48.7999280471198,1,0,0,0,300.587514374766
36.2102664281148,0,0,0,1,305.716589246413
35.6875136739629,1,0,0,0,289.802418126424
41.6644469968202,0,0,1,1,377.917473000164
41.4051960466679,1,1,0,1,365.897683483173
38.9245372734495,0,1,1,1,425.09899833756
37.4801239068848,1,0,1,1,341.183773396617
44.0002038444736,1,1,0,0,348.478107058174
49.9417023029213,0,0,0,1,382.582674120449
36.061264100449,1,0,0,0,263.497433045702
54.5176227538026,0,1,0,0,337.431047001067
31.6500287042635,0,0,0,0,237.140876365504
60.014571533496,1,1,1,1,499.984791916312
48.2029302401897,1,0,1,0,319.277354453321
36.3847464182126,1,1,1,1,444.117563891016
18.7434818009997,0,1,1,1,389.933728932508
36.0195055311874,0,0,0,0,211.526372553848
36.5240207680933,0,0,0,0,271.64323061817
54.4495230883333,1,0,0,0,317.593033679903
43.762360738988,1,0,0,0,328.752546850693
21.7888446792552,0,1,1,0,414.016730092224
42.7268727111548,1,0,1,0,289.446794922232
30.5719226550175,1,0,0,0,211.004092838624
22.9910689776861,0,0,0,0,246.969159549163
49.190367632293,1,1,0,0,299.787394545441
46.0170571575034,0,0,0,1,315.2991456492
35.9997727577766,1,1,1,0,318.626186632344
54.3747168052874,0,1,0,0,318.722028155962
36.8779462973654,1,0,1,0,289.640488636144
23.1461560528458,1,0,0,0,183.443673977957
49.1095209107249,1,0,1,0,296.584907700454
33.2499917142345,0,1,0,0,348.842637188611
41.3731156664796,1,0,0,0,243.382690495896
30.7675820251379,0,0,0,0,274.407278290369
26.9554025126032,1,0,0,0,322.408933412441
44.4143262527454,0,0,0,0,323.361395058525
31.0131296937348,1,1,0,1,349.41096924973
34.5842790024903,1,0,1,0,354.361404114148
47.2408190306176,0,1,0,0,290.715312200989
14.3762117322082,1,0,1,0,282.515699146151
30.6278232547482,0,0,1,0,280.828260690095
55.2956064823639,0,0,0,0,290.812607656817
39.946138619107,0,0,0,0,257.241024738389
23.1681630963984,1,0,0,1,266.816890609577
39.5058121997507,0,0,0,0,258.738937964796
40.4549310894777,0,0,0,0,257.937770211475
32.2412971719803,0,0,0,1,335.728666662832
33.146618937581,1,0,1,1,341.622360886447
39.6097516564602,0,1,0,1,373.275363468799
48.3974287034249,1,0,0,1,344.99712309075
31.5859198295625,1,1,1,1,427.799587905474
47.1622827616142,0,0,0,0,275.105206530447
21.3253434704229,1,1,0,0,266.462845597011
59.9085671970778,0,1,1,0,427.544946864666
47.7108649586001,0,0,1,1,420.081583286253
33.7740189198757,1,1,1,1,370.975076379331
38.964054496409,0,0,0,0,283.552166048365
27.674616794202,0,0,1,0,294.227355819978
30.6709213722676,1,1,0,0,267.138578407089
42.9751851452647,0,1,0,1,413.712164524405
19.3547403955113,0,0,0,1,256.514114480534
46.7724922249105,0,0,1,0,297.55146044395
48.3638305791437,0,0,1,0,369.305682865822
41.2224387649042,1,0,0,0,264.552674062991
32.1175036281041,0,0,0,0,278.152917716233
46.3363701563891,0,0,0,0,282.588634168268
37.9670650181936,1,0,0,0,235.628365325245
57.7577501258599,0,0,1,1,390.320351189619
45.0335414967789,0,0,0,1,357.674708250176
58.5994569369779,0,1,1,0,367.920347041317
33.905069544297,0,0,0,1,389.129406783691
51.5305532248777,1,0,1,1,402.868062494608
49.6934915725838,1,0,1,0,274.722438422997
46.3730315707426,1,0,0,1,311.950625422868
57.721676925085,1,1,0,0,365.966313847044
51.7831056462201,1,1,1,0,364.521597058974
51.0070263616134,0,1,0,0,371.572806260713
53.7694807585475,1,0,0,1,322.971111958601
32.8273462655011,0,1,0,1,337.292520012627
46.8851273757794,1,1,1,0,396.662105480914
52.6810145678412,1,0,0,0,288.989328890603
21.2791122155558,0,1,1,0,332.42400190162
52.4808294812689,1,1,0,1,429.197757992431
29.2269959055548,1,0,0,0,305.00556722629
25.2583043334315,0,0,0,0,299.12095026427
38.9723874715621,1,1,0,1,403.934302470516
22.8513385269619,0,0,0,1,277.597576013839
32.2559836278653,1,0,0,0,250.671803551822
48.475539678897,0,0,0,0,335.008405958721
40.8323523665703,0,0,0,0,232.373291801014
52.8508496858323,0,0,0,1,385.902882958843
42.7604491795357,0,0,1,0,357.013324039713
22.8885725457591,1,1,0,1,337.110750673921
28.5044997845633,0,0,0,0,257.163481572825
41.5978631964118,1,0,1,0,316.880809875905
35.7278731308477,0,0,0,0,267.276046174495
49.0700220390901,0,0,0,1,321.225554574546
41.5089896283084,0,1,0,0,362.747472761046
28.9047273651146,0,0,1,1,368.058169085471
34.5119126886033,0,0,0,0,228.273692474858
50.1878845500043,1,1,0,1,431.102416920631
30.5458791967179,0,0,0,0,258.067052163455
24.9968414692324,0,0,0,0,223.895009174015
45.6516406305917,0,0,0,0,288.758276597123
41.8273876792474,0,0,0,0,296.45041264776
32.0327191809167,1,1,1,0,417.512853502954
39.5381351495047,0,0,1,0,329.726397121989
41.5362674483473,1,0,1,0,319.744153723559
32.3337558563159,1,0,1,0,290.548131851056
43.647533323387,1,0,0,0,263.439957872028
33.0648103034167,0,0,0,0,294.598447256299
36.5684384794061,0,0,0,0,270.896859675133
47.428493379341,0,0,0,0,346.231002936476
37.1446229203886,1,0,1,1,350.406481074964
23.3011632432024,0,0,0,1,287.775609868729
37.3560995854467,1,1,1,0,387.107388063223
23.0004560372373,1,0,0,0,259.738230160393
34.7316718633944,1,0,1,0,308.949098283774
33.6298420315554,1,0,1,0,311.957612468281
71.7451978428007,1,0,1,0,330.919785433557
44.9120558987348,1,0,0,0,308.908779892606
44.4201615873174,0,0,0,0,329.000731494408
42.001981832427,1,0,0,0,251.944591975741
34.708047880818,1,0,1,0,284.141326573135
13.2283114512955,0,1,0,0,320.882719702075
58.127119312971,1,0,1,0,376.37293772796
34.8374961332159,1,0,0,0,306.30608377285
31.3795818626466,1,0,1,0,306.779655082454
33.7003102990591,1,1,0,0,341.948097655272
50.749624618669,1,1,0,1,441.544568379438
47.4568985400229,0,1,0,0,381.87523628088
53.2158580355189,0,0,0,0,284.541262835281
42.7946914130733,0,0,1,1,377.34063722492
38.8499375445181,1,0,1,0,325.194455473098
37.4976541242715,0,0,0,0,285.199967574817
24.4282570027877,0,0,0,0,261.348554936857
42.5959546534259,1,0,1,0,309.838390761543
36.6262562245975,1,0,0,1,361.901040457102
36.1703482994906,1,1,1,0,338.666436689998
50.5269226069953,1,1,1,0,436.284793133848
52.1121347353879,1,0,1,1,361.447512118369
64.5369487222183,0,1,1,1,464.654466912719
44.6492733675425,0,1,0,0,362.925674087397
39.05150191747,0,0,0,0,271.899830434975
30.9166852584783,1,0,1,0,274.091984901794
39.6666339670651,1,0,1,1,325.385662793206
57.2059724640604,0,0,0,0,339.746932359054
37.6374837633912,1,0,0,0,283.63252657633
57.0869864132557,0,1,1,0,407.171383601872
37.7724320045441,0,1,1,1,413.144302671153
42.1033018312288,0,0,1,0,341.909384414145
64.8092038385889,0,0,0,0,341.876431952056
40.2716484238743,0,0,1,1,363.868959479517
25.4729482654646,1,1,0,0,334.520576761734
33.2635719258305,0,0,0,0,287.71190051031
29.4308366526965,1,1,0,0,281.270686467328
40.89836849108,1,0,0,1,325.964359388625
34.2771049717349,1,1,0,0,279.609127695206
43.7803943865665,0,0,0,0,248.056199829001
56.2382151287374,1,0,0,1,385.059156602102
30.2370643798824,0,1,0,0,342.517375804325
29.916255022543,1,1,1,1,466.519340644958
37.4360048762923,1,0,0,1,331.790468724879
48.8281673991203,1,1,0,1,377.038794245797
43.7602712350368,1,1,0,1,391.560032946932
41.0445088845364,0,1,0,1,318.862021112363
55.7174942774957,1,1,1,1,436.050332848749
37.3135900181185,1,0,0,0,229.678200015672
58.4852188608278,0,0,0,0,313.321562322511
24.8940352973777,0,0,0,0,309.269073810141
42.8106122869404,1,0,0,0,311.18787114722
49.0429346532004,1,0,0,0,282.960966924849
51.3865742762799,1,1,0,0,330.690176623206
25.4766185630767,0,0,0,0,253.386554790663
33.7364667845788,1,0,0,0,253.52281722737
20.6792442402309,1,1,1,0,360.77498776376
37.609384096884,0,0,1,0,300.627753555598
34.9972849956654,1,0,0,1,266.421099282959
49.8747173036911,1,0,1,0,330.630060857765
44.1542122724245,1,1,0,1,385.093521913934
37.0388368084772,1,1,0,0,342.541436194149
53.6222173924555,1,1,1,0,368.53100898587
38.5570353828127,0,0,0,0,272.842176400443
53.1572787554448,1,0,1,0,344.940183826614
46.6661076644512,0,0,1,1,420.709585632179
46.6136377599279,1,1,1,1,456.700578808789
49.0672037258095,1,0,0,0,363.485906934592
33.7940054070561,0,0,0,0,293.927942903364
25.8842371317336,1,1,1,0,313.308897166192
48.1024428689199,1,0,0,0,215.132686031358
26.9900199675664,0,0,0,0,253.145382925
30.9638819821141,0,0,0,0,256.710251219444
37.8125653535116,1,0,0,0,262.288838501071
45.6458799718092,1,0,1,0,370.988902156567
46.0925639177158,0,0,0,0,307.484165128421
21.6397913121234,1,0,0,1,289.839401633631
42.4414660966807,0,1,1,0,374.173389741002
22.286381661751,1,0,0,0,305.540718273001
62.5061026945178,0,0,0,0,267.919694772154
30.5699114620725,1,0,0,1,257.5276704828
56.868894561962,1,1,0,0,375.570939735181
36.6118807356664,0,1,1,0,371.082967565275
46.2071359152216,0,0,0,0,323.407261044907
31.972789131426,1,0,0,0,245.461005735325
41.1659388318885,0,1,0,0,362.002822670049
46.0806739208978,0,0,0,0,315.873696441123
55.2794183545539,0,0,1,0,318.846743637776
33.7292400608211,1,0,0,0,249.214613076887
24.3573325402102,0,0,0,0,305.061405916456
27.7441800117661,0,0,0,0,214.274580101766
41.2596716511411,0,1,0,0,332.363946686737
42.593308210646,1,0,1,0,359.984411757552
37.2471349116747,1,1,1,0,367.685499768756
40.4976721550964,1,0,1,0,309.159208604172
36.8930227504926,1,0,1,1,398.755218269866
35.7856455211973,0,0,0,0,247.375895179611
62.4620779511287,0,0,0,0,322.343102228792
40.8665737299249,0,0,1,0,345.054807611862
52.2351387547554,1,0,0,0,288.067142251636
66.182328199117,0,0,1,0,386.39396747046
26.7461902274607,1,1,1,1,436.486851420148
38.6224117782534,0,0,0,0,263.406730636754
39.9733101549461,0,0,0,0,371.059994512005
52.0590945018439,0,0,0,0,292.178466469367
36.7155092430198,1,1,0,0,349.654694185303
43.1428556730957,0,0,1,0,371.01902265011
41.8146525370404,1,1,1,0,364.36824009046
43.7478409203679,0,0,0,0,272.364510223611
33.5747480231741,1,0,0,0,224.768116533754
65.7545331864491,0,1,1,1,489.913882378288
28.5930948777776,0,0,0,0,295.807203741765
36.9025287699418,1,0,1,0,256.343136538784
44.1624304719251,0,0,0,0,302.978032644601
44.3153057070049,1,0,1,0,366.825659481172
28.308630939659,0,0,1,0,331.417855286394
38.4982760862709,0,0,0,1,374.384453078806
26.0087788195365,1,1,0,0,306.372975620731
49.1733921368306,1,1,0,0,308.8654380592
30.8037445432513,1,1,1,1,412.982988074231
28.7380643836236,1,1,0,0,326.472514073502
39.941649611386,1,0,0,0,304.564016100509
27.4386701841898,0,0,0,0,242.109487735282
42.1279147402541,0,0,0,1,389.797538031752
34.4438037053032,0,1,0,0,344.463012588655
33.7168991095653,0,0,0,1,312.6005167059
24.0499854659598,1,1,0,0,325.553652810287
15.2354950547744,0,0,1,1,364.692794189395
51.1029541174685,1,0,0,0,242.359243444277
57.6051759457602,0,0,0,0,343.680803170188
52.5649974649894,0,1,0,0,414.920240878075
39.1846610198036,1,0,1,1,359.198676098731
41.4727158466355,0,1,0,0,314.975574604505
43.5459755954238,0,0,1,0,343.940264517564
36.6285889663897,0,0,0,1,326.636748685555
44.9265395165648,0,0,1,0,334.974959365657
48.2986679358387,1,0,0,0,326.504074545528
49.4761153960321,1,0,0,0,324.395335815514
51.6542883446602,1,0,0,0,273.953221117473
35.7883363370957,0,0,0,1,313.527278900359
43.3460275643699,1,1,1,1,423.740029078403
38.9377734502683,1,1,0,0,332.043793391028
27.1291351378186,1,1,1,1,415.584130944174
30.9194013995005,1,0,0,0,249.750131054953
37.16064251321,1,0,1,1,332.427169476426
42.6659245839918,1,0,1,1,361.962932462225
52.2431930895728,1,0,1,0,318.61414485064
48.2152552682573,1,0,1,0,282.613023788747
27.5223320773798,1,1,1,0,354.793753918075
46.0127501385836,0,0,0,0,267.240036279296
30.9124778387095,0,1,0,0,259.218997107252
49.003448877473,0,0,0,0,311.114266973013
30.4612848605391,1,1,1,1,396.209515742716
27.5910828558709,1,0,1,0,316.952286310076
40.8155009580172,1,0,0,1,394.75365317124
31.8692308855023,0,0,0,1,302.121835358009
50.6478465880181,0,0,0,0,332.503142059214
29.5098078150405,1,1,0,0,284.323154921327
45.1600932516741,0,1,0,0,332.22174676555
49.8574698441836,0,1,0,0,331.977682889915
36.4834302201794,0,0,0,0,238.65879382498
44.5174922847175,1,1,1,1,389.309855688642
34.0642782126907,0,1,0,0,414.914647777836
28.6350473174788,0,0,0,1,240.790692631196
16.6502821872819,1,0,1,0,265.425831174865
30.7340274036911,1,0,0,0,216.920263899944
43.9517160149293,0,1,0,0,306.623500111662
40.7417140054939,0,0,0,0,279.51477312619
29.4350666639696,0,1,1,0,303.42661106815
39.224454964816,1,1,0,0,303.008520951402
15.8396975787343,0,0,1,0,250.410342271454
48.0951987848272,0,0,0,0,285.750730324675
31.3025014670576,1,0,0,0,212.487935055563
38.7492255815647,1,1,1,0,282.531815500226
44.1115161878454,0,0,0,1,315.592139602832
31.4956469495323,0,0,0,1,335.796960568088
54.665510712084,0,1,1,0,388.572034865312
43.0687854320971,0,1,1,0,356.183462184118
44.2968083280005,0,0,0,0,328.913136922335
48.1037706474799,0,0,0,0,290.796208096711
49.211729111242,0,0,0,0,273.655802183798
45.4480788319469,0,0,0,0,315.096959365257
63.6959502355302,1,1,0,0,355.729369828149
33.9690573864109,1,0,1,0,304.120401605374
55.6083962675,1,0,0,1,370.59569856956
26.4616385201743,0,0,0,1,306.251225137678
34.9199539892366,0,0,0,1,318.178941195187
35.2168886758102,1,0,0,1,281.049244487261
31.0182971776843,1,1,1,1,411.324983194475
41.0827452374586,1,0,0,1,362.624028693831
46.4987956260934,1,1,1,1,473.577745443462
31.7952660725799,0,1,0,1,370.971213430729
43.5976152855758,0,0,0,0,279.311337280617
46.3332492843798,1,0,1,0,295.611250525087
40.9781591886554,1,0,0,0,267.191250560972
31.9881624405001,0,1,1,1,394.538699044177
28.9770684663267,0,0,0,1,323.605444589099
31.4834298742766,0,0,0,1,336.714481740946
45.19418173048,1,0,1,0,291.538297578364
57.8231561329573,1,1,1,0,362.963414094382
33.9997298978382,1,1,0,0,294.22557755306
54.7202881872208,1,0,1,1,467.96111725725
29.6245288791564,1,0,1,1,388.039117353699
34.285506562113,0,0,0,0,290.808139259798
39.232108895651,0,1,0,0,318.824505342917
35.7002761952578,1,0,0,0,296.025617241679
41.7834515158954,0,0,0,0,287.472520488075
48.3492134116706,1,0,1,0,342.169339011399
50.466507568352,0,0,0,1,353.125376067854
47.6249603775712,1,0,0,0,295.706056423918
24.9448132470028,1,0,0,0,246.466917058079
34.0929058843805,0,0,0,0,251.674925865436
36.4661558191208,1,0,0,0,298.767940758785
46.9327791161614,1,0,0,0,290.394801816726
24.3412721502748,0,1,0,1,417.530979206372
33.2210267314896,0,0,0,1,329.813238580676
46.6521599841103,1,1,0,0,309.41971857349
49.5524504180699,0,0,1,0,375.294081858362
42.9100447067369,1,1,0,0,364.378336273915
56.8452398458178,0,1,1,0,410.323448801604
15.8583513792106,0,0,1,1,298.275789283956
42.2989763362054,0,0,0,1,316.14314804203
39.3195542086541,0,0,0,0,265.44169313564
29.9826494602762,0,0,0,0,263.316709194285
34.3998453690863,0,1,1,1,434.961907186889
42.405680271836,0,0,0,1,332.354014678255
52.1394151451887,1,0,1,1,362.287241051537
42.5235848516403,0,1,0,0,355.774722465132
46.5241410469239,1,0,1,0,319.804672093598
30.7110735503997,1,0,0,0,229.352415324087
35.5530604909338,0,1,1,0,340.404365936468
39.6065781457623,0,0,0,0,296.063456638606
41.4308005716021,1,0,0,0,319.899477267963
45.2919997887683,0,0,0,0,296.017339544089
38.14441511682,1,0,1,0,282.295293296227
47.6667505862124,1,0,1,0,336.082639338038
42.643230159821,0,0,0,0,305.90365689255
26.441777236712,0,0,0,0,255.98881372087
43.5907154832169,1,1,1,0,360.195761704848
22.9174716055367,0,0,0,0,307.417769532678
33.6407172264478,1,1,0,0,256.760836440466
42.9043334815907,0,0,1,0,326.434256466257
26.9620576729021,1,0,1,1,340.601221834309
38.8589940067233,0,0,0,0,303.059501605344
39.0703791497625,0,0,0,0,274.604672779645
38.7743937355263,0,1,0,0,357.087931490838
31.1668922868154,1,1,0,0,264.113455806854
46.0016946940131,1,0,0,0,322.827662733155
47.1713436563296,0,0,0,0,269.771123557905
36.0912521752567,0,0,0,0,252.962447855673
44.2789251708619,0,0,0,0,288.271749543561
31.628947657037,0,0,0,0,286.531236627778
40.2255986753349,1,0,1,0,339.374101279408
47.6006084748571,1,0,1,0,354.159706336583
42.4571333208811,1,0,0,0,329.957967338002
41.4139134685168,0,1,1,1,401.826357496649
53.405773256748,1,1,0,1,378.445147171311
32.5089436258396,0,0,1,1,338.489500571139
47.7658453756948,1,0,1,1,382.399215451121
42.2818160682971,1,1,0,0,322.508382905665
32.6359951062045,1,1,1,0,337.661401372835
39.2957251886401,1,0,1,0,363.426012378087
36.2387341025287,1,0,0,0,218.3780093069
46.6322306858197,0,0,0,0,356.478743631623
44.1069588394006,1,1,0,1,387.221033768423
21.6815098648229,1,0,0,0,293.087622622233
56.484238213627,0,1,1,0,433.370697917292
18.670820655537,1,1,0,0,351.816832669877
46.8700616680837,0,0,0,1,383.693970254509
32.5123835333481,0,0,1,1,359.713054193178
50.6911275932534,0,1,1,1,389.915031130948
43.9682932988472,1,0,0,1,354.424716463029
53.8535325921297,1,0,0,1,378.705329125132
38.2191988156311,1,0,0,0,282.637414379412
15.7011932748885,1,0,0,1,250.417985900513
37.6798804294089,1,0,0,0,256.720666750397
41.0593716192527,0,0,1,1,352.710606956614
52.1756978398376,1,1,0,1,385.655261673065
28.2823640056229,1,1,0,1,370.780052532539
37.3352417610494,0,1,0,0,333.795113171441
35.4531444442263,1,0,0,0,273.983126794272
55.0493216814738,1,1,1,0,354.251455820785
23.7746165987198,1,0,1,0,245.225607702466
50.5905497807605,1,0,0,1,339.372356365221
51.5698003542924,1,0,0,0,294.631858069824
38.860411410007,0,0,0,0,291.00568600722
48.5519097010691,1,1,0,1,363.447890238039
45.1113909218972,0,0,0,0,319.873367050522
32.8558101482717,1,1,1,0,403.09419948968
33.0502840516529,1,0,0,1,345.646382101287
19.7748022780253,0,1,1,0,356.950461353305
55.8146032169396,0,1,0,1,367.516319616988
52.9683319578503,0,0,0,0,297.327809436793
52.7035453737285,1,0,1,0,323.843394855715
39.8392213214618,1,1,0,1,399.768133336684
34.182370466018,1,1,0,0,296.825236584947
23.4642453385352,0,0,0,1,298.821524352694
34.2559122777668,1,1,0,0,309.295163513125
30.923779120879,0,0,0,1,310.037608300786
26.3446043359476,0,0,0,0,250.813947152461
43.082999268296,0,0,0,0,301.875019367583
35.2737249757754,1,0,0,0,257.744239474732
44.4622223566769,0,0,0,0,268.782347503922
32.2484222914849,0,1,0,0,386.222036832006
60.6068761751814,0,0,0,1,293.189235456449
65.8539637352218,1,1,1,1,469.908299376611
54.998064030903,0,0,0,1,367.410714775999
38.9980739221136,1,0,0,1,302.525572565504
46.4718581466354,0,1,1,0,401.791021472981
25.9541023518382,1,1,1,1,423.586718995123
26.6588235223139,1,1,1,0,308.515245906697
35.5327065494732,1,0,1,0,325.858673153701
56.9061986061771,0,1,0,0,371.391385027549
37.766348543037,0,0,1,0,330.650209076931
49.2343851080391,0,1,0,1,413.716576695524
39.5047430615655,0,1,0,0,329.44065027612
36.531091157158,0,0,0,1,260.852914388845
41.9925191961258,0,0,0,0,279.07091439642
38.6767221494812,1,0,1,0,315.133689814235
54.5423172269893,0,1,0,1,428.710262079598
26.7936082664974,0,1,0,0,306.853934766168
41.0920716347754,1,0,0,0,225.088044133599
39.74527782079,1,1,1,0,393.886750021376
38.6484240906965,1,0,0,0,214.261718679899
33.5947468586877,0,0,1,0,305.938327648625
47.1748255574154,0,0,0,1,372.472861969507
25.2309018697927,1,0,1,1,378.393797860163
47.5410479816319,0,0,0,1,306.391742599284
18.1019082512597,0,1,1,1,411.927760899443
55.5309984771205,0,1,0,0,390.349602447721
47.020619989751,1,1,0,0,351.26705161563
40.5152381253524,0,1,0,1,370.702727978025
15.7202629004118,0,0,0,0,206.942830057319
39.1392926754648,1,0,0,1,349.366083414105
32.6164255424108,0,0,0,0,257.423677760468
51.6772402635259,0,0,0,0,245.176805888645
23.6735038374709,1,0,0,0,272.433101943567
23.8687084425903,1,0,0,0,228.495578277799
37.7534064821185,0,0,1,1,367.143346687617
39.4483184965406,1,1,0,1,411.27321803479
33.7263404307582,0,0,0,0,307.971059069261
38.1565061958723,1,1,0,0,369.039169996731
37.369553390824,1,0,0,1,298.01921529404
34.7435375874833,0,0,0,1,334.138496586135
33.2477250226188,0,0,0,0,269.292245462913
38.4321139533428,1,0,0,1,286.819784911319
49.6924274168934,1,1,0,0,346.423347529169
58.6326613150228,1,0,1,0,407.453284720159
50.1885748883875,1,0,0,1,334.41024884014
40.456918216265,0,0,0,0,293.731678718047
27.9820832752224,1,0,1,0,296.060196033181
49.0935415523094,0,0,0,0,304.907862983751
54.6195822050016,1,0,0,1,322.674634996674
38.153732460483,0,1,0,0,277.08457477204
38.0983173161751,0,0,0,0,270.283421972039
52.4329480266288,1,1,1,1,441.804990576361
41.8558749818315,0,0,0,1,346.131744799465
62.7102227928726,1,1,1,1,457.227039570825
39.4844508011081,0,0,1,1,355.22893682497
23.8445117080415,0,0,0,1,313.274397741931
50.5795583994723,0,1,0,1,424.639250835328
43.6189475618196,0,1,0,1,380.38467908298
37.3412329424948,0,0,0,0,248.657963196888
27.4421859826464,0,1,1,1,409.300770710773
48.7648416717228,0,0,0,0,302.111823202995
45.9263466689048,0,0,0,1,335.172179040817
42.7152568087578,1,0,0,0,265.691257327516
55.5327347117647,1,0,1,0,348.023055034645
29.3619312365946,0,1,0,1,374.252775137336
42.0682249734674,1,0,0,0,304.71733105881
37.5106674434443,0,0,0,1,287.459506679669
45.1538867391876,0,1,0,1,408.367042688823
44.427858200604,1,1,0,0,358.428308326348
38.82883381376,1,0,0,0,228.589904519983
25.0215852725803,1,0,1,1,277.85359995856
40.4720060596952,1,1,0,0,308.109801674422
54.802578676094,0,0,0,1,343.20253441106
20.3544503750684,1,1,1,0,316.885979628009
34.6144437328393,0,0,1,1,345.489032978452
45.0278659285196,1,0,0,0,301.287734852043
29.0668722554606,0,1,1,0,360.449945406395
29.7397388956806,1,0,0,0,272.212487727017
29.8796385633401,1,0,1,0,299.171924905847
32.1736582304226,0,1,1,0,324.862652937991
43.5956281205724,1,0,0,0,353.218201146877
59.9862021891536,1,1,1,0,347.086701780124
45.5393480042535,1,1,0,1,409.827001507865
31.9169665106949,0,0,0,0,281.511760231461
34.4298152218665,0,0,1,1,298.587305489937
29.1439646921256,0,1,0,0,257.654087497753
32.8020598234267,0,0,0,0,267.016830035885
33.0743315673257,0,1,1,0,321.636023606887
54.135047045491,0,0,1,1,382.861420634668
46.4096218912319,1,0,0,0,216.001247332737
22.824792936835,0,0,0,0,278.68415348145
48.2618859480234,0,0,0,0,280.509877762772
52.8077530846579,1,0,0,0,265.734283175147
37.6865579542938,1,1,0,0,278.467289442134
53.5882748116687,0,0,1,1,431.397086732945
43.4123905452214,1,0,1,0,246.040307062043
46.4223618124416,1,1,1,1,464.927715350907
36.7878928213755,0,0,1,0,343.463084269165
54.4019566135034,0,0,0,0,291.394912810524
40.5373412120311,1,0,0,0,312.460380542936
37.3028643692105,1,0,0,0,269.88220766032
44.6675626877753,1,0,0,1,330.188132187144
38.8928862787048,0,1,0,0,352.636419715293
37.4393457877092,0,0,1,0,282.584038926161
47.2609219074056,1,0,1,0,294.064161472652
37.9901797773206,1,0,0,0,283.207241973316
35.773280387885,1,0,1,0,322.231879231036
34.5783024432146,1,1,0,0,374.628734697605
26.0982209455888,1,1,0,1,331.511259293498
56.0713541056557,0,0,0,0,350.136964725337
33.4716180907755,0,0,0,0,247.816678665868
36.1963149070566,0,0,1,0,328.846353505812
40.8674303654963,0,0,0,0,266.544315633556
33.5094203568744,0,0,0,1,308.661545773597
19.8350929212693,0,0,0,0,215.288788001243
44.4857738874664,1,1,0,1,440.220466480062
45.2338815919216,1,0,1,0,382.636551763198
37.5387776033432,0,0,0,0,301.723014681803
34.5545429281648,0,0,0,1,289.29189179101
31.9631698525723,1,1,0,0,276.443084685326
59.5447105047381,1,0,1,0,397.815352404683
37.0311255710465,0,1,0,1,379.419684713438
39.6459531278998,1,1,1,1,418.786856937256
41.0718971446855,1,1,0,1,388.747721580122
37.6937946845497,0,0,0,0,251.444114564066
63.9007004059566,1,0,0,0,322.123271360329
39.883676562673,1,0,0,1,344.299231987425
29.1094059334142,0,0,0,1,310.538872536929
43.1376918317108,1,0,0,0,286.81821746662
50.9572140336201,1,0,1,0,319.314617700618
29.8110539834808,1,1,1,0,353.88152748994
56.7087514103806,1,1,0,1,404.509618729947
42.7518347071841,1,0,0,1,343.594309555695
38.1813360027259,1,1,0,0,284.153623217011
48.6735543072207,1,0,0,0,330.390999485145
25.9720309376406,1,0,0,0,287.7404842739
54.8230141230567,0,0,0,0,357.088115128798
34.0820393133764,1,1,1,1,388.380598928595
31.1499824652561,0,0,0,1,330.328038210246
34.7256344134051,1,0,0,0,252.092116113693
40.3103740528018,0,0,0,0,259.172411287261
30.5348451665643,1,0,0,0,231.544021931104
15.0102970475316,0,0,0,0,289.668884273374
41.45711531004,0,0,0,0,291.903699800468
48.5870339343741,0,1,0,0,363.563337922149
37.9006171711707,1,0,0,0,248.823355208807
43.9882402092565,0,1,0,0,398.665305513
47.6112773619759,0,1,1,1,427.683615732993
30.3459336817832,1,1,1,0,356.583960048063
57.0425351971367,0,0,0,0,322.017750659815
31.8418815834522,1,0,0,0,269.577927040914
40.5050318472828,1,0,0,0,269.492453305031
58.1833471172887,1,1,0,1,398.246964381095
42.3373810674328,1,0,1,0,312.119731927848
39.7121023082585,1,1,0,0,387.637876668427
28.6464200555931,1,0,0,0,314.685038148452
28.4262218907168,1,0,0,0,280.828948654172
34.5265909386178,1,1,0,0,297.64124986978
35.6642728407723,0,0,0,0,236.852601554721
56.6248593383382,0,0,1,0,354.38649463248
34.3686914856051,1,1,1,1,417.900768185168
28.5444775495364,1,0,0,1,324.946401419816
47.0929132488924,1,0,0,0,301.938186392162
41.6023469288409,0,0,0,0,348.694060039936
41.1335259381149,1,0,0,0,281.917468927217
54.9521350608348,0,1,0,0,351.661430376611
50.2323662606114,1,0,1,0,309.388416665779
51.7446162052015,1,0,1,0,329.471609055891
37.5549624306922,0,0,0,0,293.861437615941
38.330678689942,1,0,0,0,321.66114141113
39.1588449585381,1,0,0,1,302.807143624209
31.7350172167927,1,0,1,0,291.88295818954
28.1050315513932,0,1,0,0,320.379809453279
43.9335186098098,1,0,1,1,380.208510000897
38.1921635684719,0,0,0,1,370.336997415494
40.0218840129338,0,0,0,1,290.990757103645
51.8276728772386,0,0,0,0,274.589842365601
33.1117496127497,0,0,0,1,227.900862941164
59.6360867768691,0,1,0,0,357.257053838745
35.5808957707441,0,0,0,1,304.305944092648
47.8100795006379,1,1,0,0,350.947074458633
28.6563251790147,1,1,0,0,332.773681335853
42.7304138946894,1,1,1,1,382.889127909917
32.3629344161006,0,0,0,0,234.751023323787
32.6239201601074,1,0,1,0,326.086376247423
27.4342385907362,0,0,1,0,317.733952282065
39.8293010439905,0,0,0,0,309.827174220683
47.6056055087168,1,0,1,0,355.699918678232
38.281740847559,0,0,1,1,388.588510133982
37.3473660573875,1,1,0,1,395.121586925193
35.7600400312679,0,0,1,0,279.212767088529
46.8927211828028,0,0,1,0,345.140915261385
50.5045042906015,0,0,0,0,377.751873073679
18.0597500346642,1,1,1,0,354.757762698503
34.9703443670242,1,1,0,0,330.096099502484
48.8031911753828,1,1,0,0,351.200203599724
55.4835282944109,0,1,1,1,468.327303031601
45.7800618392822,1,0,0,0,341.763185927357
38.6916616471653,0,0,0,0,303.003498683772
46.078570269058,1,0,1,0,317.483361102933
42.1752038739255,1,1,1,1,453.502600179559
45.2619122316637,1,0,0,0,296.241798943914
44.6197953795127,1,1,0,0,307.607477517792
55.0399120650089,1,0,1,1,431.288392482864
43.5300960257022,1,0,0,0,280.658627699417
36.0109759526527,1,1,1,0,356.730332396221
50.2355959954025,1,1,0,1,426.77898364699
31.9912908942346,1,0,0,0,317.322143142723
37.022198460977,1,1,0,0,340.761414551369
15.9890531756171,0,0,0,0,230.44101488737
41.9399822890072,1,1,0,1,393.537954010704
46.3054874598584,0,0,0,0,284.727958481507
22.7765225765551,1,1,1,1,383.514822199302
65.3904641213465,1,1,0,0,340.71394503317
30.6797234726339,1,1,1,0,350.892493706065
27.079721918608,1,0,0,0,233.647011348651
36.7087453080106,0,0,1,1,346.289829780351
42.9930219434473,0,0,0,0,277.346381380599
35.5981241318772,1,0,0,0,285.496305967116
44.9693416245521,1,1,1,0,427.200173435162
31.0942914539841,1,0,0,1,302.801018533049
47.3163983263113,0,0,0,0,233.444584251237
41.269964620048,0,0,1,0,319.465045466569
58.8904233606744,1,0,1,0,347.827006619305
43.7976769380456,0,0,0,1,345.135362729073
39.5518388601282,0,0,1,0,295.006224485898
41.3604397684245,1,0,0,0,295.615121413748
45.5027653575257,1,0,1,0,353.20793007241
31.9191960246592,1,1,0,0,224.947389960832
29.9300396748111,1,0,0,0,252.304902314734
48.5820226727662,1,1,0,0,298.12607617647
40.8441634405873,1,1,0,1,378.186310892605
25.1820823859918,1,0,0,0,285.415895645522
30.348733838005,1,1,1,0,336.808617272851
41.0360014542096,1,1,0,0,317.726188116281
51.773236654154,0,0,1,0,354.119942885169
41.9256645489515,0,0,1,1,365.594667209917
39.927609112153,0,0,0,0,253.606781155719
35.3768948674075,0,0,0,0,284.728442521137
32.7561246435253,1,1,0,0,267.645436661774
33.6098308012375,0,0,1,0,305.326915736022
44.4414252391826,1,0,0,0,290.733205211028
34.1594576182173,0,0,0,0,271.350380217732
41.8626534775549,0,1,0,0,262.334166628775
36.9965728626928,0,1,0,0,296.967781828727
41.5970041375418,0,0,1,0,305.954193702637
50.1999508545972,0,0,0,1,376.19926182293
47.9835187870758,1,1,1,1,431.2368328208
39.5590972841872,0,0,0,1,278.711000296954
30.0780656839492,0,0,0,0,306.799670633223
45.7585252276886,1,1,1,0,360.856685726279
41.3578123780053,1,0,0,0,304.814237302155
29.8791803942828,1,0,0,0,297.58819171984
50.0402316383581,1,0,0,0,279.763796243875
48.7609588699853,1,0,0,0,270.933297120061
33.070318842391,0,1,0,0,277.847058751925
66.8180948338679,1,1,1,0,472.246769395139
8.61006871031584,0,0,0,0,217.771299769457
46.4595660550306,1,1,1,0,360.95751512249
35.1938986614371,0,0,1,0,257.017050560453
41.9280739368587,0,0,0,0,262.157822602218
29.5074383899586,0,0,0,0,261.700520347088
37.5414813073345,0,0,0,1,311.690759527048
33.8627070898935,0,0,1,0,310.591654684973
44.9769203889674,1,0,1,1,422.314675055945
44.5684175776087,1,1,1,1,430.227328176956
47.3037403984489,1,0,1,1,426.057878519436
43.9951881318501,1,0,0,0,255.370281277163
39.1386221288253,0,1,0,0,353.144343353605
39.036189506272,0,0,0,0,252.740958443372
58.6373382233984,1,0,1,1,427.777922816599
48.5128349107854,0,0,0,1,373.050546637042
39.407145381634,1,1,1,1,403.356105424891
55.0066953016993,1,1,0,1,441.04661223113
44.5102294153623,1,1,1,1,416.382621521196
39.0043696749594,1,0,1,0,325.497298511985
29.7897248536953,1,0,0,0,273.994326713063
43.4660700528002,0,0,0,0,287.307531290611
45.1729992617558,0,0,0,0,261.637817970599
33.6001908984157,0,1,1,1,421.418313754153
30.0179628902294,1,1,0,0,354.37599613574
26.7068395021129,1,0,1,0,285.265331752082
31.2641770646218,0,0,0,0,301.73031596763
50.7104687470885,0,0,0,1,355.695808548272
44.6812948217247,1,1,0,0,375.612394118948
30.7267820691018,0,1,1,1,442.478195250284
24.181843283306,1,0,0,0,279.672134882936
12.1600789054026,0,0,0,1,298.735893814037
30.6340477872409,1,0,1,1,322.301925750127
44.7787503183375,0,0,1,1,411.951054421204
28.0470855647709,0,0,0,0,205.791906476793
43.0530166094911,0,0,0,1,364.95647909494
57.3266163127779,1,1,1,1,489.301543880638
18.3683693150403,1,0,0,0,273.099690238901
38.8018050001008,1,1,1,1,446.329371751597
30.24472580182,1,1,0,0,353.027708110923
49.5778446317575,0,0,1,1,388.884588122852
40.0494753450098,0,1,0,0,305.193333640231
43.5420459604641,1,0,0,1,334.207246439438
41.7620600404312,1,0,1,0,370.197093346836
42.3068205053536,1,0,0,1,374.924080514377
43.2939730597063,0,1,0,0,313.848127530708
30.2760691421437,1,1,0,1,381.312408993206
52.8169363205409,1,1,1,1,429.064295706308
55.2914308593026,1,0,0,0,274.000631255054
38.4912046965459,1,0,0,0,355.081390356757
38.1843133035731,0,0,0,0,277.791372880365
21.5906080469486,1,1,1,1,357.560006047584
41.6519261489522,1,1,1,1,473.531742627343
17.4657832741721,1,0,1,0,302.332645453542
37.9662246220145,1,0,0,1,381.440566598052
25.1098732017297,0,0,0,0,188.693768058163
31.9407686840691,0,0,1,1,288.75914674826
38.3675993808066,1,0,1,1,383.205285085995
45.2583578459122,1,0,1,0,293.3378509186
54.0240703340828,0,0,0,0,278.31201618659
35.7375469698694,0,0,1,0,274.944549501562
37.8740320493006,1,1,1,1,405.418971803704
37.6918298090099,0,1,0,0,357.699166034667
35.0784579184052,0,1,0,0,361.571517594868
36.9260057990391,0,0,0,0,251.754440313395
47.1339700531036,0,1,0,1,365.755859820762
57.5659582364803,0,0,0,0,338.109505011423
55.6873629399177,0,0,0,1,412.428790340875
38.8562393912469,0,0,0,0,274.436991549858
45.8561224621414,0,1,0,0,319.069007761011
34.1612926061073,1,1,0,1,394.179662492086
24.9221710862016,0,0,0,1,317.994633903391
45.1863172122059,1,0,1,1,396.060509036056
43.6764406871813,0,0,0,1,354.40880025839
55.9744004592723,0,0,0,0,298.267822118931
38.2649422057632,0,0,0,0,258.37622395967
22.8603203496289,0,0,1,0,264.598634349982
42.8485651747221,0,0,0,1,314.45285475575
24.8454033907653,0,0,0,0,190.028263137234
28.8277157495244,1,1,0,1,327.45313823771
35.3776374674105,1,1,0,0,324.991924273374
35.4960125563276,0,0,1,0,340.621344016667
26.2277216529559,1,1,1,0,344.912718608531
50.4859151359238,0,0,0,0,315.63297840594
43.0555621676614,0,0,0,0,325.843502837975
30.8125138354865,1,1,0,1,339.31688237936
31.5477741294745,1,0,1,0,345.927376563563
27.7267432481824,0,1,0,1,389.648975605707
43.5152930869037,1,0,0,0,326.987141832819
48.8082658230993,0,1,1,1,494.5677354816
35.4603312041392,1,0,1,0,325.644802624304
50.1804620900246,1,0,0,0,243.972238950138
36.8078812012278,1,0,0,0,291.072782736909
42.5813551065844,1,0,1,1,337.1059246882
51.163642663612,0,0,0,0,302.534186664342
32.2789170043038,0,1,1,1,432.398447413359
41.1259430625395,1,0,0,0,301.072128128195
45.3156223937163,1,0,1,1,410.894528902433
35.7709734938287,0,0,0,0,249.323460466517
41.4862399200777,0,0,0,0,257.012825821786
43.99286308763,1,1,0,0,312.305812576228
51.8545205531744,1,0,0,0,339.700271503027
49.190953318822,1,0,1,0,307.50931810525
36.052302987057,0,0,1,1,330.127736594461
46.0924090911027,0,0,0,0,262.41378123844
55.52754323222,0,1,1,1,426.015390194907
33.7100513679578,1,0,1,1,366.840657166225
54.1924953870264,1,0,0,0,314.401200029433
26.2933465690282,0,0,0,0,314.54637259367
31.0296897982137,1,1,0,0,345.716373628643
41.3711282319463,1,0,1,1,355.005226464715
22.9562423971995,1,0,1,1,346.202622868815
43.2030805879464,1,1,1,1,393.658488263733
18.6895638190253,0,1,0,0,329.981160661419
32.5754856659807,1,0,1,1,369.255803309512
30.4805823427995,0,0,1,1,413.06167571096
49.339879197246,0,0,1,0,386.325613411503
29.0051711776477,0,1,0,0,351.246843375805
52.9711010122401,1,1,0,0,383.141796696979
31.8813098853989,1,0,0,0,228.640560345891
36.6180778625233,1,0,0,0,265.524081387994
31.7091985821558,1,0,0,0,309.466070122177
50.766521816494,1,0,0,0,267.504619385072
26.721051944889,0,1,0,0,351.661254401047
47.3990749846106,0,1,0,0,329.877346364169
49.766731506229,1,0,1,0,330.78763413256
36.2318475135213,1,1,1,1,418.672330243434
26.9910874501395,1,1,1,0,343.399186798892
47.2520434492495,0,1,0,0,376.11809331567
30.2967982305766,0,0,0,1,328.925328577193
31.1258764068167,1,0,0,0,219.626830850047
33.13783222789,0,0,0,1,314.057835808982
30.658431236426,1,1,1,0,343.493505150647
56.5832732814445,0,0,1,0,318.961416706458
46.1413165394691,0,0,0,1,354.115846492871
43.3864128747449,0,0,0,0,288.912681038181
34.239910394875,0,0,1,1,400.190476136662
50.5067558510226,0,0,1,0,405.768848631079
29.8355276886994,0,0,0,0,204.578689269009
37.898297969846,1,1,0,0,287.27363820832
51.0298560260448,0,0,0,0,328.326942043986
30.662434352305,1,1,0,0,316.393137786826
40.3733966178126,0,0,0,1,326.827823348117
32.3092385424153,1,1,1,1,400.707742696401
36.124337700917,1,0,0,1,297.911488688383
39.4616025786701,1,0,0,1,346.373079979901
38.1145752402347,0,0,0,1,380.345641087621
49.6569841325764,0,0,0,0,346.000952232393
46.2590659689069,1,1,0,0,355.126441765622
48.1789282304121,0,0,1,0,341.480672161077
48.4643812641703,0,0,0,0,239.045694405291
53.3169732315778,1,0,0,0,316.581100065713
42.2696825500282,1,0,1,1,376.67692510094
46.5350981979275,0,0,0,0,280.98868232735
36.5935565526893,0,0,0,0,287.313831050959
38.8402093765661,1,0,1,1,374.254254076862
45.3585047893886,1,0,0,0,322.311168241416
36.6231323737004,0,1,1,1,348.847861936518
36.2558121829625,1,0,0,1,315.352632655355
42.7278355518476,0,0,0,1,324.938670676162
55.3591780168055,0,0,0,0,312.875494893612
26.0811031359469,0,1,0,0,282.718878801542
35.2836499147258,0,1,0,0,267.348581825496
43.8158501808488,0,0,0,0,263.503643773581
43.1934108626314,1,0,0,0,293.771857761613
25.8523381755049,0,0,0,1,263.431059789655
32.6028574875006,0,0,1,0,294.486879637882
28.7826884732283,1,0,0,0,243.913735146297
39.5443540300777,0,0,0,0,269.514111560054
53.1356314065774,1,1,1,0,453.443941487614
39.9841795769507,1,0,0,0,295.756771437347
37.879087661841,1,0,1,0,322.264413093957
62.5347500925588,1,1,1,1,447.07736534399
33.9375286789076,0,1,0,0,338.254336414765
41.138227551033,0,1,1,1,426.738397619606
36.6525954579163,1,0,1,0,332.265524254447
30.9271830262139,1,1,0,1,359.553994525028
46.0585771842374,1,1,0,0,337.409224861719
34.7718415583351,0,0,0,1,300.051337119186
48.504393927098,0,0,0,0,298.781653638342
35.9196392852898,1,0,0,0,326.255877619524
38.5819134342946,1,1,0,0,380.878669745626
31.8610192613056,0,0,0,1,305.850272911256
36.7445941068733,1,0,1,0,274.56670509652
43.7815739716548,0,0,0,0,306.114791993799
20.05514637952,1,0,0,1,281.355645479495
30.006433067571,0,1,0,1,350.979535015247
42.8382242313409,0,0,0,1,313.79284771133
28.9880602315684,0,0,1,0,252.000735758025
49.8334698235953,1,1,0,1,362.790057456684
29.8337459445294,1,1,0,1,359.843500643682
31.3609250486136,0,1,0,0,273.767751174658
37.7301333067965,1,0,1,0,281.616828018147
37.2761194054478,0,0,0,0,273.233669539923
37.4620956175676,1,0,0,0,248.163456908898
44.1577637344304,0,1,0,0,342.712259147608
45.7244186962491,1,0,1,0,372.862515390336
21.8176375881047,0,0,0,0,191.576222733593
49.5333684916141,1,0,0,0,344.76809900964
53.4424787271312,0,0,0,0,266.032603813517
32.4552978473834,0,1,0,1,385.57149316841
21.1309776296253,0,0,1,1,331.717615047288
23.6084000388835,1,1,0,0,353.247943507844
20.8718010659763,1,1,1,0,319.483081011107
43.0872106175731,1,0,1,0,327.749055789702
46.3415759204604,1,1,0,0,355.486562547974
54.7396772275126,1,0,0,0,305.992811264617
43.2357209555769,1,1,0,1,385.6460997724
49.2351012509038,0,1,0,0,339.712034344061
34.4311756067389,1,0,0,0,265.861741988261
30.0706914637136,0,1,1,0,354.126208387255
42.6736268127923,1,0,1,0,365.661370841008
43.3720294054506,1,0,0,1,317.808322212552
19.2669240304434,1,0,1,1,320.376847814663
49.3793693233305,0,0,0,0,269.695326726829
33.8693540034712,0,0,0,0,299.648356263933
38.8790709582101,1,0,0,1,334.067103259567
29.8607457637628,1,0,1,0,293.328068891728
46.363927467691,1,1,1,0,411.448243920753
36.292771915851,0,0,0,0,279.755801908408
25.7866698694756,1,0,0,0,220.465725343409
42.8909023039526,1,0,0,1,344.052878874857
23.5212932429397,1,1,1,0,299.29292611516
38.0975477722724,0,0,0,0,303.660906387087
40.1940403095428,1,0,1,1,453.270586877729
67.018310603995,0,0,0,1,369.479289585874
45.1097155570292,1,1,0,0,343.781575829478
27.266560569566,0,0,1,1,314.107131929946
43.7643791331247,1,1,1,1,473.173258585355
39.012340099517,0,0,0,1,317.440396185742
42.2054449558819,1,0,0,0,285.342252065184
23.8407313003034,0,1,0,1,309.494602108711
56.8090301749135,0,0,1,0,387.612095706098
45.5823576860706,1,0,0,0,273.251240409479
36.2360916126525,1,0,1,0,300.335003603201
19.7243391510497,1,0,0,1,274.388782251377
43.9790530990683,1,0,1,1,358.361868435471
26.0310273475126,1,1,1,0,350.587027620481
28.1772947803298,0,0,1,1,331.842144855015
45.4232493374068,1,0,1,0,325.233835399705
47.3472115030572,0,0,0,1,335.599479406034
36.2149580358853,1,0,1,0,307.752982616941
23.5719442824394,0,0,0,0,258.500599505023
16.4636569796392,0,1,1,1,405.679394787444
25.9981549018037,0,0,0,0,272.438194730402
33.0320682540489,1,1,0,0,356.214577364039
30.2632652337461,1,0,0,0,239.645662388563
43.2137642369785,1,0,0,0,302.310055846448
31.809896264145,1,0,0,0,257.247003402116
44.7270458978016,0,0,1,0,314.995319914812
51.954171235144,1,1,0,1,393.382129767789
35.5434165476452,0,0,0,0,267.987953498335
26.4687001320632,0,0,0,0,267.715342484115
28.1496932547721,1,0,1,0,310.597057562566
47.6060696434692,0,0,1,0,321.314005364472
24.4265190725805,0,1,0,1,383.80924576381
56.0220703903869,1,1,0,1,401.245668144253
42.7921602536775,0,0,0,0,310.213859903176
49.5815671451044,1,0,0,0,329.065229464115
32.6210503567995,0,0,0,1,343.78393767804
33.5894810387006,0,0,0,0,284.770578086248
44.4646184748125,0,0,1,0,326.147608287033
38.1078774895844,1,0,1,1,400.235833686491
45.8809075596672,1,0,0,0,263.336397738793
38.1195374101624,0,0,0,1,313.206763174347
38.1695255545958,1,0,1,1,337.759906109761
57.6037108613501,0,1,0,0,325.644748837742
44.9181901926607,1,0,1,1,400.005753110057
16.7309862897961,0,1,0,0,236.563705674678
47.1723405337938,0,0,0,0,244.277588075028
33.1766122492017,0,1,0,0,346.771050529852
40.3861442312617,1,1,0,0,329.668860845744
53.5344327237485,1,0,0,0,317.354875761509
56.9138981336243,0,0,1,1,411.970098693375
20.2275077629284,1,1,1,1,404.952747218633
24.7460250907833,1,0,0,0,207.212679579751
44.3774690088255,0,0,1,1,355.61434586412
33.5687468064582,0,0,0,0,302.842179007038
35.239220466212,0,0,0,0,269.41314152048
52.2940126860004,0,0,0,0,324.488065907867
35.3844206600413,1,1,0,0,335.794444311468
28.328694846856,1,0,0,0,277.217012784124
36.9964755854582,1,0,0,0,278.413910697864
47.6997398236704,1,0,1,0,312.443586053235
42.4026279927866,0,1,1,1,422.241791636083
47.5416879730163,0,0,0,0,279.894055538981
22.3091843571963,1,0,0,0,239.392767489397
41.1633232037971,0,0,0,0,251.186905967527
46.9202253974182,0,0,0,0,299.64666321006
53.7798602518764,0,0,0,0,356.492039061751
12.6402978930515,1,1,1,0,297.734436839165
32.1743480955426,1,1,1,0,362.033645095232
48.0804333998681,0,1,0,1,405.633821482599
45.2406858597981,1,0,1,1,392.051392217835
43.5611777436691,1,0,1,0,309.969823920686
23.9504498666871,0,0,1,0,280.807750253392
36.7731794037448,0,1,0,1,369.789755528363
18.3854060847856,0,0,0,0,241.417374949094
40.1909670228251,0,1,1,0,296.588355844573
30.072956194204,0,1,1,0,394.609509941466
25.6023459046465,1,1,0,0,292.142198434497
41.6929155286387,0,0,0,0,309.21774761597
58.248258610762,0,0,0,0,286.199222156876
24.1555821791755,0,0,0,0,246.641161727558
31.2616998238303,1,0,1,0,262.166335675269
38.0421905304022,0,1,1,0,362.197799308873
32.933473175141,1,1,0,1,336.635292410432
29.5631589461703,1,0,0,0,315.324259778683
46.1000173520942,0,0,0,0,250.990791491631
29.9280818783436,1,0,0,1,300.546285902353
38.3821687680875,1,0,1,1,339.076626457162
49.8005187633563,0,1,1,0,340.834330139257
43.6194225895608,1,0,0,0,320.376800268941
23.9434208093171,1,0,1,0,285.160303879972
53.1105640447589,0,0,0,1,354.811471036697
45.3938817340871,0,0,1,0,339.474531263796
42.187942241038,0,0,0,0,303.764542877359
38.7003310674474,1,1,0,0,304.615965305453
31.349471084545,1,1,0,1,342.887235422162
31.7436181710917,1,1,0,1,369.35841135419
30.4586092490623,0,0,0,0,233.464347704642
26.077762590682,1,0,0,1,257.768927271127
45.3250569690359,1,0,0,0,255.636573315585
26.3998607975109,1,0,0,0,250.051219855042
44.179994890715,1,0,1,0,359.9375427994
31.4974184370634,1,0,0,0,250.306619769982
48.6952635969279,1,0,0,0,306.113607240396
50.3448043626442,1,1,1,1,435.499136237723
40.2073678743963,0,0,0,0,312.244286814757
43.9511930482309,1,0,0,1,318.873423772407
42.7635214187524,1,0,0,0,226.880593525471
25.9309183346903,1,0,0,0,224.891236673475
48.0468534631589,0,0,0,0,335.433189321271
47.750540108071,0,0,0,0,360.961932858594
30.91854308937,0,0,0,0,266.397748103781
30.0397988406304,0,0,0,0,229.098834377447
43.6254664514816,1,0,0,1,364.380315818897
29.1391763522918,1,0,0,0,270.623144687421
41.7526212884765,0,0,1,1,428.905190541142
46.3452342102189,0,0,0,0,257.197371829329
37.3169502108174,1,0,0,0,322.957361582482
38.5658140359638,1,0,1,1,394.650103444294
33.1467378387702,0,0,0,0,284.446982583025
36.895378631637,0,0,0,1,320.454365543157
34.2983045060239,1,1,1,0,355.994552923234
65.3434623037214,1,1,1,0,446.925959485539
46.0153596813408,1,1,0,0,315.602864948534
51.2756120883178,0,0,0,0,267.99258145686
35.2974843461947,0,1,0,0,317.201473841419
37.925714978327,0,0,0,0,314.808714774367
67.456733627009,0,0,0,0,333.470747722038
31.6970928512448,1,1,1,1,418.211253895873
33.5729987139444,0,0,0,0,272.664282594349
38.5838801893279,1,0,1,1,388.188591397987
51.0436615092869,0,0,1,0,332.118342892728
9.98975226493247,0,0,0,0,237.26819856547
60.5359382706753,0,1,0,1,420.561089424474
29.0620394770863,1,0,0,0,225.190921307538
27.7343648485662,0,1,0,0,319.109054354756
36.5772277285771,1,0,1,0,358.778077220612
46.5853257819576,0,1,0,0,379.952982141918
31.485548972399,0,0,0,0,283.761462153469
21.2401697006969,1,1,0,0,268.583600413605
35.1014335855128,0,0,0,1,293.905908808892
43.2824340270936,1,0,0,1,345.470973771275
48.6516205180612,0,0,0,0,264.119048017202
51.3971671684903,0,0,0,0,260.138731643067
35.6604473677399,1,0,0,0,303.355102764421
54.6297579684964,0,0,0,0,358.366834427117
51.9780771096557,0,1,1,0,400.578458062103
35.3771334055396,0,0,0,0,263.311527762416
49.1284775674193,0,1,0,0,330.567457950367
50.5656727466585,0,1,0,0,334.394873214274
26.1844572389243,1,0,0,0,214.895375855559
55.2242167132902,0,1,1,0,386.113672140186
39.2198071594337,0,1,1,1,466.127812330514
45.0234630443128,0,1,1,0,428.108703425258
39.1278687104523,1,0,1,1,406.868638920625
33.0904661410519,1,0,0,1,312.959837063514
55.2642292910877,0,0,0,0,336.812771612968
53.140666822661,1,1,0,0,397.424257072346
29.3024588642125,1,0,0,0,296.920302693118
39.8409613498976,0,1,0,0,314.013171593965
45.389307173983,1,1,0,1,421.024830532936
22.152833736323,1,1,1,1,342.24413564499
35.4989465218213,1,0,0,0,248.449561821398
44.7849647430617,0,0,0,1,350.285494950177
36.5357142725235,1,0,1,1,379.462598379155
19.5571342171914,1,0,0,0,238.705655704862
25.1637400611271,1,1,0,0,271.893158064513
30.7704352775822,0,0,0,0,305.815607422569
41.7424453066726,0,0,0,0,305.004430354863
21.8267681503581,1,0,0,0,213.637509227605
45.0004067912293,1,0,0,0,278.218562366056
50.6354635357899,0,0,0,0,283.851095053222
34.347973394291,1,0,0,0,246.72812801452
49.4409299893889,0,1,0,0,359.425545160033
49.73098936351,0,0,0,1,346.528997589384
39.8283392988934,0,0,0,1,320.825258222617
36.4007264913109,0,0,1,0,336.411558369154
38.0981571447248,1,0,0,0,270.805600280852
21.2244690573063,1,0,1,0,307.911818995245
45.6034953258759,1,0,0,1,355.416383056358
43.3538474743254,1,0,0,1,337.484801835184
38.4697722243535,0,1,1,0,363.096119412867
12.8151254271349,0,1,1,0,316.584770557938
42.9221778659076,1,1,0,0,276.448638175798
45.6532220788852,0,0,0,0,314.819782087539
31.2578103583168,1,0,1,0,326.479178448382
50.090338680072,0,1,1,1,459.872072668351
45.7705510932514,0,0,0,0,249.141093724182
28.1200258796567,0,0,0,0,295.613734701227
30.4140586291662,0,0,0,1,338.015912716384
37.7925445712452,1,0,1,0,343.800055391269
30.0949567609191,1,0,0,0,253.97120116475
29.5394477834427,0,1,0,1,389.784328421216
53.5964791465518,1,1,1,0,393.908833845783
28.4407600371794,1,1,0,0,355.495387867283
42.6084315779637,0,0,0,0,242.735674403758
24.4176352494434,0,0,1,0,322.111528852007
39.9285954568699,1,1,1,0,368.237530345135
45.6772222753665,0,1,1,0,404.755982434598
51.1104418692594,0,0,0,0,285.263577932068
28.8065526981669,0,0,0,0,321.721221418845
32.5466431067767,0,0,1,0,336.471569858929
48.9568526902501,1,0,0,0,342.201459495553
45.9024442734455,1,1,0,0,346.880206508328
37.1153772049303,0,1,0,0,302.776545700817
40.4816346640687,0,0,0,0,273.987590778042
35.110739442091,0,1,1,0,345.823147744113
47.1298658493706,0,0,0,1,345.286765580005
43.4859115447464,1,0,0,0,292.526681968166
39.064385467654,0,0,0,1,328.992410795075
31.5461502070314,0,0,0,0,299.523678498273
42.7760623305616,1,0,0,0,288.496446270966
37.1109870012319,1,1,0,0,328.34655689631
21.486732523732,0,1,0,0,274.338801206488
30.4453140000691,1,1,1,0,370.948742347444
23.1286415063668,1,0,0,0,247.745531753023
49.3325271384806,1,0,0,1,398.336971184077
55.139508755078,1,1,0,0,338.134081059772
63.5428526164579,1,0,0,0,332.589844857122
61.3661687737965,1,1,1,0,396.26862389464
32.4742620832422,1,0,0,0,277.957853480029
27.4706427075015,0,0,0,0,300.58770442514
33.7517191518217,1,0,0,0,306.430758912625
52.7206446910862,1,0,1,0,336.548393056766
30.0618362356046,1,0,0,1,347.270426823601
32.9156151149288,1,1,1,0,308.490403544151
32.5321956709888,0,0,0,1,352.290271563856
37.2268978995808,1,1,1,1,445.393043225083
46.5989670095719,1,1,0,0,333.780901882525
24.878611196253,1,1,0,1,341.920469084153
39.783883104421,1,1,0,1,376.995739369375
22.4542995599194,0,0,0,0,209.260655531724
50.3546625106255,0,0,0,0,301.899239165449
48.6239760865475,0,1,0,0,352.281063042357
42.6554476701838,1,0,0,0,288.937946063371
37.6867302273618,1,1,1,0,379.907733270054
50.243577681252,1,0,0,1,331.438370780167
46.1737004257393,1,0,0,0,284.358352868265
28.2896918325001,1,0,1,0,268.498759723995
65.1918956720831,0,0,0,0,371.223520121597
33.6691018790221,1,0,0,0,306.094678871641
29.7646981284179,0,0,0,0,253.213063969021
44.3569394070687,0,0,1,1,358.828229850111
42.6729654252663,0,1,0,0,324.125399255671
41.5153477759341,1,0,1,0,356.115091098048
25.7089190055717,0,0,0,0,243.649630508885
40.922440380716,1,0,0,0,209.523257303008
43.8734985274707,1,0,0,1,383.796314762031
62.4373592299426,1,0,0,1,407.331193174594
32.1853379049072,0,0,1,0,306.794296784625
47.3996767048295,0,0,1,1,357.01758987857
31.4157819814019,0,1,0,0,280.368355220818
43.0201859636505,0,0,1,0,336.631964516679
30.3890477817726,0,1,0,0,326.026716457028
20.0239096395946,0,0,1,0,310.599855795142
16.9309813262553,1,1,1,0,353.32802123714
48.6723155891422,1,0,0,0,294.542682703474
40.761132699069,1,1,0,1,395.483547523686
43.8522480055068,0,0,0,1,333.851092375634
19.3976820848082,0,0,0,0,262.553769457398
38.5464558795095,1,0,0,0,258.235978500698
40.979794170842,1,1,0,0,311.086532932751
56.5117286843722,0,1,0,0,346.084413590554
33.0246841420439,1,0,0,0,253.753583654993
48.00353223333,0,0,0,0,278.06935348576
39.7137396145569,1,0,1,0,300.033084873357
49.2993611049109,0,0,1,1,420.52417146935
41.6549960670894,0,0,0,1,372.603232234577
41.5588416325705,1,0,1,0,383.155093685157
38.3491377898536,0,1,1,0,362.488427694592
40.8797513859285,1,0,0,1,386.298310069196
40.8585220024551,1,1,0,0,298.472331241619
38.2843583294972,0,0,0,0,327.336545989113
38.5292378698705,1,0,1,0,320.167469478424
48.500782782269,1,0,1,1,399.217679543269
38.1398043721589,0,1,0,1,374.489462272591
31.6455846570653,1,1,0,0,330.055212001461
39.05475234486,0,0,0,0,319.607059882283
27.3186176067955,1,0,0,0,266.849892420685
57.1872324145718,0,0,0,0,327.063378983162
64.968402752067,1,0,1,0,356.310954127957
39.7479369889572,1,1,0,0,341.531300931735
40.0703258000337,0,0,0,0,262.241110038031
30.1828489992758,1,1,0,0,316.666888313924
43.0723449372901,0,0,1,0,288.849466682327
49.7959077474759,0,0,0,0,347.739903980537
47.8071103353867,0,0,0,0,278.334612551306
39.9234353269415,1,1,1,0,333.477572310126
52.5856749633181,0,0,0,0,281.404820393491
57.6683471162832,0,0,0,1,317.026895037671
36.8845287366567,1,0,1,0,356.870761549162
44.2697390005574,0,0,1,0,335.494481214674
51.5457522800862,1,1,0,0,377.367684402138
37.1283788520827,1,0,0,0,287.982533759322
41.3276882212655,1,1,1,1,431.251778050018
28.9376500013383,0,0,0,1,298.840671662446
31.1975314017212,0,0,0,1,297.011113329995
16.1136657728173,0,0,1,1,305.324366964385
33.0995061676049,0,0,0,0,235.719174761639
34.7214325199929,1,0,0,0,281.413055505684
50.663108268773,1,0,0,1,398.675079234145
29.0544578555739,0,0,0,0,249.410632907835
39.1494005106094,0,0,0,0,284.578486161672
35.8401774952013,1,1,0,0,346.869978941517
36.16510580346,1,1,0,0,290.24365323559
41.3847842949199,0,0,1,0,326.893740547296
55.025095098193,0,0,0,1,354.450928236605
28.4407560840072,0,0,0,1,296.743661727081
46.765860193027,1,0,0,0,310.228240018322
33.0632185875042,1,1,0,1,396.114530409819
28.7051668851979,0,0,0,0,270.537004818045
48.4732831798785,1,1,1,0,382.910629054398
27.1567966437633,1,0,1,1,337.01670274346
30.4879671672318,1,0,0,0,286.572494370058
50.1151549368614,1,0,0,0,287.723349789537
38.930083873306,1,0,0,0,283.10345021002
55.8067688954012,1,0,0,1,331.544929435413
67.0884536477196,1,0,1,1,402.937058915624
41.98800479198,1,1,1,1,380.174122783549
47.6056964991982,1,0,0,0,279.220183402811
41.1333518833495,1,1,0,0,312.406883256954
34.3712817415733,0,0,1,0,299.483182339773
32.8201923493722,0,0,1,0,360.20140802209
50.7634568722594,1,0,0,0,330.090929721215
47.2918870193051,0,0,0,0,317.735905741604
44.7200852017089,1,1,0,0,323.332716034209
48.8896455403163,0,0,1,0,325.128221482103
28.6643513046947,0,0,0,1,302.281738801919
29.0239666719042,0,1,0,0,333.507666969909
41.550161871917,0,0,1,0,305.978064693225
45.4070797485713,1,0,0,0,311.599964515525
51.5080723331547,0,0,0,0,274.797238386127
54.7704988933306,0,1,0,1,368.623704617606
41.821879105421,1,1,0,1,392.589961079865
28.9891764262463,1,1,1,0,411.067120297313
27.9747273674096,1,0,1,0,273.583758251409
30.3329132350415,0,1,1,0,365.033394710133
53.9449126043296,1,0,0,0,262.418879591503
44.0436027071286,0,0,0,0,280.690117294227
54.9031586219406,1,0,1,1,358.790627354767
33.1928471392696,1,1,0,1,326.638615902212
39.4771961993031,1,0,0,0,307.972059121919
46.3682363283213,0,1,0,1,418.291622167591
43.5688325862053,0,1,1,0,309.45141145354
28.2438394961632,1,1,0,0,353.292834378116
25.1394717639418,1,0,0,1,291.353044963503
15.5462761682753,1,0,1,0,271.532167873891
46.5019931683817,0,1,0,0,364.18837300382
45.9745884559585,0,0,0,1,286.316862732912
39.9408446533462,1,1,1,1,436.054334528168
60.3488045755017,0,0,0,0,348.615199689033
42.7628897988056,0,1,0,1,391.824379457817
35.0353379064367,0,0,1,1,342.279386492611
51.7021622041948,1,0,0,1,404.686270293673
50.0415049965311,0,0,0,0,303.988125942191
32.9336030528724,1,1,0,0,279.103614061334
40.6856425093558,0,0,0,0,296.614624352501
48.8742625005295,1,0,1,0,337.95369494342
49.510804485114,1,0,1,0,338.394894499402
38.6702398465182,1,0,0,0,252.054351335262
27.1441574093374,1,0,0,0,256.684208948196
56.6116485621508,0,0,0,0,303.296419089157
41.3657655597121,0,0,0,1,355.008976959809
35.3563617197436,0,1,1,0,371.937545488882
36.935761942815,0,1,1,0,392.277075914386
35.6418769946977,1,0,0,0,282.914037355498
22.9217720077309,0,1,1,0,411.243405319126
38.2871077922576,0,0,1,1,401.046056463411
49.8881575178477,1,1,1,1,494.801687921845
62.8564205323546,0,1,0,0,391.92286496883
34.6405298130878,1,0,0,1,289.040892426419
38.1091124922947,0,1,0,0,323.360544889471
46.5725084097862,1,0,1,0,361.009308511017
38.328723819331,0,1,1,1,419.624319554906
34.632329999244,0,0,0,0,283.461412215406
36.6656096083057,0,0,1,0,298.755221295206
42.2290414826286,0,0,0,0,319.823981236086
17.582978323686,0,0,0,0,257.546743147469
33.5720691293216,0,0,0,1,302.933049362442
41.2950677930963,1,1,1,0,344.893099271272
45.006839324892,0,0,0,0,269.475990941489
30.1931213220209,0,0,0,0,230.271966391824
34.0157920340118,1,1,1,0,351.072932869895
23.1301527816394,1,0,1,1,310.689306171514
44.6298550285224,0,0,0,0,289.805568365271
46.329845753051,1,1,0,1,364.716700373318
39.2587998902992,0,0,1,1,404.889218932141
40.2796156626807,0,0,0,1,348.621459653005
14.8790051071588,0,0,1,0,240.463606237997
54.1348402080081,0,0,0,0,317.142897296484
36.9678046292678,1,0,0,0,328.925960534434
34.006888661393,0,0,1,1,421.557688516496
40.1966219145799,1,0,1,0,343.544382941031
46.0263230471541,0,0,1,1,390.839031108531
55.7368501672031,0,0,1,1,407.940759155784
43.8855799766975,1,0,0,0,332.93885818467
28.7510373403709,0,0,0,1,327.155981388846
39.2071212945593,1,1,1,1,395.663259047
41.075425056797,1,0,1,0,310.777672337787
41.6424478751966,0,0,0,1,301.650004605522
49.8444414538532,1,1,0,1,404.515368525446
39.1273528657675,0,0,0,1,331.113712837352
32.1821504739573,0,0,0,0,333.187604902265
53.9261246235614,1,1,0,1,365.190819932755
67.4527254374431,0,0,0,0,333.378735589146
36.996348495781,1,1,1,0,378.721592890906
49.40070703439,0,0,0,0,229.483732905287
50.8241285926193,1,0,1,0,327.704261213243
49.2009609256069,1,1,0,0,388.920675529393
35.9378478124552,0,0,0,0,245.836089694784
46.6450233652722,1,0,0,0,323.553532690565
52.2705104515592,1,0,1,0,366.660967154606
69.8890253663116,0,0,0,0,389.272411762143
43.99669065766,1,1,0,0,319.588391746673
40.715461512758,0,0,1,0,328.072370440499
30.5132188788234,0,0,0,1,286.473675444641
40.1339959537434,1,1,0,0,404.833438861537
47.0601381460033,1,0,1,0,352.020194430332
46.6569431637792,1,0,1,0,336.797659553707
30.9381687499072,0,0,0,1,308.027283010807
40.0476971504794,0,1,0,0,339.178865344052
29.1706448720401,1,0,1,1,301.287338069381
44.0641871541165,1,0,0,0,301.116413276745
40.9082701904522,0,1,0,0,368.814187355525
52.1517392458224,1,1,0,1,421.619041370359
41.5063891156249,0,0,0,1,321.995738222581
50.0672183123613,1,1,0,0,358.772853084666
45.9040898699022,0,1,0,1,410.765689123027
31.5090507104067,0,0,0,0,307.207692011588
25.0869720372173,0,0,1,1,288.712817816932
39.5931375139316,0,0,0,1,296.52662779691
61.9531483288217,1,0,1,1,414.139335483605
47.6323819211565,1,0,0,1,315.474958775178
45.2344374439996,0,1,0,0,344.364349073799
46.3975269791685,0,0,0,0,260.242579568458
52.8960951841132,1,0,1,0,336.860733338902
56.8831239184355,1,0,0,0,280.935017532407
49.6428404606992,1,0,0,0,254.496989412553
52.9184696326074,0,0,0,0,310.050094340949
50.349947432296,1,0,1,0,311.373477180828
54.0410315391404,1,1,0,0,416.451038930989
51.57207222839,0,0,1,1,392.798621839087
24.0066684065633,1,1,0,0,317.97138445761
32.4837283411171,0,1,0,0,301.663980351932
37.6085196895884,0,0,0,0,313.587199965647
39.7952437991226,1,0,0,0,310.724914896476
59.6337329857487,1,1,1,1,470.694696938337
43.8984557900381,1,0,0,0,237.467680658071
50.6658275219461,0,0,0,0,267.54118041959
37.2878686545284,1,0,0,1,331.393269682028
41.8735663128727,1,0,1,0,329.139944322472
38.20975452574,0,0,0,0,276.450857963903
38.4341352417057,1,0,0,0,317.637667641929
57.8944297458623,0,0,0,0,353.118042247166
43.0850397729418,0,0,0,0,258.309923926864
43.6519700929843,1,0,1,0,312.146253418497
39.5807842702237,1,1,0,0,343.420258631282
34.0101746986066,1,0,0,0,278.471888956719
37.9748465773527,1,0,1,0,254.239419819551
27.8561756277401,0,0,0,0,222.234226946679
39.8047365391622,0,0,1,0,333.805175071328
32.4596646345666,0,0,0,0,302.717820460631
51.8908758835552,1,1,0,0,369.831772083044
55.1016674154176,0,0,0,0,241.039920432876
28.2960737565584,1,1,1,1,378.747152393793
27.0607172642315,0,0,1,0,258.839869170717
35.149933475558,0,0,0,1,287.766126865395
39.403049307935,0,0,1,0,321.634661664198
41.2807971054859,0,1,0,0,306.235076205125
47.979322507562,1,1,0,0,321.010555053667
29.8392449971313,1,0,1,0,339.334820014091
42.4645329510759,1,1,0,0,392.759663213409
33.611180697097,0,0,0,1,297.544597678354
33.9771541207415,1,0,1,1,395.887388424529
45.491066397015,1,0,0,0,317.143967066062
41.2409483986107,1,0,0,0,293.957763588002
47.0955825469573,1,0,1,0,289.978943626148
31.7630963748592,0,0,1,1,341.475661294123
40.867371535805,0,1,1,0,318.425636854112
38.2158180489014,0,0,0,1,336.542393330418
50.2363816801281,1,1,1,1,440.398329297133
39.7207821325181,1,1,1,0,357.775248334384
32.0306531771758,1,1,1,0,383.068752338681
47.1879564129289,0,0,0,0,265.49360493678
45.2531400737556,1,1,1,1,431.150040205976
48.154083532577,0,0,1,0,356.178422681264
41.7054646422067,0,0,1,0,285.712060106357
31.6234146187834,1,0,1,0,294.547676228007
25.1460382008207,0,0,0,1,274.874624305534
51.0055629584881,0,0,1,0,302.389454981285
49.3524738313613,0,0,0,0,274.897151814251
40.386837713926,1,0,0,0,310.42159052652
16.0513997500563,1,0,0,1,225.49081743673
39.0371994243947,0,1,1,0,362.382871501074
48.1904637825668,1,0,0,0,291.359730774928
35.0848479225312,1,0,0,0,235.565604042689
43.1165627735536,1,0,0,0,282.740912339282
29.6248336736396,1,0,0,0,233.360500832097
45.1359568343252,1,0,0,0,248.50109572836
26.6850760002367,0,0,1,0,318.339320409788
34.4821738291767,0,0,0,0,267.647635313462
52.3567496959979,1,1,0,1,395.304104925396
37.7782984580347,0,0,1,0,310.745839910492
54.2096085799161,1,1,1,0,356.017685369918
43.6537019999834,0,1,0,0,296.159284386877
52.31845289732,0,0,0,0,339.501181498691
39.3345623679062,0,0,0,0,294.384201925192
46.8105967478213,0,0,0,1,330.483300803793
45.3326300127927,0,0,1,0,368.489995898981
36.1859309072862,0,0,0,0,282.92782980506
55.9602543194098,1,1,1,0,399.250731151772
48.9050780549164,0,1,1,0,390.804012609613
31.7542989745179,0,0,0,0,293.70439320861
51.8924798131828,0,1,1,0,380.402167944786
35.204651328181,0,0,0,0,320.060942868978
13.8195397590746,1,0,0,0,219.592205118407
37.7815292606302,1,0,0,1,333.593200007688
30.7336242449398,1,0,0,0,284.656846247884
35.921929917253,1,0,0,1,344.68947486239
33.9770374069086,1,1,1,0,371.01426865771
15.5614225952337,1,0,0,0,203.170295039625
34.9703822506815,0,1,0,1,380.219011871662
49.6287036255242,1,1,0,0,304.868408470745
23.1507982672272,0,0,0,0,289.762800465919
54.5060876612427,0,0,0,0,331.491286014326
55.2951689120498,0,0,0,0,297.10489095674
30.529794132698,1,0,1,0,300.776559080083
62.9465825850715,1,0,1,1,428.671829545064
29.0058498081908,0,0,0,0,208.287559806711
41.4367097670282,1,0,0,0,313.327558416614
36.0556765176114,1,0,0,0,253.148470023566
52.5948661179934,0,0,0,0,327.182183278165
27.4650540131974,1,1,0,0,314.556610085289
35.3804542208321,0,0,0,0,259.31247831987
25.1155610895318,1,0,0,0,183.797982709737
48.3821456618902,1,0,1,0,364.275603058823
45.7237513194415,0,0,0,0,272.848650250317
38.7089249185116,0,1,1,1,410.821099484807
31.9601132657758,0,1,0,0,329.979756622359
30.2674094383277,1,1,0,1,356.115560107009
40.9166715679977,0,0,0,0,225.071117558118
26.0144467164783,1,0,0,0,262.034813713054
60.5728369985151,1,0,0,0,315.19885601788
28.9801375883508,1,1,1,0,318.353283259894
39.2587926699032,0,0,1,0,344.046834211904
34.0006929460242,1,0,0,0,228.547421027416
37.4072245738464,1,0,1,1,308.564966296951
39.1995479121463,1,1,0,0,314.712289837366
45.4106301819655,1,0,1,0,358.883072426323
31.7279929916218,0,0,0,0,250.109376369099
30.2860754251738,0,1,0,1,338.709224377196
47.8789516052312,0,0,0,0,240.499493381918
60.1158578967806,0,0,0,0,331.210533989433
47.1911819461925,1,0,0,0,257.14559194768
44.4444432232781,1,0,1,1,391.385067992421
41.888691090526,1,0,0,0,295.237010264821
40.7719170222591,0,0,0,0,209.922496834325
20.7121087807035,1,0,0,0,207.31136368548
45.7239689369108,1,1,0,1,371.028309120426
34.9590782980315,1,0,1,0,254.487769554324
42.9827516416579,0,0,0,0,246.688200803871
55.0269854212028,0,0,1,1,407.576834464706
38.6143553490942,0,0,0,1,340.2119607112
45.810565113146,0,0,0,0,326.83932224863
32.8989242567026,1,0,0,0,276.425759530139
54.0706683376086,0,0,0,0,337.869652576401
54.2853509534363,1,0,0,0,300.337076315996
47.7244178303217,0,0,1,1,380.183399580113
47.9772502256504,0,0,0,0,281.604853808919
42.965903086679,1,0,0,0,282.000871034971
43.7729451119829,1,1,1,1,456.609053361429
45.0058603659311,0,0,1,1,425.09513214945
38.298555395553,1,0,1,0,359.085326803059
34.4866604084947,1,0,0,0,256.573701166538
36.9641305056922,1,1,1,1,413.139885367601
45.295292392108,1,1,1,1,466.501628011365
36.1447042776914,1,0,0,1,323.301744969464
20.7361661289729,0,0,0,1,273.335114317234
47.393435446046,0,1,0,0,345.533968852817
42.3565454074069,0,0,0,0,269.153876986136
33.2386297641556,1,0,0,0,225.531778228889
37.6560320279257,0,0,1,0,306.414735837794
44.0479258624528,0,0,0,0,312.613589468889
56.452840090843,1,0,0,0,385.715033349735
50.7107386863872,0,0,1,1,356.546730878053
33.9369339962703,0,0,0,0,308.782011771924
64.6543895780787,0,0,1,0,357.909429809487
52.9707345786367,1,0,0,1,336.894329318636
44.8891005037344,0,0,1,0,321.840012144537
43.7956101600451,0,0,0,0,286.809010245587
35.0510052032979,1,0,1,1,401.015708207787
45.4206548647952,1,0,0,0,261.245622801111
46.6487153712751,1,1,1,0,338.32334396014
38.781072915895,0,1,1,1,437.756953431188
44.618969047282,1,1,0,0,350.829222776546
31.3634753043962,0,0,0,0,284.547652929206
51.7209487605869,0,0,1,1,353.974952857182
39.1015175061038,0,0,0,0,321.866463767557
21.7211601745177,1,1,0,0,227.515849266301
35.4479410764752,0,0,0,0,233.080282993642
42.7233931720608,0,1,0,1,351.718089530374
46.0761091448379,1,0,0,1,278.239618045325
28.4423039675768,0,0,1,1,376.041309661557
40.5695366574543,1,0,1,0,272.32266700629
38.9908559938006,1,0,0,0,277.790637699288
35.2360979513938,1,1,0,1,380.627846430527
30.4994842559191,0,1,0,0,263.436940129307
26.4074465551782,0,0,0,1,311.130398860628
42.2743415818734,0,1,0,1,399.638806430251
28.9130701937805,1,0,1,0,304.077442607539
32.0793567051563,0,0,0,0,256.708827630179
47.7583018094534,1,1,1,1,377.758266020482
34.8498349413693,1,1,1,1,457.800151424554
43.1019694833365,1,0,0,0,303.435547520624
50.2688876308036,1,0,0,1,356.321923245331
42.0764514258731,0,0,0,0,279.852942256927
40.7783933429183,1,1,1,1,423.376530526838
33.9852691141983,0,0,0,0,238.805185798975
32.354980545565,1,0,1,0,282.509621007166
31.347951604538,1,1,0,1,362.823816330861
43.5468615568259,1,0,0,0,334.688515726571
21.3785180262801,0,1,0,0,298.443910412888
44.1956882948748,1,0,0,0,277.024132194778
28.2306634245843,0,0,0,0,262.596413440465
41.7117344885846,0,0,0,0,246.536117907007
52.6606917740873,0,0,0,0,288.11559133977
45.1522793887963,0,0,0,1,342.707949877528
37.2784982466438,0,0,0,0,301.790147377373
43.147662178095,0,0,0,0,295.551757351433
23.4331582508378,0,0,0,0,269.541971208172
34.4733804501413,1,1,0,0,325.640399503862
37.3133352795757,0,0,0,0,249.698256433033
13.1910796824589,1,0,1,0,273.965528920001
57.6506855185261,0,0,0,0,303.470404032759
43.2855464887666,0,0,0,0,272.936491866719
50.4800709689384,0,0,0,0,292.448230254962
39.7923544816274,1,0,1,1,411.262695331671
44.8383368272591,1,1,0,0,289.059192029172
59.079589147774,0,0,0,0,346.927430609191
40.2707250359248,1,0,0,0,269.060494913096
43.116010712063,1,0,0,1,383.203840464097
45.4486313129866,1,1,0,1,373.956914921544
43.8084905564667,0,0,1,1,382.512485920931
46.4107499953981,1,1,0,0,367.666884709888
37.6405357133653,0,0,0,0,270.954310622158
36.8825060959884,0,0,0,1,338.952980813561
28.4337733226862,1,0,0,1,331.319628596461
36.6572357417203,1,0,1,1,393.939227377031
35.8324863456148,0,0,0,0,308.923855315701
34.237251394599,0,1,0,0,309.724808797639
45.0701146251078,0,0,0,0,317.826199071427
42.9419776177283,0,1,0,1,350.111962246324
29.165895923036,0,0,0,0,243.211789974635
35.7563643142029,1,0,1,0,315.399927808196
42.5593926418197,0,1,0,0,353.262588740671
43.4840927769467,0,1,0,1,413.832356656219
41.1413182127616,0,0,0,1,347.806246498575
33.9379153543896,1,1,1,0,330.793247004107
56.7587348031072,1,0,1,1,372.854597207324
44.5835119489103,1,1,1,1,439.525166024698
33.9102607357772,0,0,0,0,228.799424951253
52.4388746890905,0,0,0,0,278.601349109955
35.827598008402,0,1,0,0,337.284355224481
56.8909025314131,1,0,1,1,422.744580523529
40.3001919654008,0,1,0,0,321.994518580602
29.4460772011919,1,0,1,0,326.519093713996
44.4219418414614,1,0,0,1,355.684834989744
52.344811616459,0,0,1,1,367.88657055491
31.9320683962526,0,0,0,0,220.316156629086
29.6238812706138,1,0,1,0,327.96217625639
42.813389927958,0,0,0,0,306.606503076235
21.619120527855,1,1,1,0,399.891179071468
36.7202365313297,1,1,1,1,395.635127307507
34.2466858815643,1,0,1,1,372.997932504472
46.5963961176668,0,0,1,1,455.567463823497
21.565551106662,0,1,0,0,285.042154601839
24.7712453661178,1,0,1,0,304.309669222778
37.3431737632716,1,1,0,1,315.755818717377
31.0886313647728,0,0,1,1,330.480664327933
43.7495475573009,1,0,1,1,397.276091672734
37.2975291413466,1,0,0,0,267.17484472265
34.2880792838963,1,0,0,0,299.931487462581
54.5087454017081,0,1,0,0,369.071338096612
19.2958945564076,1,0,1,1,313.084399167254
63.9516716185456,0,0,1,1,395.830175040164
42.3024963778052,1,1,0,1,373.4266669249
32.7310689573767,0,1,1,0,382.977446220882
28.9555334977805,1,0,0,0,271.203170546004
29.3378938884276,0,1,0,1,381.67233641419
47.1548149116842,1,0,0,0,304.159062398628
50.160232041479,0,0,0,0,224.597639868097
33.0099197993497,0,0,1,1,382.822490351813
51.1827526043437,1,0,0,0,294.972900839567
42.2599727423518,1,0,1,1,368.901443310366
33.7406907453827,1,1,0,1,416.472547364538
53.3093703645417,1,0,0,0,297.393322660466
47.5516016477809,0,0,0,1,270.095679429589
27.5955259549593,0,1,0,1,351.091913554102
48.4163210446008,0,0,1,0,286.02656479634
53.3704706202603,1,1,0,0,308.757011896155
37.8735992944135,0,0,1,0,294.284237558196
34.0845408601767,1,0,1,0,320.473262713206
47.9898440953282,0,1,1,0,396.117765697561
55.4910827672268,1,0,0,0,329.487649776042
35.501140329238,0,0,1,1,392.901762668454
44.3706804202273,1,0,0,0,274.757020984043
58.095190179863,1,0,0,0,308.194704119283
37.5721353567507,0,0,1,1,374.726129919008
36.3813957287225,0,0,0,0,302.985278930212
33.2756559508527,1,1,1,1,381.373869303932
29.173295375724,0,1,1,1,400.774253869291
26.4374811112133,0,0,1,0,314.264968275154
45.9328197143312,0,1,0,0,357.51996518824
37.0796440409052,0,0,0,0,272.300156227635
25.8606813638835,0,1,0,1,378.824063845185
45.1275917033726,1,1,0,1,405.42241064911
33.954751570826,0,0,1,0,313.400266210534
22.8661957479941,0,1,0,0,260.032386743683
33.3345936669575,1,0,0,1,339.487659861726
29.3065049641725,1,1,0,0,287.40725379635
39.1995061358177,1,1,1,0,413.177176949677
47.4824734494863,1,1,1,0,366.328525893337
49.9228734825856,1,0,0,0,319.381029619586
44.8700533367602,0,1,1,0,404.300423661231
32.2642547265434,0,0,0,0,288.348351647797
44.8427938089114,1,1,0,1,403.659216967844
29.2034854444214,1,1,1,0,430.234540485231
47.0975665339566,1,1,0,1,399.706222988981
38.3599634705906,0,1,0,1,413.502870657912
35.9354531293762,1,1,0,0,288.837252609481
46.1273836858664,0,0,0,0,312.647136409194
43.5493597329444,0,0,0,1,344.573115231411
20.7648128601927,0,0,0,0,253.252471236046
20.1370077522834,0,0,0,0,221.967405294125
60.6490401472519,0,0,1,1,406.008620000256
41.8626084962884,0,0,0,1,317.372374499954
53.5214558584758,0,0,1,1,462.124629929314
54.2387183533754,1,0,0,0,310.565105418743
39.3158469511061,1,0,0,1,340.840700094997
26.9786446611475,0,0,0,1,293.423530725933
25.7394297730756,0,0,0,0,274.17749154411
15.9115839394411,1,0,1,0,290.842322552181
55.7327897753296,1,1,1,1,444.815457706798
39.264537113495,0,0,0,1,314.215749692307
48.7266582404812,1,0,0,0,261.544730183574
37.9509609004319,0,0,0,1,373.487503134458
52.6119194435528,1,1,0,0,342.590839022391
42.982914406452,1,1,0,1,397.497005228767
43.0922756648553,1,0,0,0,253.09044568142
37.272089705984,0,1,0,0,321.859636623281
39.120158165838,0,0,1,0,266.022210746039
49.2588081267821,0,0,0,0,279.643146611174
12.9952720734728,0,0,0,0,238.071221897476
31.4449489895252,1,0,1,1,395.256202481243
28.9596420699613,0,0,0,0,225.205558235714
36.0678729025528,1,0,1,0,350.870234124899
29.9471135692644,1,0,0,0,265.841966221852
46.8213797511601,0,0,1,0,337.419914546085
52.7337781870638,1,1,1,1,439.37836997614
49.2704926615305,1,0,0,1,340.107473753809
50.855162221139,1,0,0,1,371.981540221053
48.5080940865729,0,0,1,1,374.110273043049
48.6621328941836,0,0,0,0,274.868838226813
30.1537439711874,0,0,1,0,352.294260142253
22.1268296350108,1,0,0,0,276.10816242833
61.4701952442045,0,0,0,1,356.864487536373
33.9115926851809,0,1,0,0,305.244310481149
56.8209881019529,0,1,1,1,450.168402518977
23.8001552156975,1,0,0,1,317.23321144856
38.4420473754332,0,0,1,1,378.620805367064
38.6981407876814,0,1,0,1,357.91233746453
41.6795440326823,1,0,0,0,369.744560473861
30.4595860916099,0,0,0,0,302.264868947354
36.8064373692169,0,0,0,1,289.891300212598
48.1085042250106,0,0,0,0,315.185730921395
39.424466438304,0,0,1,0,341.646123520711
34.3172641176354,1,0,1,1,406.52958462334
35.3598782152012,1,0,0,0,257.407817136498
64.9626913723505,1,0,1,0,352.664128765352
33.1846024191874,1,0,0,0,258.196365673177
46.390243157942,0,0,0,0,334.340681411203
52.8337273160955,0,0,1,0,332.918815069073
29.3081389569807,1,0,0,0,297.606089610646
36.3373629057976,0,0,1,0,304.665733615857
44.1499569139227,1,1,1,1,378.808118555961
52.1511383357618,1,1,0,1,408.481282178863
51.3686422127868,1,1,0,1,376.949712274329
39.3321140504823,0,1,1,1,405.04512534592
43.6427004677232,0,0,0,0,280.635704513852
41.9471308094565,0,0,0,0,244.310803431872
42.649364865303,1,1,0,1,436.232843399537
38.1084540465894,1,0,0,1,334.634917877824
21.4247454633366,1,1,1,1,390.787070181201
37.2754147793063,0,0,0,1,362.618401129596
42.880677852899,0,0,1,0,278.552110629643
43.8145510329041,0,0,0,0,327.944932667262
39.7024046488133,0,1,0,1,383.322232588413
44.0881239967548,0,1,0,1,343.365757314368
37.5431244733904,0,0,0,0,314.094770010703
22.7014786412608,0,0,0,0,275.750042476245
38.1266604429561,1,0,0,0,266.374178462681
38.6987990866845,1,0,1,1,344.773614503388
16.2248427922827,1,0,0,0,244.51414218487
49.1229420870375,0,1,0,1,400.820283359241
28.948840575159,1,0,0,0,201.855782326065
46.1249553713681,1,0,0,0,290.700546644744
42.4230360165906,1,1,0,1,387.81463107991
30.2862078520419,0,0,0,0,301.816729148515
42.4186233076182,0,1,0,1,393.805715662889
52.7579067505983,0,0,0,0,283.190581002872
41.8377975504331,0,0,0,0,256.479672586061
37.1173184680679,1,1,1,0,361.348311530692
40.3987957271657,0,1,1,0,341.352353785614
36.8366018198113,0,0,0,0,235.619101691907
24.1482812383615,1,1,0,0,296.537566801174
41.6082990949548,0,1,0,0,386.630688242026
30.757645759989,0,0,0,0,288.948740618045
24.2310637797903,0,0,0,1,311.036041184652
20.5584966946478,1,0,1,0,304.01806924827
36.2129627641834,1,1,0,1,305.906020771652
46.3436833398607,0,1,0,1,400.622309978082
24.7918439119108,1,0,0,1,264.106768400059
32.635547897442,1,0,0,0,257.03741724768
44.4791882818721,1,0,1,0,287.582890407577
27.1211829075764,0,0,0,1,335.76652385
55.0446367636167,1,0,0,1,379.311755858164
31.8671807999625,0,1,1,0,327.223666503942
35.3160679604319,0,0,1,0,353.781978769361
52.0696426606273,1,1,1,1,419.489919391446
45.4197291195902,1,0,0,0,265.955701577343
48.5552329526233,0,0,1,0,351.892287380373
28.5019755244398,1,0,0,1,289.607076699461
50.6335662830357,0,0,0,0,330.617812833316
39.9235030285432,0,0,1,1,366.200315639058
44.8288348511333,0,0,0,0,272.626128576824
40.2564594945027,1,1,1,1,433.814684363521
38.2213821002357,0,0,0,0,302.677095066258
61.1528094082124,1,1,1,0,441.570799236532
26.5772133853223,0,0,1,0,283.597419548817
54.2916563474189,1,0,0,0,336.254214280673
36.6309506643167,1,0,0,0,262.484513597525
32.619325711111,0,1,0,0,334.129035095645
46.923300730511,0,1,1,1,466.695406345952
35.8748929906524,1,1,1,1,409.907394169367
49.1262018448383,0,1,0,1,422.675681609385
30.4182725833009,0,0,0,1,302.058764613882
29.2803510255767,0,0,1,1,388.472072668765
52.7302546189127,0,0,0,1,288.894999718609
47.4089126119144,0,0,0,1,364.931896511506
38.3228879323456,1,1,0,0,274.991241397282
45.0376889499976,1,1,0,0,324.97518455331
40.5451791257132,1,0,0,0,330.954966444572
40.7687849049871,0,0,0,1,309.233491716791
35.1254116273997,1,0,1,1,344.694162887137
42.6991288037111,1,0,1,1,283.643087505629
38.8019819305207,1,0,1,0,296.081375474225
52.7674983971827,0,0,0,0,323.020605484077
23.1626077473412,0,0,0,1,319.497344575015
46.608170992129,1,0,0,0,262.17678746473
34.414167245591,1,0,0,0,207.420731803803
34.5380504162346,0,0,0,0,265.972289545816
39.4984470587993,0,1,0,1,375.964683202019
53.9025703407764,1,0,0,0,306.486124183084
25.7515761486289,0,0,1,0,307.051395850551
30.9230991379941,1,0,1,1,324.19093420934
37.7879515115009,1,0,1,1,399.217311405818
41.727001457113,0,1,1,0,351.472396303567
41.9343701366475,0,0,0,0,325.732155162075
59.6870347281662,1,1,1,1,481.026775799966
42.2581153250082,0,0,1,1,355.624259457828
39.3081395583258,1,0,1,1,343.797310426363
41.794681987557,1,1,0,0,334.764318268726
31.0092913705629,1,1,1,1,413.767631661442
47.3694327477619,1,1,1,1,454.408070037521
32.5474993571789,0,0,0,0,259.104783845714
30.7157141624734,1,0,0,0,233.241979663846
44.2919595511148,0,0,0,0,221.3207377035
45.6046944365653,1,0,1,0,330.472031490784
24.2284089985534,0,0,0,1,238.324735898637
53.4443426699639,1,1,1,0,391.457263240372
19.7634478151104,0,0,0,0,266.173002751884
50.1709870131519,1,0,0,0,373.603988197155
40.6667590277431,1,0,0,1,332.390343360118
51.7698600986258,0,1,0,0,397.534507877916
45.7220783316094,0,0,1,1,437.484036540479
54.7909386450566,1,0,1,0,329.018819648882
39.9890899048526,0,0,0,0,292.901811640069
48.5495668320115,1,0,1,1,349.171848230916
28.9538067137788,0,0,0,0,207.452491757249
38.9180408567248,1,1,1,0,389.642789744566
54.0896855932181,1,1,1,1,497.064057846906
47.0806184864962,1,0,0,0,309.547398942556
25.1026378509313,0,1,1,1,403.440440075109
33.9938857605158,0,1,0,0,269.391655712396
41.2798787406141,0,0,0,0,308.858486196625
31.3102422778875,0,0,1,1,378.966143567843
32.2946783937587,0,0,1,1,376.915663527552
56.9363282448629,1,0,0,0,360.732079832233
29.2625381059238,0,0,0,1,327.793196679607
42.179592349337,1,0,1,1,392.968619122386
48.4324846811316,0,0,1,0,376.097197575477
42.0693568963834,0,1,0,0,341.909109865721
38.2218541757925,1,1,1,1,438.697607292514
46.6635349539893,1,0,1,0,323.160839448761
35.1523165443732,0,1,1,1,401.405856460802
55.796307669078,0,0,1,0,383.629491850203
34.1611959239328,0,0,0,0,275.454291544807
28.3791388563953,0,0,1,0,335.338768951371
6.69264662309701,0,0,1,0,265.812643816483
42.7626047350569,1,0,0,1,354.195018648378
29.8947266013726,0,0,1,0,287.699570878201
40.5218307328151,1,1,0,0,349.802440121585
24.3893093509196,0,0,1,1,385.614006357617
49.7173397004454,0,0,0,0,306.017872173983
37.7370821642704,1,1,1,1,419.05219198276
51.1342070453125,0,1,1,0,415.476563878916
45.145680502119,0,0,0,0,254.011689332664
49.3769757618178,0,0,0,1,313.105509302068
45.5793619254011,0,0,0,1,392.193823803969
42.1101278376269,0,1,0,1,345.136854043657
55.1658512458091,1,1,1,1,442.269293822086
35.6676712747408,1,0,0,0,278.68632879691
27.0215850294283,0,0,0,0,266.987414690443
60.2252934988147,1,0,0,1,389.901727006796
37.1922861161513,0,0,0,1,339.692009554168
49.5323850417168,1,0,1,0,353.989246992763
36.9366709000938,1,0,1,0,359.224348518853
42.5826200182319,0,1,0,1,437.087855966928
45.2653241048789,0,0,0,0,261.894953930574
21.1583743539479,1,0,1,0,291.293842461066
43.3094699895771,0,0,1,0,352.405262252098
30.5640781668135,0,0,0,0,246.472892422005
59.0365454427142,0,1,0,0,389.524682907441
46.812374755939,1,0,1,1,353.501941026045
52.2175223046536,0,0,1,0,403.526117228882
37.2243643243342,0,0,0,0,249.44305990351
40.8360005680273,1,0,1,1,412.053245407646
43.3226335311816,0,0,0,0,320.044955877821
43.796952393038,1,1,0,0,380.871040612303
30.4179232934557,0,0,1,1,297.582244163853
37.7261098779072,1,1,0,0,331.908358344331
27.7505404125265,0,0,0,0,293.509655287285
54.6817217233113,1,1,0,0,341.040584395689
37.7345153175468,1,0,0,0,273.897546982979
47.0441809509526,0,0,1,0,339.095718579226
38.538061783156,0,0,1,1,430.681270668244
47.6928097495069,1,1,1,0,375.762838783531
43.6523593806528,1,0,0,1,345.833368054308
50.4633575204747,0,0,0,0,291.65416975547
49.0974283891837,1,1,0,1,375.733566981669
44.8481730244019,1,0,0,0,283.168157817863
36.0075061241383,1,1,0,0,355.196687297563
35.5494922177595,0,0,0,0,272.295344540121
45.6171169010543,1,0,0,0,309.581128122775
32.0249243580148,0,0,0,1,320.262443776221
51.5940351252905,0,0,0,1,369.260590110427
46.2935095472247,1,1,1,1,475.703477539939
44.9397015603041,0,1,0,0,379.144874608261
