"Y","A","L","S","C"
9.59050506605044,1,1.37095844714667,1,0
NA,NA,-0.564698171396089,0,0
5.6183652275991,1,0.363128411337339,1,0
6.18331072933449,1,0.63286260496104,1,0
6.71991337143485,1,0.404268323140999,1,0
3.11204143644968,1,-0.106124516091484,1,0
9.55058944819525,1,1.51152199743894,1,0
3.4753782157012,1,-0.0946590384130976,1,0
5.91921145181498,0,2.01842371387704,1,0
NA,NA,-0.062714099052421,0,0
NA,1,1.30486965422349,1,1
NA,NA,2.28664539270111,0,0
NA,NA,-1.38886070111234,0,0
NA,NA,-0.278788766817371,0,0
NA,NA,-0.133321336393658,0,0
NA,NA,0.635950398070074,0,0
NA,NA,-0.284252921416072,0,0
NA,NA,-2.65645542090478,0,0
NA,NA,-2.44046692857552,0,0
7.78867150993441,1,1.32011334573019,1,0
NA,NA,-0.306638594078475,0,0
NA,0,-1.78130843398,1,1
NA,NA,-0.171917355759621,0,0
NA,NA,1.2146746991726,0,0
NA,NA,1.89519346126497,0,0
3.95957507387668,1,-0.4304691316062,1,0
NA,NA,-0.25726938276893,0,0
NA,NA,-1.76316308519478,0,0
NA,1,0.460097354831271,1,1
NA,NA,-0.639994875960119,0,0
NA,NA,0.455450123241219,0,0
NA,1,0.704837337228819,1,1
NA,1,1.03510352196992,1,1
NA,NA,-0.608926375407211,0,0
NA,NA,0.50495512329797,0,0
NA,NA,-1.71700867907334,0,0
NA,NA,-0.784459008379496,0,0
NA,NA,-0.850907594176518,0,0
NA,NA,-2.41420764994663,0,0
NA,1,0.0361226068922556,1,1
NA,1,0.205998600200254,1,1
NA,NA,-0.361057298548666,0,0
2.79006582208756,0,0.758163235699517,1,0
NA,NA,-0.726704827076575,0,0
NA,NA,-1.36828104441929,0,0
9.05021895000117,1,0.432818025888717,1,0
NA,NA,-0.811393176186672,0,0
NA,NA,1.44410126172125,0,0
NA,0,-0.431446202613345,1,1
NA,1,0.655647883402207,1,1
NA,1,0.321925265203947,1,1
NA,NA,-0.783838940880375,0,0
5.47339250203463,0,1.57572751979198,1,0
NA,NA,0.642899305717316,0,0
NA,NA,0.0897606465996056,0,0
NA,1,0.276550747291463,1,1
NA,NA,0.679288816055271,0,0
5.39077369568662,1,0.0898328865790817,1,0
NA,NA,-2.99309008315293,0,0
NA,NA,0.284882953530659,0,0
NA,NA,-0.367234642740975,0,0
5.38019531735316,1,0.185230564865609,1,0
NA,1,0.581823727365507,1,1
NA,NA,1.39973682729268,0,0
NA,NA,-0.727292059474465,0,0
9.15103981077633,1,1.30254263204414,1,0
NA,NA,0.335848119752074,0,0
9.48987717310037,1,1.03850609869762,1,0
NA,NA,0.920728568290646,0,0
NA,NA,0.720878162866863,0,0
NA,NA,-1.04311893856785,0,0
NA,0,-0.0901863866107067,1,1
NA,NA,0.623518161999544,0,0
NA,NA,-0.953523357772344,0,0
5.54422604997857,1,-0.542828814573857,1,0
7.6289477850962,1,0.580996497681682,1,0
NA,1,0.768178737834591,1,1
NA,NA,0.463767588540167,0,0
NA,NA,-0.88577629740968,0,0
NA,NA,-1.09978089864786,0,0
NA,1,1.51270700980493,1,1
NA,NA,0.257921437532031,0,0
NA,1,0.0884402291595863,1,1
NA,NA,-0.120896537539089,0,0
NA,NA,-1.19432889516053,0,0
NA,NA,0.611996898040387,0,0
NA,NA,-0.217139845746521,0,0
NA,NA,-0.182756706331922,0,0
NA,NA,0.93334632857116,0,0
NA,1,0.821773110508249,1,1
NA,NA,1.39211637593427,0,0
0.713147834395023,0,-0.476173923054674,1,0
6.02847199251498,1,0.650348560726305,1,0
4.6787902414792,0,1.39111045639,1,0
NA,NA,-1.1107888794479,0,0
NA,NA,-0.860792586877842,0,0
2.71677285415646,1,-1.13173868085377,1,0
NA,NA,-1.4592139995024,0,0
NA,NA,0.0799825532411612,0,0
4.64389419170174,0,0.65320433964919,1,0
4.46035671973906,0,1.20096537559849,1,0
3.30511034259217,0,1.04475108716773,1,0
NA,NA,-1.00320864683985,0,0
NA,1,1.84848190167275,1,1
NA,NA,-0.666773408757817,0,0
3.70725191436977,1,0.105513812456069,1,0
2.73936136945597,0,-0.422255881868856,1,0
NA,NA,-0.122350171954971,0,0
NA,NA,0.188193034501498,0,0
NA,NA,0.119160957997006,0,0
NA,NA,-0.0250925508674029,0,0
NA,NA,0.108072727942033,0,0
NA,NA,-0.485435235846668,0,0
NA,1,-0.504217130687903,1,1
NA,NA,-1.66109907991481,0,0
NA,NA,-0.382333726873818,0,0
NA,1,-0.5126502578778,1,1
NA,NA,2.7018910003448,0,0
NA,NA,-1.36211623118972,0,0
NA,NA,0.137256218558607,0,0
NA,NA,-1.49362506731629,0,0
NA,NA,-1.4704357414368,0,0
NA,NA,0.124702386197007,0,0
NA,NA,-0.996639134884037,0,0
3.33801891947537,1,-0.00182261430470819,1,0
NA,NA,-0.428258881425815,0,0
NA,NA,-0.613671606449495,0,0
NA,NA,-2.02467784541911,0,0
NA,NA,-1.22474795035999,0,0
NA,NA,0.179516441117938,0,0
1.20800974630436,0,0.567620594423535,1,0
NA,NA,-0.492877353553475,0,0
4.88554862563619,1,6.28840653511241e-05,1,0
NA,NA,1.12288964337997,0,0
NA,1,1.43985574297619,1,1
NA,NA,-1.09711376840582,0,0
NA,1,-0.117319560250177,1,1
3.22345125494769,0,1.2014984009197,1,0
NA,NA,-0.469729580566301,0,0
-0.536462266009543,0,-0.0524694849389963,1,0
NA,NA,-0.0861072982370895,0,0
NA,NA,-0.887679017906431,0,0
NA,NA,-0.444684004884738,0,0
NA,NA,-0.0294448790882381,0,0
1.65496906739725,0,-0.413868849057924,1,0
NA,1,1.1133860233682,1,1
4.5621294997148,1,-0.480992841653982,1,0
NA,NA,-0.433169032600729,0,0
5.54125858195458,1,0.696862576552103,1,0
NA,NA,-1.05636841317091,0,0
NA,NA,-0.0406984751512149,0,0
NA,NA,-1.55154482234759,0,0
3.72653459305362,0,1.16716954923568,1,0
0.361593993906087,0,-0.273645701374081,1,0
NA,NA,-0.467845324672254,0,0
1.43220110095394,0,-1.23825232798621,1,0
NA,NA,-0.00776203377732663,0,0
0.610958772670382,0,-0.80028217795166,1,0
NA,NA,-0.533492329950436,0,0
NA,0,1.28767524558459,1,1
3.30264766643312,0,-0.175525870242127,1,0
0.159122695241677,0,-1.07178238415068,1,0
NA,NA,0.163206882467382,0,0
1.57572585495896,0,-0.36273841562795,1,0
NA,0,0.590013547987339,1,1
NA,1,1.43242192773099,1,1
0.529675830954393,0,-0.992692511109493,1,0
NA,NA,0.454650297580283,0,0
NA,NA,0.0848980586784873,0,0
NA,NA,0.895565582264545,0,0
NA,NA,-0.229778138946267,0,0
NA,1,0.836619068460613,1,1
NA,NA,-1.74505586133669,0,0
9.33530632990812,1,1.68945892131337,1,0
NA,1,0.864777978518578,1,1
NA,NA,-0.150775988885748,0,0
NA,NA,-1.44900713013917,0,0
NA,1,0.643008700041982,1,1
NA,NA,0.483193863814768,0,0
NA,NA,-0.00635562642138871,0,0
1.79872260656356,0,0.151455892862424,1,0
NA,NA,-0.584108970349804,0,0
4.2923408411687,0,0.368806732630242,1,0
NA,NA,0.294654339719516,0,0
NA,NA,-0.279259373342575,0,0
NA,NA,-1.33623665489315,0,0
8.4120458676286,1,0.700748818440034,1,0
NA,NA,0.554196622274034,0,0
NA,1,-0.836306592801415,1,1
NA,NA,-1.59458816200624,0,0
NA,NA,0.204958580587634,0,0
4.47716582570902,1,-0.34508797797289,1,0
NA,0,0.252611703364455,1,1
NA,NA,-1.29400246548455,0,0
NA,NA,-0.959170444380363,0,0
2.8920591668032,0,1.0857748536799,1,0
7.58021453464198,1,0.403774904715714,1,0
7.78995536677916,1,0.586487536719298,1,0
5.59558716549724,0,1.81522844615395,1,0
NA,NA,0.128821428602383,0,0
NA,NA,-2.00092923773151,0,0
NA,NA,0.33377719743357,0,0
NA,NA,1.17132512735879,0,0
9.65029951447355,1,2.0595392422993,1,0
NA,NA,-1.37686159824052,0,0
NA,NA,-1.15085556562711,0,0
NA,NA,-0.705821394760121,0,0
NA,NA,-1.05405578207719,0,0
NA,NA,-0.645743723142491,0,0
NA,NA,-0.185377967676503,0,0
NA,NA,-1.20122205073999,0,0
9.28596159525894,1,2.03697216698315,1,0
NA,NA,0.107774744885547,0,0
NA,NA,-0.0841081005055806,0,0
NA,1,0.495619641604594,1,1
NA,NA,0.0374151861179653,0,0
NA,NA,-0.13208803695591,0,0
NA,NA,1.4767874235521,0,0
5.75555653228477,1,-0.217030210092103,1,0
NA,NA,-1.28360220409223,0,0
NA,NA,0.385667890443402,0,0
NA,NA,-0.351512873529092,0,0
NA,NA,-0.521796093356269,0,0
NA,1,-1.06813120068717,1,1
NA,NA,0.428365903266692,0,0
0.635524127231369,0,-0.174018234426995,1,0
NA,NA,0.515667728648029,0,0
0.225966768972071,0,-0.234365277305921,1,0
NA,NA,-0.658503425821771,0,0
NA,1,1.25023660407872,1,1
NA,NA,-0.271763715111397,0,0
NA,NA,0.947951995875196,0,0
NA,NA,-1.20158243010894,0,0
NA,NA,-0.466116096375502,0,0
NA,NA,-0.26935139515318,0,0
NA,NA,-0.390965408130861,0,0
NA,NA,1.34870701199171,0,0
6.5962265754317,1,-0.0227647012984126,1,0
7.13300024406296,1,0.24422585110345,1,0
2.92987852940043,1,-0.942371707863923,1,0
NA,NA,-0.729217276509575,0,0
NA,1,0.998068908554848,1,1
NA,NA,1.25848166459556,0,0
NA,NA,1.2488636888101,0,0
NA,NA,-1.38063704952533,0,0
7.0953820019714,0,2.04996069363639,1,0
NA,NA,1.01687282979954,0,0
NA,NA,-0.0267174641382579,0,0
NA,NA,0.70360777879826,0,0
NA,NA,-0.971385229151864,0,0
NA,NA,-1.09615624155886,0,0
NA,NA,0.0490504509375971,0,0
NA,1,-1.19849585655778,1,1
3.03904106955608,0,0.190018998559748,1,0
NA,1,1.29770589960467,1,1
NA,NA,-1.03387372296475,0,0
NA,NA,-0.738440754213064,0,0
NA,NA,0.0465639394508634,0,0
NA,NA,-1.01759611982611,0,0
NA,NA,-0.383283959886278,0,0
7.27800262131082,1,0.872755411671398,1,0
8.63856969491597,1,0.969545013970117,1,0
6.11362515896343,1,0.383846665027094,1,0
NA,NA,-1.85155566306746,0,0
NA,NA,-0.0539967368261657,0,0
NA,1,1.06477321433828,1,1
NA,NA,0.813195037411605,0,0
NA,NA,-0.190816474104282,0,0
NA,NA,-2.6999298085637,0,0
NA,NA,0.0609666388011166,0,0
NA,1,0.573751697483578,1,1
NA,1,0.0458035797250989,1,1
NA,0,0.157412540175875,1,1
5.62671846934655,1,0.431565372868771,1,0
NA,NA,-0.396549736050212,0,0
9.68427806231609,1,1.30997822575155,1,0
NA,NA,0.470393399873943,0,0
NA,NA,-1.2426702705746,0,0
9.06587262877919,1,1.38157545638553,1,0
7.43724965648431,1,1.20445893700982,1,0
7.08846194247506,1,0.824073963681881,1,0
1.62461561781571,1,-1.66262940218559,1,0
NA,NA,-0.569306343605481,0,0
NA,1,0.635513817289526,1,1
1.33602091338661,0,0.0437220075778579,1,0
NA,NA,0.348012303661307,0,0
NA,NA,2.45959354887041,0,0
0.111098327034919,0,-0.81838032439967,1,0
NA,NA,-2.11320011492914,0,0
NA,1,0.273695272430415,1,1
NA,NA,-0.687596841243412,0,0
NA,NA,0.446041052961866,0,0
NA,1,-0.812384723790597,1,1
NA,1,2.21205548033514,1,1
NA,NA,-0.12370597157743,0,0
NA,NA,-0.477335506030052,0,0
NA,NA,-0.166261491486608,0,0
NA,NA,0.862563383626431,0,0
NA,NA,0.0973404852028189,0,0
NA,NA,-1.62561673921129,0,0
NA,NA,-0.0046207678264578,0,0
NA,NA,0.760242167662055,0,0
NA,NA,0.0389909128725626,0,0
NA,NA,0.735072141614441,0,0
NA,NA,-0.14647262699887,0,0
1.65375546634484,0,-0.0578873353812826,1,0
NA,NA,0.482369466104533,0,0
3.30492816441977,0,0.992943636775734,1,0
NA,NA,-1.24639549803204,0,0
NA,NA,-0.0334875248456097,0,0
NA,NA,-0.0709621812499963,0,0
NA,NA,-0.75892065373095,0,0
NA,NA,-1.03435936093915,0,0
NA,NA,-0.63073195397082,0,0
NA,NA,0.586807720012995,0,0
0.730891780574876,0,-0.416322656183652,1,0
NA,NA,-0.78488780950532,0,0
2.09609485188306,0,0.163416319486097,1,0
NA,NA,-1.23671423510935,0,0
NA,NA,1.04587377623667,0,0
NA,NA,-0.484595416218709,0,0
0.31969589845486,0,0.189128811680665,1,0
NA,NA,0.0510063315749732,0,0
7.34111033985804,1,-0.000240668886441977,1,0
NA,0,1.80938204244287,1,1
NA,NA,-0.825327957109945,0,0
6.7927394392209,1,1.14547045222799,1,0
1.4088783658957,0,0.0315731875532431,1,0
2.63013677182819,1,-0.83520580530672,1,0
5.77925033215497,1,-0.0687636490165125,1,0
6.11007951942687,1,0.746771687012467,1,0
NA,NA,-0.425518734394604,0,0
NA,NA,-0.772082235193457,0,0
NA,NA,0.152764106747895,0,0
2.38930891486216,0,0.988596845178799,1,0
NA,NA,-0.073458334672174,0,0
NA,NA,-1.38702655355974,0,0
NA,NA,-1.30667590437536,0,0
NA,NA,-0.768395325077939,0,0
NA,NA,-0.527108125374458,0,0
NA,NA,-0.0214270650416246,0,0
NA,NA,0.670498070996282,0,0
NA,1,-0.434617038572407,1,1
NA,NA,-1.11387978331285,0,0
NA,NA,0.6071059948785,0,0
2.144033681903,0,0.275456968739591,1,0
NA,NA,1.15734706941474,0,0
NA,NA,-1.68248085947826,0,0
NA,NA,0.0873190888948744,0,0
NA,NA,1.35336189394267,0,0
NA,NA,0.724173800683369,0,0
NA,NA,-0.832552825764212,0,0
NA,NA,0.732528486768414,0,0
NA,NA,-0.871926869997213,0,0
NA,NA,-0.453397511229793,0,0
NA,NA,1.18753427862908,0,0
NA,NA,-0.290145311790079,0,0
NA,0,0.828546144965436,1,1
4.87244717193574,1,-0.291227708779169,1,0
NA,NA,-1.57636240474791,0,0
NA,NA,-0.848815696948922,0,0
NA,NA,-1.08851986195719,0,0
NA,NA,-0.484290571117173,0,0
NA,NA,-0.336311209009573,0,0
4.06358345194635,1,-0.153357890661644,1,0
NA,NA,-0.243247228574846,0,0
11.4879347808954,1,1.89220204160011,1,0
NA,NA,-1.38599833728542,0,0
NA,1,-0.41482430070778,1,1
NA,NA,0.349081528106831,0,0
3.56442832358661,0,1.62844226581541,1,0
NA,1,0.0885218957136163,1,1
NA,NA,1.23915070840056,0,0
NA,NA,-1.64455553575371,0,0
NA,1,1.44635652537848,1,1
NA,NA,-0.690560171665183,0,0
3.36935873033904,1,-0.276431085453852,1,0
NA,NA,-1.10941875989944,0,0
NA,1,0.133869316429452,1,1
NA,0,1.78533905173155,1,1
11.4800040010636,1,2.42216335525159,1,0
NA,NA,-1.07682890211841,0,0
3.16827007853007,0,0.485941110403099,1,0
NA,1,1.38852173874429,1,1
NA,NA,-0.195656817284544,0,0
NA,NA,-0.218174797706211,0,0
1.83580564015305,0,-0.304777954546445,1,0
7.84416178531655,1,0.597832724111443,1,0
NA,1,1.39742941081576,1,1
NA,NA,0.687619761239963,0,0
2.61866179632646,0,0.320188014296969,1,0
0.22175387820238,0,-0.301869925777261,1,0
5.28172912859717,1,0.49834868555795,1,0
1.13891424404009,0,-0.549536917916756,1,0
NA,NA,-0.279256503637243,0,0
7.4825757560501,1,1.09651344311173,1,0
6.55182264505084,1,0.442013088178811,1,0
NA,1,0.241016294026112,1,1
2.01674345411849,0,-0.255607655355518,1,0
5.91474149587441,1,0.931032901484882,1,0
4.14136991452907,0,1.33491258537547,1,0
NA,NA,-0.869271763875442,0,0
5.27819357034071,1,0.0554869546651026,1,0
NA,NA,0.0490669131919192,0,0
0.0835958736469762,0,-0.578355728360897,1,0
NA,NA,-0.998738655996004,0,0
NA,NA,-0.00243278000660164,0,0
NA,1,0.655511882812969,1,1
NA,NA,1.47684227897655,0,0
NA,NA,-1.90915278827921,0,0
NA,NA,-0.702439473312409,0,0
NA,NA,-0.311430218011919,0,0
NA,NA,-1.66315703066738,0,0
0.595057205326352,0,-0.75053344179229,1,0
-0.387625359090664,0,-0.777351759181508,1,0
NA,NA,-0.722569699859602,0,0
NA,NA,-2.18883459914707,0,0
NA,NA,0.213418550286554,0,0
4.52330121533663,1,-0.631922936254832,1,0
8.88622356852872,1,1.52049119383216,1,0
NA,0,0.795955949415082,1,1
NA,NA,-1.4535295651328,0,0
NA,NA,0.0983954210058388,0,0
2.42306300155291,1,-0.593770984233153,1,0
5.19642125790708,1,0.888281168634515,1,0
NA,1,0.0530704154986666,1,1
NA,NA,-0.557023625844656,0,0
NA,NA,0.43839703617272,0,0
NA,NA,0.152608158642419,0,0
NA,NA,-0.164617581749564,0,0
NA,1,2.01989062147597,1,1
-0.0921607845769223,0,-0.529385886317261,1,0
NA,NA,-0.470786972984042,0,0
NA,NA,-1.54593692401752,0,0
NA,NA,-0.0405267232951771,0,0
NA,NA,0.890356305470676,0,0
NA,NA,-2.07138785092921,0,0
1.82710933392155,0,-0.250065120073019,1,0
NA,NA,-1.18165042665332,0,0
8.45138842854264,1,1.44193726501691,1,0
3.78896921244257,0,1.35789553887886,1,0
2.29100499041862,0,0.33450284734065,1,0
NA,1,1.42933808040023,1,1
3.05341282704037,1,-0.867317850878684,1,0
4.23874356125944,1,0.950651724971886,1,0
NA,NA,-0.585011508633235,0,0
5.99555965920703,1,0.320957522525629,1,0
NA,1,-0.299396016664908,1,1
NA,NA,-0.278543083293069,0,0
NA,NA,0.546115158329532,0,0
NA,NA,-1.30382115364487,0,0
NA,NA,-0.25091446504246,0,0
NA,NA,0.17100737371791,0,0
NA,NA,-0.403467478747509,0,0
NA,NA,0.104659440835727,0,0
5.27679059956916,1,-0.318880786734009,1,0
8.29354892940085,1,1.61834393588343,1,0
4.04881802817719,0,0.714188601488617,1,0
13.1643086754023,1,2.96586536983324,1,0
NA,NA,-0.795077604559211,0,0
NA,NA,0.814365914679913,0,0
2.86223704195007,0,2.09803081013037,1,0
NA,0,0.30098005515257,1,1
-0.0808575429814865,0,-1.08307514183923,1,0
NA,NA,-1.00632250180328,0,0
NA,NA,-0.035414564917612,0,0
7.71849681803338,1,1.30912436085341,1,0
NA,NA,0.750400486646719,0,0
NA,NA,-2.13836832761242,0,0
3.54733357955211,1,-0.700354108866634,1,0
NA,NA,-0.00905647529298544,0,0
NA,NA,-1.45813348724477,0,0
NA,NA,0.694529646494869,0,0
NA,NA,-2.46133547518649,0,0
3.49920913717498,0,0.143289764040456,1,0
NA,NA,-0.391222119127056,0,0
NA,0,-0.491164085614076,1,1
4.45927318556539,1,-0.283647452452051,1,0
NA,1,0.314794804707843,1,1
NA,NA,0.396326577938989,0,0
NA,NA,-0.22560371103596,0,0
NA,NA,-1.92495043034056,0,0
NA,NA,-1.43922929832198,0,0
NA,NA,-1.4696577739724,0,0
6.27846446476135,1,0.761863446891932,1,0
NA,NA,-0.24361498187128,0,0
NA,NA,0.269676607418008,0,0
NA,NA,-1.55892752095582,0,0
0.643698695194716,0,-0.535588006696314,1,0
NA,NA,0.562451973173495,0,0
-1.49941725671589,0,-0.178326123419918,1,0
4.84786995202112,1,-0.115135986202651,1,0
NA,NA,-0.0720614721063666,0,0
4.14056980187148,0,1.2109098069263,1,0
NA,NA,-0.614896900799703,0,0
NA,NA,0.6761264583147,0,0
7.92318073749969,1,0.898599605537552,1,0
NA,NA,-1.18931790352102,0,0
5.77855068042837,1,0.121258849819009,1,0
NA,NA,-0.0112216861304115,0,0
4.46291180528468,0,1.02914071931376,1,0
NA,1,0.914774867719613,1,1
NA,NA,-0.00245626667956324,0,0
NA,NA,0.136009552413727,0,0
2.1564308699433,0,-0.720153544943125,1,0
NA,NA,-0.198124330051216,0,0
NA,NA,-1.02920880604827,0,0
1.82022974005349,1,-0.966955895852616,1,0
NA,NA,-1.22081308891909,0,0
NA,1,0.836207703944837,1,1
NA,NA,1.1149717984954,0,0
NA,NA,-0.412944852927091,0,0
NA,NA,-1.12897739800683,0,0
5.83974077462403,1,-0.0879313317770513,1,0
9.97296001333592,1,2.24190369331262,1,0
NA,1,2.04131317075049,1,1
NA,NA,-1.71980033672145,0,0
NA,NA,-0.356906656122387,0,0
NA,NA,1.53328049216229,0,0
NA,NA,-0.0382440966102368,0,0
NA,1,1.59741324232642,1,1
NA,NA,-0.333585393309883,0,0
4.67249924383677,0,0.604985923915378,1,0
2.26025211570514,0,0.224241239250251,1,0
NA,0,3.22906949548006,1,1
NA,NA,0.92045256677252,0,0
NA,NA,-1.20653906921592,0,0
NA,NA,-0.603881169163268,0,0
NA,NA,0.370235284622063,0,0
NA,NA,-1.90100064667961,0,0
NA,NA,-1.80440994496324,0,0
NA,NA,-1.12182260635522,0,0
NA,1,-0.34792960655914,1,1
7.36816337898202,1,1.23890214863198,1,0
NA,NA,-0.274197564852279,0,0
NA,NA,0.162380715558193,0,0
NA,NA,-0.0646069097530627,0,0
NA,NA,-0.705237097025143,0,0
NA,1,1.36219726875099,1,1
NA,NA,-1.09651318808332,0,0
NA,NA,-0.228433518546891,0,0
NA,NA,-0.347828080610269,0,0
NA,NA,0.532128619506733,0,0
NA,0,1.60723456226119,1,1
8.01276057410106,1,0.513814526116594,1,0
NA,NA,1.38237316057303,0,0
6.4934183246235,1,0.763097048549903,1,0
NA,NA,-0.624584544634111,0,0
5.29695311353729,1,0.0815438004289869,1,0
8.4986901227452,1,1.37607911136477,1,0
NA,NA,-1.56126578615704,0,0
5.5617989442146,1,0.324770660594699,1,0
NA,0,-0.156790316952238,1,1
7.68639442204879,1,0.877783860734352,1,0
NA,1,0.750166575180638,1,1
4.92878666835397,1,0.30105340384283,1,0
NA,0,1.49281111722931,1,1
NA,NA,-1.5254938001697,0,0
3.05637005079468,0,0.910717558486022,1,0
NA,NA,-1.57953202785754,0,0
NA,1,0.587716257118582,1,1
NA,NA,0.0896422960007244,0,0
NA,NA,0.96726165694984,0,0
NA,NA,0.0788123529148234,0,0
NA,NA,-1.56869983648609,0,0
NA,NA,-2.00782318401609,0,0
NA,NA,0.540973524238763,0,0
3.65862179279497,1,-0.0733765981084255,1,0
NA,NA,-0.571018393558081,0,0
NA,NA,-0.311068459853641,0,0
NA,NA,-0.671415067101365,0,0
NA,NA,-0.157340452080979,0,0
NA,NA,-0.93130507099987,0,0
NA,NA,-1.98300947947013,0,0
NA,NA,-0.219599804249378,0,0
NA,1,1.04527586946239,1,1
NA,NA,1.87732956629967,0,0
NA,NA,0.00260619595716637,0,0
NA,NA,-0.0806699347091655,0,0
NA,1,0.96298228123987,1,1
0.0654724690626889,0,0.0535710165465174,1,0
NA,NA,-0.434898408910037,0,0
-0.123052448390262,0,-1.73729725534231,1,0
-0.587046730335155,0,-1.26369559978243,1,0
NA,1,0.406308512069273,1,1
NA,NA,-1.45965396777976,0,0
2.05652462061042,0,1.0484573701547,1,0
NA,NA,-1.3464305394502,0,0
NA,1,-0.193570558113494,1,1
NA,NA,-0.00233595711367605,0,0
NA,NA,-0.0128297338671881,0,0
NA,NA,0.151947321984398,0,0
NA,NA,0.598511131401079,0,0
NA,NA,-0.126212437298279,0,0
0.297762622074652,0,-0.248535565846776,1,0
NA,NA,0.160327394904622,0,0
NA,NA,-0.433641941597269,0,0
NA,NA,1.53741241910027,0,0
NA,NA,-2.17024657661608,0,0
NA,NA,1.02700461929143,0,0
NA,NA,-0.248482933189933,0,0
4.4391066719357,1,0.422320385832393,1,0
NA,NA,0.987653293639674,0,0
6.61040830732816,1,0.835568172035023,1,0
NA,NA,-0.660521859045705,0,0
NA,1,1.56406949329184,1,1
0.411848977738831,0,-1.62297593529155,1,0
NA,NA,0.863896373478988,0,0
1.82422701390251,0,-0.5116027734362,1,0
NA,NA,-1.9173650254454,0,0
NA,NA,-1.86581384861995,0,0
NA,NA,0.245179063439689,0,0
NA,1,2.22353430190807,1,1
NA,1,0.273376064144465,1,1
8.33598657293953,1,1.13078479452828,1,0
NA,NA,0.838669374060099,0,0
NA,NA,-0.654615277878205,0,0
NA,NA,0.953960978479396,0,0
NA,1,0.352951465489323,1,1
NA,0,0.206599292649613,1,1
6.26324466533881,1,1.00111323431025,1,0
NA,NA,0.747451991640276,0,0
-0.0382810755490512,0,-0.626574836723139,1,0
NA,NA,0.395223685936714,0,0
NA,NA,-0.892167954045578,0,0
NA,NA,0.630818410091773,0,0
NA,NA,-0.432705183284567,0,0
NA,NA,0.452138644218517,0,0
1.55654494050083,0,0.367999045196345,1,0
NA,NA,-0.270387489661909,0,0
NA,NA,0.465512617712979,0,0
3.32113229641391,0,0.574356225626969,1,0
4.38541837679885,1,-0.230699990157411,1,0
NA,0,1.17224250830245,1,1
NA,NA,1.39270270673312,0,0
2.9791230209625,1,-0.661991255709585,1,0
NA,NA,-0.777369206725014,0,0
NA,1,0.51353857890878,1,1
NA,NA,-0.913312238041272,0,0
NA,NA,-0.449423805250301,0,0
NA,1,0.802932699103618,1,1
NA,NA,-0.573476850981104,0,0
NA,NA,-1.92812516784833,0,0
NA,NA,0.664390833822148,0,0
NA,NA,-1.60254022379425,0,0
NA,NA,-1.35460025745385,0,0
NA,NA,-3.0179326794179,0,0
NA,NA,0.831237822230063,0,0
NA,NA,0.251097088847344,0,0
4.49270934332599,1,0.46229346594133,1,0
3.92611448743549,0,0.844792223223237,1,0
NA,NA,-0.0419715243215621,0,0
-0.523775143107011,0,-1.10557590570003,1,0
6.40927381711913,1,0.563775652330874,1,0
NA,NA,1.30336475581967,0,0
NA,NA,-1.50022093779466,0,0
NA,1,-0.606989235119036,1,1
NA,NA,-0.292245065656577,0,0
NA,NA,-1.2896833433236,0,0
NA,NA,0.694105848774699,0,0
NA,0,-0.599181902897119,1,1
NA,1,1.25690664397164,1,1
NA,NA,0.053508013627363,0,0
NA,NA,0.728092517671852,0,0
7.90368926850715,1,1.56109806821061,1,0
NA,1,0.26562475359719,1,1
5.15326950233794,1,1.07672625920727,1,0
NA,NA,0.210697931679245,0,0
1.52641336862243,0,-1.51167352582237,1,0
3.82062385474607,0,0.022402259913625,1,0
NA,NA,0.718136206042103,0,0
6.41402210335151,1,0.48945701784227,1,0
NA,NA,-0.17388834587827,0,0
NA,NA,-1.2176994886684,0,0
NA,NA,0.646398368709462,0,0
NA,NA,-0.91645602834789,0,0
NA,NA,-1.25182344242557,0,0
NA,NA,0.594927718405501,0,0
NA,NA,-1.23281066518983,0,0
NA,NA,0.244364414906138,0,0
NA,NA,0.00277218534359506,0,0
NA,NA,-1.32820968602556,0,0
NA,0,1.17969641183278,1,1
3.60160524998851,1,-0.592804999148929,1,0
8.11973490127138,1,1.19997831633667,1,0
NA,NA,-0.475033679612135,0,0
NA,NA,-0.575057096150816,0,0
NA,NA,-0.031226024608499,0,0
4.14841625899747,1,-0.358056995978456,1,0
NA,NA,-0.356601077647731,0,0
NA,NA,-0.877664383433726,0,0
2.79840423604019,1,-1.21289712517796,1,0
6.96025652607479,1,0.613286618687034,1,0
NA,NA,-0.806203341462477,0,0
NA,NA,-1.3764569299089,0,0
NA,NA,-0.507847899163547,0,0
NA,NA,-0.800935486737338,0,0
NA,NA,-2.19278568567007,0,0
NA,NA,-0.290937149267675,0,0
NA,NA,0.167174121160518,0,0
NA,NA,0.294692356485688,0,0
NA,NA,0.392741265420726,0,0
NA,NA,-1.00084371300082,0,0
NA,NA,-0.325727119823434,0,0
0.569775900108818,0,-1.00834880542884,1,0
NA,NA,-0.635431482033766,0,0
NA,NA,-1.20984068798734,0,0
NA,NA,-1.11646380065269,0,0
2.76235648066479,0,0.629881162575935,1,0
NA,1,-0.272521570178626,1,1
NA,NA,-0.258841168378671,0,0
NA,NA,1.72955817989149,0,0
NA,NA,-0.0583921654073716,0,0
NA,NA,-0.537063784608919,0,0
NA,1,0.74728669616574,1,1
2.90114365828848,0,-0.487257835389733,1,0
8.86250222449309,1,1.37290778147951,1,0
NA,NA,-0.377672360646221,0,0
NA,NA,-0.616152614118394,0,0
NA,NA,-1.16812505107469,0,0
NA,NA,0.328640358591086,0,0
NA,NA,1.46651062744016,0,0
NA,NA,-0.356009545088913,0,0
NA,NA,0.261467641877431,0,0
1.91800100161868,0,0.333328855175731,1,0
NA,NA,1.42219324030954,0,0
5.65741354425155,1,0.663876600666173,1,0
NA,NA,-1.07365515569531,0,0
NA,NA,-0.69690177466674,0,0
NA,NA,-0.746130456934561,0,0
1.45345439857504,0,0.141572872132219,1,0
NA,NA,-0.00394722073065307,0,0
2.77076770143942,0,0.367937501091766,1,0
NA,NA,-0.657342914697247,0,0
NA,NA,-0.376346670161052,0,0
NA,NA,0.741360060425085,0,0
NA,NA,-0.0996067564484702,0,0
2.40771845046191,1,-0.654289878607095,1,0
8.82543348369394,1,0.971164374061271,1,0
5.78043545883029,1,0.0134963115683865,1,0
NA,NA,-0.916534667021545,0,0
7.77970181205229,1,1.70968856126164,1,0
NA,NA,-1.16810098994666,0,0
NA,NA,-1.78103626015252,0,0
NA,NA,-2.25313244856822,0,0
NA,0,0.651125969546699,1,1
NA,NA,-0.532832625602767,0,0
NA,NA,-0.275559356972283,0,0
NA,NA,0.289626972629046,0,0
NA,NA,-0.466484061790764,0,0
NA,NA,-1.60806017494469,0,0
NA,NA,-1.94978379604199,0,0
NA,NA,-0.340699918230981,0,0
NA,NA,0.17472552733132,0,0
NA,NA,-2.27777756077723,0,0
3.06459355772245,0,0.290524480947084,1,0
2.83712920217362,0,0.422306357473614,1,0
8.19809818815503,1,1.29473736320671,1,0
NA,NA,0.164714018573954,0,0
NA,NA,0.204953840800235,0,0
NA,NA,0.604603626725806,0,0
7.77087204086383,1,-0.0191407691689314,1,0
NA,NA,-0.0797143473788086,0,0
1.46659439213988,0,0.115984464402805,1,0
2.32100525714477,0,0.744173364048388,1,0
NA,NA,-0.431290603527693,0,0
NA,NA,-0.499528951911234,0,0
NA,NA,-0.865162076755711,0,0
NA,NA,-0.957757283271873,0,0
NA,NA,0.326799971338638,0,0
9.08586075595298,1,1.54737222568517,1,0
NA,NA,-0.968859568864431,0,0
NA,NA,-0.188440426259463,0,0
NA,NA,-1.03000116145592,0,0
6.07972724790515,1,0.908086441860496,1,0
NA,NA,-0.317381864708129,0,0
NA,NA,0.179003966540422,0,0
8.638106208578,1,0.348028187729177,1,0
NA,NA,-1.05427902127444,0,0
NA,NA,-0.104744288110701,0,0
NA,NA,-0.228342617094529,0,0
7.40622078741187,1,0.675355562427539,1,0
NA,NA,-1.23324469350631,0,0
NA,NA,-1.19996154442278,0,0
NA,1,0.765866576616108,1,1
NA,NA,-0.588097861282977,0,0
NA,NA,-0.660295829975576,0,0
3.95275945744702,1,0.113013522197344,1,0
NA,NA,-0.320398799686039,0,0
4.42788440446643,0,1.86638149693879,1,0
NA,1,0.259531455767799,1,1
NA,NA,0.16156007091807,0,0
6.45921096584865,1,0.931074909335354,1,0
3.97620986105979,1,-0.0599467492596211,1,0
NA,NA,0.0487397000774502,0,0
NA,NA,-1.07287540073396,0,0
NA,NA,-2.29297143048067,0,0
NA,NA,-1.20720685006434,0,0
0.795253844382107,0,0.114109429797191,1,0
NA,NA,-1.03329707910538,0,0
NA,NA,0.688807752342063,0,0
NA,1,0.725083017674864,1,1
NA,NA,0.217380210939088,0,0
4.60604669592487,1,-0.201656731618378,1,0
NA,NA,-1.36568986058868,0,0
NA,NA,-0.30893760867716,0,0
4.3350967663242,1,-0.452902886537227,1,0
NA,NA,0.663229144519792,0,0
NA,NA,1.3086295367487,0,0
NA,NA,0.501040309894498,0,0
NA,NA,-1.12828853519737,0,0
4.59770050794084,0,1.67099730539817,1,0
7.45934414958212,1,1.01035303245212,1,0
NA,NA,0.223521215874458,0,0
NA,NA,-2.20648459320962,0,0
1.2236063918771,0,-0.954585618553158,1,0
NA,NA,-0.0685730672102366,0,0
7.52070261565298,1,0.76130590156527,1,0
NA,NA,-1.17990419995829,0,0
NA,1,3.21119895676729,1,1
NA,NA,-2.55382485095083,0,0
NA,NA,-0.235933949334065,0,0
NA,NA,-0.259562643261435,0,0
NA,NA,-0.663366916619193,0,0
NA,NA,-0.318990710826149,0,0
8.26884293515022,1,0.742395157572315,1,0
1.65156580973092,0,-0.874292675785773,1,0
NA,NA,-2.08281376630328,0,0
NA,NA,0.0937679028102176,0,0
NA,NA,-0.00181981200279561,0,0
NA,1,-0.013100652371574,1,1
NA,NA,0.667968074558104,0,0
NA,NA,-0.0131677029521626,0,0
NA,NA,0.776047030476303,0,0
NA,NA,-2.01073533263526,0,0
NA,NA,-1.1281804949718,0,0
NA,NA,0.34879957158572,0,0
NA,NA,-0.352898482096924,0,0
8.22477786966602,1,0.944774597917623,1,0
NA,NA,-1.00471985252646,0,0
6.56805102728349,1,0.723902732496846,1,0
NA,NA,-0.668832740990364,0,0
NA,NA,-1.1130401937158,0,0
1.12226737389747,0,-0.342805189366945,1,0
NA,NA,0.0497793231687396,0,0
NA,NA,-1.22768196152554,0,0
1.51670245999744,0,-0.764005910827448,1,0
NA,NA,-1.24618206161788,0,0
8.1341004229309,1,1.01677397775977,1,0
NA,NA,0.723612624058863,0,0
-0.0045620005685062,0,-1.03252713710511,1,0
NA,1,0.557346004122758,1,1
4.80463138140911,1,-0.255581423099522,1,0
NA,NA,-1.11339175714667,0,0
NA,1,0.421197439614804,1,1
5.16536352829989,1,-0.322950311846374,1,0
NA,NA,0.880179901191523,0,0
1.26043189823293,0,-0.194863606775901,1,0
8.59053230008982,1,1.18805498210378,1,0
2.37701808194677,1,-0.509764511767954,1,0
NA,NA,0.219548010873294,0,0
NA,NA,0.370294421364558,0,0
NA,NA,0.279108393730607,0,0
2.47918551188181,0,0.201942437313324,1,0
NA,NA,-0.0129965424313442,0,0
NA,NA,-0.0908650060774901,0,0
NA,1,1.36503136531884,1,1
NA,1,0.908130568883166,1,1
NA,NA,-0.609888171401906,0,0
8.53471254434819,1,1.39643722121945,1,0
2.92655323008429,0,0.144798373308446,1,0
NA,NA,-0.640606771595302,0,0
NA,NA,0.169802259558534,0,0
1.0132197361752,0,-0.157187487420844,1,0
5.29681481461867,1,0.100939594546104,1,0
NA,NA,-0.97339415414828,0,0
NA,NA,-0.819825275253199,0,0
NA,NA,1.36291896902543,0,0
7.3967073863997,1,0.961370930531278,1,0
NA,NA,-0.883724474401114,0,0
NA,NA,-0.900092115436322,0,0
6.18477039953068,0,1.72333313279683,1,0
9.53924609357185,1,1.90904216212893,1,0
NA,NA,-0.777141195855263,0,0
NA,NA,-1.30230526261311,0,0
NA,NA,2.62349516681868,0,0
NA,NA,0.229628914346807,0,0
3.07292442966603,0,0.186749892141885,1,0
2.4814900694821,0,0.0761366349502805,1,0
3.7096231907824,0,1.40486018632133,1,0
3.04428999642633,0,-0.191722235336317,1,0
4.93967112620869,0,1.45939216415609,1,0
NA,NA,-0.220655451134541,0,0
5.57676824012414,1,0.50514588627314,1,0
3.48289226477229,1,-1.03349700607288,1,0
2.66768836134735,0,0.17047347145922,1,0
NA,1,1.20066816089193,1,1
NA,NA,-0.163405914765736,0,0
9.86423932313543,1,1.28247586312264,1,0
NA,1,2.72719638791127,1,1
3.65233107390175,0,0.941924217330924,1,0
NA,NA,-0.248614037279559,0,0
NA,NA,0.0964788597064851,0,0
NA,NA,-0.433930941301739,0,0
NA,1,2.17866786745157,1,1
NA,NA,-2.95877961913012,0,0
NA,NA,0.0808882391991137,0,0
NA,NA,0.110137804617221,0,0
NA,NA,0.213448326312653,0,0
NA,NA,-1.55781961263232,0,0
0.430701787523733,0,0.216211546257758,1,0
6.01145091819025,1,0.18766381702644,1,0
NA,NA,1.2586221252136,0,0
NA,NA,0.523517780908964,0,0
8.00864576090877,1,1.11545427747996,1,0
NA,NA,-0.957502242170469,0,0
NA,NA,-0.124405579855432,0,0
3.49216637508654,0,0.191737829049968,1,0
NA,0,0.272217250603347,1,1
NA,NA,-0.693814463673254,0,0
NA,NA,1.47917192085213,0,0
NA,NA,-0.611767021642771,0,0
NA,NA,-1.61430997435935,0,0
2.59559670067055,0,0.40249011059067,1,0
6.43915996424681,1,0.664555447289484,1,0
NA,NA,0.944127070994937,0,0
NA,NA,-0.946260797708289,0,0
NA,NA,-0.248288449238896,0,0
NA,NA,-1.32843646853908,0,0
9.99302072875112,1,0.844763742098917,1,0
6.50906942099541,1,0.347696732438648,1,0
NA,NA,0.913762586431107,0,0
NA,NA,0.608274553380681,0,0
NA,NA,-0.607547987804487,0,0
NA,NA,0.179658070871844,0,0
NA,NA,-1.90840941941738,0,0
5.24735855673876,0,0.502946257689096,1,0
2.01204975594601,0,0.968899153478499,1,0
NA,NA,-0.875737125773327,0,0
NA,NA,-2.13602453869801,0,0
NA,NA,-1.52282758158501,0,0
4.03334819222293,1,-1.11311820788607,1,0
8.93559576605171,1,1.2409838955359,1,0
NA,NA,0.00348193506299025,0,0
NA,NA,-1.23779458599307,0,0
NA,NA,0.555699118898025,0,0
NA,NA,-2.1831493493599,0,0
NA,NA,-0.247024457097248,0,0
NA,NA,1.11285692758645,0,0
NA,NA,-0.341673237009086,0,0
6.61710106526366,1,1.30543834214107,1,0
9.10910609308437,1,1.79532387144079,1,0
NA,NA,-1.16783522747345,0,0
NA,NA,-1.15228762498202,0,0
2.81778960576143,1,-0.914455469345649,1,0
7.38373516169766,1,0.52872803253363,1,0
NA,NA,0.835078927048582,0,0
NA,NA,1.20913697409153,0,0
8.9258494566063,1,1.29947254536082,1,0
7.33344190959024,1,1.07573230420989,1,0
6.91837926770801,1,0.939801023514297,1,0
NA,NA,0.163374693406766,0,0
1.52252658667558,1,-0.888138558640392,1,0
NA,NA,-0.72616098275635,0,0
6.75243913723177,1,0.407597005613739,1,0
NA,NA,1.68353633925179,0,0
NA,NA,1.70597982356461,0,0
NA,NA,-1.92616670082608,0,0
NA,NA,-0.833998015228465,0,0
NA,NA,1.41913251633319,0,0
NA,NA,-1.06410971501924,0,0
NA,NA,-1.61357747248045,0,0
NA,NA,0.599811088697427,0,0
NA,NA,1.73296470538705,0,0
10.4787599719895,1,1.93450456245773,1,0
6.10925019490787,1,0.532820575670794,1,0
NA,NA,0.719665756019784,0,0
NA,0,0.560093385755184,1,1
NA,NA,-0.018086931659967,0,0
NA,NA,-3.37173908255051,0,0
NA,NA,0.760703244759755,0,0
NA,NA,-0.39122685224321,0,0
NA,1,1.00990122381185,1,1
NA,NA,-0.626973147073749,0,0
NA,NA,-1.63457736950186,0,0
4.65195553848981,0,1.24524265203048,1,0
1.8649772700004,0,0.181377446555404,1,0
6.2852189771654,0,3.4953042639856,1,0
7.57099118629016,1,0.915591913326913,1,0
3.0452335591275,0,1.04850651742624,1,0
NA,NA,0.763824936934856,0,0
NA,NA,-0.6033873768594,0,0
NA,NA,-0.370429662702776,0,0
8.66169507029348,1,1.05982593833365,1,0
6.85543731626573,1,1.05511052983939,1,0
NA,NA,0.582972161120319,0,0
NA,NA,-0.986567435539539,0,0
7.80423535891277,1,1.68462181174398,1,0
NA,NA,-1.36684104568263,0,0
3.30743473132482,1,-0.433214348611114,1,0
10.5181701857583,1,2.32505849371513,1,0
NA,NA,0.524122181151092,0,0
NA,NA,0.970733416408591,0,0
6.92858766779231,1,0.376973397152614,1,0
NA,NA,-0.995933396542156,0,0
3.56363652883159,1,-0.597482913048045,1,0
NA,NA,0.165251423080152,0,0
NA,NA,-2.92847717857757,0,0
0.660215688663242,0,-0.847914226578549,1,0
8.91839029103641,1,0.798584512223446,1,0
NA,NA,-0.298455987965219,0,0
NA,NA,-0.283611376945371,0,0
NA,NA,0.869519306648764,0,0
NA,NA,-0.544355284698977,0,0
NA,1,0.628803235377603,1,1
NA,NA,-1.42233445794539,0,0
NA,NA,-1.22751263333428,0,0
0.200451056739164,1,-1.67410551574443,1,0
NA,1,0.0843984822448786,1,1
NA,NA,-0.2061256639704,0,0
3.968669116047,0,1.44187164028206,1,0
3.62292109158698,1,-0.0417821033853644,1,0
NA,NA,1.35375447776378,0,0
6.86009739241181,0,1.94522527592283,1,0
NA,NA,-0.490938233708141,0,0
NA,NA,0.388439074944612,0,0
0.0231992263613525,0,-0.84489325918598,1,0
NA,NA,0.737990367871089,0,0
NA,NA,-1.07976033128386,0,0
NA,NA,-1.02647387624363,0,0
NA,NA,0.288793361578875,0,0
NA,NA,0.0908113192871749,0,0
2.72575838359213,0,0.262623176711222,1,0
NA,NA,0.0693349127912537,0,0
NA,NA,-0.528643818856825,0,0
3.3155266009091,0,-0.130202164518766,1,0
NA,NA,1.62015874435582,0,0
NA,0,-0.0178951233234706,1,1
NA,NA,-1.31848939894929,0,0
NA,NA,-0.844560160581277,0,0
NA,NA,-1.10181487249111,0,0
NA,NA,-0.900090143007498,0,0
NA,NA,-1.26108391982248,0,0
NA,NA,-2.6258489024829,0,0
6.7245239732238,1,0.669065749190573,1,0
NA,0,0.660041509230777,1,1
0.265184540583851,0,-0.25060043539111,1,0
NA,NA,-0.723797316953819,0,0
NA,NA,-0.812181632329413,0,0
NA,NA,0.398734336018413,0,0
2.38842257977368,0,0.226563573879377,1,0
7.25881047017486,1,0.42164357975321,1,0
NA,NA,0.00483794372409907,0,0
NA,NA,0.618983915096519,0,0
5.6749957856918,1,0.431133944485928,1,0
NA,1,0.558312370187223,1,1
3.18192165339805,0,0.495961280672009,1,0
9.04404465399092,1,1.66188574094578,1,0
NA,NA,-1.0550346122045,0,0
NA,1,1.50832468678,1,1
NA,NA,-0.334208656655074,0,0
NA,NA,-0.0649807438184409,0,0
NA,NA,0.0810815387134028,0,0
0.889634379640718,0,-0.448214795538841,1,0
NA,NA,-2.55380695026597,0,0
NA,NA,-0.312932535119014,0,0
NA,NA,0.0413831520402976,0,0
NA,NA,-1.73772806133762,0,0
7.12909980737957,1,0.54993965969838,1,0
0.340029188052417,0,-0.597273692593322,1,0
8.59547101612326,1,1.44774180603655,1,0
4.5561569199648,1,0.264868114264259,1,0
NA,0,-0.788782807782472,1,1
NA,NA,0.167732220671529,0,0
NA,NA,0.25758310820126,0,0
NA,1,0.912047367450309,1,1
NA,NA,-0.156872382554867,0,0
NA,NA,-2.03337570844709,0,0
0.74538628675258,0,-1.29966582307858,1,0
0.114074956674841,0,-0.857250659929035,1,0
NA,NA,0.426265294536191,0,0
NA,NA,-0.284836263084754,0,0
NA,NA,-0.614368541969862,0,0
1.1852236098442,0,-0.844890832157483,1,0
2.21811181959845,0,0.153694957218872,1,0
0.0923909004039302,0,-0.851432275778188,1,0
1.27300564789376,0,-0.397921072942885,1,0
NA,NA,-0.939977226280953,0,0
NA,NA,-1.38825374141942,0,0
NA,NA,0.955184588863398,0,0
1.93490327007298,1,-1.31749547003238,1,0
NA,NA,0.0730291461596218,0,0
5.39115171225337,1,-0.56818584856837,1,0
NA,NA,-1.05845066878383,0,0
2.33416615079111,0,0.259313538417069,1,0
NA,NA,0.373134504519161,0,0
7.66344906570616,1,1.26466676928415,1,0
3.17253264894988,0,0.325224996068265,1,0
NA,NA,-0.138467319508306,0,0
3.88737972708056,0,2.6024688972798,1,0
NA,NA,-0.650284428487915,0,0
NA,NA,-1.00318322831336,0,0
NA,NA,-0.535113912874478,0,0
NA,NA,-0.110414566776788,0,0
NA,NA,0.600430169313573,0,0
NA,NA,0.415845059598682,0,0
3.73514213637971,1,-0.105750646676992,1,0
0.413264636815788,0,-0.856562538246121,1,0
7.54639510452118,1,1.12732733432216,1,0
3.56992530983386,0,0.916281621448453,1,0
NA,NA,-0.724379592724361,0,0
7.75943976190214,1,0.686779087574742,1,0
5.84100991240784,1,0.450085791644612,1,0
4.82042676920293,0,1.04522160610504,1,0
NA,NA,0.149629034437439,0,0
NA,NA,-1.14106715320069,0,0
NA,NA,0.802499402419657,0,0
NA,NA,-0.728716530969446,0,0
NA,NA,0.527209285728481,0,0
NA,1,1.67347877221231,1,1
NA,NA,-1.41882802027083,0,0
3.25106368183175,0,1.56191080116889,1,0
8.30199360485781,1,1.35316100891808,1,0
NA,NA,-0.528696776691558,0,0
4.19344117428195,1,-0.251272775479278,1,0
NA,NA,-0.685847686292498,0,0
NA,NA,-0.570367652254122,0,0
3.44077932595236,0,0.579631381546157,1,0
NA,NA,-0.898959005252115,0,0
2.48613250676629,0,-0.190329887912783,1,0
NA,NA,-0.143903377346461,0,0
NA,NA,-0.0965726512875553,0,0
NA,NA,0.181446715722357,0,0
NA,NA,1.59657420918631,0,0
NA,NA,-0.451331739893457,0,0
NA,NA,-0.794880224800819,0,0
6.36169342839,1,0.792284349652293,1,0
NA,NA,0.380472299761027,0,0
2.04769784917235,0,0.235787982992453,1,0
NA,NA,0.59098826352041,0,0
NA,NA,-1.41193020207889,0,0
7.30548709047994,1,1.06329579229111,1,0
7.19176851988685,1,0.453917878897591,1,0
8.17921383781965,1,0.951312977019787,1,0
NA,NA,-0.598517713401516,0,0
NA,NA,-1.84194005034614,0,0
NA,NA,-0.484589533147934,0,0
NA,NA,-0.906846815023397,0,0
NA,1,2.22276244740438,1,1
NA,NA,-0.41346657637618,0,0
3.57401700308071,1,-0.215673846704644,1,0
NA,1,1.06297852007115,1,1
NA,NA,0.620346526580243,0,0
7.67912388175323,1,0.673066651879,1,0
NA,1,2.63370956294833,1,1
NA,NA,0.16611439867297,0,0
NA,0,1.90517553753426,1,1
NA,NA,0.253718401313083,0,0
NA,NA,-1.4590219672543,0,0
NA,NA,-2.22724824128035,0,0
NA,NA,0.649683551167725,0,0
3.20862438935214,1,-0.999249864768557,1,0
3.30659100920002,0,0.0419723836763139,1,0
NA,NA,1.77704370004004,0,0
1.59528170451743,0,0.347182677337207,1,0
NA,NA,-0.287097446149789,0,0
NA,NA,-1.92457665210911,0,0
0.594369652472406,1,-0.800649109339913,1,0
NA,NA,-0.575617970726623,0,0
7.43034762857723,1,0.684205732670356,1,0
NA,NA,0.483457347617138,0,0
NA,NA,0.0139634087073798,0,0
NA,NA,0.180243734625121,0,0
NA,NA,-0.2881232483085,0,0
NA,NA,0.0302272228902285,0,0
NA,NA,0.271674108529486,0,0
NA,1,0.449158427413426,1,1
8.91812471012319,1,1.82762765843039,1,0
NA,NA,-1.11202371088381,0,0
4.00133603862217,0,1.47480743158371,1,0
NA,NA,0.671512460144391,0,0
NA,NA,-1.54532854371443,0,0
5.00228751947201,1,-0.277047227991105,1,0
NA,1,-0.62934299197198,1,1
NA,NA,-0.933000451619752,0,0
NA,NA,-1.53788648422826,0,0
2.30301289304876,1,-0.494102049599945,1,0
NA,NA,-0.435360015270196,0,0
NA,NA,-0.323544676280226,0,0
NA,NA,-2.06111361891619,0,0
NA,NA,0.441502555095545,0,0
NA,1,0.746351246566367,1,1
NA,NA,0.789642873824685,0,0
3.93519889143534,0,0.770740507039544,1,0
2.86318907322088,1,0.200506317830367,1,0
4.40847971153513,0,1.46835003167775,1,0
NA,NA,-0.876455483940753,0,0
NA,1,-1.22660469372111,1,1
6.88725991762426,1,0.337837919974576,1,0
1.90826441488945,0,0.440824087254149,1,0
NA,NA,-0.746516451736769,0,0
NA,NA,0.0366061204319243,0,0
2.46003382732607,0,0.323309624203048,1,0
4.44930507835219,0,0.379676032401592,1,0
NA,0,0.876556495795362,1,1
NA,NA,0.933387987569637,0,0
NA,NA,-2.42880752268242,0,0
10.1465857032687,1,1.72799402342117,1,0
NA,NA,0.456002646277211,0,0
NA,NA,-0.570360345745652,0,0
NA,NA,-1.11462440217797,0,0
NA,NA,0.905064265563895,0,0
NA,NA,0.328096015484134,0,0
NA,NA,1.07808996004782,0,0
NA,NA,-0.060315553702501,0,0
2.56220870982184,0,-0.243518761963125,1,0
10.9690406455444,1,2.24142256068828,1,0
NA,NA,-2.03599297085583,0,0
NA,NA,0.390914465082838,0,0
5.79138184239246,1,0.384813342899653,1,0
NA,1,0.438695599541397,1,1
1.99751522237365,0,0.55814090204657,1,0
0.1993100514694,0,-0.276406382977446,1,0
4.88202323422835,0,1.16628807898223,1,0
-0.944420863745126,1,-2.45427723493739,1,0
NA,NA,-0.805566259454567,0,0
NA,NA,-0.119144550620025,0,0
NA,NA,0.163216234138794,0,0
NA,NA,0.406479507762917,0,0
NA,NA,0.639339995644309,0,0
NA,NA,-1.50851763737235,0,0
NA,NA,0.00767060439702689,0,0
NA,1,0.524168022000385,1,1
7.85725310149047,1,1.32633587157079,1,0
4.94407174749966,1,-0.113567734432564,1,0
NA,1,1.59914947839686,1,1
1.89745142272176,0,-0.281528098928179,1,0
2.91861022355821,1,-0.0498981389105064,1,0
1.48560198812673,0,0.160214127321124,1,0
1.29304658602152,0,-0.502380562405328,1,0
NA,NA,0.715938048776189,0,0
0.150961752387798,0,-1.34578730316321,1,0
NA,NA,-0.0056435653021491,0,0
NA,NA,-0.540542549739533,0,0
2.88282650281446,1,-0.547073740849682,1,0
7.8320162248125,1,1.15144538704443,1,0
NA,0,1.05221968194591,1,1
3.62073681017191,0,1.59802652870266,1,0
NA,NA,-0.263796793108458,0,0
5.15844154316622,1,0.0324007875469165,1,0
-0.801114441142806,0,-1.55158330768591,1,0
NA,NA,-0.388179430024523,0,0
9.57644191083938,1,1.76414812218013,1,0
0.94749638928937,0,-0.41652772756372,1,0
NA,NA,-1.16633868878939,0,0
NA,NA,0.0418945661851059,0,0
3.61028189258555,0,1.24648913025954,1,0
NA,NA,-1.57797130420835,0,0
1.28344865525152,0,-0.253820471789102,1,0
NA,1,0.467830542050614,1,1
NA,1,1.97752999445585,1,1
NA,1,-0.615605794843624,1,1
NA,0,1.51942160121109,1,1
0.105195847672036,0,-0.43289519356181,1,0
NA,NA,-1.03101770806171,0,0
NA,NA,-1.13433449832271,0,0
NA,NA,-0.221098125377531,0,0
2.30268085620156,0,-0.0224146989039466,1,0
0.484363036269034,0,-0.32290182802397,1,0
2.98568934467052,0,1.05222315972554,1,0
NA,NA,0.189541165695199,0,0
1.08380790298975,0,-0.105827608865873,1,0
NA,NA,-0.602554472532716,0,0
NA,NA,-1.29601593126204,0,0
NA,NA,-1.95932663870655,0,0
NA,NA,0.21341173052117,0,0
NA,NA,0.0253358701112366,0,0
8.38518005412769,1,1.36502318785994,1,0
NA,1,0.291093808244857,1,1
NA,1,0.79721770112609,1,1
NA,NA,0.0409863743756614,0,0
NA,NA,-0.818324049625889,0,0
5.81974723368612,1,0.289640643164427,1,0
NA,NA,0.339787111301115,0,0
NA,NA,-0.817392730763433,0,0
2.457960729812,0,-0.0287493152280801,1,0
NA,1,2.00078165111199,1,1
NA,NA,-1.12926606328462,0,0
NA,1,1.47217859206972,1,1
3.56536893028252,1,-0.227068916484902,1,0
NA,NA,1.48231059624201,0,0
3.42418688627472,1,-0.843053174487288,1,0
NA,NA,-0.0661953274558979,0,0
NA,NA,0.311233498357864,0,0
NA,NA,-0.112590228303414,0,0
NA,NA,0.658738838942645,0,0
NA,0,-0.16686150010949,1,1
NA,1,1.20887346516015,1,1
NA,1,0.170419433884223,1,1
NA,NA,0.692419636244747,0,0
-0.417473937467341,0,-1.18554693655878,1,0
2.46229017887344,1,-0.658389290697043,1,0
3.49681707685015,0,1.08950794879155,1,0
NA,NA,0.508785941160661,0,0
0.858650967322635,0,-0.135906625600424,1,0
2.2260647461398,0,-0.108782736956893,1,0
4.2365032939006,0,0.754900160454641,1,0
0.815704189044713,0,-0.223811321619966,1,0
2.41168789712607,0,0.0749551709399243,1,0
NA,NA,-1.64595480215,0,0
NA,NA,1.77400936515502,0,0
2.61787836507555,0,0.765967915976574,1,0
NA,1,0.832287843010755,1,1
NA,NA,-1.90545752247312,0,0
2.48971633904969,0,-0.0208366761944145,1,0
1.14184054078042,0,-0.408933912448218,1,0
NA,NA,-1.3763863065768,0,0
6.29663744931735,1,0.727430374393256,1,0
8.47608251777463,1,1.23413078123709,1,0
NA,NA,-0.553224405877467,0,0
3.45158922721412,0,-0.229190177928735,1,0
7.28688666621697,1,1.71146198892227,1,0
NA,NA,-1.64980790329702,0,0
NA,NA,0.744220785437818,0,0
NA,NA,-0.314021323980916,0,0
NA,NA,-0.115310841404454,0,0
NA,NA,-0.61097434277214,0,0
NA,1,1.09669537901904,1,1
NA,NA,-1.12716761108376,0,0
5.77660383963733,1,0.962609492438297,1,0
7.96734475302847,1,1.40646401623189,1,0
NA,NA,-1.6416495088997,0,0
NA,NA,-1.12690419254923,0,0
NA,NA,0.591545480502423,0,0
NA,NA,-0.956309119505936,0,0
3.26123316303067,0,-0.691529886346393,1,0
NA,NA,-0.445352767351361,0,0
5.83710707582081,1,-0.344484228326568,1,0
NA,NA,0.703698185246122,0,0
NA,NA,-0.60300576479426,0,0
NA,NA,0.0893504124146815,0,0
NA,1,0.737494637219904,1,1
NA,NA,-1.54037944457177,0,0
NA,NA,-0.689632292648809,0,0
4.6250870852137,1,0.859793460209431,1,0
NA,NA,-0.376519740675772,0,0
NA,NA,-2.53508347030523,0,0
3.32935147945835,1,-0.857809228617209,1,0
NA,NA,0.816026406926163,0,0
NA,NA,-0.426588909225775,0,0
0.228317133239495,0,-0.40463684004168,1,0
NA,NA,-0.145769224262472,0,0
NA,NA,0.71946636806737,0,0
NA,NA,-0.491090752219327,0,0
NA,NA,0.475958438418499,0,0
NA,NA,0.573153668052675,0,0
NA,NA,-1.01885957771565,0,0
NA,NA,-0.0618722344363663,0,0
NA,NA,-0.538305101604451,0,0
4.26034459097882,0,0.416954726110764,1,0
NA,NA,-1.50827665613024,0,0
9.8638411538316,1,1.53916992776747,1,0
8.782553324478,1,1.346018088596,1,0
NA,0,-0.842855777501525,1,1
NA,NA,-0.669874227807658,0,0
0.928746224585622,0,-0.908487448146122,1,0
NA,NA,-0.136540641797694,0,0
NA,NA,-0.501037963291251,0,0
NA,0,0.1126384468164,1,1
NA,NA,-1.87521756309427,0,0
NA,0,0.158546714458315,1,1
6.08467973721028,1,0.0155626712640042,1,0
-0.619602049810663,0,-1.60060346126013,1,0
NA,1,0.275973089169957,1,1
NA,NA,0.0549526398709077,0,0
4.7707418566494,1,-0.230573354697258,1,0
NA,0,-0.0132162906038914,1,1
NA,NA,0.384949196022327,0,0
2.66563585907885,0,0.346723717001246,1,0
NA,NA,-0.431612760578627,0,0
NA,0,1.1501780393287,1,1
NA,NA,-0.0365321928878792,0,0
NA,NA,-0.135801421736564,0,0
NA,NA,0.944618045644523,0,0
NA,NA,0.992041361670064,0,0
NA,NA,-0.700669754968901,0,0
NA,NA,-0.991058671834594,0,0
NA,NA,-0.705618052658819,0,0
NA,1,-1.17577589332822,1,1
NA,NA,-1.78119695174032,0,0
5.72664179769908,1,0.310607521838391,1,0
NA,NA,-0.145110360949431,0,0
4.11473059327994,0,0.642549753692457,1,0
NA,NA,-0.00165936230130426,0,0
6.83904720174497,1,0.409162962077351,1,0
NA,NA,-0.496058147310148,0,0
NA,NA,-0.960107958901165,0,0
NA,NA,0.778132224570433,0,0
2.52922740571138,0,0.761120616327841,1,0
0.0544229511052104,0,-1.73371218388323,1,0
NA,1,0.877294651826758,1,1
NA,NA,-1.7733714389337,0,0
NA,0,-0.0456873243111543,1,1
4.22158830920907,1,-0.394872253984139,1,0
NA,NA,-0.128056266421018,0,0
8.43776039390115,1,1.09623773188662,1,0
NA,NA,-1.2552178606199,0,0
NA,NA,-0.265483694629895,0,0
6.62671687160422,0,2.55330249004026,1,0
NA,NA,-1.47830630595052,0,0
NA,NA,-0.626587568230723,0,0
NA,NA,-0.0410520223413907,0,0
NA,NA,0.199953219832439,0,0
NA,NA,-0.533305600527376,0,0
NA,NA,-0.266032317684011,0,0
NA,0,1.08414781411867,1,1
NA,1,-0.180745479625044,1,1
NA,NA,0.251555319378233,0,0
NA,NA,0.369542235154893,0,0
7.32747741538066,1,0.407034259389767,1,0
1.91700783393789,0,0.492505019245782,1,0
NA,NA,0.0546325790523077,0,0
3.20613692239482,1,-0.708674076161911,1,0
3.40815270189887,0,-0.0582707524435477,1,0
-1.34772806019966,0,-0.963421822237506,1,0
NA,1,0.0933932966058741,1,1
NA,NA,-0.347901133459108,0,0
2.9493975682119,0,-0.118334438145549,1,0
NA,NA,-1.09909095717492,0,0
NA,NA,-0.283076412422231,0,0
NA,NA,-1.08973467284561,0,0
NA,NA,-0.405665544099862,0,0
NA,NA,0.526907259597763,0,0
NA,1,0.240419981775496,1,1
NA,NA,0.898362457249367,0,0
7.11054240589997,1,0.487968126935476,1,0
0.656771949684933,0,0.111991365197539,1,0
NA,0,0.998313347136219,1,1
6.67582857214912,1,1.19171680875342,1,0
NA,NA,-1.39938756712371,0,0
8.15660860449582,1,0.892147736646772,1,0
NA,NA,0.777958970340806,0,0
NA,NA,0.94191451634695,0,0
NA,NA,-0.908802712301102,0,0
9.65658027823228,1,2.40893084447621,1,0
NA,NA,-2.59425017430808,0,0
NA,NA,0.00686303751409395,0,0
NA,NA,0.118106668928336,0,0
NA,NA,-0.14969732641009,0,0
NA,NA,0.747873287863168,0,0
NA,NA,0.12403480689883,0,0
NA,NA,-0.778054747212651,0,0
5.50694511744755,0,1.41003330549222,1,0
NA,0,-0.293911808229858,1,1
3.99041552835452,0,0.610678645005375,1,0
NA,0,-0.666510079863262,1,1
NA,NA,-1.0598828782705,0,0
NA,NA,-0.605838699162315,0,0
NA,NA,-1.05684142085412,0,0
NA,0,0.533106472674961,1,1
NA,NA,-1.55209261464742,0,0
NA,NA,-0.978489465308578,0,0
NA,1,0.0272183551599775,1,1
NA,NA,-1.71557231699709,0,0
NA,NA,-0.504888026492709,0,0
NA,NA,-0.304922680917571,0,0
10.1269279497909,1,1.34607823542665,1,0
NA,NA,-0.257536690796696,0,0
NA,NA,-0.523287300658334,0,0
NA,1,-0.663217798972631,1,1
NA,NA,0.447221039692659,0,0
NA,NA,-0.319450981926009,0,0
NA,NA,-0.543778849936917,0,0
4.29467231301975,1,-0.279673442488512,1,0
NA,NA,1.06523260036693,0,0
NA,1,1.56782874914562,1,1
NA,NA,-0.643112078958536,0,0
NA,NA,0.0205217485106878,0,0
NA,NA,-0.324184458375485,0,0
NA,1,1.85739602217537,1,1
NA,NA,0.590763995069064,0,0
NA,NA,-1.7806267173964,0,0
NA,NA,-0.434108699575314,0,0
NA,NA,-2.29274971170602,0,0
4.45063772040775,1,-0.0929652384515409,1,0
6.20979740909695,1,0.70396445332971,1,0
NA,NA,-0.894489621256767,0,0
NA,NA,-1.28250679207462,0,0
3.86409153361963,0,1.25578417415048,1,0
NA,NA,-0.964629979588376,0,0
8.83260859319136,1,0.907783881064091,1,0
6.82936617483955,1,0.214073613669174,1,0
NA,0,0.881023122748974,1,1
3.3503209077532,0,1.00254499828277,1,0
NA,1,1.13991050456775,1,1
7.85602018196526,1,1.23603585230776,1,0
NA,NA,0.295401510142675,0,0
NA,NA,0.171761023605458,0,0
NA,NA,-0.955389282695439,0,0
1.9736657322732,1,-1.21040912105673,1,0
NA,NA,-0.601382997836582,0,0
NA,NA,-0.135816136579885,0,0
NA,NA,-0.98727278492051,0,0
6.51124423300691,1,0.831925014618267,1,0
NA,NA,-0.795059516415481,0,0
NA,NA,0.340464612015827,0,0
NA,NA,0.870429820346915,0,0
NA,NA,-1.18216100524638,0,0
4.53201897279094,0,1.02289397573496,1,0
NA,NA,-2.10843457624333,0,0
2.27220541684288,0,0.229762637699325,1,0
NA,1,1.51171079155376,1,1
NA,0,0.555437989150677,1,1
2.88439356287217,0,0.914878801249372,1,0
NA,NA,-0.553396624279516,0,0
NA,NA,0.298376089510017,0,0
6.28503401250824,1,1.10637953965214,1,0
NA,NA,-1.32914958483242,0,0
8.08108142330444,1,1.00169412888602,1,0
NA,NA,-1.40930387375741,0,0
NA,NA,-0.498781024681268,0,0
13.341680577929,1,2.62275685248845,1,0
NA,NA,0.510665566028528,0,0
NA,NA,-0.0908431942191987,0,0
NA,1,0.978765679210879,1,1
NA,NA,-0.243808656888315,0,0
NA,NA,0.621808959213633,0,0
0.9111046988008,0,-0.344595219846323,1,0
NA,NA,-2.35522454584149,0,0
NA,1,0.472387633353643,1,1
4.40937007311694,1,-0.511480194786914,1,0
NA,NA,-0.573602199756116,0,0
NA,0,0.00379720372860315,1,1
NA,NA,1.34255092952781,0,0
NA,NA,0.295461511559413,0,0
4.98569673530646,1,0.841786943605435,1,0
NA,NA,0.62906429822047,0,0
NA,NA,0.101598399463067,0,0
2.84651846147763,0,0.671120874661012,1,0
NA,0,-0.138316374561719,1,1
NA,NA,-1.24931225315241,0,0
NA,NA,0.347635244215357,0,0
NA,NA,-2.27781365917161,0,0
NA,NA,-0.986209181193632,0,0
NA,NA,-0.0595413435522069,0,0
NA,NA,-0.160759490474124,0,0
NA,NA,-0.420361520340292,0,0
NA,NA,0.988591016328615,0,0
NA,NA,-1.06961379110863,0,0
NA,NA,-2.61364346701511,0,0
NA,1,0.780451897662152,1,1
NA,NA,0.0451050735540702,0,0
NA,NA,-0.108489158897566,0,0
NA,NA,-0.391224310070966,0,0
NA,NA,-1.6869995043286,0,0
NA,NA,-0.95270445515168,0,0
7.80417021659564,1,0.507414112103395,1,0
NA,NA,0.0188160990067223,0,0
NA,NA,-1.41891037358562,0,0
NA,NA,0.598171931352236,0,0
NA,NA,0.786379621743228,0,0
NA,NA,-0.134633045902237,0,0
NA,NA,-0.016386517615323,0,0
8.7911011607485,1,1.40914040823509,1,0
NA,NA,0.394838698802266,0,0
4.27630145447452,0,1.21987512807247,1,0
NA,NA,-0.0450772128729762,0,0
NA,NA,1.47948784483878,0,0
NA,NA,-0.0756837866923921,0,0
3.22251281396824,0,0.917748457199555,1,0
NA,NA,-0.344778713742413,0,0
NA,NA,-1.07700265605392,0,0
3.10613438361694,0,1.00160472735829,1,0
11.2155709828667,1,2.29600404077134,1,0
1.03747722803336,0,-0.325878115450014,1,0
NA,NA,1.46885612852932,0,0
NA,NA,-0.236908933173859,0,0
7.90039478043566,1,0.923493117890428,1,0
NA,NA,-0.989191806701409,0,0
NA,NA,0.275646278286709,0,0
NA,NA,-0.763661093561037,0,0
-0.363328349215692,1,-1.35211198419997,1,0
NA,NA,0.655024410228004,0,0
NA,1,1.60964676035496,1,1
NA,NA,-0.788506965877911,0,0
2.23079704877619,0,-0.883876112525995,1,0
NA,NA,-1.07251461179358,0,0
NA,NA,-0.458140981447841,0,0
NA,NA,0.665647015578227,0,0
6.02750302483099,1,0.712228212418725,1,0
6.76442433167553,1,0.442954227499162,1,0
NA,NA,0.759587312059179,0,0
NA,NA,-0.468877666019124,0,0
NA,NA,-0.172709977883837,0,0
NA,NA,0.682049899385807,0,0
6.70533510410445,1,-0.281577328241543,1,0
NA,NA,-0.961622573931821,0,0
NA,NA,-1.37765014473256,0,0
NA,1,2.69758663663836,1,1
NA,NA,-1.69971505556293,0,0
NA,1,0.0293166527942015,1,1
11.4398580826682,1,1.93431433615124,1,0
6.94968902104962,1,0.837510875177963,1,0
NA,NA,-0.185346331084667,0,0
NA,NA,0.533329177764386,0,0
NA,NA,1.78495624201476,0,0
NA,NA,0.189627819830131,0,0
NA,NA,-0.5690875121866,0,0
NA,NA,1.45189294457212,0,0
NA,0,1.86899345256532,1,1
NA,NA,-0.984554893737541,0,0
NA,0,0.718756763904366,1,1
NA,0,0.129347296958262,1,1
3.49879926322844,0,0.701641308893363,1,0
1.6643751847317,0,0.526697831887448,1,0
NA,NA,-0.0205130989546023,0,0
NA,NA,0.438251047306971,0,0
NA,NA,-1.21052856570154,0,0
NA,NA,-1.4044199438289,0,0
4.10208501661336,0,0.720749157209312,1,0
NA,NA,0.0860355032767252,0,0
NA,NA,-0.13161704140846,0,0
NA,0,-1.67605197893984,1,1
NA,NA,-0.569497990768114,0,0
6.88505984494164,1,0.192205150896545,1,0
NA,NA,-0.486322920752822,0,0
NA,NA,0.0812840129938752,0,0
NA,1,0.384897246784297,1,1
NA,NA,-0.137501971038181,0,0
NA,1,0.427593109239094,1,1
1.51890519783022,0,-0.243064448539363,1,0
3.27075772908584,1,-0.318352827853891,1,0
NA,NA,-0.254106393508011,0,0
NA,NA,0.638887430163065,0,0
NA,1,0.821065383166085,1,1
9.86112391882893,1,2.33547908658196,1,0
NA,NA,-0.983307557611062,0,0
NA,NA,-0.707457440006258,0,0
NA,NA,0.644149101349918,0,0
NA,1,1.63766532994621,1,1
NA,NA,1.22664817466431,0,0
NA,NA,-0.467705618330812,0,0
NA,NA,-0.678231063737989,0,0
NA,NA,1.69640227133044,0,0
10.548773354146,1,1.54284685008907,1,0
6.70323946165139,1,0.214527592060943,1,0
NA,1,1.70068829575232,1,1
NA,NA,-0.00798682964789259,0,0
NA,NA,-0.817900364802769,0,0
NA,NA,-0.0506101702835437,0,0
NA,NA,0.0799210865490335,0,0
NA,NA,-1.55957109789405,0,0
NA,NA,-0.171497956746292,0,0
1.74830151001906,0,-0.418607092832335,1,0
5.82650889457416,1,0.491286818033161,1,0
NA,NA,-0.53122843123103,0,0
NA,NA,0.482220117734896,0,0
NA,NA,0.536291040049325,0,0
5.6027266530776,1,-0.279324207858902,1,0
NA,NA,-0.0435072647005839,0,0
NA,NA,2.38151529195951,0,0
NA,0,1.54803111335561,1,1
10.4206890774655,1,1.55476199852898,1,0
3.89139141478463,1,0.058111230113913,1,0
3.91526410991884,1,-0.839778915527164,1,0
NA,1,0.571123448655482,1,1
NA,NA,0.0660477825630555,0,0
NA,1,3.58465949292999,1,1
NA,NA,-1.93189555365127,0,0
NA,0,-0.202832504245977,1,1
NA,NA,1.48371520427311,0,0
NA,NA,-2.09851640016451,0,0
NA,0,-0.25964866605676,1,1
3.21376377106144,0,0.334067935887184,1,0
NA,NA,-0.21963759163322,0,0
NA,NA,-0.931771803289107,0,0
NA,NA,-0.122240218296576,0,0
NA,0,1.33852842346176,1,1
NA,NA,-1.34833119004437,0,0
NA,NA,1.41483572450998,0,0
7.63315427691104,1,0.914048945514682,1,0
NA,NA,-1.23668791849331,0,0
0.746638227187315,1,-1.50076035467463,1,0
NA,NA,0.0345386838965327,0,0
5.59350751021754,1,0.286299645402692,1,0
6.4101935689948,1,1.18620809384561,1,0
2.09120754220148,0,-0.037549371842548,1,0
NA,NA,0.420371593973559,0,0
NA,NA,1.28924648234277,0,0
NA,NA,1.17068918509962,0,0
NA,1,0.826093654084712,1,1
NA,NA,0.323917065090484,0,0
2.40772542564922,0,0.380950411454549,1,0
NA,1,1.20261958279329,1,1
NA,NA,1.10220575073214,0,0
2.58909302283424,0,-0.0615149399791465,1,0
3.62037411042845,0,0.364589913995779,1,0
11.8620010710724,1,1.69255229998577,1,0
6.38569995858647,1,1.47136701247198,1,0
NA,NA,-0.977247661344119,0,0
8.73852314103415,1,1.44820167458194,1,0
NA,0,-0.0858556605918652,1,1
NA,NA,-1.57376980165346,0,0
9.81303300119008,1,1.29247615946669,1,0
NA,NA,0.0844677555677161,0,0
2.93183619132409,0,0.967045996480089,1,0
NA,NA,1.93911299421702,0,0
5.87400375064037,1,1.07987263816564,1,0
NA,NA,-0.353593526833153,0,0
NA,NA,-0.134923124718565,0,0
NA,NA,-0.987132433307501,0,0
NA,NA,-0.821708146060393,0,0
2.65185275965894,0,0.489530922514731,1,0
0.423373008601201,0,-0.299277458909478,1,0
5.89510843190113,1,0.658254898574355,1,0
7.18659030364355,1,0.832409549670791,1,0
NA,NA,0.363463261222694,0,0
NA,NA,-0.398645658616952,0,0
0.685952607454684,0,-1.4979299895057,1,0
1.92638307419168,0,0.114628175272466,1,0
NA,NA,-1.03781661733663,0,0
NA,0,0.645978871261567,1,1
NA,NA,0.772845400058577,0,0
NA,NA,0.316014158120416,0,0
NA,NA,-1.03811282479823,0,0
NA,NA,-0.755137290088853,0,0
4.90187916012909,1,-0.491504309692582,1,0
NA,NA,0.147225745107845,0,0
NA,0,2.35650304328533,1,1
NA,NA,-0.920668767105905,0,0
NA,NA,-2.15684778320885,0,0
NA,NA,-0.120400049561303,0,0
NA,NA,-0.839244329563709,0,0
NA,NA,-2.17243990871478,0,0
NA,NA,-0.874307976154287,0,0
3.71504683023439,1,-0.373579348902497,1,0
NA,NA,-1.10219771209642,0,0
NA,1,0.715659860663444,1,1
NA,NA,0.907640305684175,0,0
5.1095200882546,1,-0.324805133785133,1,0
NA,NA,-1.48158593228175,0,0
NA,1,0.594171138863542,1,1
NA,NA,-0.854874687119544,0,0
NA,NA,-0.829917536632547,0,0
1.62307763260766,0,0.149106814964156,1,0
NA,NA,-0.976146041384047,0,0
NA,NA,-0.294684407656388,0,0
4.80517924865113,1,-0.770974915815347,1,0
NA,NA,0.392283707078743,0,0
NA,NA,-0.846305904884495,0,0
NA,NA,-0.843759930930453,0,0
-1.06170129551969,0,-0.961888444288268,1,0
NA,NA,0.0110496533565447,0,0
8.32024820354295,1,1.21494896542184,1,0
NA,0,-0.888878515738284,1,1
NA,NA,0.218101261446603,0,0
NA,NA,-0.656116999607038,0,0
NA,NA,-1.08851584728066,0,0
4.26432703165298,0,1.0911308981077,1,0
NA,1,-0.569227321657799,1,1
4.7840243138273,0,1.6208101305906,1,0
NA,NA,-0.686988445583741,0,0
NA,0,0.656996703568632,1,1
NA,NA,1.1106922152347,0,0
11.635440858086,1,2.14072073006633,1,0
NA,NA,-0.830971809132396,0,0
NA,1,0.0764058561981353,1,1
7.00790235783051,1,0.935824446199053,1,0
NA,1,-0.50166670286481,1,1
NA,0,0.59485346385118,1,1
NA,NA,-0.430651169136371,0,0
NA,NA,-1.13333905267279,0,0
NA,NA,-2.23717155976963,0,0
NA,NA,0.514639572443142,0,0
NA,NA,-0.341907115162922,0,0
NA,1,1.71787742881929,1,1
NA,NA,-1.11637790865796,0,0
NA,NA,-0.488479619162847,0,0
NA,NA,0.807332293407758,0,0
NA,NA,-0.261008741670786,0,0
NA,NA,0.488059917826579,0,0
NA,1,1.35278382096951,1,1
NA,1,2.17681559130925,1,1
NA,NA,0.051387111206838,0,0
NA,NA,-0.838095445235414,0,0
NA,NA,-1.08461500930842,0,0
NA,NA,-0.546532769073342,0,0
1.48805362465408,0,-0.426509704704706,1,0
1.65950743379779,1,-1.21099755539979,1,0
2.61682976666413,0,0.597792997779026,1,0
NA,1,1.42389578908393,1,1
NA,NA,-0.443298625558346,0,0
NA,NA,-1.04033346567429,0,0
NA,NA,-1.27389707840725,0,0
1.23321204240717,0,0.770151612011796,1,0
NA,0,0.031522621976529,1,1
NA,NA,-1.90485475143827,0,0
NA,NA,-0.123755177145571,0,0
NA,NA,0.000328377213438334,0,0
NA,NA,-0.843778344728857,0,0
NA,NA,-1.22133337042893,0,0
NA,NA,-0.452985993615507,0,0
NA,NA,-0.702319931281127,0,0
NA,NA,-0.674380385485126,0,0
NA,NA,-2.30302319048591,0,0
NA,NA,-0.149332904782873,0,0
NA,NA,0.948689589970129,0,0
NA,NA,1.15636246052357,0,0
11.2311883592002,1,2.07435248589762,1,0
NA,NA,0.265289970321459,0,0
NA,NA,-1.05200382914047,0,0
NA,0,0.50234223621863,1,1
NA,NA,1.09984502312187,0,0
11.339857072724,1,1.88650483041417,1,0
6.17590386927741,1,0.811253500689395,1,0
NA,NA,1.41824380879396,0,0
5.20019391423774,1,0.439169901702954,1,0
NA,NA,-1.2775016086011,0,0
NA,NA,-0.861373205211443,0,0
9.67742642553495,1,1.88698587497109,1,0
NA,NA,0.704087313182904,0,0
NA,NA,-0.667720525332029,0,0
NA,NA,-0.705714342057153,0,0
NA,NA,-0.920718579914376,0,0
NA,NA,0.148473291996029,0,0
NA,NA,-0.250017361132774,0,0
NA,NA,-0.941768954111299,0,0
8.01396571748703,1,1.21419901863892,1,0
NA,NA,0.018566433000226,0,0
NA,NA,0.757831699457548,0,0
NA,NA,-0.380062699996006,0,0
NA,NA,0.174948713347219,0,0
NA,NA,1.03352330902476,0,0
NA,NA,0.67572399543247,0,0
2.9053346830678,0,0.94128124291257,1,0
NA,NA,-1.82663007251395,0,0
NA,NA,0.177204381296563,0,0
NA,NA,-0.191807861947269,0,0
NA,NA,-0.650198710009829,0,0
NA,NA,-0.560696341260001,0,0
NA,NA,1.67576579329994,0,0
NA,NA,0.430534600439241,0,0
NA,NA,-0.144606620357246,0,0
7.00221462604043,1,0.939025712144101,1,0
NA,NA,-0.545496749523291,0,0
NA,NA,0.138850363215646,0,0
NA,NA,1.44686231335255,0,0
3.95248692734802,1,-0.332628086150536,1,0
3.00669644540309,1,-0.799156272263214,1,0
NA,NA,-0.548292745132407,0,0
2.70246550945148,1,-1.05079620451942,1,0
5.38737467772904,1,0.252662491033329,1,0
NA,NA,0.327861853995298,0,0
NA,NA,0.855672400490503,0,0
9.7794945365369,1,1.80176227162749,1,0
9.58619567729778,1,1.40524081174873,1,0
NA,NA,-1.25079179413567,0,0
NA,1,1.99910885447275,1,1
NA,NA,0.139278487592147,0,0
NA,NA,-0.386669103439724,0,0
9.67249548214225,1,1.85563569044348,1,0
7.31202793208722,1,0.42885538447628,1,0
NA,NA,1.73079013958977,0,0
NA,NA,-0.0435236741393199,0,0
NA,NA,-0.73108580813751,0,0
NA,NA,-1.96596407622063,0,0
6.43844083620894,1,1.12686531518852,1,0
4.41273865541048,1,-0.888084388434115,1,0
NA,1,0.871359260391993,1,1
NA,NA,0.119893566616341,0,0
NA,NA,0.472434944803404,0,0
7.76331399876672,1,1.26663990982006,1,0
1.10235838890769,0,-0.485316378946902,1,0
NA,NA,-0.461533586184343,0,0
NA,NA,-0.231758337278765,0,0
NA,NA,1.06035377243819,0,0
NA,NA,-0.474785704501272,0,0
NA,NA,-0.175510280957715,0,0
NA,NA,0.796324499089145,0,0
NA,NA,0.77874531585307,0,0
NA,NA,0.796802566246094,0,0
NA,NA,0.0490515728363375,0,0
3.17484027810368,0,0.762612934834823,1,0
NA,NA,0.285993069636396,0,0
NA,NA,-0.632815038152827,0,0
3.26950566796539,0,1.8043844808011,1,0
NA,NA,-1.86301097301425,0,0
NA,1,0.845528381213056,1,1
NA,0,0.341667682894606,1,1
NA,NA,0.0227776061434687,0,0
NA,NA,-0.611399988446644,0,0
5.40609847919669,1,-0.260526772474753,1,0
NA,0,1.80567031464304,1,1
NA,NA,-0.0969992670036506,0,0
NA,NA,-0.384486699785057,0,0
NA,NA,-0.878362142505014,0,0
NA,NA,-0.495578521936919,0,0
NA,NA,-0.0842924535744518,0,0
NA,NA,-1.357722067055,0,0
NA,NA,1.14269781676707,0,0
-0.0299117208537738,0,0.0978270374471885,1,0
NA,NA,1.46502102859676,0,0
NA,NA,0.990435852724288,0,0
2.71255772993482,0,1.41438675072227,1,0
NA,NA,-1.33589776931334,0,0
NA,NA,0.579583638393261,0,0
NA,1,-0.361821214298648,1,1
NA,NA,-0.046852449651786,0,0
NA,NA,-0.599477471411771,0,0
NA,1,0.215104493222833,1,1
2.16697729076691,0,0.0936314854790409,1,0
NA,NA,-2.11983441513135,0,0
1.92349692661264,0,0.852443088824704,1,0
6.63282681901395,1,0.15437457231326,1,0
NA,NA,-0.971861640205415,0,0
0.221311032898436,0,-1.10142783592314,1,0
NA,NA,-0.690244888297098,0,0
NA,NA,-1.58363492221125,0,0
NA,NA,0.137766066513836,0,0
NA,NA,1.50234395496283,0,0
NA,NA,0.192881587148273,0,0
7.026960734487,1,0.527154734523825,1,0
NA,NA,-1.48320629120238,0,0
NA,NA,-1.53920072330941,0,0
NA,1,-0.896432886914323,1,1
3.50667434403765,0,0.721069979748221,1,0
NA,1,-0.884501944686544,1,1
6.64078727276234,1,0.558598525708553,1,0
NA,NA,-0.218737504846289,0,0
NA,NA,0.383623482386597,0,0
NA,NA,-1.03912011024684,0,0
NA,NA,-0.948992248570827,0,0
NA,NA,-0.104160953983452,0,0
NA,NA,-0.208711102723908,0,0
NA,NA,-1.78873019525217,0,0
3.21096383909302,0,0.537084421086505,1,0
NA,NA,-1.94969607009284,0,0
NA,NA,-0.415234461553216,0,0
NA,NA,0.0551296705930179,0,0
NA,NA,-0.701999719088772,0,0
NA,NA,-1.40383903257398,0,0
NA,NA,-0.398823930892521,0,0
3.10377751854949,1,-0.110421799564805,1,0
NA,NA,-0.924078451273399,0,0
NA,NA,-1.35724300041576,0,0
NA,NA,-1.19460448275129,0,0
NA,0,-0.528487779287787,1,1
NA,NA,-0.45262688672095,0,0
NA,NA,1.41948519316134,0,0
NA,NA,-1.28568114451572,0,0
6.95819939569564,1,0.381148939361978,1,0
NA,NA,-0.417468601097774,0,0
4.33619298815336,1,0.092861420787736,1,0
NA,NA,-0.663584535776221,0,0
NA,1,0.802827389507556,1,1
NA,NA,-1.70308264539455,0,0
4.72165729598515,0,0.153907072564843,1,0
3.08512317331651,0,0.0260754999213632,1,0
NA,NA,1.05586337908511,0,0
NA,NA,-0.224467114350504,0,0
NA,0,0.496596389373037,1,1
NA,NA,0.399633954636834,0,0
NA,NA,-0.646912750685488,0,0
NA,NA,-0.0837627647875345,0,0
NA,NA,-0.133621200009519,0,0
NA,NA,1.11960385547419,0,0
0.774721560963513,0,0.239220972582604,1,0
3.35103674235641,0,0.290602215857855,1,0
NA,1,2.34360141841864,1,1
NA,NA,0.4162981123864,0,0
NA,NA,0.362481077869282,0,0
NA,NA,0.531682625476121,0,0
NA,1,1.54804223833981,1,1
NA,NA,0.961488300605771,0,0
2.19412082931742,0,0.338436178606463,1,0
NA,NA,-0.610953004269112,0,0
NA,NA,0.357052050410198,0,0
NA,1,0.141508679877188,1,1
0.33508590634368,0,-1.83629134377865,1,0
NA,NA,-1.54103104639384,0,0
NA,NA,-1.79438286441787,0,0
10.7576895372641,1,1.41451490845874,1,0
NA,NA,0.618337891760976,0,0
NA,NA,-2.35045538719928,0,0
NA,NA,0.467031586094115,0,0
NA,NA,0.0638319381435125,0,0
1.46507182280182,0,-0.256260441820274,1,0
NA,NA,-0.74452203825337,0,0
NA,NA,-1.26902527654423,0,0
NA,NA,0.862628007930791,0,0
0.461189585625495,0,-0.576934671897016,1,0
NA,NA,-0.13226734829003,0,0
NA,1,0.586828100587993,1,1
NA,1,0.535000276997602,1,1
NA,NA,-0.393409936967253,0,0
NA,NA,-0.540609417209361,0,0
NA,1,0.259450915234582,1,1
NA,NA,-1.17827876100886,0,0
NA,NA,0.306138478548671,0,0
5.23418242990634,1,0.173481229120353,1,0
NA,1,0.25057806717021,1,1
NA,NA,-0.277924049161014,0,0
NA,NA,-1.72473573426284,0,0
NA,NA,-2.00670494385569,0,0
NA,NA,-1.29180833046846,0,0
2.08097816002022,0,0.365838228483296,1,0
-0.858882051260779,0,-0.152203253908431,1,0
NA,NA,-0.734094090076209,0,0
NA,NA,-0.781972056981591,0,0
NA,0,0.551567034812709,1,1
NA,NA,-1.61084098443007,0,0
NA,NA,0.748176433090443,0,0
NA,NA,0.449296011237588,0,0
NA,NA,-0.870062520443655,0,0
NA,NA,-0.0977479313579405,0,0
NA,1,0.893100213716266,1,1
9.39730680259108,1,1.35091509526625,1,0
NA,1,1.4889703943085,1,1
NA,NA,0.371067212847268,0,0
NA,NA,-0.214473243512569,0,0
2.96700557748513,0,0.455494589939145,1,0
NA,NA,-0.258111110256068,0,0
NA,NA,-1.00292375210412,0,0
7.87773622503272,1,0.84414348279794,1,0
5.89899890696205,1,0.694658775896635,1,0
NA,1,1.2610037476473,1,1
NA,1,1.66655928933767,1,1
2.33312261913948,0,1.47185793808934,1,0
3.57224957485354,0,0.78931570508443,1,0
NA,NA,-0.0364542711833432,0,0
5.75684808656466,1,-0.091283276642502,1,0
NA,NA,-0.412862939041902,0,0
NA,NA,-0.781061198320081,0,0
3.89671894697453,1,-0.390092785411881,1,0
3.67868491018195,0,0.613837622009258,1,0
NA,NA,0.384677020333242,0,0
NA,NA,-1.20565664981837,0,0
1.74588886833827,0,1.19785122001404,1,0
NA,NA,1.29114126665685,0,0
NA,NA,1.48307160252052,0,0
NA,NA,-1.22359523581159,0,0
NA,NA,-0.41317463437103,0,0
4.4541061177129,1,-0.409580866212294,1,0
NA,NA,-0.451164718262206,0,0
NA,NA,-0.564698951728143,0,0
NA,NA,-0.560010334496702,0,0
NA,NA,-0.970558066992204,0,0
NA,NA,-0.56282354617343,0,0
NA,1,-0.332036443298219,1,1
NA,NA,0.193650109749296,0,0
NA,NA,0.605642856272221,0,0
NA,NA,0.957873599425007,0,0
NA,NA,-0.800818438984397,0,0
0.821021056420428,0,0.0425486556052422,1,0
9.8115168253885,1,2.33570086201341,1,0
NA,NA,-0.461867455821985,0,0
7.51507471558432,1,0.740429906040657,1,0
NA,NA,-0.698344660682268,0,0
7.59742132334227,1,1.06536890145562,1,0
8.05549987019682,1,0.545516821338762,1,0
NA,NA,-0.918209320243205,0,0
NA,NA,1.02519134367607,0,0
NA,0,1.12573840290613,1,1
2.60549145266758,0,0.882800384998406,1,0
NA,NA,-2.76807861085069,0,0
NA,NA,0.143826578856264,0,0
NA,1,1.5198831251518,1,1
NA,NA,-0.171316078021067,0,0
0.181304766236191,0,-0.65814499931795,1,0
NA,0,-0.154294602086388,1,1
NA,NA,-2.3830393163367,0,0
0.21937126199418,0,-1.1382970912816,1,0
4.55755228689274,1,-0.0872555328125386,1,0
NA,NA,0.835326720644203,0,0
NA,NA,0.212110868191506,0,0
NA,NA,0.641346301404555,0,0
NA,NA,-1.0321009677859,0,0
4.1526562449147,0,1.4857706537531,1,0
3.18800121978095,0,1.19047624727791,1,0
4.8196018918331,1,0.617226731476435,1,0
NA,1,-0.172938324465871,1,1
NA,NA,0.861580440756975,0,0
NA,NA,-0.620085924544441,0,0
0.181631827898329,0,-0.878213047268405,1,0
-0.874879064899085,0,-2.22859514687621,1,0
3.76016540333764,0,0.193263225267502,1,0
NA,NA,-2.31265671694031,0,0
NA,NA,-0.0243337921357311,0,0
1.05538677445894,0,0.441340589239052,1,0
NA,NA,0.789576753769568,0,0
NA,1,1.02181962668272,1,1
NA,NA,0.615261159537096,0,0
NA,NA,-0.859577856168591,0,0
NA,NA,0.890748976368977,0,0
NA,NA,0.0632747474874033,0,0
NA,NA,-1.86466105555997,0,0
NA,NA,-0.1131368509232,0,0
NA,NA,-1.78338637587516,0,0
NA,NA,-1.05349044072366,0,0
3.16931343787818,1,-0.619354677304664,1,0
3.036488253432,1,-0.586938576519139,1,0
NA,NA,0.926975731943589,0,0
NA,NA,-0.0654058453375009,0,0
NA,NA,-0.937111758775164,0,0
NA,NA,-0.633859433761415,0,0
NA,NA,-0.575224286015068,0,0
NA,NA,0.188221041759335,0,0
NA,NA,0.539655974462932,0,0
1.74268759844298,0,-0.420884069657012,1,0
NA,NA,-0.339466559977085,0,0
NA,NA,0.518080388363255,0,0
NA,NA,-0.869387621013225,0,0
NA,1,-0.160670914154826,1,1
NA,NA,-0.142616786605041,0,0
2.50354885158553,0,-0.765210967844204,1,0
NA,0,-0.659800571317015,1,1
NA,1,-0.307405440413442,1,1
NA,NA,-0.881927450206018,0,0
NA,NA,-0.0953451587484263,0,0
NA,NA,-1.2759693730741,0,0
6.93315723273902,1,0.375584983964806,1,0
NA,NA,-0.469230372596356,0,0
NA,NA,0.79893320361921,0,0
NA,NA,0.426288199258715,0,0
NA,NA,-0.512132013193506,0,0
NA,NA,-0.347515536975732,0,0
NA,NA,0.609392746386973,0,0
6.63348919374604,1,0.735464318036699,1,0
NA,NA,0.476708560673323,0,0
NA,NA,0.328285766781953,0,0
NA,NA,-1.78126747525362,0,0
NA,NA,0.119396421345399,0,0
NA,0,-1.41829537201652,1,1
NA,NA,0.076034377653877,0,0
NA,NA,-0.660833242210851,0,0
3.11917972255021,1,-0.105506046058469,1,0
NA,NA,-1.18008588758692,0,0
NA,1,-0.164359186462737,1,1
NA,1,1.5194407743176,1,1
NA,1,1.82516507817365,1,1
NA,NA,-2.48863985015353,0,0
NA,NA,-1.65432225038973,0,0
NA,NA,-1.42085528137192,0,0
NA,NA,-1.27629656625184,0,0
NA,1,2.07910079937255,1,1
NA,1,1.01553602068229,1,1
3.17889485801976,0,-0.109612816175039,1,0
NA,NA,0.981518881029313,0,0
11.5039270101455,1,2.26134720681062,1,0
NA,NA,0.637089923803561,0,0
4.51697553035409,0,1.77553654284699,1,0
NA,NA,-1.1475015474698,0,0
NA,NA,-1.07932259375455,0,0
NA,NA,1.06794985879243,0,0
NA,NA,0.89175319136426,0,0
NA,1,0.870096509939708,1,1
2.33891868463707,0,0.48576246486856,1,0
NA,NA,-0.471093692846051,0,0
8.76513139393904,1,0.949629993820546,1,0
NA,1,1.84772759129207,1,1
NA,1,1.24040742887073,1,1
NA,NA,-1.38081421835124,0,0
2.58933204691952,0,0.474676877291482,1,0
NA,NA,0.0123463579876949,0,0
NA,NA,0.0870999372857267,0,0
3.28181916973608,1,-0.182368193763325,1,0
NA,NA,-1.26567026582532,0,0
NA,NA,0.331283912940739,0,0
NA,0,1.35172863098665,1,1
8.91051162953737,1,1.63656573626269,1,0
NA,NA,0.479932228852687,0,0
NA,NA,-0.736315911257857,0,0
NA,NA,-0.583016619413601,0,0
2.58570613981467,1,-0.611431981951386,1,0
NA,NA,0.603350043610892,0,0
1.95617394792522,0,-0.235763339357311,1,0
12.7959584927644,1,2.90421609162339,1,0
NA,NA,-0.268291279315417,0,0
4.77482565400723,1,0.148092848403041,1,0
NA,NA,-0.206794982835284,0,0
NA,NA,-0.642560138451547,0,0
NA,NA,0.847571823884568,0,0
NA,NA,-0.527572126400654,0,0
NA,NA,0.00237075710813171,0,0
NA,NA,-0.281880233551283,0,0
NA,NA,-2.8284746523873,0,0
4.63990720210473,1,0.650930316327698,1,0
5.53405275426904,1,0.157759171113334,1,0
NA,NA,-0.853437022665369,0,0
5.08537295418841,0,1.36310008597407,1,0
NA,NA,-1.26289617117116,0,0
NA,NA,-1.77794654572074,0,0
NA,NA,-0.686919645075559,0,0
-0.244046324437239,0,-1.18433552229326,1,0
NA,NA,0.789677301727648,0,0
4.41019391015273,1,0.0859637709502686,1,0
NA,NA,-0.370061442579403,0,0
NA,1,0.00933636704307702,1,1
NA,NA,-0.951059591672824,0,0
NA,NA,0.181717711397805,0,0
NA,NA,0.190339844032856,0,0
NA,NA,-0.0717387693981193,0,0
NA,NA,-0.00285171005059469,0,0
NA,NA,-1.10821896191248,0,0
NA,NA,0.935191767373595,0,0
NA,NA,-1.48583945173733,0,0
10.479540470316,1,2.22854189842651,1,0
NA,1,1.6241352225378,1,1
NA,NA,0.519764625253335,0,0
NA,NA,-1.352028636762,0,0
NA,NA,0.426123827628841,0,0
NA,NA,-1.66318758520667,0,0
NA,NA,-0.269943621830999,0,0
6.34904674618111,1,0.790790959773877,1,0
8.20567593150528,1,0.840608638772999,1,0
3.03057591637943,0,0.0329694848504644,1,0
NA,NA,-0.238163753848546,0,0
NA,NA,0.263552286150818,0,0
NA,NA,-1.59178517406521,0,0
NA,NA,-0.376235068846935,0,0
10.1719097240503,1,1.81252714991038,1,0
NA,0,-1.73809968261789,1,1
NA,1,1.62911115074531,1,1
NA,NA,0.528105441488507,0,0
NA,NA,-0.360444186597554,0,0
NA,NA,2.23761689061182,0,0
0.395206105987873,0,-0.0401996174749625,1,0
9.93189959939913,1,1.894125331564,1,0
2.92534821888746,0,0.024804649937664,1,0
NA,NA,0.553425403100445,0,0
NA,1,-0.574350945442218,1,1
NA,NA,-0.928337006439503,0,0
NA,NA,-2.00042544129482,0,0
NA,NA,-0.622068696299165,0,0
NA,NA,0.727145566485242,0,0
2.50099980694151,1,-1.10218330324535,1,0
NA,NA,-1.15946277085336,0,0
NA,NA,-0.43890563975272,0,0
NA,0,0.159134206763553,1,1
NA,NA,-0.49460068553302,0,0
7.24597776113262,1,1.21236784558103,1,0
NA,NA,0.292632425911828,0,0
NA,NA,-0.0360424610323628,0,0
NA,NA,-1.10261610256618,0,0
3.67510879273051,1,-0.935640286949069,1,0
NA,NA,0.460837326820304,0,0
NA,NA,-0.332363462610624,0,0
NA,NA,1.10616326882244,0,0
NA,NA,-1.63369360485113,0,0
0.993639052670548,0,0.335192800595372,1,0
NA,NA,-0.524657444990142,0,0
NA,NA,1.4633710753022,0,0
NA,NA,0.427178041986582,0,0
NA,NA,-1.02512982017635,0,0
NA,NA,-1.30805832132281,0,0
NA,NA,0.229601886628634,0,0
2.37687654473595,0,-0.307021277811913,1,0
NA,NA,-0.0838330995421848,0,0
3.95428503057813,1,-0.165731840611065,1,0
5.27801471523794,0,0.655012558663501,1,0
NA,NA,-1.07483472817753,0,0
15.1235472786938,1,3.4709096034659,1,0
NA,NA,0.294080892384018,0,0
4.51652311929623,1,-0.536373846346391,1,0
NA,NA,-0.144773495445704,0,0
4.85024937045242,1,0.542130527840553,1,0
2.01477937001656,0,0.634175193192408,1,0
NA,NA,-1.77485606890494,0,0
NA,NA,-2.06613588468656,0,0
NA,NA,-0.0899069094632118,0,0
NA,NA,0.836802178058687,0,0
5.76622746146244,1,0.166240833093532,1,0
8.42403499278092,1,1.02552557344612,1,0
NA,0,0.403188458132936,1,1
NA,1,0.4115921198628,1,1
10.8576999079268,1,1.68018682802245,1,0
0.818432980312699,0,-1.06210757323509,1,0
NA,NA,-0.791235649678155,0,0
NA,NA,0.388512274160985,0,0
4.87732356148997,1,0.253998499450374,1,0
NA,NA,-2.18716829258598,0,0
NA,NA,0.537800433283471,0,0
NA,NA,-1.28988641170683,0,0
NA,NA,-1.22554397015877,0,0
NA,NA,1.72711355277575,0,0
7.267799630524,1,1.1603578032903,1,0
NA,NA,-0.74816158375162,0,0
9.15249876063797,1,1.66667232493041,1,0
NA,NA,-0.529697424571316,0,0
NA,NA,1.02864835063927,0,0
8.68500325736114,1,1.3767179910649,1,0
NA,NA,1.33100295826265,0,0
NA,1,1.25465594943585,1,1
NA,NA,-0.287334553809268,0,0
NA,NA,-0.546735518159085,0,0
NA,0,1.253927471065,1,1
NA,NA,-0.0717229189590111,0,0
3.44230818424983,1,-0.682436621264268,1,0
NA,NA,-1.02499645828567,0,0
7.63428288172244,1,1.30157781471653,1,0
2.32765482527644,0,0.758060825406684,1,0
4.74818932601753,0,1.4796143353762,1,0
3.94267522427145,1,-0.619562406414632,1,0
2.08828843917052,0,0.259687227256229,1,0
NA,NA,-1.08652092497737,0,0
5.07980596869858,1,0.086223563193975,1,0
NA,NA,-0.846202449052606,0,0
NA,NA,0.388905864370388,0,0
NA,NA,-0.0376358153463912,0,0
NA,1,1.44560164892583,1,1
NA,NA,0.317224482102685,0,0
NA,NA,-0.403980490819091,0,0
NA,1,-1.74023733047524,1,1
NA,NA,-0.452821278920118,0,0
NA,NA,-0.586087506559595,0,0
8.50359326710194,1,1.14791904431639,1,0
NA,NA,0.457363259644693,0,0
NA,NA,-0.587806362058572,0,0
4.25346866946273,1,0.227914940694947,1,0
NA,NA,0.134147741846246,0,0
1.55573420002453,0,0.329327772114258,1,0
NA,NA,-0.297512213642794,0,0
NA,NA,1.18498797306452,0,0
7.46109806010974,1,1.30953538662527,1,0
NA,NA,-1.17045526511543,0,0
3.10300711233475,0,0.996118866300114,1,0
NA,NA,-0.746997016690059,0,0
6.56696224139766,1,0.221867656465582,1,0
NA,NA,1.0009452311825,0,0
NA,1,0.494143258559294,1,1
NA,NA,-0.00844441753463621,0,0
1.73760006812687,0,0.0961369855328748,1,0
10.4948255688194,1,2.25070523918321,1,0
8.24895929246696,1,1.4366346913565,1,0
1.28940957151973,0,0.0104077495384871,1,0
NA,NA,-0.320791891518128,0,0
NA,1,1.84167486726203,1,1
NA,NA,0.0899247252253416,0,0
NA,NA,0.402792818116791,0,0
9.35645330830799,1,1.30939370465749,1,0
NA,NA,-0.613254222725411,0,0
NA,NA,-0.435480084919432,0,0
NA,NA,-0.382106084270801,0,0
NA,NA,0.171328176109932,0,0
NA,NA,-2.4165624634469,0,0
NA,NA,-0.41817143658625,0,0
NA,NA,0.707195564900496,0,0
NA,NA,0.31180753531698,0,0
1.54381598254874,0,0.350640156782387,1,0
NA,NA,-1.58686541262596,0,0
NA,NA,0.216521654079693,0,0
NA,NA,-0.114749842879395,0,0
4.13100187983408,1,0.0203381232290744,1,0
NA,NA,0.892790261937783,0,0
3.49683071618786,0,1.44808414754465,1,0
NA,NA,-0.252030872055031,0,0
NA,NA,-0.597471279167578,0,0
NA,NA,-0.247740839749518,0,0
3.85622018137677,0,0.774365940151648,1,0
2.68890779366409,0,-0.118587206170082,1,0
4.06701279083381,0,-0.417581271100897,1,0
NA,NA,-0.052426353257736,0,0
NA,NA,1.35395020283372,0,0
NA,NA,-0.920651427306943,0,0
NA,NA,-0.310771373996955,0,0
NA,NA,-1.05580296818196,0,0
NA,1,2.2387442557997,1,1
NA,NA,-0.473062140033249,0,0
3.38131648873691,0,0.906054085480868,1,0
1.67784875327395,0,0.037916931594142,1,0
NA,NA,-0.175362283023761,0,0
NA,NA,-0.361609025278738,0,0
NA,NA,-0.803621542084907,0,0
NA,NA,1.34157635107538,0,0
NA,NA,0.625930654378281,0,0
NA,NA,0.0311307079941854,0,0
NA,NA,-1.09491334946943,0,0
NA,NA,-0.486414065558645,0,0
NA,NA,0.953093683264103,0,0
1.84520189465338,0,-0.994513348092816,1,0
2.68543188967264,1,-0.571870322518041,1,0
NA,0,0.783173181570287,1,1
NA,NA,0.381366421089077,0,0
NA,0,-0.60005817395716,1,1
NA,NA,1.65261512009413,0,0
NA,NA,-1.19076693514159,0,0
NA,1,1.41567745190252,1,1
NA,NA,0.814172817192482,0,0
NA,NA,-2.09757104835645,0,0
7.44624305344448,1,0.320165082487674,1,0
NA,NA,0.801025120424051,0,0
NA,NA,-0.791680654042777,0,0
NA,NA,-0.0106662632339682,0,0
NA,NA,-1.62351793994448,0,0
NA,NA,-0.907567051887799,0,0
NA,NA,0.136766722422639,0,0
NA,NA,0.271187956531974,0,0
NA,NA,-0.07366121520502,0,0
NA,NA,-0.77443032842804,0,0
5.5304214588344,1,0.593816135526189,1,0
9.23661632888883,1,1.32750455958168,1,0
NA,NA,-0.600835831817181,0,0
NA,NA,0.0565068582510194,0,0
NA,1,-0.531076289581877,1,1
NA,NA,-0.0808987843769502,0,0
NA,NA,0.160755586671381,0,0
NA,NA,-0.102140564663634,0,0
0.858666912401941,0,-0.354749969786071,1,0
NA,NA,-0.471227347093368,0,0
NA,NA,0.0340441773616117,0,0
NA,NA,-0.200721207356766,0,0
3.67106799753,1,-0.544448628769274,1,0
NA,NA,0.377362269645537,0,0
NA,NA,0.403728160580446,0,0
NA,NA,0.170236937543032,0,0
2.69582968815363,1,-1.10107992122072,1,0
NA,NA,0.402469699291095,0,0
NA,1,0.425816177210946,1,1
NA,1,-0.283128718862383,1,1
1.73147452939493,0,0.553632072115556,1,0
NA,NA,1.26435623247709,0,0
6.03656409751386,1,0.327802463194629,1,0
NA,1,0.765106373309395,1,1
3.57195607715353,0,1.28257345881025,1,0
3.71163981006714,0,1.65888693382934,1,0
NA,NA,-0.480729813134911,0,0
NA,1,-0.407834514587087,1,1
NA,NA,-0.328918791729082,0,0
6.90335457996882,1,1.10107658785062,1,0
5.65333716868778,1,0.581717960782718,1,0
5.66889440013771,0,0.957779202757363,1,0
NA,NA,0.301421804337359,0,0
NA,NA,-0.288461063573085,0,0
-1.33324628333371,0,-1.45615158789359,1,0
NA,NA,-1.70465154066219,0,0
NA,0,2.01122119129554,1,1
NA,NA,0.00396133245276825,0,0
NA,NA,0.558221906568822,0,0
NA,NA,0.694493685600807,0,0
9.1666978886773,1,1.44632123678831,1,0
8.17264057155444,1,0.633468743359524,1,0
NA,NA,0.0263703369604992,0,0
3.84881902767674,0,0.742875516154548,1,0
4.83119586781258,1,0.347303392127326,1,0
NA,NA,-0.628654925909304,0,0
NA,1,0.958491926298926,1,1
1.71121650087812,0,0.164441350143759,1,0
1.2981596295391,0,-0.034705900963032,1,0
NA,NA,-0.920743815374439,0,0
NA,NA,1.14805514963721,0,0
1.22476909730077,0,-0.389880110029636,1,0
0.400456422105446,0,-0.0992632632773881,1,0
NA,NA,-0.0279660623672148,0,0
NA,NA,-0.0569888848706201,0,0
NA,NA,0.555659016748442,0,0
NA,1,0.901923838993518,1,1
NA,NA,0.536623088234037,0,0
NA,NA,-1.47118613826484,0,0
NA,NA,-2.40935940826857,0,0
NA,1,-0.365017377779538,1,1
NA,NA,-0.181268484634166,0,0
NA,NA,-0.149062942660811,0,0
NA,NA,-1.39271469385941,0,0
NA,NA,-0.679359244378277,0,0
NA,NA,-1.81911796861397,0,0
NA,1,2.63898221848215,1,1
3.31510282990889,0,0.546608278218245,1,0
NA,NA,-0.0061539389294077,0,0
NA,NA,-1.8901394678583,0,0
NA,NA,-0.266783371165174,0,0
7.37975438503119,1,0.820431010197318,1,0
7.58715299186399,1,0.778193540049604,1,0
6.65932033614338,1,0.454092023522563,1,0
NA,NA,1.41005217305168,0,0
NA,NA,-1.81106410509648,0,0
1.80223650753927,0,-1.10245174108699,1,0
NA,NA,-0.0191678713168816,0,0
NA,NA,0.149303719680044,0,0
NA,1,-0.532431870264935,1,1
3.8857845060264,0,1.19784612620355,1,0
NA,NA,-2.0425957688947,0,0
NA,NA,-1.01431086481328,0,0
NA,NA,1.60391822138318,0,0
NA,1,0.892350034157026,1,1
NA,1,-1.51770556163796,1,1
2.79567677027016,0,0.823528276152144,1,0
4.49754267777088,0,0.365562248008499,1,0
NA,1,-1.33092166830989,1,1
7.5288970755992,1,0.3595761544677,1,0
NA,NA,0.892994609988693,0,0
NA,NA,-0.995098995899314,0,0
4.63221931577625,1,0.51967192258579,1,0
NA,NA,-1.23573344828329,0,0
NA,NA,0.529726874322074,0,0
NA,NA,-0.983041720955936,0,0
-1.03221099665877,0,-0.375745484254249,1,0
NA,NA,-1.04173538449989,0,0
2.56539896097985,0,0.697667357430169,1,0
NA,NA,-0.144448803419361,0,0
2.89187136320056,0,0.498543397139294,1,0
2.51650985059894,0,0.617336709876794,1,0
NA,NA,-0.00454114147551432,0,0
NA,NA,-0.0912563600897754,0,0
NA,NA,0.399959374815336,0,0
0.81349665018155,0,0.588901656549108,1,0
NA,NA,-0.0168780393868136,0,0
NA,NA,0.418704182088633,0,0
NA,NA,0.800727964524838,0,0
7.05986104855787,1,0.679893103827864,1,0
NA,NA,1.30966392253954,0,0
NA,NA,-1.89121447886908,0,0
NA,NA,0.344907334668953,0,0
NA,NA,0.154762656644616,0,0
NA,NA,-0.766441731925565,0,0
NA,1,-0.752915043322023,1,1
NA,NA,0.524270675654365,0,0
NA,NA,-0.355425297900245,0,0
NA,NA,-0.260266497121109,0,0
NA,NA,0.507208110031767,0,0
3.5643099715264,0,1.14320521055163,1,0
8.62759550076038,1,2.0668175182942,1,0
NA,NA,0.769866343085377,0,0
10.3126216293825,1,2.00199794550677,1,0
3.33329522963284,0,1.27162090872777,1,0
NA,NA,0.333520245850298,0,0
NA,NA,0.254072676090529,0,0
9.50472570157646,1,1.93091427212792,1,0
NA,NA,-1.012929867412,0,0
NA,NA,0.0644444403932076,0,0
NA,NA,0.192373891357855,0,0
NA,NA,-2.34002446260473,0,0
NA,NA,-0.351765901032242,0,0
NA,NA,0.346590938682391,0,0
NA,NA,-2.82894105870644,0,0
NA,0,0.367872703584524,1,1
NA,NA,-0.285484066118437,0,0
NA,NA,0.442733260452948,0,0
7.672179342792,1,0.71767113004586,1,0
NA,0,1.42389508632609,1,1
NA,NA,-1.68539115613733,0,0
NA,NA,0.0417293162320748,0,0
NA,0,-0.632943830350313,1,1
3.74928771624942,0,0.0300992464318592,1,0
NA,NA,-0.129143576065387,0,0
NA,NA,-1.17589928573267,0,0
NA,NA,-1.80681938019899,0,0
9.96286624600761,1,2.12031372450078,1,0
NA,NA,-1.32440568336117,0,0
NA,NA,0.275021593266166,0,0
0.679465886775167,1,-1.1088631832662,1,0
3.78854032567377,0,1.50774050493814,1,0
NA,NA,-1.76729877966445,0,0
NA,NA,-0.888592273848649,0,0
NA,NA,-1.21905138661598,0,0
NA,NA,0.0502813662769896,0,0
NA,NA,-0.490812951536646,0,0
10.807226394793,1,2.3850599584663,1,0
NA,NA,-0.00438812697078212,0,0
NA,1,1.33169035546128,1,1
NA,NA,0.820808669126654,0,0
NA,1,0.685679030525222,1,1
NA,NA,0.515880947876038,0,0
5.06698626282409,1,0.273801847190434,1,0
NA,NA,-0.713335909234142,0,0
NA,NA,-0.343044145090591,0,0
NA,NA,0.468979532578923,0,0
NA,NA,-2.47583251603368,0,0
NA,NA,-1.85544128847299,0,0
NA,NA,-0.420507917893379,0,0
NA,NA,-1.86603756721418,0,0
5.45118964940856,1,0.113504700739202,1,0
NA,NA,0.470018677123532,0,0
NA,1,0.884594160133231,1,1
NA,1,1.11360999293018,1,1
NA,NA,0.566850429321619,0,0
2.60992214010239,0,0.546022842611285,1,0
NA,NA,0.23984260522916,0,0
5.64108205817229,1,0.0341353438230838,1,0
NA,NA,-0.808091219300186,0,0
NA,1,2.22763232322792,1,1
5.05766490155124,1,-0.792524128713455,1,0
8.43567865856179,1,1.69728053235192,1,0
7.70225242311559,1,0.938924807290475,1,0
NA,NA,2.03529495828804,0,0
NA,NA,0.731626386528303,0,0
3.2185945502304,0,-0.419847340595375,1,0
NA,NA,-0.309743506851099,0,0
NA,NA,-1.36067647446631,0,0
NA,NA,1.03771431038458,0,0
NA,NA,0.0462178272837365,0,0
5.14835241560315,1,-0.0577733552767567,1,0
NA,NA,0.0767390706997009,0,0
NA,NA,-0.633641164106258,0,0
NA,NA,-0.423413462128983,0,0
NA,1,0.776691007043517,1,1
NA,0,1.31090723646561,1,1
NA,NA,0.0583013062676336,0,0
0.937930714644603,0,0.245398357259442,1,0
3.64773717820781,0,0.232324718377114,1,0
NA,NA,0.188775899725465,0,0
NA,1,-0.241815887985519,1,1
NA,NA,0.572136317124428,0,0
NA,1,0.705791797687352,1,1
NA,NA,0.204899603994032,0,0
NA,NA,0.552103380111652,0,0
NA,NA,-0.568871310357778,0,0
2.03569846550251,0,0.192717755598882,1,0
NA,NA,0.621347221610975,0,0
3.0744726238055,1,-0.10721561163254,1,0
NA,1,-0.124075919558077,1,1
NA,NA,-0.465021846854624,0,0
NA,NA,0.573407762486937,0,0
1.29000142903118,0,0.254936081717929,1,0
7.8714186921718,0,2.67214420120392,1,0
NA,NA,-0.134495017662124,0,0
NA,NA,0.111574061825906,0,0
NA,NA,-1.01000268728494,0,0
NA,NA,0.887879801316049,0,0
NA,0,-0.307217559138982,1,1
NA,NA,0.133164992636376,0,0
NA,NA,0.945326369680402,0,0
6.957061078675,1,1.52568672984904,1,0
NA,NA,-0.247450568194144,0,0
NA,NA,-0.35660370110431,0,0
NA,1,0.207968407569953,1,1
NA,NA,1.20925334744545,0,0
NA,NA,0.116558887074206,0,0
1.98153831843593,0,0.192066193440929,1,0
NA,NA,0.786616109492443,0,0
3.43887585190976,0,0.739840689710885,1,0
NA,NA,1.08669203144834,0,0
0.281226954027939,1,-1.95280729969486,1,0
NA,NA,-1.18242682652454,0,0
NA,NA,-1.18067847791903,0,0
5.99392491413368,1,0.376981101876066,1,0
NA,NA,-1.35679104068327,0,0
NA,NA,-0.22860827167565,0,0
NA,NA,0.423256564904682,0,0
NA,NA,1.94090825966462,0,0
NA,NA,-0.241019348067338,0,0
0.932431888235776,0,-0.0209705719304921,1,0
6.95673502075418,1,0.235647056296984,1,0
NA,NA,-0.595344815613527,0,0
NA,NA,-3.19955843375579,0,0
8.74188779590148,1,1.5112784716271,1,0
NA,NA,-0.343587003482767,0,0
NA,NA,-0.716929115298069,0,0
1.88564397867297,0,0.287909147297481,1,0
5.46810341048596,1,-0.617472756244325,1,0
6.2847967691308,1,0.920167406912455,1,0
4.77865157140785,1,-0.454100665235518,1,0
7.00339811047898,1,0.855761324504685,1,0
NA,NA,-0.233542837588828,0,0
NA,NA,-0.978371478897954,0,0
NA,NA,0.737215963533883,0,0
NA,NA,2.44160362468046,0,0
NA,NA,-0.992492651489919,0,0
NA,NA,-0.440736144505333,0,0
NA,NA,-1.16938753229774,0,0
7.76497619916259,1,1.59198798945038,1,0
NA,NA,0.127274716720975,0,0
NA,NA,-2.32709865557149,0,0
NA,NA,-2.19677491732732,0,0
3.38426061979323,0,0.939165264428458,1,0
NA,NA,0.299162155572667,0,0
NA,NA,-1.98992669349438,0,0
NA,NA,-1.20413480040692,0,0
6.48942127089848,1,0.398345738001552,1,0
NA,NA,0.0447565860236231,0,0
NA,NA,-1.8661608131691,0,0
NA,1,0.752522837991073,1,1
NA,NA,-0.425684374542395,0,0
NA,NA,1.24417031633511,0,0
NA,NA,0.450349279282091,0,0
8.93214019870917,1,1.18280748259793,1,0
NA,NA,-1.96397811110401,0,0
NA,1,0.746612868701424,1,1
7.46557140010292,1,1.05132374710196,1,0
7.45241206791203,1,0.524171085063729,1,0
NA,NA,-1.11558427972452,0,0
5.56290509240001,1,-0.04776622165316,1,0
NA,NA,-1.91702894207942,0,0
NA,NA,-0.571730237839681,0,0
4.44388970532408,1,-0.748196633636421,1,0
NA,NA,0.345178956409604,0,0
NA,1,2.16395110444013,1,1
1.42556993782762,0,0.336646342204412,1,0
NA,NA,-0.41786398353582,0,0
NA,NA,0.923691020706286,0,0
NA,NA,0.766766592335207,0,0
NA,NA,0.248748147903931,0,0
-0.167481690358354,0,-0.657218034949707,1,0
4.8389571085348,1,0.583124169133963,1,0
3.51418186875299,0,0.690682867666824,1,0
NA,NA,0.291864679995948,0,0
NA,0,1.92307416746338,1,1
9.75439859483352,1,2.30612974849875,1,0
NA,NA,-0.98919526784311,0,0
6.20561967064094,1,0.401427408509758,1,0
NA,NA,-1.23238817325492,0,0
NA,NA,-0.544689343472721,0,0
1.68774196528748,0,-0.434532959022116,1,0
NA,NA,-0.140845191963231,0,0
NA,1,1.75814127006527,1,1
NA,NA,-0.830141420577255,0,0
NA,0,0.514427756122244,1,1
4.12217752688631,0,0.787131076627757,1,0
4.89970079387515,1,0.242015513717525,1,0
NA,0,0.559916806561637,1,1
3.78726706453123,1,-0.650418509012264,1,0
NA,NA,-0.458392616404943,0,0
NA,0,-0.680486321714024,1,1
NA,NA,-2.19243732797149,0,0
NA,NA,0.625987094854832,0,0
NA,1,-0.415461682891878,1,1
1.22726182505568,0,-0.17630383376965,1,0
2.02820296827452,0,0.665259163558917,1,0
NA,NA,0.0498835161725022,0,0
0.0105842079359504,0,-0.111450292883659,1,0
NA,NA,-0.529151371898205,0,0
NA,1,1.61586225377977,1,1
NA,NA,0.139510593333388,0,0
NA,NA,0.119583697425689,0,0
NA,NA,0.979865755338673,0,0
NA,NA,0.379384347932197,0,0
NA,NA,-0.880212619427024,0,0
NA,NA,-0.406452972046551,0,0
NA,NA,-0.777125159688669,0,0
NA,NA,-1.68350202776482,0,0
NA,NA,-0.166982560101955,0,0
6.43976521265356,1,0.593948229116086,1,0
NA,NA,-0.518159140749172,0,0
5.45751550986794,1,0.44119836360764,1,0
NA,0,0.755600865049457,1,1
NA,NA,-0.112960860177346,0,0
NA,NA,-0.47462538771123,0,0
NA,NA,-0.702121930359935,0,0
4.24658517773038,1,-0.279371035837961,1,0
NA,0,1.56420974922256,1,1
5.78529504294789,1,0.091093609568575,1,0
NA,NA,-0.462187981024542,0,0
2.25823746950028,0,-0.450438751827904,1,0
NA,1,0.0730966154107931,1,1
5.22449209058307,1,0.131353009028611,1,0
NA,NA,1.34563639889239,0,0
NA,NA,-0.423361472072342,0,0
NA,NA,0.976942283768021,0,0
1.64170352107692,0,-0.6309804050454,1,0
NA,NA,0.219751181001007,0,0
NA,NA,-0.345672485091224,0,0
0.287165956285351,0,1.0059050442053,1,0
3.77665861380959,0,1.39731579966728,1,0
8.50784882532229,1,1.53536108075324,1,0
NA,1,0.684528247552368,1,1
4.12118721526612,1,-0.505352566351759,1,0
6.0770230548142,1,-0.124233092127789,1,0
NA,NA,0.301334745178827,0,0
NA,NA,-2.08736714684124,0,0
3.70349082349903,0,1.4203970626931,1,0
NA,NA,-1.06897934731921,0,0
NA,NA,-0.459351897002142,0,0
NA,1,1.33166610954918,1,1
NA,NA,0.409776277697745,0,0
NA,0,0.472336504221015,1,1
NA,NA,-0.749698629326992,0,0
NA,NA,-1.60169156402432,0,0
NA,NA,-0.791447325580303,0,0
NA,NA,0.502010547640313,0,0
NA,1,0.717195270520938,1,1
NA,NA,0.0433551906169097,0,0
NA,NA,-0.394144346444174,0,0
1.42320136723335,0,0.380004825407965,1,0
NA,0,-0.622427952571525,1,1
NA,NA,0.511387206007391,0,0
NA,NA,-1.10137305663194,0,0
NA,0,1.86141559956748,1,1
NA,NA,-2.70498912238434,0,0
9.48277794703761,1,1.41793781636752,1,0
NA,NA,-0.655309498116006,0,0
NA,0,1.25228304742217,1,1
3.05674245019477,1,-1.46028743217333,1,0
NA,NA,-0.330734876793339,0,0
2.23276559480573,0,0.210817790526989,1,0
NA,NA,-1.00949926422224,0,0
NA,NA,-0.534776646171062,0,0
NA,NA,0.49505827488594,0,0
6.77672079062085,1,0.548494049782142,1,0
-0.00322099633307993,0,-1.22774261421895,1,0
NA,NA,-1.00661264436047,0,0
5.52183340605461,1,0.207167201609838,1,0
NA,NA,1.41740118033914,0,0
NA,NA,0.747089396555255,0,0
NA,NA,-1.51943307234853,0,0
NA,NA,-0.720070739324317,0,0
NA,NA,-1.83821203439613,0,0
6.60552003758875,1,0.784395864352993,1,0
NA,NA,-0.871052149527092,0,0
NA,NA,-0.0108663130165317,0,0
5.3767828332787,1,0.609141558215759,1,0
NA,NA,-0.133051648058773,0,0
NA,1,-0.849531062880063,1,1
5.37026226543477,1,0.115138725174226,1,0
NA,NA,-1.331337154012,0,0
11.4480723257586,1,2.37445827173169,1,0
NA,NA,-2.49583641731167,0,0
NA,NA,2.20367615406188,0,0
NA,NA,0.571396927069173,0,0
3.95996935542524,1,-0.583745237218935,1,0
NA,1,0.274860357622418,1,1
2.37763787541825,0,-0.0482891959610158,1,0
NA,0,2.25246864177724,1,1
NA,NA,2.20798222218406,0,0
3.06264820084433,0,0.766845014645972,1,0
NA,NA,-0.284191743792878,0,0
NA,1,0.151645292541353,1,1
3.17448848377016,1,-0.781106086643039,1,0
0.648961303134204,0,-0.957398363247324,1,0
NA,NA,-0.30434111795109,0,0
8.48012827157192,1,1.5308786534036,1,0
NA,NA,-0.478305936644692,0,0
NA,NA,0.275964288525917,0,0
5.73786694808858,0,1.29277985593516,1,0
NA,NA,0.424010706580774,0,0
NA,NA,0.527765253770584,0,0
NA,NA,-0.653829982143573,0,0
NA,NA,0.121675552673985,0,0
NA,NA,-0.986863054729454,0,0
NA,NA,-0.755594462248608,0,0
NA,NA,-1.16098995844004,0,0
NA,NA,-0.442801523619572,0,0
4.65675337735444,1,0.334947784039575,1,0
NA,NA,-0.10065856814523,0,0
NA,NA,-0.975536842960497,0,0
NA,NA,-0.973216625621073,0,0
NA,NA,-1.34078652646553,0,0
NA,NA,0.414102402054408,0,0
NA,NA,0.274162429825081,0,0
NA,NA,-1.41396295051925,0,0
NA,NA,-1.68193057318907,0,0
NA,NA,-0.0700861139491127,0,0
NA,NA,-0.460309029288299,0,0
NA,NA,-1.20714570347743,0,0
4.40925683826631,0,1.0404412181286,1,0
NA,NA,-0.0662050121858745,0,0
NA,NA,-0.0198577785368134,0,0
NA,NA,0.615556223378135,0,0
4.51131396879602,0,0.420382969919601,1,0
NA,NA,-0.327954877427185,0,0
NA,NA,-1.1344563021002,0,0
NA,NA,1.18226830511672,0,0
NA,NA,-1.7107858033122,0,0
6.3787911815935,0,1.3794490444046,1,0
NA,NA,-0.541005329157528,0,0
NA,1,2.07546679173333,1,1
NA,NA,-0.20476050301274,0,0
NA,NA,-0.551416985520336,0,0
5.6522532326422,1,0.0411968667731968,1,0
9.13033904051471,1,1.3170476310258,1,0
NA,NA,-1.80965020341038,0,0
NA,NA,-0.307988794620669,0,0
1.3365476426838,0,0.294561194585387,1,0
5.64852235481148,1,0.147770817116647,1,0
NA,1,0.115951531975112,1,1
3.60949322058561,1,-0.32333184856328,1,0
NA,NA,-1.14036672389761,0,0
11.5341877304395,1,2.86131949086317,1,0
NA,NA,-1.45138694483397,0,0
NA,1,0.983744020219985,1,1
NA,NA,-1.10784132708532,0,0
NA,NA,-1.99889265684803,0,0
NA,NA,0.15072249695782,0,0
11.9187803970611,1,2.10896809219341,1,0
NA,NA,0.629190672836399,0,0
NA,NA,-1.63764554215991,0,0
3.33636342171709,1,-0.658475714017313,1,0
NA,NA,-0.750308265911284,0,0
NA,NA,-1.1451318955246,0,0
3.73903922911271,0,1.0276132769215,1,0
NA,1,2.47804042183143,1,1
NA,NA,-1.4533163643196,0,0
8.02077738807826,1,0.822264445361829,1,0
NA,NA,-1.06644799364953,0,0
NA,NA,1.09430673251488,0,0
NA,NA,0.220596182329357,0,0
NA,NA,-0.283239590537479,0,0
6.48142615415016,1,0.710050753433561,1,0
NA,NA,2.21047686646211,0,0
9.50561947082082,1,1.41206657562142,1,0
NA,NA,-0.196598080152223,0,0
7.63927929660731,1,0.75538456981956,1,0
NA,NA,-1.09410087019746,0,0
2.52961388988311,0,0.430180024146149,1,0
NA,1,0.960549711583255,1,1
6.30350740723698,1,0.459059522904321,1,0
2.12778890997415,0,-0.596455394517825,1,0
NA,NA,-0.0450862072387442,0,0
NA,NA,-0.581518594777576,0,0
7.86302211017683,1,0.442863237126202,1,0
NA,NA,-0.310230689543812,0,0
NA,NA,-0.222829768082489,0,0
NA,NA,-0.632586792692066,0,0
7.92803702995167,1,1.06719019915197,1,0
NA,NA,0.337395921464703,0,0
NA,NA,-0.953645663654521,0,0
NA,NA,0.251173574136911,0,0
1.27583969283823,0,-0.548148703547833,1,0
4.6889065511844,1,0.103236017603065,1,0
NA,NA,1.86601650513967,0,0
0.819138322483007,0,-1.04099380528512,1,0
1.50697882920602,0,0.219983787127424,1,0
NA,NA,-1.42379490646875,0,0
7.27430844728765,1,0.616017410030352,1,0
NA,NA,-1.44156317991408,0,0
NA,NA,-1.70176482285391,0,0
NA,NA,0.557212957800765,0,0
1.95524024365086,0,-0.750511117127875,1,0
NA,NA,-1.97093294572214,0,0
NA,NA,-1.32446345093933,0,0
3.05611474449382,0,1.07553289349939,1,0
NA,NA,0.175835094185016,0,0
4.01618681644245,0,0.207924799285704,1,0
NA,NA,0.893202765882201,0,0
NA,0,0.198609916658263,1,1
NA,NA,-3.18128256470893,0,0
NA,1,0.0196831947042364,1,1
NA,NA,-1.39417140470677,0,0
NA,NA,-0.933235885173988,0,0
NA,NA,-1.62904088146867,0,0
NA,0,0.369097639109454,1,1
11.4134705199572,1,2.28565638502981,1,0
3.42744366984093,0,0.486544869581778,1,0
NA,NA,1.93215222070259,0,0
NA,NA,-0.232129022732062,0,0
NA,NA,-0.537445056633885,0,0
NA,NA,0.786101903375549,0,0
NA,NA,-1.25237291022481,0,0
NA,NA,-1.32416495483461,0,0
NA,NA,-2.96823317332063,0,0
NA,NA,-2.22571817714071,0,0
0.0264219254857256,0,-0.441654172428568,1,0
2.84871128010126,0,0.124644128489496,1,0
4.62739540516979,1,-0.349997232679237,1,0
NA,NA,-1.90349930252085,0,0
NA,NA,-1.15404434196501,0,0
0.163546885178329,0,-0.78918347437427,1,0
NA,1,0.899402278193938,1,1
2.25388094627899,0,0.316039999076679,1,0
NA,NA,-0.826987275162978,0,0
NA,NA,-1.61457054350712,0,0
2.26334464074686,0,-0.166432120087956,1,0
NA,NA,-1.77639192189298,0,0
NA,NA,-0.666884015219462,0,0
NA,NA,-0.307965069586008,0,0
7.92921065378625,1,1.22252541528467,1,0
NA,NA,0.895862262639488,0,0
NA,NA,0.203905063037902,0,0
NA,NA,-0.215998412229601,0,0
NA,NA,-0.488006321935387,0,0
NA,1,0.602052313710202,1,1
NA,NA,-1.39410021352359,0,0
NA,NA,-0.354163671111447,0,0
NA,1,1.23104957794247,1,1
NA,NA,-0.813405828015018,0,0
NA,NA,-1.526672181655,0,0
NA,NA,0.000913154019056691,0,0
3.43265683354324,0,0.29515790450453,1,0
4.84664279949218,0,1.70653756587127,1,0
NA,NA,-0.907496040184693,0,0
1.15661345242962,0,-0.526613810298107,1,0
6.82451152846801,1,1.24000855550231,1,0
NA,NA,-0.267901819188712,0,0
1.9569308265299,0,0.304236349386971,1,0
NA,NA,0.470303455680992,0,0
NA,NA,1.2861921743485,0,0
NA,NA,0.916977260029937,0,0
NA,NA,-0.0409726646299108,0,0
NA,NA,-1.28916280671522,0,0
5.96635305105141,1,-0.0792973699461192,1,0
NA,NA,0.739894802319146,0,0
NA,NA,1.27676023028368,0,0
4.14824912447914,0,0.665132817105951,1,0
NA,NA,-1.52269035459494,0,0
NA,NA,0.126223111685365,0,0
2.31601274998569,0,-1.13138211800086,1,0
NA,NA,-0.477425235416266,0,0
NA,NA,-1.09847279446978,0,0
NA,NA,1.70744236642163,0,0
NA,NA,-0.184102959599903,0,0
NA,NA,1.8614262207002,0,0
NA,NA,-1.74204706626444,0,0
NA,NA,-0.783457421295061,0,0
4.37330902953417,0,0.795270542310834,1,0
0.296173297430482,0,-0.532270009991016,1,0
11.4008254464773,1,1.9858043427389,1,0
NA,NA,-0.651800415504399,0,0
NA,NA,-2.15696206847162,0,0
NA,NA,-0.0920274969247368,0,0
NA,1,-0.397400116998658,1,1
NA,NA,-0.138327302570867,0,0
NA,NA,-0.825764999237853,0,0
-0.828922411417968,0,-0.685661664496834,1,0
NA,NA,-0.79271446858291,0,0
NA,NA,-0.407004152261873,0,0
3.15222420008443,1,-1.14867061145898,1,0
NA,NA,1.11576046554672,0,0
NA,NA,-0.879456778170004,0,0
8.32175951067711,1,1.27932293753161,1,0
NA,NA,-1.45427725484716,0,0
1.94485159116323,0,0.84222876919352,1,0
NA,NA,-0.603215007812732,0,0
NA,NA,0.131555027342539,0,0
5.4861266358602,1,0.764444556679586,1,0
NA,NA,-0.917135166591924,0,0
NA,NA,0.23739451514297,0,0
NA,NA,-0.0446890666120593,0,0
NA,NA,-1.11855030356248,0,0
6.71771829324081,1,0.576705022824006,1,0
NA,NA,-2.30174221004384,0,0
8.69936820602395,1,1.54401138418949,1,0
NA,1,1.19632123896946,1,1
4.58716961231288,1,-0.201676879864589,1,0
4.78071722674635,1,-0.432271579852631,1,0
NA,NA,0.346948643890299,0,0
NA,NA,-0.485377933779251,0,0
4.41155059598627,1,-0.195306080234756,1,0
1.8274894108732,0,0.229797411715838,1,0
NA,NA,-0.0946537580368488,0,0
9.96543284527474,1,1.71019954048516,1,0
NA,NA,-0.335749000921179,0,0
NA,0,-0.875324824335344,1,1
NA,NA,-1.13255449171348,0,0
NA,NA,-0.56602063273169,0,0
NA,0,-0.974384403128723,1,1
4.12138014956368,0,0.945082340846264,1,0
NA,NA,0.247741105300021,0,0
NA,0,-0.104674620432457,1,1
4.83280722927641,1,0.0277616799037131,1,0
NA,NA,-0.907276482340545,0,0
NA,1,2.3509337520258,1,1
NA,NA,0.808769724481045,0,0
7.21286012141704,1,0.784140418846701,1,0
NA,NA,0.170236490795333,0,0
5.71153636218915,1,0.159197651530768,1,0
NA,NA,0.678018100413371,0,0
NA,NA,0.434371999584651,0,0
6.39911609935177,1,0.780554430230763,1,0
NA,NA,-0.444567758454349,0,0
NA,1,1.2715164118455,1,1
NA,NA,-1.47339222749877,0,0
8.57717650656826,1,1.82601047314349,1,0
1.20344350432537,0,-0.0821605442182188,1,0
NA,NA,0.207066157170724,0,0
NA,NA,-0.0581589957425658,0,0
NA,NA,-0.843052009454205,0,0
NA,NA,-0.466487279539017,0,0
10.1757986569434,1,1.51644902909499,1,0
8.18698820968377,1,2.07396139462956,1,0
NA,NA,-1.05674676492714,0,0
NA,NA,0.355248794893353,0,0
NA,NA,-0.537626676315252,0,0
NA,NA,0.0903163658583597,0,0
NA,NA,0.348538284602587,0,0
NA,NA,-0.517518995099845,0,0
NA,NA,0.287301302415267,0,0
NA,1,1.66807499684583,1,1
2.95889610000551,1,-1.08093672458647,1,0
0.0787933715208307,0,-0.397851104622374,1,0
2.3697407458392,0,0.297208816443405,1,0
NA,NA,0.37342905926644,0,0
6.09264388682904,1,0.0675844815430184,1,0
NA,1,0.346634030494695,1,1
NA,NA,-0.164571372800586,0,0
0.408384790057826,0,0.189982806585771,1,0
NA,NA,-0.0686986351389328,0,0
3.88153533108737,0,0.916450207694266,1,0
NA,1,0.71054961476212,1,1
NA,NA,-0.0190896861258043,0,0
4.12641064658328,0,1.31312687307811,1,0
6.15546032913907,1,0.170386155804506,1,0
5.25071170156347,1,0.578816605533788,1,0
NA,NA,0.227904874997665,0,0
NA,NA,-0.612459865597317,0,0
NA,NA,0.734030133030624,0,0
NA,NA,-1.85050186253115,0,0
NA,NA,-0.968544839770566,0,0
5.35170202073017,1,0.62762646905029,1,0
NA,1,1.24027762938144,1,1
NA,NA,-1.5069030571303,0,0
NA,1,1.18259689371289,1,1
NA,NA,-1.33418855936283,0,0
3.51227323856136,1,-0.596320294015713,1,0
NA,NA,-1.32949216503638,0,0
NA,NA,-0.182113418617215,0,0
NA,NA,0.0491385446373278,0,0
3.12580388579308,0,0.412076431613412,1,0
NA,NA,-0.422353546385099,0,0
NA,NA,-0.0196536597344667,0,0
5.95267505442536,1,0.303016425333838,1,0
NA,NA,-0.972422343455087,0,0
NA,NA,-0.701155053616588,0,0
NA,0,1.37843190060709,1,1
NA,NA,-2.95313731358376,0,0
2.42633787897664,0,0.955836563019408,1,0
NA,NA,1.06003423492052,0,0
NA,NA,1.35096056599856,0,0
NA,NA,-0.401555741178659,0,0
NA,NA,0.839986980187327,0,0
NA,NA,0.215439257728434,0,0
NA,NA,-0.637977201958245,0,0
NA,NA,0.552847982050689,0,0
NA,NA,0.370350824990752,0,0
3.47395475574692,1,-0.389023767532155,1,0
NA,NA,-0.460092848631245,0,0
NA,NA,-0.26588619338727,0,0
NA,1,0.501441363321569,1,1
2.09043312276427,0,-0.0523528269896142,1,0
NA,NA,-1.35217134346927,0,0
NA,NA,0.308578530105712,0,0
4.4581242174579,1,-0.366996403813651,1,0
7.30980858774197,1,0.760815256528283,1,0
NA,NA,-1.20877829147781,0,0
-2.04697033987325,0,-1.90855673202378,1,0
NA,NA,-0.497749386024871,0,0
NA,NA,-0.637044510630347,0,0
NA,NA,0.676231932030489,0,0
NA,NA,-1.869411030258,0,0
NA,NA,-1.06855248625586,0,0
NA,NA,-0.126005415934356,0,0
NA,NA,-0.736284418428665,0,0
NA,NA,-0.191241809184488,0,0
NA,NA,-1.1983002633847,0,0
NA,NA,-0.824254618506077,0,0
NA,NA,-0.919532671174568,0,0
NA,NA,-1.7438683437219,0,0
NA,NA,0.383037424261768,0,0
1.06950140233082,0,-0.541069423262346,1,0
NA,NA,-0.555941097834846,0,0
9.20108512507866,1,1.10895853127751,1,0
NA,1,0.667743594836766,1,1
NA,NA,-0.693679036361983,0,0
9.2124162451953,1,0.879992804711981,1,0
NA,NA,-0.37897335718852,0,0
NA,NA,-0.431248632603711,0,0
NA,NA,0.166444699682016,0,0
1.65187583365473,0,0.140519604666793,1,0
NA,NA,-0.107546272655053,0,0
3.58373570876379,1,-0.251987609311519,1,0
2.12773080990645,0,0.40002038444736,1,0
6.77067968204721,1,0.994170230292134,1,0
NA,NA,-0.393873589955096,0,0
3.81040483925959,0,1.45176227538026,1,0
NA,NA,-0.834997129573646,0,0
4.35128737880173,0,2.0014571533496,1,0
NA,NA,0.820293024018973,0,0
NA,NA,-0.361525358178745,0,0
NA,NA,-2.12565181990003,0,0
NA,NA,-0.39804944688126,0,0
NA,NA,-0.347597923190669,0,0
NA,NA,1.44495230883333,0,0
8.3129519009268,1,0.376236073898797,1,0
NA,NA,-1.82111553207448,0,0
4.75838408721426,1,0.272687271115478,1,0
NA,NA,-0.942807734498255,0,0
NA,NA,-1.70089310223139,0,0
NA,NA,0.9190367632293,0,0
NA,1,0.601705715750341,1,1
2.25964100534918,0,-0.400022724222342,1,0
4.56942849364232,0,1.43747168052874,1,0
3.02341078024502,1,-0.312205370263461,1,0
NA,NA,-1.68538439471542,0,0
NA,NA,0.910952091072493,0,0
NA,NA,-0.675000828576545,0,0
NA,NA,0.137311566647961,0,0
NA,NA,-0.923241797486208,0,0
NA,NA,-1.30445974873968,0,0
NA,NA,0.441432625274536,0,0
4.15610264328464,1,-0.898687030626517,1,0
NA,NA,-0.541572099750972,0,0
NA,0,0.72408190306176,1,1
NA,NA,-2.56237882677918,0,0
NA,NA,-0.93721767452518,0,0
NA,1,1.52956064823639,1,1
NA,NA,-0.00538613808929788,0,0
NA,NA,-1.68318369036016,0,0
NA,NA,-0.0494187800249314,0,0
NA,NA,0.0454931089477718,0,0
NA,NA,-0.775870282801966,0,0
NA,NA,-0.685338106241904,0,0
NA,NA,-0.0390248343539803,0,0
NA,NA,0.839742870342485,0,0
NA,NA,-0.841408017043754,0,0
NA,1,0.716228276161418,1,1
-0.140545019615188,1,-1.86746565295771,1,0
NA,0,1.99085671970778,1,1
5.71223108305132,1,0.771086495860009,1,0
1.90337254187369,0,-0.622598108012433,1,0
NA,NA,-0.103594550359097,0,0
NA,NA,-1.2325383205798,0,0
NA,NA,-0.93290786277324,0,0
NA,NA,0.29751851452647,0,0
NA,NA,-2.06452596044887,0,0
NA,1,0.67724922249105,1,1
7.32312454083577,1,0.83638305791437,1,0
NA,NA,0.122243876490421,0,0
NA,NA,-0.788249637189588,0,0
2.97409319833959,0,0.633637015638911,1,0
4.97363603163851,1,-0.203293498180638,1,0
NA,1,1.77577501258599,1,1
5.99104423076732,1,0.503354149677886,1,0
5.27224391225057,0,1.85994569369779,1,0
NA,NA,-0.609493045570301,0,0
NA,NA,1.15305532248777,0,0
8.08754148690306,1,0.969349157258382,1,0
NA,NA,0.637303157074264,0,0
5.45256018680649,0,1.77216769250851,1,0
NA,NA,1.17831056462201,0,0
3.13945398927214,0,1.10070263616134,1,0
9.34844556511013,1,1.37694807585475,1,0
NA,NA,-0.717265373449893,0,0
NA,NA,0.688512737577945,0,0
NA,NA,1.26810145678412,0,0
NA,NA,-1.87208877844442,0,0
NA,NA,1.24808294812689,0,0
NA,NA,-1.07730040944452,0,0
NA,NA,-1.47416956665685,0,0
2.33122714935351,0,-0.102761252843793,1,0
NA,NA,-1.71486614730381,0,0
NA,NA,-0.774401637213465,0,0
7.25012811575902,1,0.847553967889695,1,0
NA,NA,0.0832352366570336,0,0
7.75148857777136,1,1.28508496858323,1,0
NA,NA,0.276044917953572,0,0
1.54563339886962,1,-1.71114274542409,1,0
NA,NA,-1.14955002154367,0,0
5.4464927081212,1,0.159786319641181,1,0
NA,NA,-0.427212686915226,0,0
NA,1,0.907002203909007,1,1
NA,NA,0.150898962830839,0,0
NA,NA,-1.10952726348854,0,0
NA,NA,-0.548808731139672,0,0
NA,NA,1.01878845500043,0,0
NA,NA,-0.945412080328207,0,0
NA,NA,-1.50031585307676,0,0
NA,1,0.565164063059173,1,1
NA,NA,0.182738767924744,0,0
NA,NA,-0.796728081908326,0,0
NA,NA,-0.0461864850495287,0,0
5.35491850517798,1,0.15362674483473,1,0
NA,NA,-0.766624414368414,0,0
5.11890960256274,1,0.364753332338701,1,0
NA,NA,-0.693518969658329,0,0
NA,NA,-0.343156152059392,0,0
3.07640446097995,0,0.742849337934101,1,0
NA,NA,-0.285537707961138,0,0
NA,NA,-1.66988367567976,0,0
1.92852087182322,0,-0.264390041455333,1,0
NA,NA,-1.69995439627627,0,0
3.25888203901408,1,-0.526832813660561,1,0
1.9419280333476,1,-0.637015796844457,1,0
13.2341685826025,1,3.17451978428007,1,0
NA,1,0.491205589873476,1,1
NA,NA,0.44201615873174,0,0
NA,NA,0.2001981832427,0,0
NA,NA,-0.529195211918201,0,0
NA,NA,-2.67716885487045,0,0
NA,1,1.8127119312971,1,1
NA,NA,-0.516250386678411,0,0
0.213941288465504,0,-0.862041813735341,1,0
1.13015547191762,0,-0.629968970094094,1,0
NA,NA,1.0749624618669,0,0
2.60944449266752,0,0.745689854002288,1,0
NA,1,1.32158580355189,1,1
NA,NA,0.279469141307329,0,0
NA,NA,-0.115006245548185,0,0
NA,NA,-0.250234587572854,0,0
NA,NA,-1.55717429972123,0,0
6.33227435274898,1,0.25959546534259,1,0
2.91179318661072,1,-0.337374377540247,1,0
NA,NA,-0.382965170050938,0,0
NA,NA,1.05269226069953,0,0
NA,NA,1.21121347353879,0,0
NA,0,2.45369487222183,1,1
NA,NA,0.464927336754254,0,0
NA,NA,-0.0948498082529971,0,0
1.64281494728901,1,-0.908331474152175,1,0
3.19751449572066,1,-0.0333366032934899,1,0
4.65328501065904,0,1.72059724640604,1,0
NA,NA,-0.236251623660883,0,0
3.51555504526632,0,1.70869864132557,1,0
NA,NA,-0.222756799545589,0,0
NA,NA,0.21033018312288,0,0
NA,1,2.48092038385889,1,1
NA,NA,0.0271648423874321,0,0
NA,NA,-1.45270517345354,0,0
NA,NA,-0.673642807416947,0,0
NA,NA,-1.05691633473035,0,0
5.41970484879571,1,0.0898368491080017,1,0
NA,NA,-0.572289502826511,0,0
NA,NA,0.378039438656651,0,0
NA,NA,1.62382151287374,0,0
NA,NA,-0.976293562011762,0,0
2.26775588788276,1,-1.0083744977457,1,0
NA,1,-0.256399512370766,1,1
NA,NA,0.882816739912026,0,0
1.98613547882268,0,0.376027123503681,1,0
NA,NA,0.104450888453636,0,0
NA,1,1.57174942774957,1,1
NA,NA,-0.268640998188145,0,0
NA,1,1.84852188608278,1,1
NA,NA,-1.51059647026223,0,0
5.4573232809395,1,0.281061228694041,1,0
5.91957290139587,1,0.90429346532004,1,0
NA,NA,1.13865742762799,0,0
NA,NA,-1.45233814369233,0,0
NA,NA,-0.626353321542115,0,0
NA,NA,-1.93207557597691,0,0
NA,NA,-0.239061590311605,0,0
4.69550829926418,1,-0.500271500433461,1,0
NA,NA,0.987471730369109,0,0
1.48773719489615,0,0.415421227242454,1,0
1.57937481119876,0,-0.29611631915228,1,0
NA,NA,1.36222173924555,0,0
NA,NA,-0.144296461718731,0,0
8.41123594621587,1,1.31572787554448,1,0
NA,1,0.666610766445117,1,1
NA,NA,0.661363775992788,0,0
7.75275138171601,1,0.906720372580947,1,0
NA,NA,-0.620599459294388,0,0
1.0804885791842,1,-1.41157628682664,1,0
NA,NA,0.810244286891991,0,0
NA,NA,-1.30099800324336,0,0
NA,NA,-0.903611801788592,0,0
4.89856845457468,1,-0.218743464648836,1,0
NA,NA,0.564587997180924,0,0
NA,1,0.609256391771582,1,1
NA,NA,-1.83602086878766,0,0
NA,NA,0.244146609668066,0,0
NA,NA,-1.7713618338249,0,0
10.8826219864227,1,2.25061026945178,1,0
NA,NA,-0.943008853792748,0,0
3.65454578766227,0,1.6868894561962,1,0
NA,NA,-0.338811926433357,0,0
7.64353919382181,1,0.620713591522164,1,0
NA,NA,-0.802721086857398,0,0
NA,NA,0.116593883188853,0,0
6.56559539359289,1,0.608067392089781,1,0
9.57159429527621,1,1.52794183545539,1,0
1.95917300835557,1,-0.627075993917891,1,0
NA,NA,-1.56426674597898,0,0
NA,NA,-1.22558199882339,0,0
NA,NA,0.125967165114114,0,0
5.15767271793127,1,0.259330821064604,1,0
2.62766201182424,0,-0.275286508832528,1,0
NA,NA,0.0497672155096357,0,0
2.13013016425293,0,-0.310697724950738,1,0
NA,NA,-0.421435447880268,0,0
NA,1,2.24620779511287,1,1
NA,NA,0.0866573729924924,0,0
NA,NA,1.22351387547554,0,0
NA,1,2.61823281991171,1,1
NA,NA,-1.32538097725393,0,0
NA,NA,-0.137758822174659,0,0
NA,NA,-0.00266898450538929,0,0
8.23557256592078,1,1.20590945018439,1,0
NA,NA,-0.328449075698023,0,0
NA,NA,0.314285567309573,0,0
NA,NA,0.181465253704035,0,0
NA,NA,0.37478409203679,0,0
NA,NA,-0.642525197682587,0,0
5.58344592718959,0,2.57545331864491,1,0
NA,NA,-1.14069051222224,0,0
NA,1,-0.309747123005815,1,1
NA,NA,0.416243047192508,0,0
7.09694571529874,1,0.43153057070049,1,0
NA,NA,-1.1691369060341,0,0
NA,NA,-0.150172391372914,0,0
NA,NA,-1.39912211804635,0,0
NA,NA,0.917339213683056,0,0
NA,NA,-0.919625545674867,0,0
NA,NA,-1.12619356163764,0,0
4.36210536239293,1,-0.00583503886139956,1,0
NA,NA,-1.25613298158102,0,0
NA,NA,0.21279147402541,0,0
NA,NA,-0.555619629469678,0,0
NA,NA,-0.62831008904347,0,0
NA,NA,-1.59500145340402,0,0
NA,NA,-2.47645049452256,0,0
7.5810669375223,1,1.11029541174685,1,0
9.88760051803557,1,1.76051759457602,1,0
0.906055534319966,0,1.25649974649894,1,0
5.81994059039372,1,-0.0815338980196429,1,0
NA,NA,0.147271584663551,0,0
NA,NA,0.354597559542375,0,0
NA,NA,-0.337141103361032,0,0
NA,NA,0.492653951656481,0,0
NA,NA,0.829866793583873,0,0
NA,1,0.947611539603209,1,1
NA,NA,1.16542883446602,0,0
NA,NA,-0.421166366290429,0,0
3.62351117887397,0,0.334602756436989,1,0
3.85090046053878,0,-0.106222654973173,1,0
NA,NA,-1.28708648621814,0,0
NA,NA,-0.908059860049952,0,0
NA,NA,-0.283935748679001,0,0
5.74030857835652,1,0.266592458399183,1,0
NA,NA,1.22431930895728,0,0
NA,NA,0.821525526825726,0,0
NA,NA,-1.24776679226202,0,0
NA,1,0.601275013858364,1,1
NA,NA,-0.908752216129051,0,0
7.84182551719391,1,0.900344887747296,1,0
NA,NA,-0.953871513946094,0,0
NA,NA,-1.24089171441291,0,0
5.46332018887758,1,0.0815500958017237,1,0
NA,NA,-0.813076911449766,0,0
NA,1,1.06478465880181,1,1
NA,NA,-1.04901921849595,0,0
0.787166616858642,0,0.516009325167412,1,0
4.41544786128103,0,0.985746984418363,1,0
NA,NA,-0.35165697798206,0,0
4.62728903727549,0,0.451749228471749,1,0
NA,NA,-0.593572178730932,0,0
NA,NA,-1.13649526825212,0,0
NA,NA,-2.33497178127181,0,0
NA,NA,-0.926597259630885,0,0
NA,NA,0.395171601492927,0,0
NA,NA,0.0741714005493914,0,0
NA,NA,-1.05649333360304,0,0
2.30048857423181,0,-0.0775545035183967,1,0
NA,NA,-2.41603024212657,0,0
6.34276026288168,1,0.809519878482719,1,0
NA,NA,-0.869749853294244,0,0
NA,NA,-0.125077441843527,0,0
NA,NA,0.41115161878454,0,0
NA,NA,-0.850435305046767,0,0
3.78940071633112,0,1.4665510712084,1,0
NA,NA,0.306878543209711,0,0
NA,NA,0.429680832800053,0,0
6.6067750113012,1,0.810377064747989,1,0
6.22433152662012,1,0.921172911124199,1,0
NA,0,0.544807883194691,1,1
NA,1,2.36959502355302,1,1
NA,NA,-0.603094261358911,0,0
NA,NA,1.56083962675,0,0
NA,NA,-1.35383614798257,0,0
NA,NA,-0.508004601076342,0,0
NA,1,-0.478311132418979,1,1
3.51915941144323,1,-0.898170282231573,1,0
NA,1,0.108274523745864,1,1
NA,NA,0.649879562609338,0,0
NA,NA,-0.820473392742006,0,0
NA,NA,0.359761528557581,0,0
NA,NA,0.633324928437982,0,0
5.45049040641686,1,0.0978159188655356,1,0
NA,NA,-0.801183755949992,0,0
NA,NA,-1.10229315336733,0,0
NA,NA,-0.851657012572341,0,0
NA,NA,0.519418173048002,0,0
4.30493595642941,0,1.78231561329573,1,0
NA,NA,-0.60002701021618,0,0
NA,NA,1.47202881872208,0,0
1.13635484526888,0,-1.03754711208436,1,0
NA,NA,-0.571449343788698,0,0
NA,NA,-0.0767891104349022,0,0
NA,NA,-0.429972380474222,0,0
NA,NA,0.178345151589542,0,0
NA,NA,0.834921341167059,0,0
6.62991580143695,1,1.0466507568352,1,0
NA,NA,0.762496037757118,0,0
NA,NA,-1.50551867529972,0,0
NA,NA,-0.590709411561947,0,0
3.56800103299381,1,-0.353384418087923,1,0
7.55076079861129,1,0.69327791161614,1,0
NA,NA,-1.56587278497252,0,0
NA,NA,-0.677897326851043,0,0
NA,NA,0.665215998411031,0,0
NA,1,0.95524504180699,1,1
4.61497475377224,0,0.291004470673687,1,0
NA,0,1.68452398458178,1,1
NA,NA,-2.41416486207894,0,0
NA,NA,0.229897633620541,0,0
NA,NA,-0.0680445791345914,0,0
NA,NA,-1.00173505397238,0,0
NA,NA,-0.560015463091365,0,0
NA,NA,0.240568027183605,0,0
NA,NA,1.21394151451887,0,0
NA,NA,0.252358485164026,0,0
NA,NA,0.652414104692385,0,0
NA,0,-0.928892644960027,1,1
NA,NA,-0.444693950906624,0,0
NA,NA,-0.0393421854237676,0,0
3.87003386525199,1,0.143080057160209,1,0
8.40872422021696,1,0.529199978876831,1,0
NA,NA,-0.185558488318001,0,0
5.95857314085988,1,0.766675058621243,1,0
NA,NA,0.264323015982099,0,0
NA,NA,-1.3558222763288,0,0
1.07323998743173,0,0.359071548321692,1,0
NA,NA,-1.70825283944633,0,0
NA,NA,-0.635928277355224,0,0
NA,NA,0.290433348159067,0,0
-1.60450589436298,0,-1.30379423270979,1,0
NA,NA,-0.114100599327674,0,0
NA,NA,-0.092962085023748,0,0
NA,NA,-0.122560626447375,0,0
NA,NA,-0.883310771318462,0,0
NA,NA,0.600169469401305,0,0
NA,1,0.717134365632955,1,1
NA,NA,-0.390874782474331,0,0
NA,NA,0.427892517086193,0,0
NA,NA,-0.837105234296302,0,0
6.12855649852234,1,0.0225598675334932,1,0
5.72569369619181,1,0.760060847485706,1,0
NA,NA,0.245713332088109,0,0
NA,NA,0.14139134685168,0,0
NA,0,1.3405773256748,1,1
NA,NA,-0.749105637416039,0,0
NA,NA,0.776584537569481,0,0
2.02884670268846,0,0.228181606829711,1,0
NA,1,-0.736400489379546,1,1
5.54503777067334,1,-0.0704274811359867,1,0
NA,1,-0.376126589747127,1,1
8.55605880252978,1,0.663223068581971,1,0
2.53407305165733,0,0.410695883940059,1,0
NA,NA,-1.83184901351771,0,0
NA,0,1.64842382136271,1,1
-2.36303010196796,1,-2.1329179344463,1,0
7.99104344912474,1,0.687006166808365,1,0
NA,NA,-0.748761646665193,0,0
2.1695746838346,0,1.06911275932534,1,0
NA,1,0.396829329884725,1,1
6.89397754743011,1,1.38535325921297,1,0
4.49433548045244,1,-0.178080118436893,1,0
NA,NA,-2.42988067251115,0,0
4.3578550657409,1,-0.232011957059107,1,0
NA,NA,0.105937161925274,0,0
NA,NA,1.21756978398376,0,0
NA,NA,-1.17176359943771,0,0
NA,NA,-0.266475823895061,0,0
2.88941814325044,1,-0.454685555577368,1,0
NA,0,1.50493216814738,1,1
-0.318817391385344,0,-1.62253834012802,1,0
NA,NA,1.05905497807605,0,0
NA,NA,1.15698003542924,0,0
NA,NA,-0.113958858999298,0,0
NA,NA,0.855190970106915,0,0
3.49278516108645,0,0.511139092189725,1,0
NA,NA,-0.714418985172829,0,0
NA,NA,-0.694971594834713,0,0
NA,NA,-2.02251977219747,0,0
NA,0,1.58146032169396,1,1
NA,1,1.29683319578503,1,1
NA,NA,1.27035453737285,0,0
NA,NA,-0.0160778678538177,0,0
NA,0,-0.581762953398202,1,1
NA,NA,-1.65357546614648,0,0
NA,NA,-0.574408772223323,0,0
NA,NA,-0.907622087912097,0,0
NA,NA,-1.36553956640524,0,0
NA,NA,0.308299926829597,0,0
4.10837478656572,1,-0.472627502422465,1,0
NA,NA,0.446222235667692,0,0
NA,NA,-0.775157770851509,0,0
9.56156755140389,1,2.06068761751814,1,0
NA,0,2.58539637352218,1,1
NA,1,1.4998064030903,1,1
NA,1,-0.100192607788636,1,1
3.43158804474601,0,0.647185814663537,1,0
NA,NA,-1.40458976481618,0,0
NA,NA,-1.33411764776861,0,0
0.132016582139004,0,-0.446729345052682,1,0
4.96871097839862,0,1.69061986061771,1,0
NA,NA,-0.223365145696298,0,0
2.47675020270441,0,0.923438510803911,1,0
NA,NA,-0.0495256938434538,0,0
NA,NA,-0.346890884284201,0,0
NA,NA,0.199251919612581,0,0
5.20604914028744,1,-0.132327785051881,1,0
4.53105683882642,0,1.45423172269893,1,0
NA,NA,-1.32063917335026,0,0
5.76088382604954,1,0.109207163477544,1,0
NA,0,-0.0254722179209988,1,1
5.34224321000011,1,-0.135157590930348,1,0
NA,NA,-0.640525314131231,0,0
7.67000325367721,1,0.71748255574154,1,0
NA,NA,-1.47690981302073,0,0
6.17690457004515,1,0.75410479816319,1,0
NA,NA,-2.18980917487403,0,0
2.55340996794228,0,1.55309984771205,1,0
NA,NA,0.702061998975101,0,0
NA,NA,0.0515238125352395,0,0
NA,NA,-2.42797370995882,0,0
NA,1,-0.0860707324535189,1,1
NA,NA,-0.738357445758922,0,0
NA,1,1.16772402635259,1,1
-0.722647329422571,0,-1.63264961625291,1,0
NA,NA,-1.61312915574097,0,0
NA,NA,-0.224659351788146,0,0
NA,0,-0.0551681503459401,1,1
NA,NA,-0.627365956924184,0,0
0.584471633743094,0,-0.184349380412772,1,0
NA,1,-0.263044660917603,1,1
NA,NA,-0.525646241251671,0,0
NA,NA,-0.67522749773812,0,0
1.56169685386691,0,-0.156788604665715,1,0
NA,NA,0.969242741689339,0,0
NA,NA,1.86326613150228,0,0
NA,NA,1.01885748883875,0,0
NA,NA,0.0456918216264974,0,0
NA,NA,-1.20179167247776,0,0
4.34506071269462,0,0.909354155230945,1,0
NA,NA,1.46195822050016,0,0
NA,NA,-0.184626753951705,0,0
NA,NA,-0.190168268382486,0,0
NA,NA,1.24329480266288,0,0
NA,NA,0.18558749818315,0,0
NA,NA,2.27102227928726,0,0
NA,NA,-0.0515549198891902,0,0
NA,NA,-1.61554882919585,0,0
NA,0,1.05795583994723,1,1
NA,NA,0.361894756181958,0,0
NA,NA,-0.265876705750517,0,0
NA,NA,-1.25578140173536,0,0
6.48977321515127,1,0.87648416717228,1,0
3.24588631134823,0,0.592634666890485,1,0
7.35122009994467,1,0.271525680875784,1,0
8.24701827197643,1,1.55327347117647,1,0
NA,NA,-1.06380687634054,0,0
NA,1,0.206822497346744,1,1
NA,NA,-0.248933255655566,0,0
2.65636522779165,0,0.515388673918764,1,0
3.2518696328411,0,0.442785820060402,1,0
6.26746173812518,1,-0.117116618623996,1,0
-0.266944845587143,0,-1.49784147274197,1,0
3.29467160430805,0,0.0472006059695206,1,0
8.94257907468887,1,1.4802578676094,1,0
NA,NA,-1.96455496249316,0,0
NA,NA,-0.538555626716068,0,0
NA,NA,0.50278659285196,0,0
NA,NA,-1.09331277445394,0,0
NA,NA,-1.02602611043194,0,0
NA,NA,-1.01203614366599,0,0
NA,NA,-0.782634176957744,0,0
6.34625683765231,1,0.359562812057244,1,0
NA,NA,1.99862021891536,0,0
NA,NA,0.55393480042535,0,0
NA,NA,-0.808303348930513,0,0
NA,NA,-0.557018477813349,0,0
NA,NA,-1.08560353078743,0,0
NA,NA,-0.71979401765733,0,0
NA,NA,-0.692566843267431,0,0
4.31101587335383,0,1.4135047045491,1,0
NA,NA,0.640962189123194,0,0
NA,NA,-1.7175207063165,0,0
3.19809343992174,0,0.82618859480234,1,0
NA,NA,1.28077530846579,0,0
1.613145685322,0,-0.231344204570623,1,0
6.80897270576194,1,1.35882748116687,1,0
NA,1,0.341239054522143,1,1
NA,NA,0.642236181244164,0,0
NA,NA,-0.321210717862453,0,0
8.50194840975421,1,1.44019566135034,1,0
NA,1,0.0537341212031113,1,1
3.49393656572142,1,-0.269713563078948,1,0
NA,NA,0.466756268777527,0,0
NA,NA,-0.11071137212952,0,0
NA,NA,-0.25606542122908,0,0
NA,NA,0.726092190740559,0,0
NA,NA,-0.200982022267937,0,0
NA,NA,-0.422671961211497,0,0
1.93130462833474,0,-0.54216975567854,1,0
2.36947324180309,1,-1.39017790544112,1,0
8.59753420161538,1,1.60713541056557,1,0
NA,NA,-0.652838190922449,0,0
NA,NA,-0.380368509294335,0,0
NA,NA,0.0867430365496318,0,0
NA,NA,-0.649057964312564,0,0
NA,NA,-2.01649070787307,0,0
NA,0,0.448577388746643,1,1
NA,NA,0.523388159192163,0,0
NA,NA,-0.246122239665679,0,0
NA,NA,-0.544545707183516,0,0
NA,NA,-0.803683014742773,0,0
12.2651360367189,1,1.95447105047381,1,0
NA,NA,-0.296887442895346,0,0
NA,0,-0.035404687210021,1,1
2.75615667953112,0,0.107189714468554,1,0
NA,NA,-0.230620531545034,0,0
10.6371445293464,1,2.39007004059566,1,0
6.10678384447717,1,-0.0116323437326994,1,0
NA,NA,-1.08905940665858,0,0
6.84531195438581,1,0.313769183171077,1,0
NA,1,1.09572140336201,1,1
2.09292003061515,1,-1.01889460165192,1,0
NA,0,1.67087514103806,1,1
1.02228314810299,0,0.275183470718412,1,0
NA,NA,-0.181866399727406,0,0
NA,NA,0.867355430722069,0,0
-1.62795754667786,0,-1.40279690623594,1,0
10.3563800231872,1,1.48230141230567,1,0
1.20004626718903,0,-0.591796068662362,1,0
NA,NA,-0.885001753474386,0,0
3.33793990706734,1,-0.527436558659494,1,0
NA,NA,0.0310374052801759,0,0
3.27354128249059,1,-0.946515483343574,1,0
NA,NA,-2.49897029524684,0,0
NA,NA,0.145711531004003,0,0
3.5075609857496,0,0.858703393437413,1,0
NA,NA,-0.209938282882933,0,0
NA,NA,0.398824020925648,0,0
2.75127317997587,0,0.761127736197585,1,0
NA,NA,-0.965406631821685,0,0
NA,1,1.70425351971367,1,1
NA,NA,-0.81581184165478,0,0
4.76834061180591,1,0.0505031847282846,1,0
NA,NA,1.81833471172887,0,0
2.28427092156227,0,0.233738106743284,1,0
NA,NA,-0.0287897691741464,0,0
-1.11215548190729,0,-1.13535799444069,1,0
NA,NA,-1.15737781092832,0,0
NA,NA,-0.547340906138225,0,0
NA,NA,-0.433572715922771,0,0
8.79676547534755,1,1.66248593383382,1,0
NA,0,-0.563130851439488,1,1
NA,NA,-1.14555224504636,0,0
NA,1,0.70929132488924,1,1
NA,NA,0.160234692884093,0,0
5.76029764740159,1,0.113352593811487,1,0
5.23094580434556,0,1.49521350608348,1,0
5.26072949175262,1,1.02323662606114,1,0
NA,NA,1.17446162052015,0,0
NA,NA,-0.244503756930785,0,0
NA,NA,-0.166932131005799,0,0
3.80682819725565,1,-0.0841155041461892,1,0
NA,NA,-0.826498278320729,0,0
NA,NA,-1.18949684486068,0,0
5.74013937031074,1,0.393351860980975,1,0
NA,NA,-0.180783643152807,0,0
NA,NA,0.00218840129337854,0,0
6.70372517883206,1,1.18276728772386,1,0
NA,NA,-0.688825038725034,0,0
NA,0,1.96360867768691,1,1
NA,NA,-0.441910422925586,0,0
2.24356284738603,0,0.781007950063791,1,0
NA,NA,-1.13436748209853,0,0
4.08489172435293,0,0.273041389468936,1,0
NA,NA,-0.763706558389942,0,0
0.61013250879703,0,-0.737607983989264,1,0
NA,NA,-1.25657614092639,0,0
NA,NA,-0.0170698956009469,0,0
NA,NA,0.760560550871685,0,0
NA,NA,-0.171825915244101,0,0
NA,0,-0.265263394261249,1,1
NA,NA,-0.423995996873209,0,0
3.01757701591584,0,0.689272118280285,1,0
NA,1,1.05045042906015,1,1
NA,NA,-2.19402499653358,0,0
NA,NA,-0.502965563297584,0,0
NA,NA,0.880319117538282,0,0
2.77531905108374,0,1.54835282944109,1,0
NA,NA,0.578006183928215,0,0
NA,NA,-0.13083383528347,0,0
6.06660504585062,1,0.607857026905797,1,0
1.95794222785242,0,0.217520387392552,1,0
NA,NA,0.526191223166367,0,0
3.69402739136416,0,0.461979537951275,1,0
NA,NA,1.50399120650089,0,0
NA,NA,0.353009602570219,0,0
NA,0,-0.398902404734734,1,1
NA,NA,1.02355959954025,0,0
0.82886380242247,0,-0.800870910576536,1,0
NA,NA,-0.297780153902299,0,0
NA,NA,-2.40109468243829,0,0
3.36678528727299,0,0.193998228900719,1,0
2.01800995663054,0,0.63054874598584,1,0
-0.228485877003304,1,-1.72234774234449,1,0
NA,NA,2.53904641213465,0,0
NA,NA,-0.93202765273661,0,0
NA,NA,-1.2920278081392,0,0
NA,NA,-0.329125469198937,0,0
NA,NA,0.299302194344734,0,0
NA,NA,-0.440187586812284,0,0
2.30769900233337,0,0.496934162455208,1,0
NA,0,-0.89057085460159,1,1
7.02397608743682,1,0.731639832631132,1,0
NA,NA,0.126996462004796,0,0
8.36553950117458,1,1.88904233606744,1,0
NA,NA,0.379767693804555,0,0
NA,NA,-0.0448161139871801,0,0
NA,1,0.136043976842453,1,1
NA,NA,0.550276535752571,0,0
NA,NA,-0.808080397534084,0,0
0.216571527376287,0,-1.00699603251889,1,0
NA,NA,0.858202267276623,0,0
3.26815713690605,0,0.0844163440587337,1,0
NA,NA,-1.48179176140082,0,0
NA,NA,-0.9651266161995,0,0
2.73095800768164,0,0.103600145420958,1,0
NA,0,1.1773236654154,1,1
NA,NA,0.192566454895148,0,0
NA,NA,-0.00723908878469659,0,0
NA,NA,-0.462310513259255,0,0
NA,NA,-0.724387535647471,0,0
NA,NA,-0.639016919876248,0,0
5.02673524476956,1,0.444142523918265,1,0
NA,NA,-0.584054238178266,0,0
NA,NA,0.186265347755488,0,0
NA,NA,-0.300342713730724,0,0
NA,NA,0.159700413754183,0,0
8.79609887689703,1,1.01999508545972,1,0
NA,NA,0.798351878707584,0,0
NA,NA,-0.044090271581282,0,0
NA,NA,-0.992193431605077,0,0
NA,NA,0.575852522768862,0,0
NA,NA,0.135781237800526,0,0
NA,NA,-1.01208196057172,0,0
7.66577769610846,1,1.00402316383581,1,0
NA,NA,0.876095886998526,0,0
NA,NA,-0.692968115760895,0,0
5.43732116951141,0,2.68180948338679,1,0
NA,NA,-3.13899312896842,0,0
NA,NA,0.645956605503056,0,0
NA,NA,-0.480610133856287,0,0
NA,NA,0.192807393685871,0,0
NA,NA,-1.04925616100414,0,0
NA,NA,-0.24585186926655,0,0
NA,NA,-0.613729291010653,0,0
6.43522415269946,1,0.497692038896738,1,0
NA,0,0.456841757760867,1,1
3.48060940531957,0,0.730374039844885,1,0
6.87933350333961,1,0.399518813185011,1,0
NA,NA,-0.0861377871174699,0,0
NA,NA,-0.0963810493728022,0,0
NA,1,1.86373382233984,1,1
NA,1,0.851283491078538,1,1
3.67057930133738,0,-0.0592854618366041,1,0
3.39567866611776,0,1.50066953016993,1,0
1.41792974254133,0,0.451022941536234,1,0
3.64293644115058,1,-0.0995630325040558,1,0
NA,NA,-1.02102751463047,0,0
NA,NA,0.346607005280016,0,0
5.46731834702003,1,0.517299926175581,1,0
NA,NA,-0.639980910158429,0,0
2.0760959230853,1,-0.998203710977064,1,0
NA,NA,-1.32931604978871,0,0
NA,NA,-0.873582293537821,0,0
8.69543556435039,1,1.07104687470885,1,0
2.58003676395841,0,0.468129482172467,1,0
NA,NA,-0.927321793089823,0,0
NA,NA,-1.5818156716694,0,0
NA,NA,-2.78399210945974,0,0
1.3816644246287,0,-0.936595221275909,1,0
NA,NA,0.477875031833748,0,0
NA,NA,-1.19529144352291,0,0
NA,NA,0.305301660949113,0,0
NA,NA,1.73266163127779,0,0
NA,NA,-2.16316306849597,0,0
1.21004463620725,0,-0.119819499989917,1,0
NA,NA,-0.975527419817998,0,0
8.34295955164105,1,0.957784463175755,1,0
NA,NA,0.00494753450098241,0,0
4.50623249413654,1,0.354204596046414,1,0
4.52666842264275,1,0.176206004043117,1,0
NA,1,0.230682050535359,1,1
NA,NA,0.329397305970626,0,0
NA,NA,-0.97239308578563,0,0
NA,NA,1.28169363205409,0,0
7.87799497706011,1,1.52914308593026,1,0
NA,NA,-0.150879530345409,0,0
NA,NA,-0.181568669642687,0,0
NA,NA,-1.84093919530514,0,0
NA,0,0.16519261489522,1,1
-0.0985225018069749,0,-2.25342167258279,1,0
NA,NA,-0.203377537798555,0,0
NA,NA,-1.48901267982703,0,0
NA,NA,-0.80592313159309,0,0
NA,1,-0.163240061919337,1,1
NA,NA,0.52583578459122,0,0
NA,1,1.40240703340828,1,1
NA,NA,-0.426245303013057,0,0
NA,NA,-0.212596795069938,0,0
NA,NA,-0.230817019099012,0,0
NA,NA,-0.492154208159477,0,0
NA,NA,-0.307399420096093,0,0
2.59575190819383,0,0.713397005310362,1,0
NA,1,1.75659582364803,1,1
NA,0,1.56873629399177,1,1
NA,NA,-0.114376060875312,0,0
3.63017854227389,0,0.585612246214135,1,0
NA,NA,-0.583870739389275,0,0
NA,NA,-1.50778289137984,0,0
NA,NA,0.518631721220592,0,0
NA,NA,0.367644068718127,0,0
NA,0,1.59744004592723,1,1
NA,NA,-0.173505779423678,0,0
NA,NA,-1.71396796503711,0,0
NA,NA,0.284856517472213,0,0
NA,NA,-1.51545966092347,0,0
NA,NA,-1.11722842504756,0,0
NA,0,-0.462236253258946,1,1
NA,NA,-0.450398744367243,0,0
NA,NA,-1.37722783470441,0,0
NA,1,1.04859151359238,1,1
NA,NA,0.30555621676614,0,0
NA,NA,-0.918748616451352,0,0
4.23079674443736,1,-0.845222587052554,1,0
NA,NA,-1.22732567518176,0,0
6.63594214098786,1,0.351529308690375,1,0
2.69466620005584,0,0.880826582309925,1,0
3.98935400135793,1,-0.453966879586077,1,0
NA,NA,1.01804620900246,0,0
NA,1,-0.319211879877217,1,1
NA,1,0.258135510658443,1,1
6.67602206918393,1,1.1163642663612,1,0
NA,NA,-0.77210829956962,0,0
NA,1,0.11259430625395,1,1
NA,NA,0.531562239371635,0,0
NA,NA,-0.422902650617128,0,0
NA,NA,0.148623992007772,0,0
3.2023870104464,0,0.399286308762999,1,0
9.70085935205284,1,1.18545205531744,1,0
NA,NA,0.919095331882199,0,0
NA,NA,-0.394769701294296,0,0
6.73531334286435,1,0.609240909110271,1,0
3.3641530500934,0,1.552754323222,1,0
-0.126821356211135,0,-0.628994863204225,1,0
NA,NA,1.41924953870264,0,0
NA,NA,-1.37066534309718,0,0
2.98593335776819,1,-0.897031020178635,1,0
NA,1,0.137112823194629,1,1
NA,NA,-1.70437576028005,0,0
3.11112060103961,0,0.320308058794637,1,0
NA,NA,-2.13104361809747,0,0
NA,NA,-0.742451433401934,0,0
NA,NA,-0.951941765720053,0,0
NA,0,0.9339879197246,1,1
NA,NA,-1.09948288223523,0,0
NA,NA,1.29711010122401,0,0
NA,NA,-0.811869011460113,0,0
NA,NA,-0.338192213747675,0,0
NA,NA,-0.829080141784422,0,0
NA,NA,1.0766521816494,0,0
NA,NA,-1.3278948055111,0,0
1.29106279799367,0,0.739907498461063,1,0
NA,NA,0.976673150622898,0,0
NA,NA,-0.37681524864787,0,0
NA,NA,-1.30089125498605,0,0
2.42743293491279,0,0.725204344924953,1,0
NA,NA,-0.970320176942339,0,0
NA,NA,-0.887412359318331,0,0
NA,NA,-0.686216777211002,0,0
NA,NA,-0.934156876357403,0,0
11.6083368430079,1,1.65832732814445,1,0
6.3805819368509,1,0.614131653946908,1,0
NA,NA,0.338641287474492,0,0
NA,NA,-0.576008960512498,0,0
6.36150603906355,1,1.05067558510226,1,0
NA,NA,-1.01644723113006,0,0
NA,NA,-0.210170203015396,0,0
4.20309541826822,0,1.10298560260448,1,0
3.96037805602867,1,-0.933756564769499,1,0
NA,NA,0.0373396617812627,0,0
NA,NA,-0.769076145758471,0,0
NA,NA,-0.387566229908299,0,0
5.62563266132229,1,-0.0538397421329862,1,0
NA,NA,-0.188542475976531,0,0
3.9758661656768,0,0.965698413257635,1,0
NA,NA,0.625906596890689,0,0
NA,1,0.817892823041214,1,1
NA,1,0.846438126417034,1,1
8.27152031782753,1,1.33169732315778,1,0
2.90740379389571,0,0.226968255002824,1,0
4.40788318727946,0,0.65350981979275,1,0
NA,NA,-0.340644344731065,0,0
NA,NA,-0.115979062343394,0,0
NA,NA,0.535850478938863,0,0
NA,NA,-0.337686762629956,0,0
4.43603635314699,1,-0.374418781703754,1,0
NA,NA,0.272783555184757,0,0
4.37493641408077,0,1.53591780168055,1,0
NA,NA,-1.39188968640531,0,0
NA,NA,-0.471635008527422,0,0
NA,NA,0.381585018084879,0,0
3.60700153414647,1,0.319341086263141,1,0
NA,NA,-1.41476618244951,0,0
NA,NA,-0.739714251249943,0,0
0.0566297090552705,0,-1.12173115267717,1,0
NA,NA,-0.0455645969922295,0,0
NA,0,1.31356314065774,1,1
5.0971904959575,1,-0.00158204230492996,1,0
NA,NA,-0.212091233815896,0,0
NA,NA,2.25347500925588,0,0
NA,NA,-0.60624713210924,0,0
NA,NA,0.113822755103304,0,0
NA,NA,-0.334740454208365,0,0
3.03843944579371,1,-0.907281697378612,1,0
NA,NA,0.605857718423735,0,0
NA,NA,-0.522815844166493,0,0
7.52802169090317,1,0.850439392709796,1,0
NA,NA,-0.408036071471018,0,0
-0.508784568122037,0,-0.141808656570536,1,0
NA,NA,-0.813898073869445,0,0
2.56980763499961,1,-0.325540589312666,1,0
NA,NA,0.378157397165477,0,0
NA,NA,-1.994485362048,0,0
NA,NA,-0.999356693242897,0,0
NA,NA,0.283822423134089,0,0
NA,NA,-1.10119397684316,0,0
NA,NA,0.983346982359529,0,0
NA,NA,-1.01662540554706,0,0
NA,NA,-0.863907495138643,0,0
NA,NA,-0.226986669320352,0,0
NA,NA,-0.272388059455222,0,0
4.13342165066146,1,-0.253790438243238,1,0
NA,NA,0.415776373443036,0,0
NA,NA,0.572441869624907,0,0
NA,NA,-1.81823624118953,0,0
7.09173641843357,1,0.953336849161407,1,0
4.25396195911364,0,1.34424787271312,1,0
NA,NA,-0.754470215261657,0,0
NA,NA,-1.88690223703747,0,0
-0.765344101488848,1,-1.63915999611165,1,0
NA,NA,-1.91281989340237,0,0
7.42746120694048,1,0.308721061757311,1,0
NA,NA,0.634157592046035,0,0
NA,NA,1.47396772275126,0,0
0.467861543565957,0,0.32357209555769,1,0
5.83860899357691,0,0.923510125090382,1,0
NA,NA,-0.556882439326111,0,0
NA,NA,-0.992930853628641,0,0
NA,1,0.267362681279231,1,1
6.69554593049667,1,0.337202940545064,1,0
NA,NA,-2.07330759695566,0,0
5.58984185471207,1,0.937936932333045,1,0
NA,NA,-0.613064599652876,0,0
NA,NA,-0.112092904178992,0,0
NA,0,-1.01392542362372,1,1
NA,NA,0.636392746769097,0,0
NA,NA,-0.370722808414899,0,0
-0.041663261375936,0,-1.42133301305244,1,0
4.53705725716549,1,0.289090230395264,1,0
NA,NA,-1.64787067570603,0,0
NA,NA,-0.190245222772756,0,0
4.41283860768727,1,0.0194040309542796,1,0
NA,1,2.7018310603995,1,1
NA,NA,0.510971555702922,0,0
NA,NA,-1.2733439430434,0,0
NA,0,0.376437913312468,1,1
NA,NA,-0.0987659900483044,0,0
NA,1,0.220544495588186,1,1
NA,NA,-1.61592686996966,0,0
NA,1,1.68090301749135,1,1
NA,NA,0.558235768607064,0,0
NA,NA,-0.376390838734751,0,0
NA,NA,-2.02756608489503,0,0
NA,1,0.397905309906828,1,1
NA,NA,-1.39689726524874,0,0
NA,NA,-1.18227052196702,0,0
NA,NA,0.542324933740678,0,0
8.5784130992472,1,0.734721150305722,1,0
4.62652024095408,1,-0.378504196411471,1,0
NA,NA,-1.64280557175606,0,0
NA,NA,-2.35363430203608,0,0
NA,NA,-1.40018450981963,0,0
NA,NA,-0.696793174595107,0,0
NA,NA,-0.973673476625389,0,0
NA,1,0.321376423697846,1,1
NA,NA,-0.819010373585505,0,0
NA,NA,0.472704589780157,0,0
NA,NA,1.1954171235144,0,0
NA,NA,-0.445658345235482,0,0
NA,NA,-1.35312998679368,0,0
3.06909959577253,1,-1.18503067452279,1,0
NA,0,0.760606964346921,1,1
NA,NA,-1.55734809274195,0,0
NA,NA,1.60220703903869,0,0
NA,NA,0.279216025367745,0,0
NA,NA,0.958156714510435,0,0
NA,NA,-0.737894964320054,0,0
NA,NA,-0.641051896129936,0,0
NA,NA,0.446461847481247,0,0
4.23790347817225,1,-0.189212251041565,1,0
NA,NA,0.588090755966724,0,0
NA,NA,-0.188046258983758,0,0
4.53908519455353,1,-0.183047444540422,1,0
3.13141988667235,0,1.76037108613501,1,0
5.52124925845049,1,0.491819019266072,1,0
NA,NA,-2.32690137102039,0,0
3.67236801909806,0,0.717234053379376,1,0
NA,NA,-0.68233877507983,0,0
NA,NA,0.038614423126172,0,0
NA,NA,1.35344327237485,0,0
8.0845232935765,1,1.69138981336243,1,0
0.88998959880145,1,-1.97724922370716,1,0
NA,NA,-1.52539749092167,0,0
NA,NA,0.437746900882553,0,0
NA,NA,-0.643125319354182,0,0
NA,NA,-0.4760779533788,0,0
NA,1,1.22940126860005,1,1
NA,NA,-0.461557933995871,0,0
NA,NA,-1.1671305153144,0,0
3.78854328407455,1,-0.300352441454184,1,0
NA,NA,0.769973982367045,0,0
NA,NA,0.240262799278662,0,0
9.02696103123255,1,0.754168797301627,1,0
NA,NA,-1.76908156428037,0,0
NA,NA,0.116332320379715,0,0
NA,1,0.692022539741815,1,1
7.7043890371181,1,1.37798602518764,1,0
-1.04376322197555,1,-2.73597021069485,1,0
NA,NA,-0.782565190445743,0,0
3.93338389787782,0,0.808043339986812,1,0
NA,NA,0.524068585979806,0,0
6.63878698767417,1,0.35611777436691,1,0
NA,NA,-1.6049550133313,0,0
NA,NA,-0.322682059625519,0,0
NA,NA,-2.16145939152144,0,0
NA,NA,0.0190967022825058,0,0
NA,NA,-0.992704380579595,0,0
NA,NA,-1.43976540953535,0,0
NA,NA,0.169291552863872,0,0
9.77018934320169,1,1.8248258610762,1,0
NA,NA,-1.58444178208245,0,0
NA,NA,-0.873830017616974,0,0
NA,NA,-0.195780946959777,0,0
NA,1,-0.706652682485904,1,1
-0.232748972277421,0,-1.04368410538297,1,0
7.63493859636019,1,0.61000173520942,1,0
NA,NA,-1.00719181216564,0,0
NA,NA,-0.161783123191246,0,0
NA,0,0.980051876335626,1,1
5.35001010515838,1,0.361942258956084,1,0
NA,NA,-1.60565791906829,0,0
7.97221215051557,1,1.31105640447589,1,0
6.59055810256454,1,0.539388173408711,1,0
NA,NA,0.218794224103804,0,0
2.89254198720713,0,-0.129966893255263,1,0
NA,1,-0.865052891545505,1,1
NA,1,-0.825638182890832,1,1
NA,NA,-0.954139075093771,0,0
NA,NA,-1.3922237409318,0,0
NA,NA,0.532505696903585,0,0
NA,NA,-1.36001392024891,0,0
6.40996244722632,1,0.417999489071495,1,0
NA,NA,-0.850258156293663,0,0
5.07478677605226,1,0.869526359692787,1,0
NA,NA,1.03448043626442,0,0
NA,NA,0.0207367874396349,0,0
6.61999011652881,1,0.395119304823088,1,0
5.35934827435362,1,0.276352141875242,1,0
NA,NA,-1.40690816653097,0,0
NA,0,0.804685346315888,1,1
NA,1,0.775054010807102,1,1
NA,NA,-0.908145691062996,0,0
NA,NA,-0.996020115936964,0,0
NA,1,0.362546645148159,1,1
NA,NA,-1.08608236477082,0,0
NA,NA,0.175262128847649,0,0
5.58075096372685,1,0.634523421021894,1,0
NA,NA,-0.268304978918258,0,0
3.63266346352571,1,-0.143418596403623,1,0
NA,NA,-0.68532621612298,0,0
NA,NA,-0.310462136836296,0,0
NA,NA,-0.570169549397608,0,0
NA,0,2.53434623037214,1,1
NA,NA,0.601535968134075,0,0
NA,1,1.12756120883178,1,1
NA,NA,-0.470251565380531,0,0
NA,NA,-0.207428502167303,0,0
11.9278304780033,1,2.7456733627009,1,0
NA,NA,-0.830290714875519,0,0
NA,NA,-0.642700128605558,0,0
NA,1,-0.14161198106721,1,1
7.27997381747566,1,1.10436615092869,1,0
NA,NA,-3.00102477350675,0,0
NA,0,2.05359382706753,1,1
NA,NA,-1.09379605229137,0,0
NA,NA,-1.22656351514338,0,0
3.51532767484795,1,-0.342277227142286,1,0
2.9759152491781,0,0.658532578195758,1,0
NA,NA,-0.851445102760097,0,0
NA,1,-1.87598302993031,1,1
NA,NA,-0.48985664144872,0,0
5.89582093071865,1,0.328243402709361,1,0
3.3854493730484,0,0.865162051806121,1,0
2.66942824016935,0,1.13971671684903,1,0
NA,NA,-0.433955263226009,0,0
NA,1,1.46297579684964,1,1
2.82691483881788,0,1.19780771096557,1,0
NA,NA,-0.46228665944604,0,0
NA,0,0.912847756741927,1,1
4.3222634945648,0,1.05656727466585,1,0
NA,NA,-1.38155427610757,0,0
6.04417256162416,0,1.52242167132902,1,0
NA,NA,-0.0780192840566323,0,0
3.3326388448509,0,0.502346304431283,1,0
1.70671901126547,0,-0.0872131289547691,1,0
NA,NA,-0.690953385894806,0,0
7.90931281650434,1,1.52642292910877,1,0
NA,1,1.3140666822661,1,1
NA,NA,-1.06975411357875,0,0
NA,NA,-0.0159038650102378,0,0
NA,0,0.538930717398302,1,1
NA,NA,-1.7847166263677,0,0
4.09014251323635,1,-0.450105347817872,1,0
NA,NA,0.478496474306168,0,0
3.24823240941457,1,-0.346428572747648,1,0
NA,NA,-2.04428657828086,0,0
NA,NA,-1.48362599388729,0,0
NA,NA,-0.922956472241783,0,0
NA,NA,0.174244530667259,0,0
NA,NA,-1.81732318496419,0,0
NA,NA,0.500040679122927,0,0
NA,1,1.06354635357899,1,1
3.89226545391274,1,-0.565202660570903,1,0
3.96721312021652,0,0.944092998938885,1,0
NA,1,0.973098936350998,1,1
NA,NA,-0.0171660701106577,0,0
NA,NA,-0.359927350868906,0,0
NA,NA,-0.190184285527522,0,0
NA,NA,-1.87755309426937,0,0
NA,NA,0.560349532587586,0,0
3.2791476093486,0,0.33538474743254,1,0
NA,NA,-0.153022777564646,0,0
NA,NA,-2.71848745728651,0,0
NA,0,0.292217786590762,1,1
NA,1,0.565322207888516,1,1
NA,NA,-0.874218964168323,0,0
4.63201016873933,0,1.0090338680072,1,0
5.95321078899962,1,0.577055109325141,1,0
NA,NA,-1.18799741203433,0,0
NA,NA,-0.958594137083384,0,0
2.18564235737591,1,-0.220745542875477,1,0
NA,NA,-0.990504323908094,0,0
NA,NA,-1.04605522165573,0,0
NA,NA,1.35964791465518,0,0
0.71609980027557,1,-1.15592399628206,1,0
NA,NA,0.26084315779637,0,0
NA,NA,-1.55823647505566,0,0
1.57240268235632,0,-0.00714045431300919,1,0
3.72176337408468,0,0.567722227536647,1,0
8.28860946458991,1,1.11104418692594,1,0
NA,NA,-1.11934473018331,0,0
NA,NA,-0.745335689322329,0,0
NA,NA,0.89568526902501,0,0
NA,NA,0.590244427344547,0,0
NA,NA,-0.288462279506972,0,0
NA,NA,0.048163466406871,0,0
NA,NA,-0.488926055790904,0,0
NA,0,0.712986584937058,1,1
4.34053044877609,1,0.348591154474638,1,0
NA,NA,-0.0935614532345968,0,0
NA,NA,-0.845384979296857,0,0
6.25482953172794,1,0.277606233056156,1,0
1.38480415813511,0,-0.28890129987681,1,0
NA,NA,-1.8513267476268,0,0
NA,NA,-0.955468599993092,0,0
NA,NA,-1.68713584936332,0,0
NA,NA,0.933252713848061,0,0
4.378927584118,0,1.5139508755078,1,0
9.91975269159091,1,2.35428526164579,1,0
NA,NA,2.13661687737965,0,0
-0.486432075574241,0,-0.752573791675775,1,0
NA,NA,-1.25293572924985,0,0
2.03761483995554,0,-0.624828084817834,1,0
NA,1,1.27206446910862,1,1
NA,NA,-0.993816376439543,0,0
NA,NA,-0.708438488507119,0,0
NA,NA,-0.74678043290112,0,0
1.18695802748344,0,-0.277310210041919,1,0
2.42131034586135,0,0.659896700957193,1,0
NA,NA,-1.5121388803747,0,0
NA,NA,-0.0216116895578993,0,0
NA,NA,-1.75457004400806,0,0
8.74801269306642,1,1.03546625106255,1,0
4.27046545644448,0,0.862397608654755,1,0
5.37840338451137,1,0.265544767018382,1,0
NA,NA,-0.231326977263818,0,0
5.38276814701939,1,1.0243577681252,1,0
NA,NA,0.617370042573925,0,0
NA,NA,-1.17103081674999,0,0
10.9755360948845,1,2.51918956720831,1,0
5.01507563845491,1,-0.633089812097793,1,0
NA,NA,-1.02353018715821,0,0
NA,NA,0.435693940706874,0,0
NA,NA,0.267296542526631,0,0
NA,1,0.15153477759341,1,1
NA,NA,-1.42910809944283,0,0
NA,1,0.092244038071599,1,1
7.48728098233905,1,0.387349852747071,1,0
NA,1,2.24373592299426,1,1
NA,NA,-0.781466209509284,0,0
7.90262311987818,1,0.739967670482955,1,0
NA,NA,-0.858421801859811,0,0
NA,NA,0.302018596365049,0,0
NA,NA,-0.961095221822742,0,0
NA,NA,-1.99760903604054,0,0
NA,NA,-2.30690186737447,0,0
NA,NA,0.86723155891422,0,0
4.27293615984047,0,0.076113269906901,1,0
NA,NA,0.385224800550677,0,0
NA,NA,-2.06023179151918,0,0
NA,NA,-0.145354412049052,0,0
1.69668699227567,0,0.0979794170841946,1,0
4.09486573242596,0,1.65117286843722,1,0
NA,NA,-0.697531585795611,0,0
6.58595573883063,1,0.800353223332997,1,0
4.27141159086104,0,-0.0286260385443061,1,0
7.83166081136664,1,0.929936110491093,1,0
NA,NA,0.165499606708942,0,0
6.99829048253962,1,0.155884163257049,1,0
NA,NA,-0.165086221014642,0,0
3.86645749307604,0,0.0879751385928528,1,0
1.33329708111026,0,0.0858522002455114,1,0
NA,NA,-0.171564167050283,0,0
NA,1,-0.147076213012955,1,1
NA,NA,0.8500782782269,0,0
NA,NA,-0.186019562784106,0,0
NA,NA,-0.835441534293473,0,0
NA,NA,-0.0945247655139992,0,0
NA,NA,-1.26813823932045,0,0
7.70109130530525,1,1.71872324145718,1,0
11.3005986812524,1,2.4968402752067,1,0
NA,0,-0.0252063011042785,1,1
NA,NA,0.0070325800033662,0,0
NA,NA,-0.981715100072424,0,0
NA,NA,0.307234493729012,0,0
7.4827573237635,1,0.979590774747593,1,0
NA,0,0.780711033538671,1,1
1.36649561900257,0,-0.00765646730584681,1,0
5.94843185544819,1,1.25856749633181,1,0
10.0082840787318,1,1.76683471162832,1,0
NA,NA,-0.311547126334333,0,0
NA,NA,0.426973900055736,0,0
3.2850082766161,0,1.15457522800862,1,0
NA,NA,-0.287162114791726,0,0
1.53656007070463,0,0.132768822126551,1,0
NA,NA,-1.10623499986617,0,0
NA,NA,-0.880246859827876,0,0
NA,NA,-2.38863342271827,0,0
NA,NA,-0.69004938323951,0,0
NA,NA,-0.527856748000707,0,0
8.75696689870034,1,1.0663108268773,1,0
NA,NA,-1.09455421444261,0,0
NA,NA,-0.0850599489390614,0,0
NA,NA,-0.415982250479874,0,0
0.00878776743678822,0,-0.383489419654003,1,0
NA,NA,0.138478429491991,0,0
7.24174168679793,1,1.5025095098193,1,0
NA,NA,-1.15592439159928,0,0
NA,NA,0.676586019302704,0,0
2.97222799541657,1,-0.693678141249576,1,0
NA,NA,-1.12948331148021,0,0
NA,NA,0.84732831798785,0,0
NA,NA,-1.28432033562367,0,0
0.929124555247623,0,-0.951203283276817,1,0
NA,NA,1.01151549368614,0,0
NA,NA,-0.106991612669398,0,0
8.13942480923892,1,1.58067688954012,1,0
10.1165142378596,1,2.70884536477196,1,0
NA,NA,0.198800479198,0,0
NA,NA,0.760569649919817,0,0
3.92006074331603,0,0.113335188334946,1,0
NA,NA,-0.562871825842673,0,0
NA,NA,-0.717980765062782,0,0
NA,NA,1.07634568722594,0,0
5.1109173436844,1,0.729188701930514,1,0
2.08520421922968,0,0.472008520170886,1,0
NA,1,0.888964554031627,1,1
NA,NA,-1.13356486953053,0,0
NA,NA,-1.09760333280958,0,0
NA,NA,0.155016187191699,0,0
NA,NA,0.54070797485713,0,0
7.93848003402434,1,1.15080723331547,1,0
4.32063516407528,0,1.47704988933306,1,0
2.48028906979954,0,0.182187910542094,1,0
NA,NA,-1.10108235737537,0,0
-2.4219204005215,0,-1.20252726325904,1,0
NA,NA,-0.966708676495849,0,0
8.11885801686159,1,1.39449126043296,1,0
NA,NA,0.404360270712859,0,0
8.93378620174446,1,1.49031586219406,1,0
NA,NA,-0.680715286073037,0,0
5.489286831432,1,-0.0522803800696862,1,0
2.6796314569239,0,0.636823632832133,1,0
NA,NA,0.35688325862053,0,0
NA,NA,-1.17561605038368,0,0
NA,NA,-1.48605282360582,0,0
NA,NA,-2.44537238317247,0,0
2.91391199823725,0,0.65019931683817,1,0
3.11040329585514,0,0.597458845595852,1,0
NA,0,-0.00591553466537692,1,1
8.09381919956427,1,2.03488045755017,1,0
NA,NA,0.276288979880555,0,0
NA,NA,-0.496466209356325,0,0
NA,NA,1.17021622041948,0,0
NA,1,1.00415049965311,1,1
NA,NA,-0.706639694712761,0,0
NA,NA,0.0685642509355788,0,0
NA,NA,0.887426250052947,0,0
NA,NA,0.951080448511403,0,0
4.2842231707215,1,-0.132976015348185,1,0
NA,NA,-1.28558425906626,0,0
7.79493039552021,1,1.66116485621508,1,0
NA,NA,0.136576555971212,0,0
NA,NA,-0.464363828025639,0,0
NA,NA,-0.306423805718502,0,0
NA,NA,-0.435812300530228,0,0
NA,NA,-1.70782279922691,0,0
NA,NA,-0.171289220774238,0,0
NA,NA,0.98881575178477,0,0
NA,0,2.28564205323546,1,1
NA,NA,-0.535947018691219,0,0
NA,NA,-0.189088750770531,0,0
NA,NA,0.657250840978623,0,0
NA,NA,-0.167127618066899,0,0
NA,NA,-0.536767000075604,0,0
NA,NA,-0.333439039169432,0,0
NA,NA,0.22290414826286,0,0
NA,NA,-2.2417021676314,0,0
NA,NA,-0.642793087067836,0,0
2.35787557329833,0,0.129506779309632,1,0
6.30509997519769,1,0.500683932489198,1,0
NA,NA,-0.980687867797905,0,0
NA,NA,-0.598420796598819,0,0
NA,NA,-1.68698472183606,0,0
NA,NA,0.462985502852242,0,0
NA,NA,0.632984575305104,0,0
NA,NA,-0.0741200109700842,0,0
NA,NA,0.0279615662680733,0,0
NA,NA,-2.51209948928412,0,0
7.59980776066096,1,1.41348402080082,1,0
NA,NA,-0.303219537073222,0,0
NA,NA,-0.599311133860702,0,0
0.0190601247629001,0,0.0196621914579885,1,0
8.31356221168084,1,0.602632304715408,1,0
7.14015296647305,1,1.57368501672031,1,0
5.55805877794306,1,0.388557997669753,1,0
NA,NA,-1.12489626596291,0,0
1.09061155185358,0,-0.0792878705440688,1,0
5.85746322190122,1,0.107542505679699,1,0
NA,NA,0.164244787519655,0,0
NA,NA,0.98444414538532,0,0
NA,NA,-0.0872647134232467,0,0
NA,NA,-0.781784952604271,0,0
5.20108758563713,0,1.39261246235614,1,0
NA,1,2.74527254374431,1,1
1.35360911492493,0,-0.3003651504219,1,0
9.33101560299779,1,0.940070703439002,1,0
NA,NA,1.08241285926193,0,0
NA,NA,0.92009609256069,0,0
NA,NA,-0.406215218754482,0,0
NA,NA,0.664502336527224,0,0
8.54660345474162,1,1.22705104515592,1,0
13.2371055578477,1,2.98890253663116,1,0
1.51451304164617,0,0.399669065766003,1,0
NA,NA,0.0715461512758006,0,0
NA,NA,-0.948678112117658,0,0
NA,NA,0.0133995953743361,0,0
NA,NA,0.706013814600333,0,0
NA,NA,0.665694316377917,0,0
NA,NA,-0.906183125009281,0,0
NA,NA,0.00476971504793765,0,0
NA,NA,-1.08293551279599,0,0
5.2315530834541,1,0.406418715411655,1,0
NA,NA,0.0908270190452244,0,0
NA,0,1.21517392458224,1,1
NA,NA,0.15063891156249,0,0
NA,NA,1.00672183123613,0,0
NA,0,0.590408986990219,1,1
NA,NA,-0.849094928959333,0,0
NA,NA,-1.49130279627827,0,0
NA,NA,-0.0406862486068376,0,0
NA,1,2.19531483288217,1,1
7.75689006061364,1,0.763238192115647,1,0
4.04693649739071,0,0.523443744399959,1,0
6.70094158994922,1,0.639752697916849,1,0
NA,1,1.28960951841132,1,1
NA,NA,1.68831239184355,0,0
4.61921557122037,1,0.964284046069921,1,0
7.39964212810012,1,1.29184696326074,1,0
NA,NA,1.0349947432296,0,0
5.40553434145535,0,1.40410315391404,1,0
7.72664804894516,1,1.157207222839,1,0
NA,NA,-1.59933315934367,0,0
NA,NA,-0.751627165888285,0,0
NA,NA,-0.239148031041161,0,0
5.68718619784832,1,-0.0204756200877358,1,0
5.70050000831526,0,1.96337329857487,1,0
8.77695604126555,1,0.389845579003814,1,0
8.04643605783594,1,1.06658275219461,1,0
3.79644194967682,1,-0.271213134547158,1,0
NA,1,0.187356631287273,1,1
NA,NA,-0.179024547426,0,0
3.82747931853426,1,-0.156586475829431,1,0
7.67016110194294,1,1.78944297458623,1,0
NA,NA,0.308503977294177,0,0
NA,1,0.365197009298427,1,1
1.00045221125278,0,-0.0419215729776343,1,0
NA,NA,-0.598982530139343,0,0
NA,NA,-0.202515342264725,0,0
NA,NA,-1.21438243722599,0,0
NA,NA,-0.0195263460837836,0,0
NA,NA,-0.754033536543343,0,0
NA,NA,1.18908758835552,0,0
8.86189198272016,1,1.51016674154176,1,0
NA,NA,-1.17039262434416,0,0
NA,NA,-1.29392827357685,0,0
NA,NA,-0.4850066524442,0,0
NA,NA,-0.0596950692064959,0,0
NA,NA,0.128079710548587,0,0
NA,NA,0.797932250756203,0,0
-0.227465775433431,0,-1.01607550028687,1,0
3.05564601026897,0,0.246453295107586,1,0
NA,NA,-0.638881930290301,0,0
NA,NA,-0.602284587925851,0,0
NA,NA,0.549106639701504,0,0
1.59476855771694,0,0.124094839861073,1,0
NA,NA,0.70955825469573,0,0
NA,NA,-0.823690362514076,0,0
NA,NA,0.0867371535805039,0,0
NA,NA,-0.178418195109861,0,0
NA,NA,1.02363816801281,0,0
NA,0,-0.0279217867481935,1,1
NA,NA,-0.796934682282425,0,0
7.36690591896677,1,0.718795641292891,1,0
NA,NA,0.525314007375558,0,0
NA,1,0.815408353257702,1,1
NA,NA,0.170546464220667,0,0
0.342564317108356,0,-0.837658538121657,1,0
NA,NA,-1.48539617991793,0,0
8.86270913185771,1,1.10055629584881,1,0
6.93647294224323,1,0.935247383136132,1,0
3.67131506336998,1,0.0386837713926043,1,0
NA,NA,-2.39486002499437,0,0
NA,NA,-0.0962800575605345,0,0
NA,NA,0.819046378256676,0,0
NA,NA,-0.491515207746877,0,0
3.70437652398697,1,0.311656277355361,1,0
NA,NA,-1.03751663263604,0,0
NA,NA,0.51359568343252,0,0
NA,NA,-1.33149239997633,0,0
NA,NA,-0.551782617082327,0,0
NA,NA,1.23567496959979,0,0
NA,NA,-0.222170154196533,0,0
NA,0,1.42096085799161,1,1
NA,NA,0.365370199998336,0,0
NA,1,1.231845289732,1,1
NA,NA,-0.0665437632093838,0,0
5.72630279275994,1,0.681059674782126,1,0
2.52373322549049,0,0.533263001279274,1,0
NA,NA,-0.381406909271378,0,0
NA,NA,1.59602543194098,0,0
3.26720794204383,0,0.890507805491638,1,0
NA,NA,-0.82457010254821,0,0
NA,0,1.18924798131828,1,1
NA,NA,-0.479534867181896,0,0
NA,NA,-2.61804602409254,0,0
NA,NA,-0.221847073936981,0,0
NA,NA,-0.926637575506017,0,0
NA,1,-0.407807008274702,1,1
-0.0230985181732548,0,-0.602296259309144,1,0
NA,NA,-2.44385774047663,0,0
NA,NA,-0.502961774931847,0,0
NA,NA,0.962870362552425,0,0
NA,NA,-1.68492017327728,0,0
3.06455732635359,0,1.45060876612427,1,0
8.70094622514419,1,1.52951689120498,1,0
NA,NA,-0.947020586730197,0,0
13.0129105891379,1,2.29465825850715,1,0
NA,NA,-1.09941501918092,0,0
4.39421010710192,1,0.143670976702823,1,0
NA,NA,-0.394432348238862,0,0
8.32418235466872,1,1.25948661179934,1,0
NA,NA,-1.25349459868026,0,0
NA,NA,-0.461954577916792,0,0
NA,NA,-1.48844389104682,0,0
NA,NA,0.838214566189021,0,0
4.86161864404575,1,0.57237513194415,1,0
NA,NA,-0.129107508148844,0,0
NA,NA,-0.803988673422418,0,0
NA,NA,-0.973259056167225,0,0
NA,NA,0.0916671567997696,0,0
NA,NA,-1.39855532835217,0,0
NA,1,2.05728369985151,1,1
NA,NA,-1.10198624116492,0,0
NA,NA,-0.0741207330096798,0,0
3.54609083306263,1,-0.599930705397576,1,0
NA,1,-0.259277542615363,1,1
1.46214669251803,0,-0.080045208785373,1,0
NA,NA,0.541063018196555,0,0
NA,NA,-0.827200700837816,0,0
NA,NA,-0.971392457482621,0,0
NA,1,0.787895160523123,1,1
9.78024877284776,1,2.01158578967806,1,0
NA,NA,0.719118194619255,0,0
5.65884728188878,1,0.444444322327806,1,0
NA,NA,0.188869109052605,0,0
NA,NA,0.0771917022259067,0,0
NA,NA,-1.92878912192965,0,0
NA,NA,0.572396893691075,0,0
4.45339270671578,1,-0.504092170196848,1,0
NA,NA,0.298275164165794,0,0
NA,1,1.50269854212028,1,1
NA,NA,-0.138564465090582,0,0
NA,1,0.581056511314598,1,1
NA,NA,-0.710107574329743,0,0
NA,1,1.40706683376086,1,1
NA,1,1.42853509534363,1,1
NA,1,0.772441783032171,1,1
7.11689429843728,1,0.797725022565042,1,0
6.71295223128899,1,0.296590308667897,1,0
2.21419814400803,0,0.377294511198291,1,0
5.70952819505005,1,0.500586036593106,1,0
5.06622984019285,1,-0.1701444604447,1,0
NA,NA,-0.551333959150525,0,0
-0.452444326851384,0,-0.303586949430775,1,0
NA,NA,0.529529239210803,0,0
NA,NA,-0.385529572230861,0,0
NA,NA,-1.92638338710271,0,0
2.5954131706886,0,0.739343544604603,1,0
NA,NA,0.235654540740689,0,0
-0.161728865428534,0,-0.67613702358444,1,0
NA,NA,-0.234396797207434,0,0
NA,NA,0.404792586245275,0,0
9.01870263525489,1,1.6452840090843,1,0
NA,1,1.07107386863872,1,1
NA,NA,-0.606306600372966,0,0
NA,1,2.46543895780787,1,1
NA,NA,1.29707345786367,0,0
NA,NA,0.488910050373438,0,0
NA,NA,0.379561016004508,0,0
3.84259446571202,1,-0.494899479670209,1,0
NA,NA,0.542065486479523,0,0
NA,NA,0.66487153712751,0,0
NA,NA,-0.121892708410495,0,0
3.46437013492278,0,0.461896904728203,1,0
NA,NA,-0.863652469560376,0,0
7.88586250700033,1,1.17209487605869,1,0
NA,NA,-0.0898482493896152,0,0
NA,NA,-1.82788398254823,0,0
NA,NA,-0.455205892352482,0,0
NA,NA,0.272339317206077,0,0
NA,NA,0.607610914483794,0,0
NA,NA,-1.15576960324232,0,0
NA,1,0.0569536657454247,1,1
NA,NA,-0.100914400619936,0,0
NA,NA,-0.476390204860624,0,0
NA,NA,-0.950051574408086,0,0
NA,NA,-1.35925534448218,0,0
NA,NA,0.227434158187342,0,0
NA,NA,-1.10869298062195,0,0
NA,NA,-0.792064329484375,0,0
NA,NA,0.775830180945342,0,0
2.42324047048882,0,-0.515016505863068,1,0
6.03874738382544,1,0.310196948333655,1,0
NA,NA,1.02688876308036,0,0
NA,NA,0.207645142587312,0,0
3.41607180747879,0,0.077839334291833,1,0
NA,NA,-0.601473088580168,0,0
NA,NA,-0.764501945443504,0,0
NA,NA,-0.865204839546204,0,0
NA,1,0.354686155682594,1,1
NA,NA,-1.86214819737199,0,0
NA,1,0.419568829487478,1,1
NA,NA,-1.17693365754157,0,0
NA,NA,0.171173448858464,0,0
7.87094282675382,1,1.26606917740873,1,0
4.24339553907475,0,0.515227938879634,1,0
NA,NA,-0.272150175335622,0,0
NA,NA,0.314766217809498,0,0
NA,NA,-1.65668417491622,0,0
-0.105982308476027,0,-0.552661954985865,1,0
NA,NA,-0.268666472042434,0,0
NA,NA,-2.68089203175411,0,0
8.49027330491932,1,1.76506855185261,1,0
NA,NA,0.328554648876664,0,0
NA,1,1.04800709689384,1,1
NA,NA,-0.0207645518372601,0,0
NA,0,0.483833682725908,1,1
NA,1,1.9079589147774,1,1
5.01264326921752,1,0.0270725035924755,1,0
NA,0,0.311601071206303,1,1
NA,NA,0.54486313129866,0,0
NA,NA,0.380849055646667,0,0
NA,NA,0.641074999539806,0,0
NA,NA,-0.235946428663467,0,0
NA,NA,-0.311749390401156,0,0
NA,NA,-1.15662266773139,0,0
NA,NA,-0.33427642582797,0,0
NA,NA,-0.416751365438524,0,0
NA,NA,-0.576274860540099,0,0
8.08819452244347,1,0.507011462510785,1,0
NA,NA,0.294197761772827,0,0
NA,NA,-1.0834104076964,0,0
5.95121200529363,1,-0.424363568579712,1,0
NA,NA,0.255939264181965,0,0
NA,NA,0.348409277694668,0,0
NA,NA,0.114131821276163,0,0
NA,NA,-0.606208464561042,0,0
NA,NA,1.67587348031072,0,0
NA,0,0.458351194891028,1,1
NA,NA,-0.608973926422281,0,0
6.88820496088127,1,1.24388746890905,1,0
NA,NA,-0.417240199159802,0,0
NA,NA,1.68909025314131,0,0
NA,NA,0.0300191965400803,0,0
NA,NA,-1.05539227988081,0,0
5.71949436055373,1,0.442194184146143,1,0
NA,1,1.2344811616459,1,1
NA,NA,-0.806793160374736,0,0
NA,0,-1.03761187293862,1,1
NA,NA,0.281338992795805,0,0
NA,NA,-1.8380879472145,0,0
NA,NA,-0.327976346867035,0,0
3.71786104940868,1,-0.575331411843572,1,0
6.2192027506078,1,0.659639611766684,1,0
NA,NA,-1.8434448893338,0,0
0.923889613303,0,-1.52287546338822,1,0
NA,NA,-0.265682623672842,0,0
NA,NA,-0.891136863522719,0,0
7.06765536269769,1,0.374954755730091,1,0
2.72209306232377,1,-0.270247085865336,1,0
NA,NA,-0.571192071610369,0,0
NA,0,1.45087454017081,1,1
NA,NA,-2.07041054435924,0,0
10.3589425436281,1,2.39516716185456,1,0
NA,NA,0.230249637780521,0,0
NA,NA,-0.726893104262331,0,0
NA,NA,-1.10444665022195,0,0
NA,NA,-1.06621061115724,0,0
NA,NA,0.715481491168421,0,0
8.12429258461765,1,1.0160232041479,1,0
NA,NA,-0.699008020065035,0,0
8.04836356336805,1,1.11827526043437,1,0
4.4459962300698,1,0.225997274235179,1,0
1.7176838758532,0,-0.625930925461728,1,0
NA,NA,1.33093703645417,0,0
NA,1,0.755160164778092,1,1
NA,NA,-1.24044740450407,0,0
0.898756893948411,0,0.841632104460084,1,0
NA,NA,1.33704706202603,0,0
NA,NA,-0.212640070558653,0,0
NA,NA,-0.591545913982333,0,0
3.70200363507607,0,0.798984409532817,1,0
7.28744953808115,1,1.54910827672268,1,0
NA,NA,-0.449885967076205,0,0
5.63963782671559,1,0.437068042022732,1,0
9.6377758486197,1,1.8095190179863,1,0
NA,NA,-0.242786464324929,0,0
NA,NA,-0.361860427127746,0,0
NA,NA,-0.672434404914734,0,0
NA,NA,-1.0826704624276,0,0
NA,NA,-1.35625188887867,0,0
NA,0,0.593281971433118,1,1
NA,NA,-0.29203559590948,0,0
NA,NA,-1.41393186361165,0,0
NA,NA,0.51275917033726,0,0
NA,NA,-0.604524842917402,0,0
NA,NA,-1.71338042520059,0,0
NA,NA,-0.666540633304246,0,0
2.62555297670996,1,-1.06934950358275,1,0
NA,NA,-0.0800493864182336,0,0
NA,NA,0.748247344948633,0,0
NA,NA,0.992287348258555,0,0
NA,NA,0.487005333676022,0,0
NA,NA,-0.773574527345658,0,0
3.66383916305455,0,0.484279380891144,1,0
NA,NA,-1.07965145555786,0,0
NA,NA,0.709756653395665,0,0
NA,NA,-0.16400365294094,0,0
NA,NA,-0.406454687062378,0,0
NA,1,0.612738368586642,1,1
NA,NA,0.35493597329444,0,0
NA,NA,-1.92351871398073,0,0
NA,NA,-1.98629922477166,0,0
9.62760019457197,1,2.06490401472519,1,0
NA,NA,0.186260849628837,0,0
NA,1,1.35214558584758,1,1
NA,NA,1.42387183533754,0,0
NA,1,-0.068415304889387,1,1
NA,NA,-1.30213553388525,0,0
NA,NA,-1.42605702269244,0,0
NA,NA,-2.40884160605589,0,0
3.12922301817503,0,1.57327897753296,1,0
NA,NA,-0.0735462886504976,0,0
NA,NA,0.872665824048119,0,0
NA,NA,-0.204903909956811,0,0
NA,NA,1.26119194435528,0,0
NA,0,0.298291440645197,1,1
NA,1,0.309227566485526,1,1
NA,NA,-0.272791029401605,0,0
NA,NA,-0.087984183416195,0,0
7.39766451946969,1,0.925880812678206,1,0
NA,NA,-2.70047279265272,0,0
NA,NA,-0.855505101047478,0,0
NA,NA,-1.10403579300387,0,0
1.10888252141081,0,-0.393212709744721,1,0
NA,NA,-1.00528864307356,0,0
7.2901140285851,1,0.682137975116011,1,0
NA,NA,1.27337781870638,0,0
NA,NA,0.927049266153049,0,0
NA,NA,1.0855162221139,0,0
NA,1,0.850809408657291,1,1
6.05483887974772,1,0.866213289418356,1,0
NA,NA,-0.984625602881257,0,0
NA,0,-1.78731703649892,1,1
9.84244110872967,1,2.14701952442045,1,0
NA,NA,-0.608840731481907,0,0
5.6525059511526,0,1.68209881019529,1,0
NA,NA,-1.61998447843025,0,0
NA,NA,-0.155795262456675,0,0
NA,NA,-0.130185921231863,0,0
5.75964985000689,1,0.167954403268229,1,0
NA,NA,-0.954041390839007,0,0
NA,NA,-0.319356263078315,0,0
3.59186889933005,0,0.810850422501062,1,0
NA,NA,-0.0575533561695966,0,0
NA,1,-0.56827358823646,1,1
NA,NA,-0.464012178479885,0,0
NA,1,2.49626913723505,1,1
1.52416638637927,0,-0.68153975808126,1,0
8.58537888853862,1,0.639024315794198,1,0
7.77713220558406,1,1.28337273160955,1,0
NA,NA,-1.06918610430193,0,0
NA,NA,-0.366263709420238,0,0
2.56067288486157,0,0.414995691392273,1,0
NA,NA,1.21511383357618,0,0
NA,NA,1.13686422127868,0,0
NA,NA,-0.0667885949517715,0,0
NA,NA,0.364270046772317,0,0
NA,NA,0.194713080945651,0,0
1.75398053085512,0,0.2649364865303,1,0
NA,NA,-0.189154595341058,0,0
NA,NA,-1.85752545366634,0,0
NA,NA,-0.272458522069372,0,0
NA,NA,0.288067785289902,0,0
NA,NA,0.381455103290408,0,0
NA,NA,-0.0297595351186698,0,0
NA,NA,0.408812399675477,0,0
NA,NA,-0.245687552660955,0,0
NA,NA,-1.72985213587392,0,0
NA,NA,-0.187333955704389,0,0
4.6223986457248,1,-0.130120091331554,1,0
-0.928083117872635,0,-2.37751572077173,1,0
3.36475419477633,0,0.91229420870375,1,0
-0.316485452658435,0,-1.1051159424841,1,0
NA,NA,0.612495537136808,0,0
1.28389370704214,0,0.24230360165906,1,0
NA,NA,-0.971379214795806,0,0
NA,NA,0.241862330761821,0,0
8.2468884405241,1,1.27579067505983,1,0
NA,NA,0.183779755043307,0,0
1.05926340726608,0,-0.288268153193212,1,0
NA,NA,0.0398795727165739,0,0
NA,NA,-0.316339818018865,0,0
NA,NA,-1.58517187616385,0,0
NA,NA,0.160829909495481,0,0
NA,NA,-0.924235424001103,0,0
NA,NA,-1.57689362202097,0,0
NA,NA,-1.94415033053522,0,0
NA,NA,-0.378703723581663,0,0
NA,0,0.634368333986066,1,1
NA,NA,-1.52081560880892,0,0
0.685674987320626,0,-0.736445210255799,1,0
4.31875646642154,0,0.447918828187212,1,0
NA,NA,-1.28788170924236,0,0
8.84149554587733,1,1.50446367636167,1,0
NA,NA,-0.81328192000375,0,0
NA,NA,-0.468393203956805,0,0
3.17054327429957,0,1.20696426606273,1,0
NA,NA,0.541972911959017,0,0
6.37306254068037,1,0.855523295262332,1,0
NA,NA,-1.14980244755602,0,0
5.66427875297482,1,1.06335662830357,1,0
NA,NA,-0.00764969714568288,0,0
NA,NA,0.482883485113326,0,0
1.19105209569317,0,0.025645949450268,1,0
NA,NA,-0.177861789976426,0,0
3.89994101497284,0,2.11528094082124,1,0
NA,NA,-1.34227866146777,0,0
8.10346981368428,1,1.42916563474189,1,0
NA,NA,-0.336904933568333,0,0
NA,NA,-0.738067428888895,0,0
2.22749167994013,0,0.692330073051101,1,0
3.57778802867456,0,-0.412510700934761,1,0
3.66058832064603,0,0.912620184483832,1,0
NA,NA,-0.958172741669908,0,0
NA,NA,-1.07196489744233,0,0
NA,1,1.27302546189127,1,1
NA,1,0.740891261191436,1,1
0.637326836380119,0,-0.167711206765435,1,0
NA,NA,0.503768894999758,0,0
5.44271663871062,1,0.0545179125713212,1,0
NA,NA,0.0768784904987115,0,0
NA,1,-0.487458837260032,1,1
5.59064163912928,1,0.269912880371111,1,0
3.91826211741866,1,-0.119801806947925,1,0
3.85159925126056,0,1.27674983971827,1,0
NA,NA,-1.68373922526588,0,0
NA,NA,0.660817099212903,0,0
NA,NA,-0.558583275440896,0,0
NA,NA,-0.546194958376543,0,0
NA,NA,-0.0501552941200661,0,0
NA,NA,1.39025703407765,0,0
NA,NA,-1.42484238513711,0,0
NA,NA,-0.907690086200589,0,0
4.08153201917478,1,-0.22120484884991,1,0
NA,NA,0.172700145711298,0,0
NA,NA,0.193437013664752,0,0
4.28376154163612,0,1.96870347281662,1,0
NA,NA,0.225811532500821,0,0
4.26403791747821,1,-0.0691860441674244,1,0
NA,NA,0.179468198755704,0,0
NA,NA,-0.899070862943707,0,0
NA,NA,0.736943274776188,0,0
NA,NA,-0.74525006428211,0,0
NA,NA,-0.92842858375266,0,0
NA,NA,0.429195955111476,0,0
NA,NA,0.560469443656528,0,0
NA,NA,-1.57715910014466,0,0
NA,NA,1.34443426699639,0,0
NA,NA,-2.02365521848896,0,0
6.4988602011551,1,1.01709870131519,1,0
NA,NA,0.0666759027743099,0,0
NA,0,1.17698600986258,1,1
5.87167201689298,1,0.572207833160936,1,0
NA,NA,1.47909386450566,0,0
NA,NA,-0.00109100951474444,0,0
NA,NA,0.854956683201155,0,0
NA,NA,-1.10461932862212,0,0
2.3539564700211,0,-0.108195914327519,1,0
NA,0,1.40896855932181,1,1
8.08034878131906,1,0.708061848649616,1,0
NA,NA,-1.48973621490687,0,0
NA,NA,-0.600611423948417,0,0
NA,NA,0.127987874061411,0,0
NA,NA,-0.868975772211247,0,0
NA,NA,-0.770532160624135,0,0
NA,NA,1.69363282448629,0,0
NA,NA,-1.07374618940762,0,0
NA,1,0.217959234933704,1,1
4.83882413040995,0,0.843248468113156,1,0
NA,NA,0.206935689638343,0,0
2.91648643699433,0,-0.177814582420745,1,0
NA,NA,0.666353495398929,0,0
NA,NA,-0.484768345562675,0,0
9.87580681138018,1,1.5796307669078,1,0
NA,NA,-0.583880407606718,0,0
NA,NA,-1.16208611436047,0,0
NA,NA,-3.3307353376903,0,0
5.65108330854362,1,0.27626047350569,1,0
NA,NA,-1.01052733986274,0,0
2.56997005514485,0,0.0521830732815136,1,0
NA,NA,-1.56106906490804,0,0
NA,1,0.97173397004454,1,1
NA,NA,-0.226291783572956,0,0
NA,0,1.11342070453125,1,1
NA,1,0.514568050211903,1,1
7.92232636125346,1,0.937697576181779,1,0
7.93034145114081,1,0.55793619254011,1,0
NA,NA,0.211012783762694,0,0
NA,NA,1.51658512458091,0,0
NA,NA,-0.433232872525924,0,0
NA,NA,-1.29784149705717,0,0
10.6548118004092,1,2.02252934988147,1,0
NA,NA,-0.280771388384867,0,0
NA,NA,0.953238504171681,0,0
NA,NA,-0.306332909990624,0,0
NA,NA,0.258262001823186,0,0
7.03751635291709,1,0.526532410487888,1,0
NA,NA,-1.88416256460521,0,0
NA,NA,0.33094699895771,0,0
NA,NA,-0.943592183318653,0,0
4.10557862101845,0,1.90365454427142,1,0
NA,NA,0.681237475593895,0,0
NA,1,1.22175223046536,1,1
NA,NA,-0.277563567566576,0,0
NA,NA,0.083600056802731,0,0
NA,NA,0.33226335311816,0,0
3.25100578277418,0,0.379695239303798,1,0
NA,NA,-0.958207670654434,0,0
0.780764310704077,0,-0.227389012209278,1,0
NA,NA,-1.22494595874735,0,0
NA,NA,1.46817217233113,0,0
NA,NA,-0.226548468245322,0,0
2.81119544644619,0,0.704418095095258,1,0
NA,NA,-0.146193821684405,0,0
NA,NA,0.769280974950692,0,0
NA,1,0.365235938065276,1,1
NA,1,1.04633575204747,1,1
NA,NA,0.909742838918374,0,0
NA,1,0.484817302440194,1,1
NA,NA,-0.399249387586168,0,0
NA,NA,-0.445050778224049,0,0
NA,NA,0.561711690105432,0,0
NA,NA,-0.797507564198517,0,0
NA,0,1.15940351252905,1,1
NA,NA,0.629350954722465,0,0
NA,NA,0.493970156030412,0,0
