"Y","A","L1","L2","L3","L4","L5"
9.37308226733988,1,1.37095844714667,0.25057806717021,-0.141808656570536,1,1.41634143485848
3.94527849728002,1,-0.564698171396089,-0.277924049161014,-0.813898073869445,0,0.557233985013166
6.76662750298756,1,0.363128411337339,-1.72473573426284,-0.325540589312666,0,0.981241313239497
5.16903592033298,0,0.63286260496104,-2.00670494385569,0.378157397165477,1,-0.586182859025882
6.63360020431078,1,0.404268323140999,-1.29180833046846,-1.994485362048,0,0.939170575553912
0.406406707307766,0,-0.106124516091484,0.365838228483296,-0.999356693242897,1,-0.0647010527510453
9.22641370335924,1,1.51152199743894,-0.152203253908431,0.283822423134089,1,-0.254425206969535
1.34662971864407,0,-0.0946590384130976,-0.734094090076209,-1.10119397684316,1,-0.866952730365359
9.37419554550007,1,2.01842371387704,-0.781972056981591,0.983346982359529,0,-2.20755681026646
4.50389875382559,1,-0.062714099052421,0.551567034812709,-1.01662540554706,1,-0.915434451420519
9.44493904149035,1,1.30486965422349,-1.61084098443007,-0.863907495138643,0,-0.244963878013152
7.75430094881272,1,2.28664539270111,0.748176433090443,-0.226986669320352,1,1.07624485172016
-0.978452943562801,0,-1.38886070111234,0.449296011237588,-0.272388059455222,0,0.32010171779097
2.40487948287945,0,-0.278788766817371,-0.870062520443655,-0.253790438243238,0,0.128774651238429
5.40852067510202,1,-0.133321336393658,-0.0977479313579405,0.415776373443036,0,0.107807598804449
2.18160110038313,0,0.635950398070074,0.893100213716266,0.572441869624907,1,0.267518312575078
0.532522578364392,0,-0.284252921416072,1.35091509526625,-1.81823624118953,1,0.117860801879949
-4.52415886849072,0,-2.65645542090478,1.4889703943085,0.953336849161407,0,-0.922703107616364
-0.345093525998057,0,-2.44046692857552,0.371067212847268,1.34424787271312,0,1.3241488968464
7.16277652698846,1,1.32011334573019,-0.214473243512569,-0.754470215261657,1,-0.333750414649967
2.05039622835103,0,-0.306638594078475,0.455494589939145,-1.88690223703747,1,1.51370144029107
-0.557185341417298,0,-1.78130843398,-0.258111110256068,-1.63915999611165,0,-1.27135047708017
5.59214087543294,1,-0.171917355759621,-1.00292375210412,-1.91281989340237,1,-0.581831197059014
6.77286890283898,1,1.2146746991726,0.84414348279794,0.308721061757311,0,-1.12694194928766
8.50806988922984,1,1.89519346126497,0.694658775896635,0.634157592046035,1,-0.0048156819449316
4.09920651424685,1,-0.4304691316062,1.2610037476473,1.47396772275126,0,-0.0633951816460792
4.17648678098606,1,-0.25726938276893,1.66655928933767,0.32357209555769,0,0.577965672636035
-1.15027766474543,0,-1.76316308519478,1.47185793808934,0.923510125090382,0,0.596014389597437
1.48452626471554,0,0.460097354831271,0.78931570508443,-0.556882439326111,0,0.0931160964476026
0.00121822136577765,0,-0.639994875960119,-0.0364542711833432,-0.992930853628641,0,1.47207709177972
8.08829981706813,1,0.455450123241219,-0.091283276642502,0.267362681279231,1,0.660833493529523
9.19770843103534,1,0.704837337228819,-0.412862939041902,0.337202940545064,1,-1.10830885535924
8.14888639833157,1,1.03510352196992,-0.781061198320081,-2.07330759695566,1,0.164383504294622
4.17077138710282,0,-0.608926375407211,-0.390092785411881,0.937936932333045,1,0.868405116363003
4.22649871290183,1,0.50495512329797,0.613837622009258,-0.613064599652876,0,-0.381963886273724
1.83362360363356,1,-1.71700867907334,0.384677020333242,-0.112092904178992,0,-1.12869574791852
5.78782147473521,1,-0.784459008379496,-1.20565664981837,-1.01392542362372,1,1.34094617601788
0.580550824518657,0,-0.850907594176518,1.19785122001404,0.636392746769097,0,-0.338365583682541
-2.32114125915029,0,-2.41420764994663,1.29114126665685,-0.370722808414899,1,-0.554174418842086
0.32080761552675,0,0.0361226068922556,1.48307160252052,-1.42133301305244,1,-0.121123163412378
7.20148392395619,1,0.205998600200254,-1.22359523581159,0.289090230395264,1,-0.305163389930966
4.00116903330289,0,-0.361057298548666,-0.41317463437103,-1.64787067570603,0,0.737743674805492
7.15646313081731,1,0.758163235699517,-0.409580866212294,-0.190245222772756,1,0.446184090487643
3.63914821905181,0,-0.726704827076575,-0.451164718262206,0.0194040309542796,1,1.23996139324082
4.03070379640651,1,-1.36828104441929,-0.564698951728143,2.7018310603995,1,-0.121436933394394
9.36121097058557,1,0.432818025888717,-0.560010334496702,0.510971555702922,0,0.134386670080961
2.29446272061274,1,-0.811393176186672,-0.970558066992204,-1.2733439430434,0,-0.539097975534415
8.1345400419448,1,1.44410126172125,-0.56282354617343,0.376437913312468,0,0.631333497238672
2.26414163717052,0,-0.431446202613345,-0.332036443298219,-0.0987659900483044,1,-1.16437297973712
5.75500277928814,1,0.655647883402207,0.193650109749296,0.220544495588186,0,-0.011308466983732
3.66380340723803,1,0.321925265203947,0.605642856272221,-1.61592686996966,1,0.388978505458083
4.12538031339268,1,-0.783838940880375,0.957873599425007,1.68090301749135,1,0.713567497771294
7.20143299618863,0,1.57572751979198,-0.800818438984397,0.558235768607064,1,-0.639107137790167
3.79858574039393,0,0.642899305717316,0.0425486556052422,-0.376390838734751,1,-0.342514532842331
-0.945899514717776,0,0.0897606465996056,2.33570086201341,-2.02756608489503,0,-0.503547625859975
6.51072258988116,1,0.276550747291463,-0.461867455821985,0.397905309906828,0,0.699140313608002
2.13832420790847,0,0.679288816055271,0.740429906040657,-1.39689726524874,0,0.78027538068871
5.16492604763464,1,0.0898328865790817,-0.698344660682268,-1.18227052196702,0,-0.34518409678403
-2.47350733865561,0,-2.99309008315293,1.06536890145562,0.542324933740678,0,-0.613165116128059
5.8915127641316,1,0.284882953530659,0.545516821338762,0.734721150305722,0,-0.278623234582093
5.80620054156172,1,-0.367234642740975,-0.918209320243205,-0.378504196411471,0,-1.63454045564969
4.08396002057467,1,0.185230564865609,1.02519134367607,-1.64280557175606,1,-1.56482957031333
3.75885771734089,1,0.581823727365507,1.12573840290613,-2.35363430203608,0,-1.28600369442733
0.855192994602276,0,1.39973682729268,0.882800384998406,-1.40018450981963,0,1.07977918892579
8.34987317496853,1,-0.727292059474465,-2.76807861085069,-0.696793174595107,1,0.787506217181619
3.97865577714865,0,1.30254263204414,0.143826578856264,-0.973673476625389,0,-0.893144667286092
4.43999141716836,1,0.335848119752074,1.5198831251518,0.321376423697846,0,0.647863148982519
5.10112556413942,0,1.03850609869762,-0.171316078021067,-0.819010373585505,0,-0.259310619624768
8.02538671087085,1,0.920728568290646,-0.65814499931795,0.472704589780157,1,0.408685781071806
8.51662375614749,1,0.720878162866863,-0.154294602086388,1.1954171235144,1,1.20708858057542
3.71043243970707,1,-1.04311893856785,-2.3830393163367,-0.445658345235482,0,0.222714815637623
6.5505645615001,1,-0.0901863866107067,-1.1382970912816,-1.35312998679368,1,0.796996414836138
2.87235700487323,0,0.623518161999544,-0.0872555328125386,-1.18503067452279,1,0.781283030956976
4.03029263821173,1,-0.953523357772344,0.835326720644203,0.760606964346921,1,1.25829503406056
5.42797145904165,1,-0.542828814573857,0.212110868191506,-1.55734809274195,0,0.96426445137801
8.65050179881087,1,0.580996497681682,0.641346301404555,1.60220703903869,1,1.04841344333549
6.26838235424748,1,0.768178737834591,-1.0321009677859,0.279216025367745,0,-0.529304005671826
5.87442936831822,1,0.463767588540167,1.4857706537531,0.958156714510435,0,-0.228969366866721
0.575903087874795,0,-0.88577629740968,1.19047624727791,-0.737894964320054,0,0.699936956170098
0.0881030136490485,0,-1.09978089864786,0.617226731476435,-0.641051896129936,0,-0.15577375906181
8.88635018475654,1,1.51270700980493,-0.172938324465871,0.446461847481247,1,0.811972656317475
5.80370878092163,1,0.257921437532031,0.861580440756975,-0.189212251041565,1,-0.233190492158711
3.98729782841837,0,0.0884402291595863,-0.620085924544441,0.588090755966724,0,0.678517989796444
5.54621274260015,1,-0.120896537539089,-0.878213047268405,-0.188046258983758,1,-1.66993471997132
4.33350061801685,0,-1.19432889516053,-2.22859514687621,-0.183047444540422,1,-0.413277305792081
7.60174084585338,1,0.611996898040387,0.193263225267502,1.76037108613501,1,0.255318793889251
9.59758918351227,1,-0.217139845746521,-2.31265671694031,0.491819019266072,1,2.30472386125229
0.68013437964265,0,-0.182756706331922,-0.0243337921357311,-2.32690137102039,0,-0.569929370468553
6.91745706614854,1,0.93334632857116,0.441340589239052,0.717234053379376,1,0.566498175468524
3.59183903015362,0,0.821773110508249,0.789576753769568,-0.68233877507983,1,1.31761808547334
6.60591450760261,1,1.39211637593427,1.02181962668272,0.038614423126172,0,-0.763537545367097
4.4309902989803,1,-0.476173923054674,0.615261159537096,1.35344327237485,1,-1.55556747990824
7.7681526265911,1,0.650348560726305,-0.859577856168591,1.69138981336243,1,-0.477759989378902
7.14088062884944,1,1.39111045639,0.890748976368977,-1.97724922370716,1,0.54438060106336
2.83289163571368,1,-1.1107888794479,0.0632747474874033,-1.52539749092167,0,-0.928493016680416
3.30000434251982,0,-0.860792586877842,-1.86466105555997,0.437746900882553,0,-0.706494967188103
3.83030863288212,1,-1.13173868085377,-0.1131368509232,-0.643125319354182,0,0.709500922701394
4.9188369690796,1,-1.4592139995024,-1.78338637587516,-0.4760779533788,0,-0.0152057006118444
3.44084842993513,0,0.0799825532411612,-1.05349044072366,1.22940126860005,0,1.23281957654683
8.3566697091137,1,0.65320433964919,-0.619354677304664,-0.461557933995871,1,-1.83976419144613
5.36883809489268,0,1.20096537559849,-0.586938576519139,-1.1671305153144,1,0.0749859053183714
3.41775232795785,0,1.04475108716773,0.926975731943589,-0.300352441454184,1,0.0146626388254975
3.69425797005095,1,-1.00320864683985,-0.0654058453375009,0.769973982367045,0,0.7267207114139
5.66265650203971,0,1.84848190167275,-0.937111758775164,0.240262799278662,1,1.30700634420763
5.90558796514776,1,-0.666773408757817,-0.633859433761415,0.754168797301627,0,0.802647914284583
0.00404034572052647,0,0.105513812456069,-0.575224286015068,-1.76908156428037,0,-0.577788009550133
2.75738039094145,0,-0.422255881868856,0.188221041759335,0.116332320379715,0,0.368098982343623
6.06462516402027,1,-0.122350171954971,0.539655974462932,0.692022539741815,1,2.0342611085669
4.55750680335704,0,0.188193034501498,-0.420884069657012,1.37798602518764,1,-0.46625720726422
-0.061996391709479,0,0.119160957997006,-0.339466559977085,-2.73597021069485,0,-0.658332191823965
3.13216135487978,0,-0.0250925508674029,0.518080388363255,-0.782565190445743,1,0.481196186532184
5.41083830023726,0,0.108072727942033,-0.869387621013225,0.808043339986812,0,2.41574678644426
4.86693078825362,1,-0.485435235846668,-0.160670914154826,0.524068585979806,1,-1.8782681182574
6.5623922159413,1,-0.504217130687903,-0.142616786605041,0.35611777436691,1,-1.18090702390926
3.73769531953433,1,-1.66109907991481,-0.765210967844204,-1.6049550133313,1,-0.368174485740341
3.03043113501413,0,-0.382333726873818,-0.659800571317015,-0.322682059625519,1,-0.806047806246658
2.35876372513043,0,-0.5126502578778,-0.307405440413442,-2.16145939152144,1,1.18267150293237
8.93803982611174,1,2.7018910003448,-0.881927450206018,0.0190967022825058,0,-0.399965950446338
-0.308188415382681,0,-1.36211623118972,-0.0953451587484263,-0.992704380579595,0,1.73432027998663
3.63861385992095,1,0.137256218558607,-1.2759693730741,-1.43976540953535,0,-1.31151276703607
-1.03625267463107,0,-1.49362506731629,0.375584983964806,0.169291552863872,1,-0.0647714415416255
1.23447660609081,0,-1.4704357414368,-0.469230372596356,1.8248258610762,0,-0.111992025640943
0.805913874787145,0,0.124702386197007,0.79893320361921,-1.58444178208245,1,1.2436210020645
-0.711688717133319,0,-0.996639134884037,0.426288199258715,-0.873830017616974,0,-0.932374324525813
3.54395970703787,1,-0.00182261430470819,-0.512132013193506,-0.195780946959777,0,-0.358989879390395
2.60161059430331,0,-0.428258881425815,-0.347515536975732,-0.706652682485904,0,0.528530040590725
4.41381206955295,1,-0.613671606449495,0.609392746386973,-1.04368410538297,1,-0.497293383055432
-1.90652975757006,0,-2.02467784541911,0.735464318036699,0.61000173520942,0,0.989035512195167
-0.227354696670953,0,-1.22474795035999,0.476708560673323,-1.00719181216564,0,0.378355900939191
5.94256167957508,1,0.179516441117938,0.328285766781953,-0.161783123191246,0,0.517431070756774
7.14799292070816,1,0.567620594423535,-1.78126747525362,0.980051876335626,1,0.08314418677697
1.41663532104368,0,-0.492877353553475,0.119396421345399,0.361942258956084,0,0.841143682369222
3.79865484152051,0,6.28840653511241e-05,-1.41829537201652,-1.60565791906829,1,1.9378725395687
8.73695180932069,1,1.12288964337997,0.076034377653877,1.31105640447589,1,0.161750676050909
8.11854507551721,1,1.43985574297619,-0.660833242210851,0.539388173408711,1,-0.37360434480867
2.2262894407074,0,-1.09711376840582,-0.105506046058469,0.218794224103804,1,0.00930519405372548
3.50871278682268,0,-0.117319560250177,-1.18008588758692,-0.129966893255263,1,0.244431919209213
6.92063997142553,1,1.2014984009197,-0.164359186462737,-0.865052891545505,1,-0.005907289731997
-1.130233387102,0,-0.469729580566301,1.5194407743176,-0.825638182890832,0,1.88147014046903
-2.41995279081487,0,-0.0524694849389963,1.82516507817365,-0.954139075093771,0,0.179036917601582
5.74564136347341,1,-0.0861072982370895,-2.48863985015353,-1.3922237409318,0,0.157005609319302
8.6350568697851,1,-0.887679017906431,-1.65432225038973,0.532505696903585,1,1.97288314248152
5.41206655683473,1,-0.444684004884738,-1.42085528137192,-1.36001392024891,0,-0.156484433738328
5.39781773947182,1,-0.0294448790882381,-1.27629656625184,0.417999489071495,0,0.218733381800242
2.8657364267675,1,-0.413868849057924,2.07910079937255,-0.850258156293663,0,0.997256923383745
4.45740848091208,1,1.1133860233682,1.01553602068229,0.869526359692787,0,0.0995284714794064
6.58679196205216,1,-0.480992841653982,-0.109612816175039,1.03448043626442,1,-0.204202834629546
3.94892356887288,1,-0.433169032600729,0.981518881029313,0.0207367874396349,1,-0.444161143277891
0.00266785859020047,0,0.696862576552103,2.26134720681062,0.395119304823088,0,-0.767366779251089
-0.0342482296433204,0,-1.05636841317091,0.637089923803561,0.276352141875242,1,1.04938714590671
4.0617826252759,1,-0.0406984751512149,1.77553654284699,-1.40690816653097,0,-1.1459040738562
4.66488078642169,1,-1.55154482234759,-1.1475015474698,0.804685346315888,1,0.135651968773849
4.88558024212521,0,1.16716954923568,-1.07932259375455,0.775054010807102,0,-0.306464771118655
2.62450955685037,1,-0.273645701374081,1.06794985879243,-0.908145691062996,1,-1.4288390149676
3.76320406594951,1,-0.467845324672254,0.89175319136426,-0.996020115936964,1,-0.148672016294309
4.2236856356548,1,-1.23825232798621,0.870096509939708,0.362546645148159,0,1.02096140026183
1.0450631150517,0,-0.00776203377732663,0.48576246486856,-1.08608236477082,1,0.40047120231437
3.84473655670479,1,-0.80028217795166,-0.471093692846051,0.175262128847649,0,-0.769094115554206
2.78759001058082,0,-0.533492329950436,0.949629993820546,0.634523421021894,0,0.620225568761584
1.87059185287442,0,1.28767524558459,1.84772759129207,-0.268304978918258,0,0.40449976019752
5.26955584957152,1,-0.175525870242127,1.24040742887073,-0.143418596403623,0,0.103144748122689
5.01104147331204,1,-1.07178238415068,-1.38081421835124,-0.68532621612298,1,0.299768371502855
4.86953536783076,1,0.163206882467382,0.474676877291482,-0.310462136836296,1,-0.539121737297843
1.07138495863544,0,-0.36273841562795,0.0123463579876949,-0.570169549397608,0,-0.697930117448539
3.34700150065352,0,0.590013547987339,0.0870999372857267,2.53434623037214,0,-1.85798865213671
8.85910450906476,1,1.43242192773099,-0.182368193763325,0.601535968134075,1,-0.793252349314638
3.15292982774375,0,-0.992692511109493,-1.26567026582532,1.12756120883178,1,0.15645726571073
3.96349297689479,1,0.454650297580283,0.331283912940739,-0.470251565380531,0,0.0219700717006835
0.165665235022812,0,0.0848980586784873,1.35172863098665,-0.207428502167303,0,0.430286204885472
6.69945835223784,1,0.895565582264545,1.63656573626269,2.7456733627009,1,-1.35230007683272
0.0925911432390971,0,-0.229778138946267,0.479932228852687,-0.830290714875519,0,-0.303520145117042
2.33550758372888,0,0.836619068460613,-0.736315911257857,-0.642700128605558,0,0.0230691200835892
3.86902286285601,1,-1.74505586133669,-0.583016619413601,-0.14161198106721,1,-0.791248852860959
10.0020107010526,1,1.68945892131337,-0.611431981951386,1.10436615092869,1,1.04944877144129
4.84430121705048,1,0.864777978518578,0.603350043610892,-3.00102477350675,1,-1.2633457030738
8.65504968488591,1,-0.150775988885748,-0.235763339357311,2.05359382706753,1,0.542227525676579
-1.8614601196496,0,-1.44900713013917,2.90421609162339,-1.09379605229137,1,-0.62431867524835
7.85103592609881,1,0.643008700041982,-0.268291279315417,-1.22656351514338,1,0.200851398221498
5.89034649818218,1,0.483193863814768,0.148092848403041,-0.342277227142286,1,1.38722885135768
3.84563669412622,1,-0.00635562642138871,-0.206794982835284,0.658532578195758,0,0.243517868734769
4.89559089693394,1,0.151455892862424,-0.642560138451547,-0.851445102760097,0,0.0284757699639452
1.3736588935428,0,-0.584108970349804,0.847571823884568,-1.87598302993031,1,1.79246609759573
8.36546022294343,1,0.368806732630242,-0.527572126400654,-0.48985664144872,1,-0.346699995404753
5.43053590362261,1,0.294654339719516,0.00237075710813171,0.328243402709361,0,-0.342527330431329
6.37088672778007,1,-0.279259373342575,-0.281880233551283,0.865162051806121,1,-0.186406567312828
5.22568856134516,1,-1.33623665489315,-2.8284746523873,1.13971671684903,1,-0.0282785515658435
4.16617146065863,0,0.700748818440034,0.650930316327698,-0.433955263226009,0,0.641987653817427
4.7438486725748,1,0.554196622274034,0.157759171113334,1.46297579684964,1,-0.730193882289085
2.41338738406698,0,-0.836306592801415,-0.853437022665369,1.19780771096557,0,0.721285780484933
-3.20768963717539,0,-1.59458816200624,1.36310008597407,-0.46228665944604,0,-0.552765920150596
8.52870610427346,1,0.204958580587634,-1.26289617117116,0.912847756741927,1,-2.03118954796387
6.78153193287328,1,-0.34508797797289,-1.77794654572074,1.05656727466585,0,0.0287908509394819
3.284825653338,0,0.252611703364455,-0.686919645075559,-1.38155427610757,1,-0.495298369135247
3.36227998413397,0,-1.29400246548455,-1.18433552229326,1.52242167132902,1,0.366231228660658
1.3636019694584,0,-0.959170444380363,0.789677301727648,-0.0780192840566323,1,1.4445867059098
3.78414374401465,0,1.0857748536799,0.0859637709502686,0.502346304431283,1,-0.967725194146562
7.88599626505515,1,0.403774904715714,-0.370061442579403,-0.0872131289547691,1,-1.80961984819086
7.3904041057741,1,0.586487536719298,0.00933636704307702,-0.690953385894806,1,-1.53372645901299
10.3008641500582,1,1.81522844615395,-0.951059591672824,1.52642292910877,1,-2.72927384443907
2.52115906654148,0,0.128821428602383,0.181717711397805,1.3140666822661,0,-1.95711352315401
-0.254161580353957,0,-2.00092923773151,0.190339844032856,-1.06975411357875,0,0.749589731794289
5.57862950742098,1,0.33377719743357,-0.0717387693981193,-0.0159038650102378,0,0.739793826167664
4.95398883440651,1,1.17132512735879,-0.00285171005059469,0.538930717398302,0,-0.556190203046663
7.41050645843013,1,2.0595392422993,-1.10821896191248,-1.7847166263677,0,-0.581568900300809
-1.09321798772802,0,-1.37686159824052,0.935191767373595,-0.450105347817872,1,-0.328775912882547
3.30116948885534,0,-1.15085556562711,-1.48583945173733,0.478496474306168,1,0.955742121939445
-1.2336865093001,0,-0.705821394760121,2.22854189842651,-0.346428572747648,1,0.526397989879095
-1.34613127094194,0,-1.05405578207719,1.6241352225378,-2.04428657828086,0,0.313762025895813
1.1976486246009,0,-0.645743723142491,0.519764625253335,-1.48362599388729,1,-0.441009365710698
3.32481712352673,0,-0.185377967676503,-1.352028636762,-0.922956472241783,0,-0.461021116736661
0.753404407465345,0,-1.20122205073999,0.426123827628841,0.174244530667259,0,-1.4311700712015
7.73471249520863,1,2.03697216698315,-1.66318758520667,-1.81732318496419,1,-3.12055136250136
7.38256909378268,1,0.107774744885547,-0.269943621830999,0.500040679122927,0,0.108412986828893
4.49821179835551,1,-0.0841081005055806,0.790790959773877,1.06354635357899,0,-1.69074383926491
3.85146031619235,1,0.495619641604594,0.840608638772999,-0.565202660570903,0,-0.66805260233409
5.05646197846764,1,0.0374151861179653,0.0329694848504644,0.944092998938885,1,-0.0924537213216292
5.69426799740977,0,-0.13208803695591,-0.238163753848546,0.973098936350998,1,0.420452061319529
8.88195401856286,1,1.4767874235521,0.263552286150818,-0.0171660701106577,1,0.322152468084
4.91569120232673,0,-0.217030210092103,-1.59178517406521,-0.359927350868906,1,-0.501200012892865
2.50930048701325,1,-1.28360220409223,-0.376235068846935,-0.190184285527522,0,-0.630292670347303
2.26906597226159,0,0.385667890443402,1.81252714991038,-1.87755309426937,1,0.802463362665874
2.66727112730462,0,-0.351512873529092,-1.73809968261789,0.560349532587586,1,0.83344348914791
2.97315989431064,1,-0.521796093356269,1.62911115074531,0.33538474743254,1,-0.945840996860716
3.20628512867024,1,-1.06813120068717,0.528105441488507,-0.153022777564646,1,-0.940465404766421
2.0913972851781,1,0.428365903266692,-0.360444186597554,-2.71848745728651,1,-0.0896883266638027
3.45714860855667,1,-0.174018234426995,2.23761689061182,0.292217786590762,1,1.55203033506458
7.73514515331323,1,0.515667728648029,-0.0401996174749625,0.565322207888516,1,0.105767965181437
-0.926342692998903,0,-0.234365277305921,1.894125331564,-0.874218964168323,1,-0.666332382118712
4.7492486356748,1,-0.658503425821771,0.024804649937664,1.0090338680072,1,-1.12340548064392
4.61996474467271,0,1.25023660407872,0.553425403100445,0.577055109325141,1,0.199538645006942
4.65266292158077,1,-0.271763715111397,-0.574350945442218,-1.18799741203433,1,0.250841390106468
7.02876424899874,1,0.947951995875196,-0.928337006439503,-0.958594137083384,1,-2.04501459349195
3.24087371209822,0,-1.20158243010894,-2.00042544129482,-0.220745542875477,1,0.714345472390602
4.53755123425839,1,-0.466116096375502,-0.622068696299165,-0.990504323908094,1,0.261636378296436
1.02324629579132,0,-0.26935139515318,0.727145566485242,-1.04605522165573,1,0.919232415958221
7.35475114151362,1,-0.390965408130861,-1.10218330324535,1.35964791465518,1,-0.111085124849647
5.80258996919863,1,1.34870701199171,-1.15946277085336,-1.15592399628206,0,-0.591280703578256
4.13707516776687,0,-0.0227647012984126,-0.43890563975272,0.26084315779637,0,0.121792667787987
6.68173508563096,1,0.24422585110345,0.159134206763553,-1.55823647505566,1,-1.00204568129956
5.61810297958548,1,-0.942371707863923,-0.49460068553302,-0.00714045431300919,1,1.17914140350404
2.84265425836672,1,-0.729217276509575,1.21236784558103,0.567722227536647,0,-1.32472765032805
2.43907953224365,0,0.998068908554848,0.292632425911828,1.11104418692594,0,0.244986976817036
4.14972025112899,1,1.25848166459556,-0.0360424610323628,-1.11934473018331,0,0.393352741577617
9.09045615496421,1,1.2488636888101,-1.10261610256618,-0.745335689322329,0,-0.360799227232134
3.36881770577919,1,-1.38063704952533,-0.935640286949069,0.89568526902501,1,0.301534911703016
6.78792137024714,0,2.04996069363639,0.460837326820304,0.590244427344547,0,-0.779709946467665
7.5161738451256,1,1.01687282979954,-0.332363462610624,-0.288462279506972,0,1.64683544353442
1.64112620077686,0,-0.0267174641382579,1.10616326882244,0.048163466406871,1,1.22046743957188
8.06216889935677,1,0.70360777879826,-1.63369360485113,-0.488926055790904,1,-0.533246552591227
0.549982749097231,0,-0.971385229151864,0.335192800595372,0.712986584937058,1,1.26298929308163
1.90084611405152,0,-1.09615624155886,-0.524657444990142,0.348591154474638,1,0.178576171234217
4.93457374197931,1,0.0490504509375971,1.4633710753022,-0.0935614532345968,1,-2.4990998221438
-0.518729482676211,0,-1.19849585655778,0.427178041986582,-0.845384979296857,0,0.72564847924437
7.10909727353996,1,0.190018998559748,-1.02512982017635,0.277606233056156,0,0.370497437715745
7.06500313248334,1,1.29770589960467,-1.30805832132281,-0.28890129987681,0,-1.14082737709871
2.69487358290391,1,-1.03387372296475,0.229601886628634,-1.8513267476268,0,-0.230037157758182
2.45354550624487,0,-0.738440754213064,-0.307021277811913,-0.955468599993092,1,1.30835640773718
5.58880137408121,1,0.0465639394508634,-0.0838330995421848,-1.68713584936332,1,-0.0755554355015029
3.33476611363369,1,-1.01759611982611,-0.165731840611065,0.933252713848061,1,0.738430066256545
2.83920001826617,0,-0.383283959886278,0.655012558663501,1.5139508755078,0,0.668042622766182
9.13300646921106,1,0.872755411671398,-1.07483472817753,2.35428526164579,1,-1.03083717931094
3.06791676588328,0,0.969545013970117,3.4709096034659,2.13661687737965,0,0.357704430067721
2.26635960999284,0,0.383846665027094,0.294080892384018,-0.752573791675775,0,0.493775752672003
1.36311782071724,0,-1.85155566306746,-0.536373846346391,-1.25293572924985,1,0.446292154820742
1.8262557283069,0,-0.0539967368261657,-0.144773495445704,-0.624828084817834,0,-1.41776883035419
8.86754244301445,1,1.06477321433828,0.542130527840553,1.27206446910862,0,-0.347135864716089
5.28088933540684,1,0.813195037411605,0.634175193192408,-0.993816376439543,0,-2.30529298030137
7.52907966588843,1,-0.190816474104282,-1.77485606890494,-0.708438488507119,1,0.592916013108223
2.98452827857477,1,-2.6999298085637,-2.06613588468656,-0.74678043290112,0,0.382516543778987
6.20888846714493,1,0.0609666388011166,-0.0899069094632118,-0.277310210041919,0,1.0599421008927
4.20105346448256,0,0.573751697483578,0.836802178058687,0.659896700957193,1,0.0186362389706742
5.07022686689395,1,0.0458035797250989,0.166240833093532,-1.5121388803747,1,-0.0979719625336884
2.50901635040973,0,0.157412540175875,1.02552557344612,-0.0216116895578993,0,-0.234486246195178
4.68672425710173,1,0.431565372868771,0.403188458132936,-1.75457004400806,1,-1.02864350288556
7.03621649403743,1,-0.396549736050212,0.4115921198628,1.03546625106255,1,-0.309995098212964
4.13312428580258,0,1.30997822575155,1.68018682802245,0.862397608654755,0,-1.09408297557127
9.00475212641891,1,0.470393399873943,-1.06210757323509,0.265544767018382,1,2.5552478660352
1.85405392618707,0,-1.2426702705746,-0.791235649678155,-0.231326977263818,0,-0.062414682995609
7.69786773239137,1,1.38157545638553,0.388512274160985,1.0243577681252,0,-0.625995015786987
4.35039823604659,0,1.20445893700982,0.253998499450374,0.617370042573925,1,0.0404043161514382
8.01873390031051,1,0.824073963681881,-2.18716829258598,-1.17103081674999,0,1.96708898607848
5.37369809649597,1,-1.66262940218559,0.537800433283471,2.51918956720831,1,0.856995465057607
3.58896415635219,1,-0.569306343605481,-1.28988641170683,-0.633089812097793,0,3.12879423626318
5.75757764682191,1,0.635513817289526,-1.22554397015877,-1.02353018715821,1,-1.14444658571636
4.27642688849784,1,0.0437220075778579,1.72711355277575,0.435693940706874,1,0.347499489927965
7.15404524529276,1,0.348012303661307,1.1603578032903,0.267296542526631,1,-0.32982751609927
8.40459688218634,1,2.45959354887041,-0.74816158375162,0.15153477759341,0,0.230008736164626
-0.779076353654901,0,-0.81838032439967,1.66667232493041,-1.42910809944283,1,0.525724096586406
1.28408470263923,1,-2.11320011492914,-0.529697424571316,0.092244038071599,0,0.672907235681033
0.623130785552383,0,0.273695272430415,1.02864835063927,0.387349852747071,1,-0.540058629205981
2.03592445039189,0,-0.687596841243412,1.3767179910649,2.24373592299426,0,-0.643143508067365
5.61510302460231,1,0.446041052961866,1.33100295826265,-0.781466209509284,1,-0.321997569925702
0.631480613900683,0,-0.812384723790597,1.25465594943585,0.739967670482955,0,0.15581252137069
5.24256058764437,0,2.21205548033514,-0.287334553809268,-0.858421801859811,0,-0.217709038282295
7.42213790139716,1,-0.12370597157743,-0.546735518159085,0.302018596365049,1,3.01344990298154
3.76866231882954,1,-0.477335506030052,1.253927471065,-0.961095221822742,0,0.871601610971644
-0.506611064420762,0,-0.166261491486608,-0.0717229189590111,-1.99760903604054,0,-1.06085312300463
4.6903273009821,1,0.862563383626431,-0.682436621264268,-2.30690186737447,1,-2.03103982664257
6.99613147172757,1,0.0973404852028189,-1.02499645828567,0.86723155891422,0,1.69127673607672
-1.58811973140685,0,-1.62561673921129,1.30157781471653,0.076113269906901,0,-0.503426288564035
4.4843379643412,1,-0.0046207678264578,0.758060825406684,0.385224800550677,0,1.63356117807988
0.978010640704482,0,0.760242167662055,1.4796143353762,-2.06023179151918,0,-0.501742905115537
6.43769509630532,1,0.0389909128725626,-0.619562406414632,-0.145354412049052,1,-0.595441251189315
2.36781912369949,0,0.735072141614441,0.259687227256229,0.0979794170841946,1,0.0760388414709135
4.03768700298874,0,-0.14647262699887,-1.08652092497737,1.65117286843722,0,0.0420019037611793
1.7957632249789,0,-0.0578873353812826,0.086223563193975,-0.697531585795611,1,-1.46749199304319
5.78991347091576,1,0.482369466104533,-0.846202449052606,0.800353223332997,0,0.19090805373441
3.11848820385664,0,0.992943636775734,0.388905864370388,-0.0286260385443061,0,0.463325834017782
0.216331018780023,0,-1.24639549803204,-0.0376358153463912,0.929936110491093,0,0.531768550899022
5.17251340795108,1,-0.0334875248456097,1.44560164892583,0.165499606708942,1,0.124302755596423
4.32295131547121,1,-0.0709621812499963,0.317224482102685,0.155884163257049,0,-1.07554262768821
1.4380815066605,0,-0.75892065373095,-0.403980490819091,-0.165086221014642,0,0.968804460381668
5.21552717446278,1,-1.03435936093915,-1.74023733047524,0.0879751385928528,1,-0.523934257673732
4.33668458935366,1,-0.63073195397082,-0.452821278920118,0.0858522002455114,0,-1.277770513177
6.46247740920689,1,0.586807720012995,-0.586087506559595,-0.171564167050283,0,-0.84699892343789
2.4874082618893,1,-0.416322656183652,1.14791904431639,-0.147076213012955,0,-0.838700589086617
-1.21016584381074,0,-0.78488780950532,0.457363259644693,0.8500782782269,0,0.736728102174898
3.1621635593235,0,0.163416319486097,-0.587806362058572,-0.186019562784106,0,2.29611133061877
1.27580216539738,0,-1.23671423510935,0.227914940694947,-0.835441534293473,1,0.491185811608684
5.8063601750065,0,1.04587377623667,0.134147741846246,-0.0945247655139992,0,-0.0159661778120853
5.4456594051171,1,-0.484595416218709,0.329327772114258,-1.26813823932045,1,0.436323313608916
1.16397363042022,0,0.189128811680665,-0.297512213642794,1.71872324145718,0,-0.843645532258233
7.72823354061946,1,0.0510063315749732,1.18498797306452,2.4968402752067,1,-0.500282236414704
3.38608441363255,0,-0.000240668886441977,1.30953538662527,-0.0252063011042785,0,0.349882882468087
9.97629481254644,1,1.80938204244287,-1.17045526511543,0.0070325800033662,0,-0.616550357298279
2.80066618444573,1,-0.825327957109945,0.996118866300114,-0.981715100072424,0,-0.509820748543604
6.0913157668032,1,1.14547045222799,-0.746997016690059,0.307234493729012,0,-1.02389360135426
2.94806632476917,0,0.0315731875532431,0.221867656465582,0.979590774747593,1,0.7562889889071
4.32529411422283,1,-0.83520580530672,1.0009452311825,0.780711033538671,1,0.901174017548595
3.75776024112273,0,-0.0687636490165125,0.494143258559294,-0.00765646730584681,1,1.0296303348387
7.19709393569082,1,0.746771687012467,-0.00844441753463621,1.25856749633181,1,0.65915607027598
5.93525730917194,1,-0.425518734394604,0.0961369855328748,1.76683471162832,1,1.12732095495082
-1.34926336901199,0,-0.772082235193457,2.25070523918321,-0.311547126334333,0,2.27163715142068
1.71387798862688,0,0.152764106747895,1.4366346913565,0.426973900055736,1,-0.140230135619728
6.87782124644931,1,0.988596845178799,0.0104077495384871,1.15457522800862,1,-0.268163609287914
3.75900520955003,0,-0.073458334672174,-0.320791891518128,-0.287162114791726,0,-0.631889332677329
-1.13720511848773,0,-1.38702655355974,1.84167486726203,0.132768822126551,0,2.12346665282772
-0.427280685533997,0,-1.30667590437536,0.0899247252253416,-1.10623499986617,0,0.350151622383731
-0.575543541316755,0,-0.768395325077939,0.402792818116791,-0.880246859827876,0,-1.25018767147822
0.799471057048715,0,-0.527108125374458,1.30939370465749,-2.38863342271827,0,0.236998955007049
3.20821403078173,0,-0.0214270650416246,-0.613254222725411,-0.69004938323951,0,-0.317380356035208
3.38158973312234,0,0.670498070996282,-0.435480084919432,-0.527856748000707,1,0.187464593774226
6.78846139539503,1,-0.434617038572407,-0.382106084270801,1.0663108268773,0,-0.653718814795815
-0.708952255630334,0,-1.11387978331285,0.171328176109932,-1.09455421444261,0,-0.12440075732249
6.70494107175507,0,0.6071059948785,-2.4165624634469,-0.0850599489390614,0,0.990153901623158
4.84985390154189,1,0.275456968739591,-0.41817143658625,-0.415982250479874,0,-1.40241934796726
5.94311031513403,1,1.15734706941474,0.707195564900496,-0.383489419654003,1,-1.36375441209386
-0.706299417821113,0,-1.68248085947826,0.31180753531698,0.138478429491991,0,-0.176122006888086
5.37314241238607,1,0.0873190888948744,0.350640156782387,1.5025095098193,1,-1.2017655293133
9.33062437116343,1,1.35336189394267,-1.58686541262596,-1.15592439159928,1,-0.0312353799345164
6.70036185692822,1,0.724173800683369,0.216521654079693,0.676586019302704,0,2.25016333641053
4.26294260905685,1,-0.832552825764212,-0.114749842879395,-0.693678141249576,1,-0.416793269981602
3.14957790692987,0,0.732528486768414,0.0203381232290744,-1.12948331148021,1,-0.506098106198024
5.40306278433667,1,-0.871926869997213,0.892790261937783,0.84732831798785,1,-2.6220768419351
1.96407580818389,0,-0.453397511229793,1.44808414754465,-1.28432033562367,1,0.402401483591338
6.0938201866006,1,1.18753427862908,-0.252030872055031,-0.951203283276817,0,-1.58789620047465
6.5284549498982,1,-0.290145311790079,-0.597471279167578,1.01151549368614,0,-0.0637193147900378
8.12945959416182,1,0.828546144965436,-0.247740839749518,-0.106991612669398,1,0.292893313060493
4.75296846619347,1,-0.291227708779169,0.774365940151648,1.58067688954012,0,-1.93850702390061
0.513281718215904,0,-1.57636240474791,-0.118587206170082,2.70884536477196,1,1.82839622369282
3.31188253048427,0,-0.848815696948922,-0.417581271100897,0.198800479198,1,-1.04453530322397
1.6887070022551,0,-1.08851986195719,-0.052426353257736,0.760569649919817,1,0.872854844432213
1.95292296481932,0,-0.484290571117173,1.35395020283372,0.113335188334946,1,-0.755692721090012
6.35228745718898,1,-0.336311209009573,-0.920651427306943,-0.562871825842673,0,-1.42520803852379
4.82813682788306,1,-0.153357890661644,-0.310771373996955,-0.717980765062782,1,-0.928104104637049
4.48597737702542,1,-0.243247228574846,-1.05580296818196,1.07634568722594,0,-0.0125204636808102
8.09589392344669,1,1.89220204160011,2.2387442557997,0.729188701930514,0,-0.244792540580327
1.46373750932126,0,-1.38599833728542,-0.473062140033249,0.472008520170886,0,0.181299203620536
0.201321985835327,0,-0.41482430070778,0.906054085480868,0.888964554031627,0,0.937903002712174
2.0999826545204,0,0.349081528106831,0.037916931594142,-1.13356486953053,1,-1.15250488184749
5.67241212220772,1,1.62844226581541,-0.175362283023761,-1.09760333280958,0,-1.61168120464368
4.932299440748,1,0.0885218957136163,-0.361609025278738,0.155016187191699,0,-0.483685584841259
9.33642257710388,1,1.23915070840056,-0.803621542084907,0.54070797485713,1,-1.58824894944682
1.51078624642013,0,-1.64455553575371,1.34157635107538,1.15080723331547,1,-0.284829188587816
9.24582299323288,1,1.44635652537848,0.625930654378281,1.47704988933306,1,0.352779242240301
1.80101635827775,1,-0.690560171665183,0.0311307079941854,0.182187910542094,0,-0.758632219886626
4.75294983988688,1,-0.276431085453852,-1.09491334946943,-1.10108235737537,1,-0.727431589312872
0.430859961980359,0,-1.10941875989944,-0.486414065558645,-1.20252726325904,1,-2.16768533570872
4.23520996162709,1,0.133869316429452,0.953093683264103,-0.966708676495849,1,-0.00575844701989285
8.82943770494276,1,1.78533905173155,-0.994513348092816,1.39449126043296,1,-0.478559048360578
10.9140516573348,1,2.42216335525159,-0.571870322518041,0.404360270712859,1,0.655115393839914
0.886641394625141,0,-1.07682890211841,0.783173181570287,1.49031586219406,0,0.17153453293049
2.97819349451053,0,0.485941110403099,0.381366421089077,-0.680715286073037,0,1.51791398629413
5.80258392981764,0,1.38852173874429,-0.60005817395716,-0.0522803800696862,1,-2.13091643644262
3.48021159280641,0,-0.195656817284544,1.65261512009413,0.636823632832133,1,0.839295855040388
5.8222925017883,1,-0.218174797706211,-1.19076693514159,0.35688325862053,1,-0.448475316963877
-0.230813483668819,0,-0.304777954546445,1.41567745190252,-1.17561605038368,0,-1.15423045702669
6.6739511313428,1,0.597832724111443,0.814172817192482,-1.48605282360582,1,-0.593377547684715
8.28689036287509,1,1.39742941081576,-2.09757104835645,-2.44537238317247,1,-0.205260015000584
3.38256250320537,0,0.687619761239963,0.320165082487674,0.65019931683817,1,-0.761572765342094
6.39449098231972,1,0.320188014296969,0.801025120424051,0.597458845595852,1,0.39306619844859
0.308548574626481,0,-0.301869925777261,-0.791680654042777,-0.00591553466537692,0,-1.81197353159144
6.81501791878755,1,0.49834868555795,-0.0106662632339682,2.03488045755017,1,0.0188807879535776
5.66878790696461,1,-0.549536917916756,-1.62351793994448,0.276288979880555,0,0.309716070095519
3.84077901295304,0,-0.279256503637243,-0.907567051887799,-0.496466209356325,1,2.13875678336442
7.12128386286991,1,1.09651344311173,0.136766722422639,1.17021622041948,0,0.865089392199708
5.91661722179526,1,0.442013088178811,0.271187956531974,1.00415049965311,0,-1.59439073225916
3.83872609951979,1,0.241016294026112,-0.07366121520502,-0.706639694712761,0,-1.30318865614776
3.60117427811744,0,-0.255607655355518,-0.77443032842804,0.0685642509355788,1,-0.231318547370899
2.06420280157032,0,0.931032901484882,0.593816135526189,0.887426250052947,0,0.372779968584221
6.81377716686035,1,1.33491258537547,1.32750455958168,0.951080448511403,0,0.862902252469774
3.7776817220404,1,-0.869271763875442,-0.600835831817181,-0.132976015348185,0,0.841424981320726
5.47209186368422,1,0.0554869546651026,0.0565068582510194,-1.28558425906626,1,-0.208723786191479
8.24352817570653,1,0.0490669131919192,-0.531076289581877,1.66116485621508,1,1.86714991303887
2.95241907032487,1,-0.578355728360897,-0.0808987843769502,0.136576555971212,0,-0.880613696030893
0.445106929844674,0,-0.998738655996004,0.160755586671381,-0.464363828025639,0,0.0368654719107772
5.45790846374633,1,-0.00243278000660164,-0.102140564663634,-0.306423805718502,0,-0.143108442277851
4.2298859186565,0,0.655511882812969,-0.354749969786071,-0.435812300530228,1,-1.0050305289802
8.45831027853996,1,1.47684227897655,-0.471227347093368,-1.70782279922691,0,-0.266267973259254
3.56677496566601,1,-1.90915278827921,0.0340441773616117,-0.171289220774238,0,1.04251118832796
2.2074494403119,0,-0.702439473312409,-0.200721207356766,0.98881575178477,0,0.902074906201673
7.6708027614019,1,-0.311430218011919,-0.544448628769274,2.28564205323546,1,-1.2936359842762
1.03892609340409,0,-1.66315703066738,0.377362269645537,-0.535947018691219,0,0.252894790983116
0.312329769418225,0,-0.75053344179229,0.403728160580446,-0.189088750770531,0,0.449331559804985
0.187242275643878,0,-0.777351759181508,0.170236937543032,0.657250840978623,0,1.27477254759885
4.90883361764145,1,-0.722569699859602,-1.10107992122072,-0.167127618066899,1,-0.728329015313494
0.599575028411685,1,-2.18883459914707,0.402469699291095,-0.536767000075604,0,0.37476136966796
4.83191822616834,0,0.213418550286554,0.425816177210946,-0.333439039169432,1,0.0220487258746532
3.05798324859487,0,-0.631922936254832,-0.283128718862383,0.22290414826286,1,-1.45065317405974
2.7227562864472,0,1.52049119383216,0.553632072115556,-2.2417021676314,0,-0.264064489137388
4.88019602653779,1,0.795955949415082,1.26435623247709,-0.642793087067836,1,-0.0585547126647581
3.70957577661433,1,-1.4535295651328,0.327802463194629,0.129506779309632,1,0.327871675216677
3.44708357843575,0,0.0983954210058388,0.765106373309395,0.500683932489198,0,2.1227601326179
-0.102632382151829,0,-0.593770984233153,1.28257345881025,-0.980687867797905,1,1.32312111003084
0.943215101736831,0,0.888281168634515,1.65888693382934,-0.598420796598819,1,0.871316526090506
3.34359988230264,0,0.0530704154986666,-0.480729813134911,-1.68698472183606,1,-0.488397288847895
4.22227013185407,1,-0.557023625844656,-0.407834514587087,0.462985502852242,1,-0.187600081854442
4.45854570765199,0,0.43839703617272,-0.328918791729082,0.632984575305104,0,-0.058800513162761
5.20722923514908,1,0.152608158642419,1.10107658785062,-0.0741200109700842,0,0.401579841558149
-0.630535475168855,0,-0.164617581749564,0.581717960782718,0.0279615662680733,0,-1.08180288873636
3.05031791721943,0,2.01989062147597,0.957779202757363,-2.51209948928412,0,0.461335758016449
3.06118286708884,1,-0.529385886317261,0.301421804337359,1.41348402080082,0,-1.0408697175492
4.20217975213831,1,-0.470786972984042,-0.288461063573085,-0.303219537073222,1,2.2912353763593
3.76672592368358,1,-1.54593692401752,-1.45615158789359,-0.599311133860702,1,-0.209645638179231
6.61939810295315,1,-0.0405267232951771,-1.70465154066219,0.0196621914579885,1,-0.446889462278326
7.25460014812779,1,0.890356305470676,2.01122119129554,0.602632304715408,1,0.0555426720239451
-0.644694193340915,0,-2.07138785092921,0.00396133245276825,1.57368501672031,0,-1.06146498524806
5.56847807095616,1,-0.250065120073019,0.558221906568822,0.388557997669753,1,-0.0211091218173679
-0.937675576893152,0,-1.18165042665332,0.694493685600807,-1.12489626596291,1,-0.856181989537468
2.54003483874007,0,1.44193726501691,1.44632123678831,-0.0792878705440688,0,-0.909051333609939
7.30632393263088,1,1.35789553887886,0.633468743359524,0.107542505679699,1,-0.09880512654639
2.4324000141263,0,0.33450284734065,0.0263703369604992,0.164244787519655,0,0.26789633172081
7.36893254985766,1,1.42933808040023,0.742875516154548,0.98444414538532,0,-0.063733495497804
4.23435288582643,1,-0.867317850878684,0.347303392127326,-0.0872647134232467,1,-1.21634240559716
0.169611832587542,0,0.950651724971886,-0.628654925909304,-0.781784952604271,0,-0.768371560417746
1.0120504609553,0,-0.585011508633235,0.958491926298926,1.39261246235614,0,-0.569349550001125
8.17227082529856,1,0.320957522525629,0.164441350143759,2.74527254374431,1,0.855284989533363
1.87885441950992,0,-0.299396016664908,-0.034705900963032,-0.3003651504219,1,-0.314512782344483
8.04891338851021,1,-0.278543083293069,-0.920743815374439,0.940070703439002,1,0.238080593617883
2.55266663407624,0,0.546115158329532,1.14805514963721,1.08241285926193,1,-0.534310519424907
2.42371040091993,0,-1.30382115364487,-0.389880110029636,0.92009609256069,1,1.0902038498705
6.02098017940102,1,-0.25091446504246,-0.0992632632773881,-0.406215218754482,1,-1.06112185039514
3.13520223883835,0,0.17100737371791,-0.0279660623672148,0.664502336527224,0,0.999853931944177
4.95423692788732,1,-0.403467478747509,-0.0569888848706201,1.22705104515592,0,0.304038825650807
2.92828785990703,0,0.104659440835727,0.555659016748442,2.98890253663116,1,-0.308823622776252
3.14355435643953,0,-0.318880786734009,0.901923838993518,0.399669065766003,1,0.231958361493931
7.42220930210093,1,1.61834393588343,0.536623088234037,0.0715461512758006,1,0.468432345109464
7.76038060245943,1,0.714188601488617,-1.47118613826484,-0.948678112117658,0,0.029842399097326
12.8048808013268,1,2.96586536983324,-2.40935940826857,0.0133995953743361,1,-1.09249942848094
5.87451609166601,1,-0.795077604559211,-0.365017377779538,0.706013814600333,1,-0.92620005656296
7.26603281864432,1,0.814365914679913,-0.181268484634166,0.665694316377917,1,-0.586798551199612
5.16066232025578,1,2.09803081013037,-0.149062942660811,-0.906183125009281,0,-1.22577837772765
7.21998765979689,1,0.30098005515257,-1.39271469385941,0.00476971504793765,0,0.0483894840055139
0.562121439291613,0,-1.08307514183923,-0.679359244378277,-1.08293551279599,1,-1.19680218943843
4.8335155828197,1,-1.00632250180328,-1.81911796861397,0.406418715411655,1,-0.894680966705208
-0.629383188444782,0,-0.035414564917612,2.63898221848215,0.0908270190452244,1,-1.23914015010092
6.69614353485704,1,1.30912436085341,0.546608278218245,1.21517392458224,0,0.388235793201842
6.65093598724511,1,0.750400486646719,-0.0061539389294077,0.15063891156249,1,-0.564944184536759
4.78255792232583,1,-2.13836832761242,-1.8901394678583,1.00672183123613,0,-0.0324033618146144
4.74592680659542,1,-0.700354108866634,-0.266783371165174,0.590408986990219,0,-0.0346402408352546
0.360210298656459,0,-0.00905647529298544,0.820431010197318,-0.849094928959333,0,-0.0594488714208106
-1.66323925419314,0,-1.45813348724477,0.778193540049604,-1.49130279627827,0,-0.827557032041455
7.95680011187036,1,0.694529646494869,0.454092023522563,-0.0406862486068376,1,1.20087588131086
1.35281514499356,1,-2.46133547518649,1.41005217305168,2.19531483288217,1,-0.964264150539299
8.20018995840607,1,0.143289764040456,-1.81106410509648,0.763238192115647,0,-0.431631863013073
5.69212161008251,1,-0.391222119127056,-1.10245174108699,0.523443744399959,1,-0.933622843728421
4.00957261011269,1,-0.491164085614076,-0.0191678713168816,0.639752697916849,0,-1.18412796537095
2.1253973055066,0,-0.283647452452051,0.149303719680044,1.28960951841132,0,-0.476283719908226
5.72686021638258,0,0.314794804707843,-0.532431870264935,1.68831239184355,1,0.039687193786266
7.14311531448068,1,0.396326577938989,1.19784612620355,0.964284046069921,1,-2.32138971057487
7.66925791986315,1,-0.22560371103596,-2.0425957688947,1.29184696326074,0,-0.392435370619617
-0.994445162684907,0,-1.92495043034056,-1.01431086481328,1.0349947432296,0,1.45265170818429
-0.714115194260313,0,-1.43922929832198,1.60391822138318,1.40410315391404,1,-0.212828336877683
0.149285076492808,0,-1.4696577739724,0.892350034157026,1.157207222839,1,-1.29756893543207
7.00976873035084,1,0.761863446891932,-1.51770556163796,-1.59933315934367,1,0.262232809476276
2.53886222875509,1,-0.24361498187128,0.823528276152144,-0.751627165888285,0,-1.93769973085803
2.89249838362582,0,0.269676607418008,0.365562248008499,-0.239148031041161,1,-0.55381298776471
3.62801450787701,1,-1.55892752095582,-1.33092166830989,-0.0204756200877358,1,-0.645542070342069
4.78271740485957,1,-0.535588006696314,0.3595761544677,1.96337329857487,1,-1.85002338682808
4.01366164026626,0,0.562451973173495,0.892994609988693,0.389845579003814,1,0.160981322254947
2.96558538467697,1,-0.178326123419918,-0.995098995899314,1.06658275219461,0,0.452106895253702
1.71682935380333,0,-0.115135986202651,0.51967192258579,-0.271213134547158,0,1.01722506973923
5.54787026379542,1,-0.0720614721063666,-1.23573344828329,0.187356631287273,0,1.55999623945378
7.46915112856649,1,1.2109098069263,0.529726874322074,-0.179024547426,1,-0.527083000447776
1.28614286942874,0,-0.614896900799703,-0.983041720955936,-0.156586475829431,0,0.781752260938048
7.74360679531979,1,0.6761264583147,-0.375745484254249,1.78944297458623,1,-0.555312388302985
8.10490241113301,1,0.898599605537552,-1.04173538449989,0.308503977294177,0,0.308936609746232
1.54098984290765,0,-1.18931790352102,0.697667357430169,0.365197009298427,1,-0.843501029676364
2.72908349387636,0,0.121258849819009,-0.144448803419361,-0.0419215729776343,0,-0.0760219765988989
4.17646805830672,1,-0.0112216861304115,0.498543397139294,-0.598982530139343,1,1.23853716813126
3.9558435370109,0,1.02914071931376,0.617336709876794,-0.202515342264725,0,0.293529235866705
4.7082746510268,1,0.914774867719613,-0.00454114147551432,-1.21438243722599,0,-0.40426386272298
7.03336736394128,1,-0.00245626667956324,-0.0912563600897754,-0.0195263460837836,0,-2.18028631923212
2.69651333585312,0,0.136009552413727,0.399959374815336,-0.754033536543343,0,0.197631551627362
5.85660864924074,1,-0.720153544943125,0.588901656549108,1.18908758835552,0,1.92251770119656
4.01300369865714,0,-0.198124330051216,-0.0168780393868136,1.51016674154176,0,-0.928119950106771
-0.633935608979315,0,-1.02920880604827,0.418704182088633,-1.17039262434416,0,-0.32898389270885
-0.214739421587118,0,-0.966955895852616,0.800727964524838,-1.29392827357685,1,0.952071503050249
-0.471830452721604,0,-1.22081308891909,0.679893103827864,-0.4850066524442,0,1.64413385013785
6.52195760637993,1,0.836207703944837,1.30966392253954,-0.0596950692064959,1,-0.764043429473188
8.79235909180979,1,1.1149717984954,-1.89121447886908,0.128079710548587,0,-0.530274074006959
4.00557952928754,1,-0.412944852927091,0.344907334668953,0.797932250756203,0,-1.7656211492018
0.127003172748157,0,-1.12897739800683,0.154762656644616,-1.01607550028687,0,0.215183533568899
8.06359253807433,1,-0.0879313317770513,-0.766441731925565,0.246453295107586,1,1.33180132859668
6.00913691222407,0,2.24190369331262,-0.752915043322023,-0.638881930290301,1,-0.0160349243723044
6.01840692976892,0,2.04131317075049,0.524270675654365,-0.602284587925851,1,0.913289168335609
-1.87908222599418,0,-1.71980033672145,-0.355425297900245,0.549106639701504,0,0.122893454051043
5.12988758476944,1,-0.356906656122387,-0.260266497121109,0.124094839861073,0,0.333298321382398
6.60448496356917,0,1.53328049216229,0.507208110031767,0.70955825469573,1,1.03453366872585
4.48799133176066,1,-0.0382440966102368,1.14320521055163,-0.823690362514076,0,0.627767622827207
6.14816443405509,1,1.59741324232642,2.0668175182942,0.0867371535805039,1,-1.84664443531782
2.88158421745393,0,-0.333585393309883,0.769866343085377,-0.178418195109861,1,1.23753168475706
7.60128067295956,1,0.604985923915378,2.00199794550677,1.02363816801281,1,0.0618690050726705
4.9227824699313,1,0.224241239250251,1.27162090872777,-0.0279217867481935,0,2.31262658194155
4.58024588426156,0,3.22906949548006,0.333520245850298,-0.796934682282425,0,2.56872841062338
3.70043254114558,0,0.92045256677252,0.254072676090529,0.718795641292891,0,-0.883526750557524
1.24406878982921,0,-1.20653906921592,1.93091427212792,0.525314007375558,1,1.91132222316095
5.85478323779297,1,-0.603881169163268,-1.012929867412,0.815408353257702,0,0.266887497882044
7.11995117221655,1,0.370235284622063,0.0644444403932076,0.170546464220667,0,-0.351860144184572
1.01379016830022,1,-1.90100064667961,0.192373891357855,-0.837658538121657,0,0.122587901042255
4.77203400569584,1,-1.80440994496324,-2.34002446260473,-1.48539617991793,1,0.52820947086472
5.81118493145116,1,-1.12182260635522,-0.351765901032242,1.10055629584881,0,-0.0975740429515308
3.63976027629811,1,-0.34792960655914,0.346590938682391,0.935247383136132,0,-0.899647399883343
8.50371436204863,1,1.23890214863198,-2.82894105870644,0.0386837713926043,0,0.306527996790444
0.332703585981259,0,-0.274197564852279,0.367872703584524,-2.39486002499437,1,-1.06370524391306
3.67259364822858,1,0.162380715558193,-0.285484066118437,-0.0962800575605345,0,-0.0880758857248358
5.2717248479529,1,-0.0646069097530627,0.442733260452948,0.819046378256676,0,1.20923491112784
1.5287838635473,1,-0.705237097025143,0.71767113004586,-0.491515207746877,0,-1.17630726350144
4.2294662308966,1,1.36219726875099,1.42389508632609,0.311656277355361,0,-0.0646020367460518
5.16928771279466,1,-1.09651318808332,-1.68539115613733,-1.03751663263604,0,0.771235196032368
3.95594013441063,1,-0.228433518546891,0.0417293162320748,0.51359568343252,0,0.114246937876657
6.5105895038085,1,-0.347828080610269,-0.632943830350313,-1.33149239997633,1,-0.356332234743886
6.01711482428647,1,0.532128619506733,0.0300992464318592,-0.551782617082327,1,-0.827784122547107
9.27418545976899,1,1.60723456226119,-0.129143576065387,1.23567496959979,1,-0.0724065731938138
5.77067207609027,0,0.513814526116594,-1.17589928573267,-0.222170154196533,0,1.47363892205977
9.56954747442512,1,1.38237316057303,-1.80681938019899,1.42096085799161,0,-0.388071204835751
5.10828739330695,1,0.763097048549903,2.12031372450078,0.365370199998336,1,-0.361560010550658
3.3934025342523,0,-0.624584544634111,-1.32440568336117,1.231845289732,1,0.307782871634871
2.02313041405987,0,0.0815438004289869,0.275021593266166,-0.0665437632093838,0,0.203367523897306
6.87111651477783,0,1.37607911136477,-1.1088631832662,0.681059674782126,1,1.73628373131124
-1.01328373054301,0,-1.56126578615704,1.50774050493814,0.533263001279274,0,1.86473018803584
7.11184365283502,1,0.324770660594699,-1.76729877966445,-0.381406909271378,1,-1.16106733293583
6.59071731615464,1,-0.156790316952238,-0.888592273848649,1.59602543194098,0,0.630122789123586
9.38087711753319,1,0.877783860734352,-1.21905138661598,0.890507805491638,1,0.505905147267144
1.70955456975669,0,0.750166575180638,0.0502813662769896,-0.82457010254821,0,0.0503881952814068
5.69175849581363,1,0.30105340384283,-0.490812951536646,1.18924798131828,0,0.255836264713431
2.0838257244721,0,1.49281111722931,2.3850599584663,-0.479534867181896,0,0.997896544805172
-1.7838200800722,0,-1.5254938001697,-0.00438812697078212,-2.61804602409254,0,0.856135879501155
4.56601915549758,1,0.910717558486022,1.33169035546128,-0.221847073936981,0,-1.04691691319865
-0.120940292304019,0,-1.57953202785754,0.820808669126654,-0.926637575506017,1,1.16711770405846
4.26122281625019,0,0.587716257118582,0.685679030525222,-0.407807008274702,0,1.51381660212862
2.06884092375074,0,0.0896422960007244,0.515880947876038,-0.602296259309144,1,0.504478762772218
1.4396872217948,0,0.96726165694984,0.273801847190434,-2.44385774047663,1,-2.65378574088482
8.2521303275432,1,0.0788123529148234,-0.713335909234142,-0.502961774931847,1,1.43068637272239
-0.563095576626967,0,-1.56869983648609,-0.343044145090591,0.962870362552425,0,-1.47684324896984
-3.24618583757358,0,-2.00782318401609,0.468979532578923,-1.68492017327728,0,1.58472803945312
7.70938189746019,1,0.540973524238763,-2.47583251603368,1.45060876612427,1,-0.0922193857071082
6.73402309911561,1,-0.0733765981084255,-1.85544128847299,1.52951689120498,1,-0.823622560562235
-0.684536374841567,0,-0.571018393558081,-0.420507917893379,-0.947020586730197,0,-1.64806412194411
4.33088591681611,0,-0.311068459853641,-1.86603756721418,2.29465825850715,0,0.944309458265371
-0.261454942849457,0,-0.671415067101365,0.113504700739202,-1.09941501918092,1,-0.356936363717069
4.80295049915263,1,-0.157340452080979,0.470018677123532,0.143670976702823,0,-0.162015258645447
-1.07941189884597,0,-0.93130507099987,0.884594160133231,-0.394432348238862,0,0.12477819226619
1.40520639101611,1,-1.98300947947013,1.11360999293018,1.25948661179934,0,-0.288471307345202
1.74181559414362,0,-0.219599804249378,0.566850429321619,-1.25349459868026,1,-1.18190619708113
2.6009515774903,0,1.04527586946239,0.546022842611285,-0.461954577916792,0,-2.39292785982372
5.82276259096092,1,1.87732956629967,0.23984260522916,-1.48844389104682,0,0.851281094397896
5.91584448492267,1,0.00260619595716637,0.0341353438230838,0.838214566189021,1,0.941804900216781
3.61676291918907,0,-0.0806699347091655,-0.808091219300186,0.57237513194415,1,-0.285843452847721
5.34657393736152,1,0.96298228123987,2.22763232322792,-0.129107508148844,1,-0.637399290834473
4.60218474642503,1,0.0535710165465174,-0.792524128713455,-0.803988673422418,1,1.01562437034261
0.970245034297267,1,-0.434898408910037,1.69728053235192,-0.973259056167225,0,-0.762266388284812
-0.655911576761694,0,-1.73729725534231,0.938924807290475,0.0916671567997696,0,0.57482379687021
-2.32227233495174,0,-1.26369559978243,2.03529495828804,-1.39855532835217,1,-1.35903991270023
5.66858380960797,1,0.406308512069273,0.731626386528303,2.05728369985151,1,0.901967856080433
0.283794877143097,0,-1.45965396777976,-0.419847340595375,-1.10198624116492,1,0.29778523652812
5.26642576962879,1,1.0484573701547,-0.309743506851099,-0.0741207330096798,0,-0.00277763319220751
1.6217785651808,0,-1.3464305394502,-1.36067647446631,-0.599930705397576,0,-0.231661006943
7.10401419350006,1,-0.193570558113494,1.03771431038458,-0.259277542615363,1,1.17555880002615
5.38423452426822,1,-0.00233595711367605,0.0462178272837365,-0.080045208785373,0,1.1776067492362
3.4733063509506,0,-0.0128297338671881,-0.0577733552767567,0.541063018196555,1,1.2999024919628
3.28406532168558,0,0.151947321984398,0.0767390706997009,-0.827200700837816,1,2.39038283158516
5.88794871064002,1,0.598511131401079,-0.633641164106258,-0.971392457482621,0,-0.650154555398475
5.96508423311105,1,-0.126212437298279,-0.423413462128983,0.787895160523123,1,-0.953405711072243
1.30409077380828,0,-0.248535565846776,0.776691007043517,2.01158578967806,0,2.07296020843138
2.22880057461437,0,0.160327394904622,1.31090723646561,0.719118194619255,0,0.186067377477045
-0.300440925598359,0,-0.433641941597269,0.0583013062676336,0.444444322327806,0,1.27493204613466
7.67398746351155,1,1.53741241910027,0.245398357259442,0.188869109052605,1,0.233083651874369
-1.09579521789456,0,-2.17024657661608,0.232324718377114,0.0771917022259067,1,-1.35590587652704
2.46885674316413,0,1.02700461929143,0.188775899725465,-1.92878912192965,0,1.08696059670825
4.13390138596701,0,-0.248482933189933,-0.241815887985519,0.572396893691075,1,0.597820644193322
3.94886067393162,1,0.422320385832393,0.572136317124428,-0.504092170196848,1,-1.19390157791241
4.63551293072094,1,0.987653293639674,0.705791797687352,0.298275164165794,0,-0.452467982110459
7.26457502417422,1,0.835568172035023,0.204899603994032,1.50269854212028,1,-0.325648996612789
5.66295607069259,1,-0.660521859045705,0.552103380111652,-0.138564465090582,1,0.0285958447740426
6.37541103460331,1,1.56406949329184,-0.568871310357778,0.581056511314598,0,-0.550033308585066
0.740250888117245,0,-1.62297593529155,0.192717755598882,-0.710107574329743,1,-0.541233659925362
7.4066008575301,1,0.863896373478988,0.621347221610975,1.40706683376086,1,0.213664554548748
6.65115051910253,1,-0.5116027734362,-0.10721561163254,1.42853509534363,1,0.0896115607405887
4.0877050360252,1,-1.9173650254454,-0.124075919558077,0.772441783032171,1,-2.22657886242746
-0.75303555501332,0,-1.86581384861995,-0.465021846854624,0.797725022565042,0,-0.835933260512375
5.8717063497222,1,0.245179063439689,0.573407762486937,0.296590308667897,1,-0.3410168395334
5.70028066306108,0,2.22353430190807,0.254936081717929,0.377294511198291,1,0.50787381134198
-0.148847617789193,0,0.273376064144465,2.67214420120392,0.500586036593106,1,0.531258570313673
4.10502205383161,0,1.13078479452828,-0.134495017662124,-0.1701444604447,0,-0.40901169495662
5.6832012513101,1,0.838669374060099,0.111574061825906,-0.551333959150525,0,-0.810128911311157
4.87738388578411,1,-0.654615277878205,-1.01000268728494,-0.303586949430775,1,-0.432058431678758
8.83925928091776,1,0.953960978479396,0.887879801316049,0.529529239210803,1,-0.10219858745039
6.59284207779305,1,0.352951465489323,-0.307217559138982,-0.385529572230861,1,-0.254360597321428
4.37700345541055,1,0.206599292649613,0.133164992636376,-1.92638338710271,0,-0.154028509912877
2.82921839699287,0,1.00111323431025,0.945326369680402,0.739343544604603,1,-0.154412368645572
6.27595214474643,1,0.747451991640276,1.52568672984904,0.235654540740689,1,-2.30203996365628
3.26139830114738,1,-0.626574836723139,-0.247450568194144,-0.67613702358444,0,1.46595811311111
4.4743707262503,1,0.395223685936714,-0.35660370110431,-0.234396797207434,0,-1.28869300561031
0.976880567973436,0,-0.892167954045578,0.207968407569953,0.404792586245275,1,-1.21053214855949
8.3207658835169,1,0.630818410091773,1.20925334744545,1.6452840090843,1,-0.268363291058948
1.6196654238532,0,-0.432705183284567,0.116558887074206,1.07107386863872,0,0.683392481853822
3.66581431866843,0,0.452138644218517,0.192066193440929,-0.606306600372966,1,-0.319669130901837
6.35352403906697,1,0.367999045196345,0.786616109492443,2.46543895780787,1,0.645175024187205
4.95873465189479,1,-0.270387489661909,0.739840689710885,1.29707345786367,0,-0.411699887457752
4.23790023601434,0,0.465512617712979,1.08669203144834,0.488910050373438,1,-0.191809472206714
8.81429095970113,1,0.574356225626969,-1.95280729969486,0.379561016004508,1,-0.862892281569729
6.16561410829511,1,-0.230699990157411,-1.18242682652454,-0.494899479670209,1,-0.496653266818923
9.32379017497965,1,1.17224250830245,-1.18067847791903,0.542065486479523,1,-1.82777471788403
4.5686645771746,0,1.39270270673312,0.376981101876066,0.66487153712751,1,-0.316512824335762
4.0894319972111,1,-0.661991255709585,-1.35679104068327,-0.121892708410495,0,-1.92056252600781
3.52264258403987,1,-0.777369206725014,-0.22860827167565,0.461896904728203,0,0.162658786066582
3.15967334254162,0,0.51353857890878,0.423256564904682,-0.863652469560376,0,2.80586044363066
-0.0769472636110607,0,-0.913312238041272,1.94090825966462,1.17209487605869,1,-1.90191012546795
2.11726756184533,0,-0.449423805250301,-0.241019348067338,-0.0898482493896152,1,-1.37325883300246
8.17265815872705,1,0.802932699103618,-0.0209705719304921,-1.82788398254823,1,-0.293687705724852
3.81581467055257,1,-0.573476850981104,0.235647056296984,-0.455205892352482,1,-0.891121986533703
1.76704508279679,1,-1.92812516784833,-0.595344815613527,0.272339317206077,0,0.236105127173931
7.65320511337387,1,0.664390833822148,-3.19955843375579,0.607610914483794,0,1.7496394242358
-3.76183075332737,0,-1.60254022379425,1.5112784716271,-1.15576960324232,0,1.30113476661601
-0.514388075753571,0,-1.35460025745385,-0.343587003482767,0.0569536657454247,1,-0.681215096624127
0.30159759122837,0,-3.0179326794179,-0.716929115298069,-0.100914400619936,0,1.19455442244611
7.88434701428073,1,0.831237822230063,0.287909147297481,-0.476390204860624,1,0.850906768469737
4.51805304658861,0,0.251097088847344,-0.617472756244325,-0.950051574408086,1,0.555565335896252
3.34962527706915,1,0.46229346594133,0.920167406912455,-1.35925534448218,1,-0.883430008481552
5.65041583049901,0,0.844792223223237,-0.454100665235518,0.227434158187342,1,0.824345772604795
-0.234724108757634,0,-0.0419715243215621,0.855761324504685,-1.10869298062195,0,0.687913712610012
-0.332242571926102,0,-1.10557590570003,-0.233542837588828,-0.792064329484375,0,1.33576821950678
7.77345667585397,1,0.563775652330874,-0.978371478897954,0.775830180945342,1,-0.808845875084407
4.67501821178317,0,1.30336475581967,0.737215963533883,-0.515016505863068,1,-0.0994675295096023
-1.54549268526231,0,-1.50022093779466,2.44160362468046,0.310196948333655,1,-0.797674770999511
2.54887481681636,0,-0.606989235119036,-0.992492651489919,1.02688876308036,1,-1.7176681053504
4.27670714276617,1,-0.292245065656577,-0.440736144505333,0.207645142587312,0,-0.312094291087325
4.92948369553211,1,-1.2896833433236,-1.16938753229774,0.077839334291833,1,0.480884995744134
1.93000379214936,1,0.694105848774699,1.59198798945038,-0.601473088580168,0,0.3981995835995
1.9884797346304,1,-0.599181902897119,0.127274716720975,-0.764501945443504,0,-1.53285914020452
9.52514744627364,1,1.25690664397164,-2.32709865557149,-0.865204839546204,1,1.29122978508191
10.4340002871086,1,0.053508013627363,-2.19677491732732,0.354686155682594,1,0.921606245351757
0.306999255861776,0,0.728092517671852,0.939165264428458,-1.86214819737199,0,-0.724085415151949
6.48522601673485,1,1.56109806821061,0.299162155572667,0.419568829487478,0,0.573933753842347
6.51287940434723,1,0.26562475359719,-1.98992669349438,-1.17693365754157,1,-1.75990865905637
5.85133922801744,1,1.07672625920727,-1.20413480040692,0.171173448858464,1,-0.913661932893341
7.32991631032128,1,0.210697931679245,0.398345738001552,1.26606917740873,1,0.843278144910845
1.61983839917617,0,-1.51167352582237,0.0447565860236231,0.515227938879634,0,-0.427945566890583
8.94169808518866,1,0.022402259913625,-1.8661608131691,-0.272150175335622,1,-0.785931108082936
4.89983944601724,1,0.718136206042103,0.752522837991073,0.314766217809498,0,0.18126807207226
2.14206889917391,0,0.48945701784227,-0.425684374542395,-1.65668417491622,0,-0.98233866170379
4.8642360383998,1,-0.17388834587827,1.24417031633511,-0.552661954985865,1,-1.69942556383645
0.956952312706436,0,-1.2176994886684,0.450349279282091,-0.268666472042434,0,0.161515532679225
1.4889480961249,0,0.646398368709462,1.18280748259793,-2.68089203175411,0,-0.205045971136367
4.66450757385406,1,-0.91645602834789,-1.96397811110401,1.76506855185261,0,-0.197708729131696
-1.78707940751168,0,-1.25182344242557,0.746612868701424,0.328554648876664,0,0.761530789270692
5.82892136654756,1,0.594927718405501,1.05132374710196,1.04800709689384,0,-0.361650445168573
2.90105376933269,1,-1.23281066518983,0.524171085063729,-0.0207645518372601,0,-0.284077129912569
4.46883443493435,1,0.244364414906138,-1.11558427972452,0.483833682725908,0,-1.4375454413273
7.27609376411194,1,0.00277218534359506,-0.04776622165316,1.9079589147774,1,-1.87641468387563
5.18474641539775,1,-1.32820968602556,-1.91702894207942,0.0270725035924755,0,-0.466142684630522
5.6911512236408,1,1.17969641183278,-0.571730237839681,0.311601071206303,0,-1.32675782016916
6.08839230470367,1,-0.592804999148929,-0.748196633636421,0.54486313129866,1,0.0766439433592152
3.73051956008836,0,1.19997831633667,0.345178956409604,0.380849055646667,0,-0.345061291806643
3.82844106184756,1,-0.475033679612135,2.16395110444013,0.641074999539806,1,1.20492953816262
2.69933358680489,0,-0.575057096150816,0.336646342204412,-0.235946428663467,1,-0.498983588300403
3.9708647779065,1,-0.031226024608499,-0.41786398353582,-0.311749390401156,0,-0.39017069355203
1.01354813399329,0,-0.358056995978456,0.923691020706286,-1.15662266773139,1,-0.585536568506376
0.770944944435784,0,-0.356601077647731,0.766766592335207,-0.33427642582797,1,-0.268542109333508
-0.351858820652782,0,-0.877664383433726,0.248748147903931,-0.416751365438524,0,-0.304956745639016
5.44912759156139,1,-1.21289712517796,-0.657218034949707,-0.576274860540099,1,0.6672974421784
2.7324061090183,0,0.613286618687034,0.583124169133963,0.507011462510785,0,-1.33856731439226
4.16788761948419,1,-0.806203341462477,0.690682867666824,0.294197761772827,1,0.260863470997641
0.982763010350641,1,-1.3764569299089,0.291864679995948,-1.0834104076964,0,-0.229908534712624
0.129736847720592,0,-0.507847899163547,1.92307416746338,-0.424363568579712,0,1.87494902300616
-2.30859219688958,0,-0.800935486737338,2.30612974849875,0.255939264181965,0,-1.58721820502111
1.69719451128207,1,-2.19278568567007,-0.98919526784311,0.348409277694668,0,-1.27757830338367
3.88461014342609,1,-0.290937149267675,0.401427408509758,0.114131821276163,1,-0.164744698727623
5.7659471704044,1,0.167174121160518,-1.23238817325492,-0.606208464561042,1,0.822502689857642
2.00167750527443,0,0.294692356485688,-0.544689343472721,1.67587348031072,0,0.487841959844427
6.61580206869855,1,0.392741265420726,-0.434532959022116,0.458351194891028,1,-0.644277240904475
-1.3747508174211,0,-1.00084371300082,-0.140845191963231,-0.608973926422281,0,0.0252163852645532
2.66856816832028,0,-0.325727119823434,1.75814127006527,1.24388746890905,0,-1.98028441396859
5.11632710291942,1,-1.00834880542884,-0.830141420577255,-0.417240199159802,1,0.303527219762318
0.829898044731717,0,-0.635431482033766,0.514427756122244,1.68909025314131,0,1.27316308828519
0.737515833649025,0,-1.20984068798734,0.787131076627757,0.0300191965400803,0,0.0240727927001065
3.27111136554702,1,-1.11646380065269,0.242015513717525,-1.05539227988081,1,-0.42804136638075
5.17523282349922,1,0.629881162575935,0.559916806561637,0.442194184146143,0,-1.20095767996442
2.89262941392858,0,-0.272521570178626,-0.650418509012264,1.2344811616459,1,-0.632935247840562
4.49214753615795,1,-0.258841168378671,-0.458392616404943,-0.806793160374736,0,1.3552165382172
4.21354196450826,0,1.72955817989149,-0.680486321714024,-1.03761187293862,1,-0.343889633450751
7.41203592890918,1,-0.0583921654073716,-2.19243732797149,0.281338992795805,1,-0.62589000162234
0.0665361642394342,0,-0.537063784608919,0.625987094854832,-1.8380879472145,1,1.36744315735339
7.00124310142414,1,0.74728669616574,-0.415461682891878,-0.327976346867035,1,-1.79969327521372
3.66017519579237,0,-0.487257835389733,-0.17630383376965,-0.575331411843572,1,-0.31448607863348
4.30937636009209,0,1.37290778147951,0.665259163558917,0.659639611766684,0,0.0738981401409877
3.43040391703564,1,-0.377672360646221,0.0498835161725022,-1.8434448893338,0,-0.699306260552063
5.30883961129733,1,-0.616152614118394,-0.111450292883659,-1.52287546338822,1,-0.699259392290336
0.885567308678575,0,-1.16812505107469,-0.529151371898205,-0.265682623672842,0,0.312939740584129
-0.607977717072594,0,0.328640358591086,1.61586225377977,-0.891136863522719,0,0.61517017083612
8.19597950231393,1,1.46651062744016,0.139510593333388,0.374954755730091,0,0.159816208307784
0.429753329835584,0,-0.356009545088913,0.119583697425689,-0.270247085865336,0,-0.0454478235356775
1.52960139887151,0,0.261467641877431,0.979865755338673,-0.571192071610369,1,-0.84835290813545
5.52129269533109,1,0.333328855175731,0.379384347932197,1.45087454017081,0,0.60453967324254
7.03719222934411,1,1.42219324030954,-0.880212619427024,-2.07041054435924,1,-0.93399466585977
7.4794240356711,1,0.663876600666173,-0.406452972046551,2.39516716185456,1,-0.122862888262648
6.02509654564533,1,-1.07365515569531,-0.777125159688669,0.230249637780521,1,0.499170848210818
3.28091450732326,0,-0.69690177466674,-1.68350202776482,-0.726893104262331,1,-1.04662060255234
0.261588492411943,0,-0.746130456934561,-0.166982560101955,-1.10444665022195,0,0.24416562707757
1.37323613722813,0,0.141572872132219,0.593948229116086,-1.06621061115724,1,-0.239847908251421
7.42762375345597,1,-0.00394722073065307,-0.518159140749172,0.715481491168421,1,0.892507692301903
4.38250803785854,0,0.367937501091766,0.44119836360764,1.0160232041479,1,1.52229141743761
4.13869258825917,1,-0.657342914697247,0.755600865049457,-0.699008020065035,1,-1.34797780685531
2.96354148827695,0,-0.376346670161052,-0.112960860177346,1.11827526043437,0,0.720419062498517
4.43679514625641,0,0.741360060425085,-0.47462538771123,0.225997274235179,1,0.0347853939462854
6.43309341564705,1,-0.0996067564484702,-0.702121930359935,-0.625930925461728,1,0.0636886378960745
5.28047032147858,1,-0.654289878607095,-0.279371035837961,1.33093703645417,1,1.09832215170708
5.13856864831338,0,0.971164374061271,1.56420974922256,0.755160164778092,1,0.526957518899046
6.05661204384753,1,0.0134963115683865,0.091093609568575,-1.24044740450407,1,-0.0574283783582475
6.2598784593027,1,-0.916534667021545,-0.462187981024542,0.841632104460084,0,-0.293913833682497
5.00622182935833,0,1.70968856126164,-0.450438751827904,1.33704706202603,1,-0.308886513025504
2.78107973652881,0,-1.16810098994666,0.0730966154107931,-0.212640070558653,1,-0.0843275557037345
1.96483594104619,1,-1.78103626015252,0.131353009028611,-0.591545913982333,1,-0.761732958784744
-1.54211754105076,0,-2.25313244856822,1.34563639889239,0.798984409532817,1,1.20579213927605
4.99383110510802,0,0.651125969546699,-0.423361472072342,1.54910827672268,1,0.53737587291791
-0.733667563365734,0,-0.532832625602767,0.976942283768021,-0.449885967076205,1,0.669172456819161
6.54474323082513,1,-0.275559356972283,-0.6309804050454,0.437068042022732,1,0.1720175113333
6.96621278252303,1,0.289626972629046,0.219751181001007,1.8095190179863,1,0.207695456368839
2.48600230229684,0,-0.466484061790764,-0.345672485091224,-0.242786464324929,0,0.129107054181012
-0.284183500153188,0,-1.60806017494469,1.0059050442053,-0.361860427127746,1,1.22029130711617
-1.00175745663882,0,-1.94978379604199,1.39731579966728,-0.672434404914734,0,-0.388441420234782
2.49836885064107,1,-0.340699918230981,1.53536108075324,-1.0826704624276,1,-1.08556449077231
5.18372155546509,1,0.17472552733132,0.684528247552368,-1.35625188887867,0,0.612473701706874
5.59626266613623,1,-2.27777756077723,-0.505352566351759,0.593281971433118,1,0.81564534791706
6.61907878301104,1,0.290524480947084,-0.124233092127789,-0.29203559590948,1,-1.32961150152966
5.14691781221835,1,0.422306357473614,0.301334745178827,-1.41393186361165,0,0.859407793312078
8.70592594508756,1,1.29473736320671,-2.08736714684124,0.51275917033726,0,-0.412360608341253
4.29477778149677,1,0.164714018573954,1.4203970626931,-0.604524842917402,1,-0.188597814992205
2.58325069210633,0,0.204953840800235,-1.06897934731921,-1.71338042520059,0,0.605501867368945
4.79709642440776,1,0.604603626725806,-0.459351897002142,-0.666540633304246,0,-0.0328829756552762
3.65117549471012,0,-0.0191407691689314,1.33166610954918,-1.06934950358275,0,1.53723441369358
1.77347033149001,0,-0.0797143473788086,0.409776277697745,-0.0800493864182336,0,1.03400886464528
5.03019221108798,1,0.115984464402805,0.472336504221015,0.748247344948633,1,-1.44218883383136
7.50097771507586,1,0.744173364048388,-0.749698629326992,0.992287348258555,1,0.28023293446739
4.86294816454717,0,-0.431290603527693,-1.60169156402432,0.487005333676022,1,0.198357002095419
4.01741258416119,1,-0.499528951911234,-0.791447325580303,-0.773574527345658,0,-0.584094903857366
3.62674999393735,0,-0.865162076755711,0.502010547640313,0.484279380891144,1,2.07416285598275
3.01812142439616,1,-0.957757283271873,0.717195270520938,-1.07965145555786,0,-2.46045877115838
3.42299451200183,0,0.326799971338638,0.0433551906169097,0.709756653395665,0,-0.900195149916785
9.03124621060931,1,1.54737222568517,-0.394144346444174,-0.16400365294094,1,0.864813432188801
-0.208865831345474,0,-0.968859568864431,0.380004825407965,-0.406454687062378,1,-1.16490590037878
6.46565727514558,1,-0.188440426259463,-0.622427952571525,0.612738368586642,1,-1.28669991216159
0.38137833174816,0,-1.03000116145592,0.511387206007391,0.35493597329444,1,-0.942064433519538
5.96759364866716,1,0.908086441860496,-1.10137305663194,-1.92351871398073,1,-0.411287485642298
4.06384987553866,1,-0.317381864708129,1.86141559956748,-1.98629922477166,1,-0.75130424575106
7.6364045758506,1,0.179003966540422,-2.70498912238434,2.06490401472519,1,0.395032595101899
6.75311413684682,1,0.348028187729177,1.41793781636752,0.186260849628837,0,-1.65248018574134
1.84311256368741,0,-1.05427902127444,-0.655309498116006,1.35214558584758,0,2.01460640011437
4.67706056036017,1,-0.104744288110701,1.25228304742217,1.42387183533754,0,0.395523635328278
9.22637976035688,1,-0.228342617094529,-1.46028743217333,-0.068415304889387,1,0.0426468683004332
5.96931592316687,1,0.675355562427539,-0.330734876793339,-1.30213553388525,0,-1.25023145436503
3.32393914418903,1,-1.23324469350631,0.210817790526989,-1.42605702269244,1,0.737180719721139
2.63957672190293,1,-1.19996154442278,-1.00949926422224,-2.40884160605589,1,0.03309400061624
6.39090666716055,1,0.765866576616108,-0.534776646171062,1.57327897753296,0,-0.423339850973753
0.888801876679725,0,-0.588097861282977,0.49505827488594,-0.0735462886504976,0,-0.123803976158941
1.21962796293941,0,-0.660295829975576,0.548494049782142,0.872665824048119,0,-0.638125459019261
5.32902282475375,1,0.113013522197344,-1.22774261421895,-0.204903909956811,1,-1.3015508229756
6.60349034660239,1,-0.320398799686039,-1.00661264436047,1.26119194435528,0,0.40369301263209
8.93047360662393,1,1.86638149693879,0.207167201609838,0.298291440645197,1,1.73059081040922
2.39817454496061,0,0.259531455767799,1.41740118033914,0.309227566485526,1,0.48731898819679
2.77703366654511,0,0.16156007091807,0.747089396555255,-0.272791029401605,1,-0.733540596007537
7.06500024065467,1,0.931074909335354,-1.51943307234853,-0.087984183416195,1,-2.11563394009784
2.34588446926967,0,-0.0599467492596211,-0.720070739324317,0.925880812678206,0,0.902436203839008
3.17870109323973,0,0.0487397000774502,-1.83821203439613,-2.70047279265272,1,-1.22864541596638
1.15802556406867,0,-1.07287540073396,0.784395864352993,-0.855505101047478,0,0.251337741021763
2.76327703245535,1,-2.29297143048067,-0.871052149527092,-1.10403579300387,0,0.421084095962268
1.07600648925802,1,-1.20720685006434,-0.0108663130165317,-0.393212709744721,0,0.393761243465215
2.9775174573732,1,0.114109429797191,0.609141558215759,-1.00528864307356,0,0.574070603668271
4.95738135735998,1,-1.03329707910538,-0.133051648058773,0.682137975116011,0,0.688529181045117
7.08522085785325,1,0.688807752342063,-0.849531062880063,1.27337781870638,1,-1.1159920574386
8.8796950641036,1,0.725083017674864,0.115138725174226,0.927049266153049,1,-1.31199521445335
6.79936269639941,1,0.217380210939088,-1.331337154012,1.0855162221139,1,-1.94427492377333
1.28479848471062,0,-0.201656731618378,2.37445827173169,0.850809408657291,1,-0.162476765919751
6.47448086322933,1,-1.36568986058868,-2.49583641731167,0.866213289418356,0,1.02722187796802
0.407019215319485,0,-0.30893760867716,2.20367615406188,-0.984625602881257,1,1.04556362262399
4.2186882560744,1,-0.452902886537227,0.571396927069173,-1.78731703649892,1,-0.728451122940766
5.54063312103365,0,0.663229144519792,-0.583745237218935,2.14701952442045,1,-0.293095390311934
6.25693260274325,1,1.3086295367487,0.274860357622418,-0.608840731481907,1,-1.64199006433046
6.60483572841776,1,0.501040309894498,-0.0482891959610158,1.68209881019529,1,-1.73738116597049
-0.467955017283157,1,-1.12828853519737,2.25246864177724,-1.61998447843025,0,-1.01227852982924
3.95515316862494,0,1.67099730539817,2.20798222218406,-0.155795262456675,1,0.672453565532264
5.65284788195871,1,1.01035303245212,0.766845014645972,-0.130185921231863,0,-0.391914209461909
3.2798024093654,0,0.223521215874458,-0.284191743792878,0.167954403268229,1,1.20492009109863
-0.962480299434828,0,-2.20648459320962,0.151645292541353,-0.954041390839007,1,0.354274987714942
3.31721620165553,0,-0.954585618553158,-0.781106086643039,-0.319356263078315,1,2.09467690667718
6.970689001752,1,-0.0685730672102366,-0.957398363247324,0.810850422501062,1,-1.20643837032015
6.50602213721996,1,0.76130590156527,-0.30434111795109,-0.0575533561695966,0,-1.56023597714609
1.95098952351738,1,-1.17990419995829,1.5308786534036,-0.56827358823646,0,0.673402750906882
11.5054223413795,1,3.21119895676729,-0.478305936644692,-0.464012178479885,1,-0.426747621486164
-2.75690580555555,0,-2.55382485095083,0.275964288525917,2.49626913723505,0,-1.16967743294643
2.38693416108118,1,-0.235933949334065,1.29277985593516,-0.68153975808126,0,-1.56710593001018
1.09747305314705,0,-0.259562643261435,0.424010706580774,0.639024315794198,0,-0.816689144585687
5.22076243173041,1,-0.663366916619193,0.527765253770584,1.28337273160955,1,-0.0585536142271913
0.163037035469759,0,-0.318990710826149,-0.653829982143573,-1.06918610430193,0,0.847997246266221
4.40237781574704,0,0.742395157572315,0.121675552673985,-0.366263709420238,0,0.521341116728113
5.62426005030624,1,-0.874292675785773,-0.986863054729454,0.414995691392273,0,-0.080980163014611
0.268781533707943,0,-2.08281376630328,-0.755594462248608,1.21511383357618,0,0.0677042214773625
4.50079753869346,0,0.0937679028102176,-1.16098995844004,1.13686422127868,0,-0.387454409304862
2.16870340984779,0,-0.00181981200279561,-0.442801523619572,-0.0667885949517715,0,-0.0172287253227738
6.87498312415499,1,-0.013100652371574,0.334947784039575,0.364270046772317,1,0.886617106902143
4.77088521966615,0,0.667968074558104,-0.10065856814523,0.194713080945651,1,-0.916768308749821
7.50255203568865,1,-0.0131677029521626,-0.975536842960497,0.2649364865303,1,-1.25074508728109
6.39770932449211,1,0.776047030476303,-0.973216625621073,-0.189154595341058,0,-0.800483197979753
1.89131926468431,1,-2.01073533263526,-1.34078652646553,-1.85752545366634,0,-0.26115253974514
4.35083383504767,1,-1.1281804949718,0.414102402054408,-0.272458522069372,0,-0.0884859110618849
4.26799912044817,1,0.34879957158572,0.274162429825081,0.288067785289902,0,0.510521289371285
3.17363292337798,0,-0.352898482096924,-1.41396295051925,0.381455103290408,0,-1.11116367057239
9.52619342917351,1,0.944774597917623,-1.68193057318907,-0.0297595351186698,1,-0.281581778556004
1.66656453292035,1,-1.00471985252646,-0.0700861139491127,0.408812399675477,0,-0.820051916428202
5.77595231278352,1,0.723902732496846,-0.460309029288299,-0.245687552660955,0,-1.04533143034428
3.21003156466804,0,-0.668832740990364,-1.20714570347743,-1.72985213587392,0,1.9462699047037
2.32765440753507,1,-1.1130401937158,1.0404412181286,-0.187333955704389,0,-0.589882706565385
2.31225910368715,0,-0.342805189366945,-0.0662050121858745,-0.130120091331554,1,0.673625885689171
3.68601910987878,1,0.0497793231687396,-0.0198577785368134,-2.37751572077173,1,-1.5742081210425
0.997312467152962,0,-1.22768196152554,0.615556223378135,0.91229420870375,1,0.861068146463037
4.10235187078658,1,-0.764005910827448,0.420382969919601,-1.1051159424841,1,-1.7516208067771
4.58828258533184,1,-1.24618206161788,-0.327954877427185,0.612495537136808,0,2.0192773472899
5.04373156803675,0,1.01677397775977,-1.1344563021002,0.24230360165906,0,-0.341039065480226
2.31592178620406,0,0.723612624058863,1.18226830511672,-0.971379214795806,1,0.0565367538803136
4.8656684164744,1,-1.03252713710511,-1.7107858033122,0.241862330761821,0,1.26890203004079
1.75333693778974,0,0.557346004122758,1.3794490444046,1.27579067505983,0,1.05668084466627
6.27202061697824,1,-0.255581423099522,-0.541005329157528,0.183779755043307,1,-1.0429544279269
-0.586482281733446,0,-1.11339175714667,2.07546679173333,-0.288268153193212,0,-0.766191607323573
5.86437869182467,1,0.421197439614804,-0.20476050301274,0.0398795727165739,0,0.850036233314564
2.58049341170135,0,-0.322950311846374,-0.551416985520336,-0.316339818018865,0,-0.635947026172505
6.3434538855455,1,0.880179901191523,0.0411968667731968,-1.58517187616385,1,-0.527474605945208
0.174507380741151,0,-0.194863606775901,1.3170476310258,0.160829909495481,0,-0.37567122472959
5.63473663459225,0,1.18805498210378,-1.80965020341038,-0.924235424001103,1,-2.51114378040516
-0.411747731341775,0,-0.509764511767954,-0.307988794620669,-1.57689362202097,0,0.811751500858157
4.40394922809739,1,0.219548010873294,0.294561194585387,-1.94415033053522,1,0.274501267194508
7.47465604688651,1,0.370294421364558,0.147770817116647,-0.378703723581663,1,0.211282893543001
7.61186075907275,1,0.279108393730607,0.115951531975112,0.634368333986066,1,1.18396156011253
5.49844860477063,1,0.201942437313324,-0.32333184856328,-1.52081560880892,1,-1.59664860519114
2.64968475581773,0,-0.0129965424313442,-1.14036672389761,-0.736445210255799,0,1.20446640641387
4.21045003381227,1,-0.0908650060774901,2.86131949086317,0.447918828187212,1,0.593266219545697
3.87869809755459,0,1.36503136531884,-1.45138694483397,-1.28788170924236,1,1.99111621683157
2.79898951529267,0,0.908130568883166,0.983744020219985,1.50446367636167,0,0.599077040700129
4.50994048237376,1,-0.609888171401906,-1.10784132708532,-0.81328192000375,1,-1.05459709481246
8.95641093115595,1,1.39643722121945,-1.99889265684803,-0.468393203956805,1,-1.82260638490937
3.19045229315509,0,0.144798373308446,0.15072249695782,1.20696426606273,0,-0.73001690798101
2.19224782448272,1,-0.640606771595302,2.10896809219341,0.541972911959017,1,-0.0140154818436539
5.37313392380101,1,0.169802259558534,0.629190672836399,0.855523295262332,1,-1.10970963136968
4.3783538082317,1,-0.157187487420844,-1.63764554215991,-1.14980244755602,0,-1.23360379297808
7.53388657951401,1,0.100939594546104,-0.658475714017313,1.06335662830357,1,0.931841580252713
1.23609119451316,0,-0.97339415414828,-0.750308265911284,-0.00764969714568288,0,0.27921304296786
4.87201849597326,1,-0.819825275253199,-1.1451318955246,0.482883485113326,1,0.06237329447652
4.81555322875796,1,1.36291896902543,1.0276132769215,0.025645949450268,0,-0.552446967249999
2.54626982376592,0,0.961370930531278,2.47804042183143,-0.177861789976426,1,0.60765533450287
7.64659152212966,1,-0.883724474401114,-1.4533163643196,2.11528094082124,0,2.61577676785294
0.781148531654405,1,-0.900092115436322,0.822264445361829,-1.34227866146777,0,-3.08108816068721
8.6440952730904,0,1.72333313279683,-1.06644799364953,1.42916563474189,1,-0.361387795769497
4.78604807832837,0,1.90904216212893,1.09430673251488,-0.336904933568333,1,0.66580666560508
-0.778338912741396,0,-0.777141195855263,0.220596182329357,-0.738067428888895,0,-0.0512837651682879
1.08150536214454,0,-1.30230526261311,-0.283239590537479,0.692330073051101,1,0.372772581415882
7.69986381539235,1,2.62349516681868,0.710050753433561,-0.412510700934761,0,-1.32283210064977
4.93920281020592,1,0.229628914346807,2.21047686646211,0.912620184483832,1,-0.294948475644998
0.991167686788318,0,0.186749892141885,1.41206657562142,-0.958172741669908,0,-1.57672370515208
3.05276958201495,0,0.0761366349502805,-0.196598080152223,-1.07196489744233,1,-0.166721676225873
3.67646984309305,0,1.40486018632133,0.75538456981956,1.27302546189127,0,-0.217861409264459
8.35038909493374,1,-0.191722235336317,-1.09410087019746,0.740891261191436,1,0.201242572512414
8.80066988091441,1,1.45939216415609,0.430180024146149,-0.167711206765435,1,0.96332792468455
0.622082959218982,0,-0.220655451134541,0.960549711583255,0.503768894999758,0,-0.829035999552197
6.19465988743599,1,0.50514588627314,0.459059522904321,0.0545179125713212,1,1.54342065207596
3.56996505886289,0,-1.03349700607288,-0.596455394517825,0.0768784904987115,1,1.79324075718035
5.16461865401904,1,0.17047347145922,-0.0450862072387442,-0.487458837260032,0,-0.98469751496429
8.82575005012225,1,1.20066816089193,-0.581518594777576,0.269912880371111,1,-0.874646331069351
2.24600663475218,0,-0.163405914765736,0.442863237126202,-0.119801806947925,1,-0.340395422490356
7.35558200718736,0,1.28247586312264,-0.310230689543812,1.27674983971827,1,-0.375803081065389
6.73496983174459,0,2.72719638791127,-0.222829768082489,-1.68373922526588,1,1.38126572428564
8.97962833182688,1,0.941924217330924,-0.632586792692066,0.660817099212903,1,1.63606424721677
2.80496440457017,1,-0.248614037279559,1.06719019915197,-0.558583275440896,0,0.866808154551853
3.77266054670637,1,0.0964788597064851,0.337395921464703,-0.546194958376543,0,-1.26576090050864
6.1389134010871,1,-0.433930941301739,-0.953645663654521,-0.0501552941200661,1,-0.113955302441538
6.0785221449164,0,2.17866786745157,0.251173574136911,1.39025703407765,1,-0.504347308287861
0.304408752055058,0,-2.95877961913012,-0.548148703547833,-1.42484238513711,1,2.45461055141196
3.0816757392054,0,0.0808882391991137,0.103236017603065,-0.907690086200589,1,0.121832474146261
2.87422372404573,0,0.110137804617221,1.86601650513967,-0.22120484884991,1,1.21327906281413
2.11983080915842,0,0.213448326312653,-1.04099380528512,0.172700145711298,1,-0.978954766927906
-0.340501818441127,0,-1.55781961263232,0.219983787127424,0.193437013664752,1,1.53608992362435
5.85769251765216,1,0.216211546257758,-1.42379490646875,1.96870347281662,0,1.01201022848373
2.47815329089139,0,0.18766381702644,0.616017410030352,0.225811532500821,0,0.114247838338181
9.694204097042,1,1.2586221252136,-1.44156317991408,-0.0691860441674244,0,0.454061998578441
4.85511084327402,1,0.523517780908964,-1.70176482285391,0.179468198755704,0,-1.04313186069238
3.82361469544294,0,1.11545427747996,0.557212957800765,-0.899070862943707,1,-0.580903300911337
6.56132201437808,1,-0.957502242170469,-0.750511117127875,0.736943274776188,1,-0.14008352379864
7.37175800165642,1,-0.124405579855432,-1.97093294572214,-0.74525006428211,0,0.884272985363563
7.29227322662018,1,0.191737829049968,-1.32446345093933,-0.92842858375266,0,0.682501275528345
2.04411338806444,0,0.272217250603347,1.07553289349939,0.429195955111476,0,0.320900212172626
-0.164824219287905,0,-0.693814463673254,0.175835094185016,0.560469443656528,0,-1.17120670991704
7.69772119600357,1,1.47917192085213,0.207924799285704,-1.57715910014466,1,-0.548115047673772
4.46343392488687,1,-0.611767021642771,0.893202765882201,1.34443426699639,1,-1.06124691994793
-2.0067991677982,0,-1.61430997435935,0.198609916658263,-2.02365521848896,1,-0.399969945806318
9.24676699304998,1,0.40249011059067,-3.18128256470893,1.01709870131519,1,-1.34135036681771
3.45457520536831,0,0.664555447289484,0.0196831947042364,0.0666759027743099,1,-1.12540235737596
8.59668344870103,1,0.944127070994937,-1.39417140470677,1.17698600986258,1,-0.284299524883614
6.33921678985132,1,-0.946260797708289,-0.933235885173988,0.572207833160936,1,-2.28254744182337
4.59063654511515,1,-0.248288449238896,-1.62904088146867,1.47909386450566,0,-0.291919176375668
3.86105180229983,1,-1.32843646853908,0.369097639109454,-0.00109100951474444,1,-0.534417935676813
4.72142488566655,0,0.844763742098917,2.28565638502981,0.854956683201155,0,-0.0859511152079493
5.58143009820837,1,0.347696732438648,0.486544869581778,-1.10461932862212,1,-2.12799010123971
7.35633999514651,1,0.913762586431107,1.93215222070259,-0.108195914327519,1,0.420863751496357
5.04939526588448,0,0.608274553380681,-0.232129022732062,1.40896855932181,1,1.38049385942146
5.57631565133789,1,-0.607547987804487,-0.537445056633885,0.708061848649616,1,-1.70837839414403
4.39534053902636,1,0.179658070871844,0.786101903375549,-1.48973621490687,1,-1.4572218095211
2.73137696619558,1,-1.90840941941738,-1.25237291022481,-0.600611423948417,0,1.60341931261004
10.426159927347,1,0.502946257689096,-1.32416495483461,0.127987874061411,1,0.184918232366004
7.82683305771887,1,0.968899153478499,-2.96823317332063,-0.868975772211247,1,-0.417717835926754
5.45665973361643,1,-0.875737125773327,-2.22571817714071,-0.770532160624135,1,1.18715642491592
3.08394718815152,1,-2.13602453869801,-0.441654172428568,1.69363282448629,1,-1.377887527855
0.587039830415324,0,-1.52282758158501,0.124644128489496,-1.07374618940762,1,1.16990432142082
6.09548044209521,1,-1.11311820788607,-0.349997232679237,0.217959234933704,1,-1.46654453874676
7.16001936973155,0,1.2409838955359,-1.90349930252085,0.843248468113156,0,1.73661274380823
2.34885688935293,0,0.00348193506299025,-1.15404434196501,0.206935689638343,0,-0.43574018773208
3.8735880068126,1,-1.23779458599307,-0.78918347437427,-0.177814582420745,1,0.408006839966013
5.41621304146566,1,0.555699118898025,0.899402278193938,0.666353495398929,0,1.90207966946131
2.4329210641722,1,-2.1831493493599,0.316039999076679,-0.484768345562675,1,-0.272724034795968
3.79107629723633,0,-0.247024457097248,-0.826987275162978,1.5796307669078,0,0.100117550642792
6.64168499805138,1,1.11285692758645,-1.61457054350712,-0.583880407606718,0,-2.29452000660634
2.35395081371518,1,-0.341673237009086,-0.166432120087956,-1.16208611436047,1,-0.230325951312171
5.27011612355955,1,1.30543834214107,-1.77639192189298,-3.3307353376903,0,0.675691772559092
9.16542907140997,1,1.79532387144079,-0.666884015219462,0.27626047350569,1,0.600031336126579
3.9558461091279,1,-1.16783522747345,-0.307965069586008,-1.01052733986274,1,-0.668039737846348
0.136663299234141,0,-1.15228762498202,1.22252541528467,0.0521830732815136,0,-1.13095874875168
0.223772470308983,0,-0.914455469345649,0.895862262639488,-1.56106906490804,1,-0.0374942074416229
4.77702906770261,0,0.52872803253363,0.203905063037902,0.97173397004454,0,1.99759667982211
8.25851030227099,1,0.835078927048582,-0.215998412229601,-0.226291783572956,1,0.417160205492167
8.25950632887877,1,1.20913697409153,-0.488006321935387,1.11342070453125,0,-0.7942308864472
7.80572897540603,1,1.29947254536082,0.602052313710202,0.514568050211903,0,1.3456996334092
8.13855383027678,1,1.07573230420989,-1.39410021352359,0.937697576181779,0,0.989050886622239
7.49210254019322,1,0.939801023514297,-0.354163671111447,0.55793619254011,1,-0.16258245719902
1.73769083630545,0,0.163374693406766,1.23104957794247,0.211012783762694,0,-0.592149393172441
0.568153009443499,0,-0.888138558640392,-0.813405828015018,1.51658512458091,0,-0.838431201916464
6.28091518846999,1,-0.72616098275635,-1.526672181655,-0.433232872525924,0,0.574594455342327
3.05102146174138,0,0.407597005613739,0.000913154019056691,-1.29784149705717,0,1.18610200622392
9.4371134374391,1,1.68353633925179,0.29515790450453,2.02252934988147,1,-0.284796259232095
2.12413288357788,0,1.70597982356461,1.70653756587127,-0.280771388384867,0,-1.90468219736761
2.20758776917843,0,-1.92616670082608,-0.907496040184693,0.953238504171681,1,0.366820693430449
4.7891922429096,1,-0.833998015228465,-0.526613810298107,-0.306332909990624,1,0.32706882986923
6.08632328519529,1,1.41913251633319,1.24000855550231,0.258262001823186,0,-1.81650616752867
0.831872574158098,0,-1.06410971501924,-0.267901819188712,0.526532410487888,0,1.9896931083482
1.42503360662323,1,-1.61357747248045,0.304236349386971,-1.88416256460521,1,-1.03744853512359
2.57457648843032,0,0.599811088697427,0.470303455680992,0.33094699895771,0,-1.80421889767373
6.96902321393994,1,1.73296470538705,1.2861921743485,-0.943592183318653,1,-1.71087306862342
9.48641777144383,1,1.93450456245773,0.916977260029937,1.90365454427142,1,-0.920277007332428
6.64191984715196,1,0.532820575670794,-0.0409726646299108,0.681237475593895,1,-1.02635547195333
8.72175872095067,1,0.719665756019784,-1.28916280671522,1.22175223046536,1,0.756686667748837
8.28665300355248,1,0.560093385755184,-0.0792973699461192,-0.277563567566576,1,0.479703272452702
5.09470276507088,1,-0.018086931659967,0.739894802319146,0.083600056802731,1,-0.716140938302438
-2.63683775442955,0,-3.37173908255051,1.27676023028368,0.33226335311816,1,-0.854018493766728
1.55220529481454,0,0.760703244759755,0.665132817105951,0.379695239303798,0,-1.79285104154179
1.43209829811853,0,-0.39122685224321,-1.52269035459494,-0.958207670654434,1,0.183158670597216
6.7823564237944,1,1.00990122381185,0.126223111685365,-0.227389012209278,0,-1.05815937334438
5.21948546840336,1,-0.626973147073749,-1.13138211800086,-1.22494595874735,1,0.774442048107342
3.9162570569679,1,-1.63457736950186,-0.477425235416266,1.46817217233113,0,-0.694680651363696
9.66573953657039,1,1.24524265203048,-1.09847279446978,-0.226548468245322,1,0.827599988758032
4.49001805992053,1,0.181377446555404,1.70744236642163,0.704418095095258,1,-1.20404788163399
9.04860116922811,1,3.4953042639856,-0.184102959599903,-0.146193821684405,0,-1.03601088258338
6.47597171192411,1,0.915591913326913,1.8614262207002,0.769280974950692,1,-0.249756906514421
7.80451055838484,1,1.04850651742624,-1.74204706626444,0.365235938065276,0,0.610071257377165
7.89938530480661,1,0.763824936934856,-0.783457421295061,1.04633575204747,1,0.514999503325241
4.06435673825557,1,-0.6033873768594,0.795270542310834,0.909742838918374,0,-0.539669749638934
2.70297982623725,0,-0.370429662702776,-0.532270009991016,0.484817302440194,1,-0.97484421618524
7.01902019649792,1,1.05982593833365,1.9858043427389,-0.399249387586168,1,0.684730775074313
7.07043501044819,1,1.05511052983939,-0.651800415504399,-0.445050778224049,1,-0.0960223975655158
4.88662428906973,0,0.582972161120319,-2.15696206847162,0.561711690105432,0,0.60179062723012
5.8146634414841,1,-0.986567435539539,-0.0920274969247368,-0.797507564198517,0,1.97246749505341
8.05928320203915,1,1.68462181174398,-0.397400116998658,1.15940351252905,1,0.140159350023008
-0.602863771087686,0,-1.36684104568263,-0.138327302570867,0.629350954722465,0,1.38545844773173
4.29972348714655,1,-0.433214348611114,-0.825764999237853,0.493970156030412,0,-1.16174223398293
9.76001646972736,1,2.32505849371513,-0.685661664496834,0.0712224365626523,1,-0.0574525739820125
7.29484175333365,1,0.524122181151092,-0.79271446858291,0.97029002598341,0,-0.249035404203024
4.94241457440157,1,0.970733416408591,-0.407004152261873,0.310035251634959,0,-1.52416210985653
8.53985378886115,1,0.376973397152614,-1.14867061145898,-0.139548562486308,1,0.463591034324758
0.724271896724515,0,-0.995933396542156,1.11576046554672,-0.326311134226136,1,-1.18762072639152
1.95349937455857,0,-0.597482913048045,-0.879456778170004,-0.118809506845105,0,0.494064211884952
1.05152708292084,0,0.165251423080152,1.27932293753161,0.893558893245564,0,-0.793552283251922
1.07799443941641,1,-2.92847717857757,-1.45427725484716,0.211114510660006,0,-0.55027364718983
2.62854773271494,1,-0.847914226578549,0.84222876919352,-0.48877979383539,0,-0.37831681225262
5.05323043104844,0,0.798584512223446,-0.603215007812732,-0.220371925105047,0,-1.4632046382073
3.84276075852277,1,-0.298455987965219,0.131555027342539,-2.29624578010251,0,1.04649691228674
1.16710766513648,0,-0.283611376945371,0.764444556679586,0.276912276234543,0,-0.504850149267062
5.62656264283038,1,0.869519306648764,-0.917135166591924,0.97381626739689,0,0.89372154273924
0.949563384946709,0,-0.544355284698977,0.23739451514297,-1.13659426081856,0,-0.182630216149416
2.38970124621301,0,0.628803235377603,-0.0446890666120593,0.096082134851769,0,-0.172634063562906
4.14953591323866,1,-1.42233445794539,-1.11855030356248,-0.485349736149113,1,-1.13965865984058
-0.663550044266798,0,-1.22751263333428,0.576705022824006,-0.788399026812027,0,0.551877381251775
3.77666165446655,1,-1.67410551574443,-2.30174221004384,0.0878398540977854,0,0.0559712896632926
5.49256518257816,1,0.0843984822448786,1.54401138418949,-0.7423459362516,1,-0.463074304243752
6.11941810647108,1,-0.2061256639704,1.19632123896946,-0.0773567065381147,1,0.787290579188727
8.90479524881717,1,1.44187164028206,-0.201676879864589,1.32327281455315,1,0.377160738673073
1.17864260449857,0,-0.0417821033853644,-0.432271579852631,-1.70146191827513,1,0.0628436826056514
2.65808780702026,0,1.35375447776378,0.346948643890299,-0.673478124526596,0,0.0187290104356777
10.3738830161421,1,1.94522527592283,-0.485377933779251,-0.429706712259215,0,1.13445544278846
1.77194362701316,0,-0.490938233708141,-0.195306080234756,1.24786884401625,1,-0.108335133677141
7.4969692438001,1,0.388439074944612,0.229797411715838,0.88387993168975,1,2.02421853620501
3.2089834405287,1,-0.84489325918598,-0.0946537580368488,-0.0578919512978574,0,0.463357277956002
3.96504726183338,1,0.737990367871089,1.71019954048516,-1.22732435344448,1,-0.218701449954758
1.74404776211244,0,-1.07976033128386,-0.335749000921179,0.275203287833112,0,1.11359493176339
2.21742623451552,0,-1.02647387624363,-0.875324824335344,0.102265722640097,1,-1.45362841179199
7.89488139835596,1,0.288793361578875,-1.13255449171348,0.501780206069592,1,1.23984158611908
6.30491422042174,1,0.0908113192871749,-0.56602063273169,0.00230022716044381,0,-1.99388539802293
7.0917301177531,1,0.262623176711222,-0.974384403128723,-1.4028024907248,1,0.959551523401288
1.88374857502811,0,0.0693349127912537,0.945082340846264,-0.287450498127018,0,1.29358040886572
5.78900896487421,1,-0.528643818856825,0.247741105300021,1.5017123015357,0,-1.67481606284074
6.46102776449723,1,-0.130202164518766,-0.104674620432457,-1.67074827178652,1,-0.342881322881925
5.91341429589056,1,1.62015874435582,0.0277616799037131,0.151231258420144,1,-1.02817160370063
2.65254075172249,0,-0.0178951233234706,-0.907276482340545,1.58762029107787,0,0.0234080124468737
-0.3279189521634,0,-1.31848939894929,2.3509337520258,-0.45323017975009,1,-0.727428859280234
2.42910907558933,0,-0.844560160581277,0.808769724481045,0.50496207186025,1,-0.50361372774137
-1.06860164819058,0,-1.10181487249111,0.784140418846701,-0.480572961170122,0,-0.918547176245071
5.82835460794713,1,-0.900090143007498,0.170236490795333,0.410598604010575,0,1.00506793474129
1.41454440705776,0,-1.26108391982248,0.159197651530768,-1.3331044903668,1,0.813861415399526
-1.33189022572143,0,-2.6258489024829,0.678018100413371,-0.621126108529409,1,0.514379804367557
6.30309731436662,1,0.669065749190573,0.434371999584651,1.0690681548238,0,0.202008708630716
4.38981134538897,0,0.660041509230777,0.780554430230763,2.28671626971647,0,0.36145061764489
3.31470876243203,1,-0.25060043539111,-0.444567758454349,-0.425255476368924,0,-0.311674155769456
0.454885727947719,0,-0.723797316953819,1.2715164118455,0.374483577028732,0,2.31481685960148
5.17713401951288,1,-0.812181632329413,-1.47339222749877,1.21379044330869,1,0.102871894211173
0.428941184219621,0,0.398734336018413,1.82601047314349,-0.224221165065475,0,0.628204805122117
3.74240132031772,0,0.226563573879377,-0.0821605442182188,0.145566498607999,1,0.718223519551548
7.29321236388471,1,0.42164357975321,0.207066157170724,0.756803669556397,0,0.810988548071466
0.628570695113058,0,0.00483794372409907,-0.0581589957425658,-2.383005587072,0,1.31733903977951
8.42280686653306,1,0.618983915096519,-0.843052009454205,0.627228742776483,1,-0.263136042819717
4.62050760898474,1,0.431133944485928,-0.466487279539017,-0.869486499329234,0,-1.87266935395912
3.28304353003412,0,0.558312370187223,1.51644902909499,0.108723341442275,0,2.23301877950009
4.26080082462333,1,0.495961280672009,2.07396139462956,-0.322197772963781,0,-0.336176088630603
8.11181590711546,1,1.66188574094578,-1.05674676492714,-0.0765046166696982,0,-0.258293698455154
-0.094630023934311,0,-1.0550346122045,0.355248794893353,0.921583526864571,0,1.5298467549062
9.30188966119493,1,1.50832468678,-0.537626676315252,0.322003299155687,1,0.477351794915938
4.77752674428227,1,-0.334208656655074,0.0903163658583597,-0.512439220339754,0,-1.21227089916135
2.65640100785395,1,-0.0649807438184409,0.348538284602587,0.114246948409774,0,0.267862241794751
1.21139201181878,0,0.0810815387134028,-0.517518995099845,0.897302571480657,0,-1.52552070546985
0.85591508376442,0,-0.448214795538841,0.287301302415267,0.528661864242853,0,-0.227363953551701
0.477989648689896,1,-2.55380695026597,1.66807499684583,-1.45745246531562,0,-2.17237902198994
4.56989272208322,1,-0.312932535119014,-1.08093672458647,-2.95507794034398,1,0.463819458493739
5.7359626695656,1,0.0413831520402976,-0.397851104622374,0.379208051944917,1,-1.59793558866549
2.5768330310081,1,-1.73772806133762,0.297208816443405,-0.364751473131432,1,-1.20931707400286
5.91959442503854,1,0.54993965969838,0.37342905926644,0.40504418048206,0,-1.87781521823512
1.64060880666519,0,-0.597273692593322,0.0675844815430184,0.313753523723319,1,0.659234806618431
7.2802800570333,1,1.44774180603655,0.346634030494695,-0.466681508949418,1,-1.18933724727651
5.13846960406521,1,0.264868114264259,-0.164571372800586,0.373105996839297,1,-1.57009766098485
5.72551977953842,1,-0.788782807782472,0.189982806585771,0.5770162692275,1,-2.52614116662748
7.21585736174023,1,0.167732220671529,-0.0686986351389328,0.964090534309366,0,1.30733230744479
5.0142714763353,1,0.25758310820126,0.916450207694266,0.100009765434131,0,-0.426214076136675
2.06770039330914,0,0.912047367450309,0.71054961476212,-0.874454300112458,0,-1.13126459483179
4.22619705376384,1,-0.156872382554867,-0.0190896861258043,-0.198701548479159,0,-0.728429133343746
-3.53598340040873,0,-2.03337570844709,1.31312687307811,-1.23703912457997,0,-1.74678324649828
2.11491223504046,0,-1.29966582307858,0.170386155804506,0.137523355413969,1,1.45691065074834
-0.2120141127728,0,-0.857250659929035,0.578816605533788,-1.43340528447311,1,-0.487777142613517
6.69350373880829,1,0.426265294536191,0.227904874997665,2.11505009956073,0,-0.577291886440193
3.17905113740477,0,-0.284836263084754,-0.612459865597317,-1.87795430938912,1,0.756770698997814
2.91671038983147,0,-0.614368541969862,0.734030133030624,-0.122057580859749,1,0.980902904513051
6.8977440516408,1,-0.844890832157483,-1.85050186253115,2.02417790760835,0,0.733433326558343
6.19133431028414,1,0.153694957218872,-0.968544839770566,-1.087746359456,1,-0.859134004675854
1.6957245453714,1,-0.851432275778188,0.62762646905029,-0.848879613072641,0,-1.56708457751992
0.0194197181101325,0,-0.397921072942885,1.24027762938144,-2.05687457408658,1,-0.776421797450615
0.27639510775071,0,-0.939977226280953,-1.5069030571303,-1.51947166718972,0,-0.177618150827404
-0.287481913903784,0,-1.38825374141942,1.18259689371289,-1.04484716242907,0,-0.356847087707863
4.22860375357712,0,0.955184588863398,-1.33418855936283,-1.58621540848653,0,0.91903104631879
2.11295982011074,0,-1.31749547003238,-0.596320294015713,0.376229715383602,1,0.651299957003355
8.37411672434952,1,0.0730291461596218,-1.32949216503638,1.4725394519362,0,-0.445173480554789
2.80447952614677,0,-0.56818584856837,-0.182113418617215,-0.854610588049298,0,0.422521748186331
2.3313425149455,1,-1.05845066878383,0.0491385446373278,-1.12781984628102,0,-0.016118461857281
6.5949254888486,1,0.259313538417069,0.412076431613412,1.16922085082241,1,0.0193668597900274
5.96298893079022,1,0.373134504519161,-0.422353546385099,-1.47044930292031,0,0.254250458005041
4.09321631351596,0,1.26466676928415,-0.0196536597344667,0.348784130696809,0,1.68106341319322
7.26028944880275,1,0.325224996068265,0.303016425333838,0.772044219926447,1,-0.186173899477608
8.07845443914737,1,-0.138467319508306,-0.972422343455087,2.05342541549653,1,-0.654866626642706
8.24838416821643,1,2.6024688972798,-0.701155053616588,0.467850088807497,1,-1.44614882053718
-0.64753088524962,0,-0.650284428487915,1.37843190060709,-0.829628994093922,0,-0.0281981794726477
5.72922380063514,1,-1.00318322831336,-2.95313731358376,1.34652635123948,0,1.88097341173707
0.91147770374177,0,-0.535113912874478,0.955836563019408,-1.61987924668819,0,0.383135974871398
3.2536369177929,0,-0.110414566776788,1.06003423492052,0.546131309063667,1,-0.276884393875126
3.36053879194792,0,0.600430169313573,1.35096056599856,0.091089818059558,1,1.1689738243865
4.81774090303987,1,0.415845059598682,-0.401555741178659,-2.31379991423968,0,-1.56107339269055
3.71982568013572,1,-0.105750646676992,0.839986980187327,-0.067993731669957,1,-1.38360217645381
0.910483807449954,0,-0.856562538246121,0.215439257728434,0.398153284449417,0,1.56831311530735
6.90205686976159,1,1.12732733432216,-0.637977201958245,0.0161878169215402,0,-0.118288568215968
5.2028940288417,0,0.916281621448453,0.552847982050689,1.54200638660174,1,1.01414637115837
3.13576542008495,1,-0.724379592724361,0.370350824990752,-0.451071157715635,0,-0.0119079441616371
4.98760704399726,0,0.686779087574742,-0.389023767532155,-1.38726881608173,1,0.991205878950014
4.38826081044741,0,0.450085791644612,-0.460092848631245,-0.283017179291184,1,2.56923666808261
8.49261370535012,1,1.04522160610504,-0.26588619338727,0.173344527724339,0,1.24268572525069
0.425677415909338,0,0.149629034437439,0.501441363321569,-2.36581988963367,0,-1.10339495090988
0.567137664024244,0,-1.14106715320069,-0.0523528269896142,-0.382232151635101,1,-0.44039740408777
7.58766560892425,1,0.802499402419657,-1.35217134346927,0.638559987965076,0,-0.807374877287526
3.2044287301377,1,-0.728716530969446,0.308578530105712,-0.0936782207606184,0,-0.784647240947739
4.34759898847604,0,0.527209285728481,-0.366996403813651,0.592440716447432,1,0.940927404549141
3.58397401866088,0,1.67347877221231,0.760815256528283,1.53716198184159,0,0.316559853012787
-0.933491807274389,0,-1.41882802027083,-1.20877829147781,-1.82478276565966,0,1.54108050218983
9.790253474042,1,1.56191080116889,-1.90855673202378,1.42008632153812,1,1.00767081940723
7.5487953469692,1,1.35316100891808,-0.497749386024871,0.724392378630478,0,-0.534776490352252
6.99332370180129,1,-0.528696776691558,-0.637044510630347,1.38594059782077,0,0.465885688631804
5.69268225116442,1,-0.251272775479278,0.676231932030489,0.672720297605342,1,1.50864566074968
3.80381618393458,0,-0.685847686292498,-1.869411030258,0.091300191866118,1,0.145468829218351
5.55176315200347,1,-0.570367652254122,-1.06855248625586,1.90299026964163,0,-0.37619378853656
6.1175426298972,1,0.579631381546157,-0.126005415934356,-0.208665051854013,0,-1.06569500958547
0.877515580936338,0,-0.898959005252115,-0.736284418428665,-1.99543620716839,0,0.963761127347182
3.03472137121734,0,-0.190329887912783,-0.191241809184488,0.0516877565638259,0,1.23250512940515
2.47719831545266,0,-0.143903377346461,-1.1983002633847,-1.93992329801572,1,-0.157152663251451
7.68466060698764,1,-0.0965726512875553,-0.824254618506077,1.39701843408172,0,0.433617215325735
4.6856887433774,1,0.181446715722357,-0.919532671174568,-1.43684405474108,0,0.646057592059885
11.0237073032153,1,1.59657420918631,-1.7438683437219,1.19954250082279,1,-0.997802188002601
1.34081612210401,0,-0.451331739893457,0.383037424261768,-0.721900283342356,0,1.59033655495518
5.93881512662001,1,-0.794880224800819,-0.541069423262346,-0.355810613282479,1,-1.44277038603807
3.88709391922778,0,0.792284349652293,-0.555941097834846,1.48687251540377,0,0.431652348401043
4.03958179360193,1,0.380472299761027,1.10895853127751,0.477549361395632,0,0.565730331795061
3.95956420866267,1,0.235787982992453,0.667743594836766,-1.37022424167851,0,0.437244520663284
7.65573191590026,1,0.59098826352041,-0.693679036361983,-0.17711895752282,0,0.108847793433161
1.09472418665779,0,-1.41193020207889,0.879992804711981,-0.332559109144646,1,0.0948855356853492
5.87592403073929,1,1.06329579229111,-0.37897335718852,-0.890218976149673,0,-0.747788217085053
8.29967491455674,1,0.453917878897591,-0.431248632603711,0.640716408089931,1,-0.345109455201527
8.35817467964628,1,0.951312977019787,0.166444699682016,2.63735148237367,0,-0.184153875316027
3.28542923385503,1,-0.598517713401516,0.140519604666793,-1.10069855892915,1,-2.36365211818991
-1.63310865394748,0,-1.84194005034614,-0.107546272655053,-0.20807028501303,0,0.303758905216343
3.65499261192706,0,-0.484589533147934,-0.251987609311519,2.67612561711623,1,0.257218804953436
2.01436824200026,0,-0.906846815023397,0.40002038444736,0.209410480523767,1,-0.6203092200898
5.11627261349464,0,2.22276244740438,0.994170230292134,-0.34472507929852,0,1.24352939921977
6.84166784127487,1,-0.41346657637618,-0.393873589955096,-0.00453403522339105,1,-1.40559496859149
-1.23861114120253,0,-0.215673846704644,1.45176227538026,-1.66862721652328,0,-0.108595208073463
5.16908308142242,0,1.06297852007115,-0.834997129573646,-0.144608090509227,0,1.32223810004249
2.45625404926802,0,0.620346526580243,2.0014571533496,-1.0847932081838,1,1.09395059901674
4.52432304456138,0,0.673066651879,0.820293024018973,-1.24631260834884,1,2.65885512692251
10.3886664546616,1,2.63370956294833,-0.361525358178745,0.22109416309523,1,0.932081682893693
7.54637519877146,1,0.16611439867297,-2.12565181990003,-0.74315183848227,0,0.000429353796115252
7.53848345140539,1,1.90517553753426,-0.39804944688126,0.506516386132896,0,-0.979517374253281
2.93415511232454,0,0.253718401313083,-0.347597923190669,0.446721697848128,0,1.60024306625357
0.634952616859,0,-1.4590219672543,1.44495230883333,0.370860468029779,1,-1.05892058845077
-0.142394781434969,0,-2.22724824128035,0.376236073898797,0.13178222166903,1,-0.047595231899379
7.68874547247114,1,0.649683551167725,-1.82111553207448,0.520402049232006,0,0.240414830684713
1.43487154710702,0,-0.999249864768557,0.272687271115478,-1.11138116594466,1,0.00279230950344307
7.46432742233272,1,0.0419723836763139,-0.942807734498255,-1.28087562153579,1,0.146426787673294
8.94481068992409,1,1.77704370004004,-1.70089310223139,-0.789553914786685,0,0.432845890862033
2.46840482316831,0,0.347182677337207,0.9190367632293,1.13584635187956,1,0.134764510981778
3.86639269478918,1,-0.287097446149789,0.601705715750341,-0.0409951427450242,0,-0.517709243844794
1.1966942526745,1,-1.92457665210911,-0.400022724222342,-0.163235480098709,1,-1.57313111753079
0.122192941861692,1,-0.800649109339913,1.43747168052874,-0.222469432635603,0,-0.038712530699444
5.35213326798675,1,-0.575617970726623,-0.312205370263461,0.102968149005858,1,0.41343687511317
9.40182979781167,1,0.684205732670356,-1.68538439471542,0.523807648790757,1,0.151588539123615
7.28070935753056,1,0.483457347617138,0.910952091072493,0.0322389715446624,1,1.24520312866006
5.37442833148553,1,0.0139634087073798,-0.675000828576545,0.980462765500885,0,1.40475233242432
6.09927834458105,1,0.180243734625121,0.137311566647961,1.25945385047734,1,-0.809444056444114
3.9304280881161,1,-0.2881232483085,-0.923241797486208,1.07523201350786,0,0.914796389007062
6.69006088621759,1,0.0302272228902285,-1.30445974873968,0.176426020394543,1,-0.634903213556569
6.77962535465238,1,0.271674108529486,0.441432625274536,1.41393746582515,0,1.33034010305777
8.72287168182909,1,0.449158427413426,-0.898687030626517,0.160971661261065,1,0.887565701170835
8.4976186566137,1,1.82762765843039,-0.541572099750972,0.217567578115896,1,-0.449732879792749
1.22230753689533,0,-1.11202371088381,0.72408190306176,0.125278327236745,0,-1.89918731968596
7.88965793662274,0,1.47480743158371,-2.56237882677918,0.725674124786537,1,1.5852725806132
7.45059684257087,1,0.671512460144391,-0.93721767452518,-0.630690047661993,0,-0.115128084200051
2.79703545046061,1,-1.54532854371443,1.52956064823639,-0.79950646655829,0,-0.593476993433021
5.91817437225933,1,-0.277047227991105,-0.00538613808929788,1.63302692898738,0,-0.606609167229709
5.69222527371998,1,-0.62934299197198,-1.68318369036016,-1.35683212286402,1,1.65640707049852
0.504524631530392,0,-0.933000451619752,-0.0494187800249314,1.2886304322699,0,2.83900641777431
-1.73395558054382,0,-1.53788648422826,0.0454931089477718,-1.61385821561765,0,0.538667910909182
4.18561243399945,1,-0.494102049599945,-0.775870282801966,1.81076383632079,0,-0.458602176837425
3.06932619306792,0,-0.435360015270196,-0.685338106241904,-0.057623100096365,1,1.1796234916036
2.58611954640358,0,-0.323544676280226,-0.0390248343539803,2.41506334323226,0,0.609041758588243
1.66449376892156,0,-2.06111361891619,0.839742870342485,0.340240115639073,1,0.726080455102924
4.73076258514278,0,0.441502555095545,-0.841408017043754,-0.608316711861147,1,0.526615706938152
3.34101079170593,0,0.746351246566367,0.716228276161418,0.876135179728083,0,0.0181491166017665
8.95915465739064,1,0.789642873824685,-1.86746565295771,0.264185675172388,1,2.02353605055842
5.65990369323997,1,0.770740507039544,1.99085671970778,0.707408266944144,0,-0.121046519670722
2.55822957559791,1,0.200506317830367,0.771086495860009,0.251886041186152,0,1.28824332100776
6.62841380921542,0,1.46835003167775,-0.622598108012433,1.38606042231879,1,0.0960846670364928
0.222450329188797,0,-0.876455483940753,-0.103594550359097,0.955614297356931,0,1.90612487023305
2.10566049189793,1,-1.22660469372111,-1.2325383205798,-0.39737164171849,0,-1.27544362780073
8.50241247293678,1,0.337837919974576,-0.93290786277324,0.23732729082501,1,0.293335132186678
5.82546618254021,1,0.440824087254149,0.29751851452647,1.64124598928363,0,1.11531194876708
5.29934273696214,1,-0.746516451736769,-2.06452596044887,0.195147042365679,0,0.215421108018611
4.74753175324802,1,0.0366061204319243,0.67724922249105,1.24492537080358,0,0.192423012938829
5.33857621685745,1,0.323309624203048,0.83638305791437,1.10659743934477,0,-0.0188329460317046
5.79531543073891,0,0.379676032401592,0.122243876490421,0.240714012842479,1,1.07816149052606
8.53799615428179,1,0.876556495795362,-0.788249637189588,0.827899204392382,0,1.7582154285271
4.8973539291438,1,0.933387987569637,0.633637015638911,-0.547282307876656,0,-0.716876394770005
-0.732755564930248,0,-2.42880752268242,-0.203293498180638,-0.0485827028815021,1,0.561394119332347
5.60345517193439,0,1.72799402342117,1.77577501258599,1.93556832982399,0,2.1256644574789
0.500665261896207,0,0.456002646277211,0.503354149677886,0.253597550760227,0,-0.882061764130115
0.763543459701845,0,-0.570360345745652,1.85994569369779,1.25288968616158,0,0.648122015908053
1.73752290690155,0,-1.11462440217797,-0.609493045570301,-0.421722568901472,0,0.339504682549508
1.47962238652861,0,0.905064265563895,1.15305532248777,-2.37799260082657,1,1.07111448031573
4.83351673602368,1,0.328096015484134,0.969349157258382,-0.902488977267275,1,-0.698048805785998
7.19447248480205,1,1.07808996004782,0.637303157074264,-0.237761686143295,1,0.358836660765516
-1.60821609371285,0,-0.060315553702501,1.77216769250851,-1.21800598290158,1,-1.17416311727157
5.95260883155611,1,-0.243518761963125,1.17831056462201,0.844125411434134,1,-0.296713774283957
4.8179450934906,0,2.24142256068828,1.10070263616134,-0.00837302298601239,0,-0.0830812364783176
-0.846021414457476,1,-2.03599297085583,1.37694807585475,-0.966078460014396,1,-1.53351740853888
5.84398094656641,1,0.390914465082838,-0.717265373449893,1.08313924931077,0,1.41394785260235
5.6275349823626,1,0.384813342899653,0.688512737577945,-0.32548734328512,1,-0.218265518084316
1.69304175182382,0,0.438695599541397,1.26810145678412,-1.1593944603436,1,-0.15807630155854
6.28907635877537,1,0.55814090204657,-1.87208877844442,-0.11005649412933,0,-0.503605464297168
3.28683543719408,1,-0.276406382977446,1.24808294812689,0.156327311375533,1,0.0260936284614256
7.88731138994912,0,1.16628807898223,-1.07730040944452,2.38313749491514,1,-0.160403064308042
-0.406527589731449,0,-2.45427723493739,-1.47416956665685,0.26535607267507,0,-0.761325501955756
2.67617238535992,0,-0.805566259454567,-0.102761252843793,-0.366097554098001,1,-1.46285031581565
5.01357878037489,1,-0.119144550620025,-1.71486614730381,-0.990215675717618,0,0.836536108716705
7.05953511692222,1,0.163216234138794,-0.774401637213465,0.164341687007858,1,1.08873887043703
5.39226700753112,1,0.406479507762917,0.847553967889695,-0.333748729989041,0,0.419578894745199
6.96121315522721,1,0.639339995644309,0.0832352366570336,0.827944525860563,0,0.927420744292568
-1.24435073265161,0,-1.50851763737235,1.28508496858323,0.269265104828772,0,-1.58509825686349
5.46739366903203,1,0.00767060439702689,0.276044917953572,1.45522990111788,0,-0.709232568903492
7.85226420651552,1,0.524168022000385,-1.71114274542409,0.222469470914911,1,0.162058833938407
6.67329326365026,1,1.32633587157079,-1.14955002154367,-1.39271480662469,0,-0.269688600640053
2.27821160530413,0,-0.113567734432564,0.159786319641181,-0.878067839206127,1,-0.708549671040306
6.85006707401638,1,1.59914947839686,-0.427212686915226,-0.0218541328511269,0,-1.07022134930174
4.40837753647774,1,-0.281528098928179,0.907002203909007,0.602144247645602,0,-0.215147489798703
4.07057776584157,1,-0.0498981389105064,0.150898962830839,2.44725882154866,0,-0.00280279045602393
5.33299152728551,1,0.160214127321124,-1.10952726348854,0.666058855560793,0,-1.24420566470818
2.23309769918205,0,-0.502380562405328,-0.548808731139672,0.586361811863445,0,0.692744074390206
1.68415171153517,0,0.715938048776189,1.01878845500043,-1.26805855335004,1,-0.531407868515756
1.49483945167026,0,-1.34578730316321,-0.945412080328207,0.358552139956697,0,1.3609065501385
7.09043070053966,1,-0.0056435653021491,-1.50031585307676,-1.31364043356076,0,-1.00477154070441
2.01108865542948,0,-0.540542549739533,0.565164063059173,-0.580614087875076,0,-0.038730563793969
1.183302383698,0,-0.547073740849682,0.182738767924744,0.864765519170321,0,1.55736798262832
5.7411852716285,0,1.15144538704443,-0.796728081908326,0.95430786739449,1,-0.179739884544909
3.30805511831222,0,1.05221968194591,-0.0461864850495287,-0.414801446005404,0,0.60360285810677
6.90179737319152,1,1.59802652870266,0.15362674483473,-0.558618241964977,1,-1.0557630671004
3.44827176676314,0,-0.263796793108458,-0.766624414368414,-0.270276149101445,1,0.736519057926846
3.89952936012244,0,0.0324007875469165,0.364753332338701,1.89311942664189,1,0.395771856843837
-1.44499959756895,0,-1.55158330768591,-0.693518969658329,-2.69698647751635,0,0.49930968868456
4.02356076516724,1,-0.388179430024523,-0.343156152059392,-0.132280082640688,0,0.0431028384740737
7.42849880826951,1,1.76414812218013,0.742849337934101,1.10578518331992,0,-1.14136033900808
4.56178336378154,1,-0.41652772756372,-0.285537707961138,-0.162973852273515,1,-1.77552088579994
2.4721437068043,1,-1.16633868878939,-1.66988367567976,-1.18096941298358,0,0.862290281679318
3.82473036978279,0,0.0418945661851059,-0.264390041455333,0.650834549167319,1,1.38259009683627
9.65147691380227,1,1.24648913025954,-1.69995439627627,0.877332548062815,1,0.808550767214297
3.18814523287958,1,-1.57797130420835,-0.526832813660561,-1.22627895946418,1,0.0184131279936858
5.29353500125376,1,-0.253820471789102,-0.637015796844457,-0.31319308499966,1,-1.14309916324498
3.54294894131151,1,0.467830542050614,3.17451978428007,0.659091821623051,1,-0.311229263166921
7.4225986099931,1,1.97752999445585,0.491205589873476,-0.774219031421966,1,0.280296911865623
2.76431265738287,1,-0.615605794843624,0.44201615873174,-0.0415635378486401,0,2.28990486335503
8.65366829996854,1,1.51942160121109,0.2001981832427,-0.24045008273736,1,-0.337842860400092
1.68204750101727,0,-0.43289519356181,-0.529195211918201,-0.171975055718103,1,0.798276705565746
5.39587896719619,1,-1.03101770806171,-2.67716885487045,-0.171918069348525,0,0.20913964621594
0.70866855574713,1,-1.13433449832271,1.8127119312971,1.28608830547203,1,-1.17143940103145
6.40367486206402,1,-0.221098125377531,-0.516250386678411,1.09940955513666,1,0.518609630984065
3.9943797752395,0,-0.0224146989039466,-0.862041813735341,0.474163165963491,1,-0.783387049773617
5.13461843556762,1,-0.32290182802397,-0.629968970094094,-0.211986710972251,1,0.840911929031457
5.53485897055381,1,1.05222315972554,1.0749624618669,-1.66149711780966,1,0.799627180938793
5.05952843745445,1,0.189541165695199,0.745689854002288,-0.934289867724526,0,0.149392751181626
3.58290264837454,1,-0.105827608865873,1.32158580355189,1.11239828283186,0,0.000547489367907905
4.38867201034923,1,-0.602554472532716,0.279469141307329,-0.89911777023736,0,0.284340979627303
2.23952845293072,0,-1.29601593126204,-0.115006245548185,-0.311530896365914,1,1.0918850020668
1.26481533719819,0,-1.95932663870655,-0.250234587572854,1.09191402139033,0,2.12856408203411
2.95840150303194,0,0.21341173052117,-1.55717429972123,-1.30455317092394,0,-0.896063837928181
7.23269843607624,1,0.0253358701112366,0.25959546534259,1.74335639516799,1,-0.796028825819425
5.80891946198398,0,1.36502318785994,-0.337374377540247,-0.111368799741484,1,1.91515831184927
7.08040086632548,1,0.291093808244857,-0.382965170050938,-2.41498916387205,1,0.072124048952915
6.19226977298381,1,0.79721770112609,1.05269226069953,-1.03359154893145,1,-0.464348613721598
1.91886560930807,0,0.0409863743756614,1.21121347353879,-0.281419164323327,1,0.663002070340905
1.40623328837216,0,-0.818324049625889,2.45369487222183,1.38597597125066,0,2.13924633175171
5.58214792189821,1,0.289640643164427,0.464927336754254,1.06853293850927,0,-0.367610894915724
6.69323665633182,1,0.339787111301115,-0.0948498082529971,0.713569502697891,0,0.485325162480222
4.64028948462287,1,-0.817392730763433,-0.908331474152175,0.405264937813647,1,0.67306784096132
3.39549916948748,0,-0.0287493152280801,-0.0333366032934899,-0.0990521856843799,1,-0.132015833723741
4.76504559333913,0,2.00078165111199,1.72059724640604,-0.509338630091174,0,1.34912023285488
0.957905027393973,0,-1.12926606328462,-0.236251623660883,-1.10237221609092,1,0.159562272708019
7.58103900503912,1,1.47217859206972,1.70869864132557,1.01250510027656,0,-1.045886204342
1.25412905645012,0,-0.227068916484902,-0.222756799545589,0.109232752632888,0,0.76289797909927
8.33199487144964,1,1.48231059624201,0.21033018312288,0.980063221698809,0,0.893108170985092
0.569894754873782,0,-0.843053174487288,2.48092038385889,2.30587906012749,0,0.448171570450452
3.09069979652014,0,-0.0661953274558979,0.0271648423874321,0.43448121240683,0,0.589717348616817
6.69994846083942,0,0.311233498357864,-1.45270517345354,-0.152731794414678,1,1.07526114123546
6.0365638303792,1,-0.112590228303414,-0.673642807416947,1.00988032382087,0,0.262930156602932
5.21423854827153,0,0.658738838942645,-1.05691633473035,-0.443828102937026,1,-0.158511876436605
5.60325379852711,1,-0.16686150010949,0.0898368491080017,0.439103454188182,1,-1.96172752510987
4.46868111178763,0,1.20887346516015,-0.572289502826511,1.89843518186735,1,0.602884658683498
0.960856899580166,0,0.170419433884223,0.378039438656651,-0.611121511540763,0,-0.630541071761727
4.39626949644793,1,0.692419636244747,1.62382151287374,-0.93798494854762,1,0.206480319926782
2.66085915741032,1,-1.18554693655878,-0.976293562011762,-1.06718085911413,0,-0.563704417248935
5.126464161103,1,-0.658389290697043,-1.0083744977457,1.23965412665599,1,-1.40247323330679
7.29587655474419,1,1.08950794879155,-0.256399512370766,0.597311622126473,1,-2.34905314355269
3.79886759970939,0,0.508785941160661,0.882816739912026,1.27200905398403,1,0.0792627626347567
5.30080814917618,1,-0.135906625600424,0.376027123503681,0.751093203049517,1,1.22477426377243
2.24891732899509,0,-0.108782736956893,0.104450888453636,0.223100777607129,0,-0.0171236506178899
4.39117979912518,0,0.754900160454641,1.57174942774957,0.240323523177152,1,0.973047619452186
5.62556359533428,1,-0.223811321619966,-0.268640998188145,0.0823873375786158,1,1.84584312983248
0.353012689984021,0,0.0749551709399243,1.84852188608278,-0.682658562407733,0,-0.795094723573189
4.22086382134308,1,-1.64595480215,-1.51059647026223,0.127400362543656,0,-0.163365204408725
7.10196035787219,1,1.77400936515502,0.281061228694041,-0.304106687955118,1,-0.57711856749104
3.24425058570494,0,0.765967915976574,0.90429346532004,0.702970424566676,1,-0.00559406465971612
2.28901539609624,0,0.832287843010755,1.13865742762799,-1.06445864000384,1,-0.815874379064887
-0.682225841777234,0,-1.90545752247312,-1.45233814369233,-1.13889405370326,0,-0.986675254620985
7.67008349321985,1,-0.0208366761944145,-0.626353321542115,1.56513535325507,1,-0.344277265636899
6.93719070779902,1,-0.408933912448218,-1.93207557597691,-0.166738192659001,1,1.11019600855522
3.62222508283294,1,-1.3763863065768,-0.239061590311605,1.30625261390082,0,-0.720368943543974
4.33096281654301,0,0.727430374393256,-0.500271500433461,1.0311126062796,1,-0.513392539558846
3.92399261261471,0,1.23413078123709,0.987471730369109,-0.804258941736748,1,-0.419507562530554
2.864344814316,1,-0.553224405877467,0.415421227242454,-0.937488913682185,1,-1.3027887505442
7.1647872030246,1,-0.229190177928735,-0.29611631915228,-0.602029096549112,1,-0.74226843745593
4.2224024122365,1,1.71146198892227,1.36222173924555,-1.99778075577837,1,-0.88118165257525
-1.0337213341698,0,-1.64980790329702,-0.144296461718731,0.322346971093487,0,-1.28755624843177
4.41496413849067,1,0.744220785437818,1.31572787554448,-0.527324032922146,1,0.136641603019308
1.08978800388515,0,-0.314021323980916,0.666610766445117,-1.42186505187894,0,-0.295042632761062
1.41303038124769,0,-0.115310841404454,0.661363775992788,-0.853658261930529,1,-0.460092570229478
1.33595852637617,0,-0.61097434277214,0.906720372580947,1.21397719450439,1,1.47126079623174
6.402401007007,1,1.09669537901904,-0.620599459294388,1.14590202106074,0,-0.474614305732952
5.92707057773225,1,-1.12716761108376,-1.41157628682664,1.18851890959043,1,-0.510635306465041
4.31631827533585,1,0.962609492438297,0.810244286891991,-0.672187667147685,1,-1.71128936258582
8.64787462676428,1,1.40646401623189,-1.30099800324336,1.54701810591015,0,0.908954781393135
0.375114551288186,0,-1.6416495088997,-0.903611801788592,-0.872310969113149,0,0.269344404698532
7.25836158810331,1,-1.12690419254923,-0.218743464648836,0.651961867008655,1,0.0874238032728852
3.04205761784,0,0.591545480502423,0.564587997180924,-0.177247468490765,1,0.589719534899914
3.66111404322971,1,-0.956309119505936,0.609256391771582,1.42003784273808,0,0.513822170660601
8.83962413289272,1,-0.691529886346393,-1.83602086878766,0.695296464522294,1,-0.793579858097416
4.5335995543484,1,-0.445352767351361,0.244146609668066,-1.54603559073115,0,1.51071536537814
9.17770598922104,1,-0.344484228326568,-1.7713618338249,1.46024620640676,1,-0.5036596172988
-0.271659806480254,0,0.703698185246122,2.25061026945178,-0.340635749786751,0,-0.725286200490453
5.23737332840304,1,-0.60300576479426,-0.943008853792748,-0.698301350668971,1,-0.742536777630376
4.42346721220185,1,0.0893504124146815,1.6868894561962,-0.337515007513086,1,-1.77506296396849
2.84236304238716,0,0.737494637219904,-0.338811926433357,-1.21538111845788,0,0.608562155871516
-2.16743744899543,0,-1.54037944457177,0.620713591522164,-0.490470726135248,0,-0.543593376216749
4.85286171487647,1,-0.689632292648809,-0.802721086857398,-1.25165537160718,1,0.536539419661682
3.89801330965682,1,0.859793460209431,0.116593883188853,1.45884034195605,0,-1.67808459924799
3.43851554517251,1,-0.376519740675772,0.608067392089781,-0.0760075039204567,0,-0.486006558189213
-2.81510959581697,0,-2.53508347030523,1.52794183545539,-2.30035378028692,0,0.227388394629903
1.81352387078122,0,-0.857809228617209,-0.627075993917891,-1.23452881197719,1,-0.860110754800182
7.7520160244757,1,0.816026406926163,-1.56426674597898,-0.31872851941623,0,0.992735230224386
2.63744773741713,1,-0.426588909225775,-1.22558199882339,-2.79696361084697,0,-2.25848692627842
-1.01461528623435,0,-0.40463684004168,0.125967165114114,-2.11105550672967,0,-0.288769780059085
5.4967574040004,1,-0.145769224262472,0.259330821064604,-1.7064909621965,1,0.223975778497861
9.56947230272176,1,0.71946636806737,-0.275286508832528,0.986157987863759,1,-1.16169603582747
1.6646790801332,0,-0.491090752219327,0.0497672155096357,0.267936901572258,1,-0.738727222102864
5.86114383619025,1,0.475958438418499,-0.310697724950738,-0.207240245735525,1,-1.04037456084752
5.5382598842215,1,0.573153668052675,-0.421435447880268,-1.41992209789167,0,0.164000164855368
-1.74209497349436,0,-1.01885957771565,2.24620779511287,-0.47819724851789,0,0.685866507830695
1.47480687758147,0,-0.0618722344363663,0.0866573729924924,-1.19884116140698,0,-0.900828191057332
1.14378189812893,0,-0.538305101604451,1.22351387547554,0.111478646735088,1,1.26913765119561
2.11951278146121,0,0.416954726110764,2.61823281991171,0.545317906116735,0,-1.06301502215539
1.1862207125984,0,-1.50827665613024,-1.32538097725393,-0.195542895785817,1,0.665511618640513
8.52104304787571,1,1.53916992776747,-0.137758822174659,0.30515454784406,0,-0.221375032833892
5.09904329435391,0,1.346018088596,-0.00266898450538929,1.06690684498886,0,0.423064827910537
-0.898299903539409,0,-0.842855777501525,1.20590945018439,0.0331893496374399,0,-0.803002567885799
2.59249501050353,0,-0.669874227807658,-0.328449075698023,-1.03557757394024,1,0.713504186367796
1.79445771379347,0,-0.908487448146122,0.314285567309573,1.88911642382044,0,0.575272437150947
4.4242314793093,0,-0.136540641797694,0.181465253704035,0.242851440976998,1,0.545988378356619
4.148681338626,1,-0.501037963291251,0.37478409203679,-0.483676004865573,0,0.380254278455889
7.11921624638873,1,0.1126384468164,-0.642525197682587,-0.147357323323649,1,-1.12157851039782
-2.85498782469824,0,-1.87521756309427,2.57545331864491,0.249339581737571,0,0.215500268310458
2.38793568661166,0,0.158546714458315,-1.14069051222224,-0.146848695810393,0,0.173128849786154
6.9542527525273,1,0.0155626712640042,-0.309747123005815,-0.699880657267374,1,-0.0424056106331143
-0.431366934006036,0,-1.60060346126013,0.416243047192508,0.654057357929755,0,0.647336248645852
3.05914679699072,0,0.275973089169957,0.43153057070049,-0.0924948869910758,1,0.815376384244369
5.24210342893038,1,0.0549526398709077,-1.1691369060341,-0.616413200997925,0,1.93957321701419
4.43110916514934,1,-0.230573354697258,-0.150172391372914,-1.86503380998173,0,0.8072431523174
3.968229208446,0,-0.0132162906038914,-1.39912211804635,-0.556115715544162,1,-0.450085478858509
6.03154974496522,1,0.384949196022327,0.917339213683056,0.373400281422889,1,-0.0686008192697025
7.74565706181058,1,0.346723717001246,-0.919625545674867,0.647628128913734,1,0.0683556724499055
5.1911160039063,1,-0.431612760578627,-1.12619356163764,-1.27434031496122,1,0.878275132515702
8.79557377332862,1,1.1501780393287,-0.00583503886139956,1.51131883838206,1,1.06817838913078
6.45620879512394,1,-0.0365321928878792,-1.25613298158102,-1.06849565860092,0,0.306311871246693
3.34656840319189,1,-0.135801421736564,0.21279147402541,-0.610118264284163,0,0.124155264909709
7.17610587902835,1,0.944618045644523,-0.555619629469678,0.177149351105105,0,-0.282213777450804
4.57333247660741,1,0.992041361670064,-0.62831008904347,0.41802705667465,0,-1.62437623067089
5.38115802294024,0,-0.700669754968901,-1.59500145340402,-0.0207881738466982,1,-0.11548071312598
1.50634789844347,0,-0.991058671834594,-2.47645049452256,-0.592565387649173,0,-0.000778564116068598
-1.92140739611885,0,-0.705618052658819,1.11029541174685,-1.7483376000663,1,0.0581158830320036
-1.4770457514546,0,-1.17577589332822,1.76051759457602,-1.05716822983781,0,-0.110051205802714
1.80808740656355,1,-1.78119695174032,1.25649974649894,0.264590578973448,0,-0.214186327361549
6.4058687919276,1,0.310607521838391,-0.0815338980196429,0.353174579731949,1,-0.839932974049274
2.81823995107037,0,-0.145110360949431,0.147271584663551,0.246270323332697,0,-0.703193582667488
6.26511361146524,1,0.642549753692457,0.354597559542375,-0.0701941891560058,0,-1.76947279867597
5.82386970128385,1,-0.00165936230130426,-0.337141103361032,-0.0128478932016211,0,1.75002043643206
3.21739023345138,0,0.409162962077351,0.492653951656481,0.102414269294536,0,0.434740068205588
7.80711263442483,1,-0.496058147310148,0.829866793583873,3.02575534039356,1,-0.714351097980595
-0.3875839045594,0,-0.960107958901165,0.947611539603209,0.00556631870096406,1,-0.476020146227249
6.84009090669926,1,0.778132224570433,1.16542883446602,-1.0241774630601,1,0.514731695183799
6.53554889016789,1,0.761120616327841,-0.421166366290429,1.05744000798066,0,0.468894624779429
4.14561979524789,1,-1.73371218388323,0.334602756436989,1.46003172071956,1,-1.23712270355835
8.03333262753737,1,0.877294651826758,-0.106222654973173,0.838564576413511,1,0.448848799991651
4.4344791134663,1,-1.7733714389337,-1.28708648621814,-0.12046766487391,1,-0.257591858350226
5.94698781276327,1,-0.0456873243111543,-0.908059860049952,-1.56878338035548,1,-0.716622222381522
6.16106712384676,1,-0.394872253984139,-0.283935748679001,0.769866018954183,1,-0.224916825889143
6.85241449901585,1,-0.128056266421018,0.266592458399183,1.14069142349903,1,0.259962332667348
7.15225412698014,1,1.09623773188662,1.22431930895728,-1.19615824744462,1,1.29422011951249
2.59175578895772,1,-1.2552178606199,0.821525526825726,-1.04790129648348,1,-1.54675449803741
6.69922605392288,1,-0.265483694629895,-1.24776679226202,-0.683921638839615,1,-0.913129293459895
5.15798830671227,0,2.55330249004026,0.601275013858364,-0.90904887147585,0,-1.77728039355778
2.87674133598848,1,-1.47830630595052,-0.908752216129051,-0.0283654634678944,0,-0.514116771923413
1.88998744022065,0,-0.626587568230723,0.900344887747296,-1.94676179105663,0,0.833346947698703
2.87765300617137,0,-0.0410520223413907,-0.953871513946094,0.144356316120814,1,0.988101542920169
7.31979882683294,1,0.199953219832439,-1.24089171441291,-0.360075442830819,1,1.27010910187663
2.57439034743176,0,-0.533305600527376,0.0815500958017237,1.32243359811742,1,0.607066445603799
0.138307497001889,0,-0.266032317684011,-0.813076911449766,-1.05823028197161,0,0.706952562726033
5.1734957468895,0,1.08414781411867,1.06478465880181,1.86150549149892,0,-1.19542667066126
5.86056505515315,1,-0.180745479625044,-1.04901921849595,-0.172989826753293,1,-0.548577548482669
1.71485745673003,0,0.251555319378233,0.516009325167412,0.10631297162772,0,1.28119254857668
-0.648961538436604,0,0.369542235154893,0.985746984418363,-0.812325003072669,0,-0.659647705698493
6.4259121172364,1,0.407034259389767,-0.35165697798206,-1.83208747258382,0,0.467290383839217
4.61772050847846,1,0.492505019245782,0.451749228471749,-1.55607579286399,1,-0.532833487500098
3.26163274451261,0,0.0546325790523077,-0.593572178730932,0.114659264127363,0,-0.37234571287321
4.53543238429797,1,-0.708674076161911,-1.13649526825212,-0.0253818877633789,0,-0.919612949929225
9.83887406716964,1,-0.0582707524435477,-2.33497178127181,1.28494280064323,1,-0.265758200227637
0.376730460823946,0,-0.963421822237506,-0.926597259630885,-0.117231376379925,1,0.139321338362874
5.10531668524863,1,0.0933932966058741,0.395171601492927,1.28592279249105,0,0.237514803808313
4.35865303237908,1,-0.347901133459108,0.0741714005493914,1.6994259664428,0,0.263740571490308
3.92079152880782,0,-0.118334438145549,-1.05649333360304,0.269903083954096,0,-0.0291741608785365
5.68694106857858,1,-1.09909095717492,-0.0775545035183967,0.984497860876444,1,-0.11019667312606
5.8297202660899,1,-0.283076412422231,-2.41603024212657,-0.396763383629101,0,1.17407140690334
0.694197122562441,0,-1.08973467284561,0.809519878482719,-1.56599028141851,0,0.0360072467924629
6.60679444372108,1,-0.405665544099862,-0.869749853294244,-0.203192670697922,1,0.163997455569136
6.18567212803038,1,0.526907259597763,-0.125077441843527,-0.179789542025788,1,1.43446512207648
0.62764424186366,0,0.240419981775496,0.41115161878454,-1.19111860883189,0,-0.653949381849372
7.30338192607478,1,0.898362457249367,-0.850435305046767,-0.114109005710895,0,-0.888366120939894
3.54788191543527,0,0.487968126935476,1.4665510712084,1.51507809445344,0,1.13669815403594
0.957329105852848,0,0.111991365197539,0.306878543209711,-0.425243699306236,0,2.52893946796267
6.31162206805243,1,0.998313347136219,0.429680832800053,1.82145450986568,0,0.12290750733492
1.69022501403927,0,1.19171680875342,0.810377064747989,-0.997826313084944,0,1.17776019661479
0.0510888278621799,1,-1.39938756712371,0.921172911124199,-1.33224614899173,0,-0.772218374343613
2.94898317966534,0,0.892147736646772,0.544807883194691,-1.4729229522591,0,-0.477233018327992
2.64764261368757,0,0.777958970340806,2.36959502355302,0.354079713240807,1,1.08395665780603
5.11058672805683,0,0.94191451634695,-0.603094261358911,-0.268361663979202,1,-1.11043088496838
-1.46647248028079,0,-0.908802712301102,1.56083962675,0.128533480407496,1,-0.984296332129436
9.3789495171395,1,2.40893084447621,-1.35383614798257,0.966754543145611,0,1.88284631141521
0.410425365986093,0,-2.59425017430808,-0.508004601076342,1.36736120390076,0,-1.59655496176875
6.48032747201145,1,0.00686303751409395,-0.478311132418979,-0.479257778516421,1,0.867293655539371
6.16106936984583,0,0.118106668928336,-0.898170282231573,1.65236914290859,1,1.25302803257986
2.52255105329078,0,-0.14969732641009,0.108274523745864,-0.145785793888235,1,1.35649564380028
6.71241346528025,1,0.747873287863168,0.649879562609338,-0.333215849668537,1,0.1141948295279
2.16531628155338,0,0.12403480689883,-0.820473392742006,-1.35625668525741,0,0.285246304556635
0.651396199068776,0,-0.778054747212651,0.359761528557581,-1.04179627792803,0,0.418808766162296
9.07844269401392,1,1.41003330549222,0.633324928437982,-0.0926472680960184,1,0.414937177882563
5.03644993434533,1,-0.293911808229858,0.0978159188655356,0.219465094087839,1,0.0169628563097521
6.98267924075721,1,0.610678645005375,-0.801183755949992,-0.979680185214858,0,-0.52947733249956
3.44667057851935,0,-0.666510079863262,-1.10229315336733,1.10517870093166,0,0.271497055741875
4.71058139494141,1,-1.0598828782705,-0.851657012572341,1.27470111476904,0,0.919316882973508
-0.205370351496462,0,-0.605838699162315,0.519418173048002,-1.93784381243787,1,0.300959916492575
4.07814630459501,1,-1.05684142085412,1.78231561329573,-0.713294113124257,1,0.0716833419617025
6.47839659607513,1,0.533106472674961,-0.60002701021618,0.719883589457149,1,0.00180619135479147
-0.876334668215532,0,-1.55209261464742,1.47202881872208,0.96668670040656,1,-1.36016037288118
4.24229830493495,1,-0.978489465308578,-1.03754711208436,0.197019031554225,1,0.898972910996147
2.74574895896941,0,0.0272183551599775,-0.571449343788698,-0.112374453786102,0,0.315397473018373
-1.01385957707024,0,-1.71557231699709,-0.0767891104349022,0.0620108135728541,0,0.469810635829015
5.94292863069075,1,-0.504888026492709,-0.429972380474222,0.449761348061499,1,0.306203919712856
3.43952531897778,1,-0.304922680917571,0.178345151589542,0.190973534541113,0,0.108936884554688
7.96002536204151,0,1.34607823542665,0.834921341167059,3.29888889549685,1,0.658894242875113
0.306581160866854,0,-0.257536690796696,1.0466507568352,-0.752618400606556,0,0.895736124669119
-0.160190078470968,0,-0.523287300658334,0.762496037757118,-0.678391153547751,1,-2.38226813236459
3.95459995526838,0,-0.663217798972631,-1.50551867529972,0.676022526936499,1,0.609578643588646
4.2873756696131,0,0.447221039692659,-0.590709411561947,1.11682361135876,0,1.15347849472379
5.49150253354955,1,-0.319450981926009,-0.353384418087923,0.101402091549741,1,-0.42515875735281
-0.298684186784583,0,-0.543778849936917,0.69327791161614,0.0715114933534555,1,0.852592016365694
6.22477555842068,1,-0.279673442488512,-1.56587278497252,-0.139152875722144,0,1.5576933759849
7.6307892890206,1,1.06523260036693,-0.677897326851043,1.24423778717106,0,1.43017107997593
2.69889204920787,0,1.56782874914562,0.665215998411031,-0.392598798195079,1,-1.46603388407207
4.22283246282075,1,-0.643112078958536,0.95524504180699,-0.306525897091896,0,-2.82674233434952
7.08672305602126,1,0.0205217485106878,0.291004470673687,1.16329729101984,1,0.130553151342126
3.10233524664621,0,-0.324184458375485,1.68452398458178,1.18819420896904,0,0.515712545360453
10.3731474105437,1,1.85739602217537,-2.41416486207894,-0.318660092021927,0,0.463202389449292
3.12935688019029,0,0.590763995069064,0.229897633620541,-0.357081925095707,0,0.858264511293222
1.3813617242987,1,-1.7806267173964,-0.0680445791345914,1.52852243025605,0,-1.40857715691337
1.98395559609081,0,-0.434108699575314,-1.00173505397238,1.33688118743436,0,-0.506141767167645
-0.629588598052505,0,-2.29274971170602,-0.560015463091365,1.16499084049063,0,0.779754151221148
3.74834848036801,1,-0.0929652384515409,0.240568027183605,-0.711826053947218,0,-0.822956765902632
5.17663771282039,1,0.70396445332971,1.21394151451887,-1.36312313419188,1,1.07839845254725
5.6665487623462,1,-0.894489621256767,0.252358485164026,0.954741798691498,0,0.382248700001861
2.23142072685432,0,-1.28250679207462,0.652414104692385,0.136232328627719,1,2.14964609621702
9.31590627926894,1,1.25578417415048,-0.928892644960027,1.26787651204224,1,0.249207912200566
-0.103373275067943,0,-0.964629979588376,-0.444693950906624,-1.29358932241477,0,0.0343106407207825
9.05701881453641,1,0.907783881064091,-0.0393421854237676,1.85080687003751,0,0.58438973017122
6.89035171153867,1,0.214073613669174,0.143080057160209,-0.326547557981386,1,-1.49067674970949
1.79101922688775,0,0.881023122748974,0.529199978876831,-0.145365302364324,0,1.0037553749968
7.84229535508947,1,1.00254499828277,-0.185558488318001,0.260380536609482,1,0.71112462792377
3.63289128129129,0,1.13991050456775,0.766675058621243,-0.654075566702537,1,1.95869380190683
4.03333335593221,0,1.23603585230776,0.264323015982099,0.190482666522847,0,1.76522035266323
6.43006753300296,1,0.295401510142675,-1.3558222763288,-0.641501729621062,0,0.15705267102572
5.69031073027934,1,0.171761023605458,0.359071548321692,0.222580533609704,1,0.427096938117251
2.7879811007318,0,-0.955389282695439,-1.70825283944633,-0.884000812641744,0,-0.601797387685357
1.73618817339067,0,-1.21040912105673,-0.635928277355224,-0.794044468005138,1,1.46797644059708
3.33303057428362,1,-0.601382997836582,0.290433348159067,0.804950945271633,0,0.0772625491420672
6.01613277534405,1,-0.135816136579885,-1.30379423270979,2.19720075347109,1,-1.08040221340193
2.00333836747672,0,-0.98727278492051,-0.114100599327674,-0.281725329076888,0,1.1328586434584
2.71850009623303,0,0.831925014618267,-0.092962085023748,-0.698607407779913,0,1.04704971238451
3.36646709456835,1,-0.795059516415481,-0.122560626447375,0.955609592137946,0,0.904947285712599
7.55347923517806,1,0.340464612015827,-0.883310771318462,-0.267154800198506,1,0.962616977587271
5.30759930207177,0,0.870429820346915,0.600169469401305,0.685413390257219,1,0.744504127915956
-1.13836977902743,0,-1.18216100524638,0.717134365632955,-1.62847794974773,0,1.03595866825818
8.17158602935201,1,1.02289397573496,-0.390874782474331,0.511908231354984,0,0.236377049680392
-0.297139433058007,0,-2.10843457624333,0.427892517086193,2.11701402164909,0,1.70747793780479
3.1820092122896,0,0.229762637699325,-0.837105234296302,0.23539190101015,0,0.408078858348662
7.21821065999741,0,1.51171079155376,0.0225598675334932,1.2650550784593,1,1.20785739013857
5.31344157979853,1,0.555437989150677,0.760060847485706,0.103592309439835,1,-0.610341322921533
3.72067184412493,0,0.914878801249372,0.245713332088109,0.979496559450709,1,-1.52299777600701
-0.732357961410845,0,-0.553396624279516,0.14139134685168,-0.374559065485231,0,0.471571369861478
1.76081074226359,0,0.298376089510017,1.3405773256748,-0.417615709467261,1,-0.725117403570943
5.23419419649211,1,1.10637953965214,-0.749105637416039,0.420913676224897,0,-2.51400541469755
4.07393454892919,1,-1.32914958483242,0.776584537569481,0.488424198466786,1,0.385889951640937
8.75457636832807,1,1.00169412888602,0.228181606829711,1.25612556735355,1,0.76557191898882
5.47564727312969,1,-1.40930387375741,-0.736400489379546,0.947740724933438,1,1.06230538222214
1.83352069088886,0,-0.498781024681268,-0.0704274811359867,-0.73911082655062,1,-0.934087296893874
11.7832370679071,1,2.62275685248845,-0.376126589747127,-0.298754402594388,1,-0.290702426779726
4.99657714776285,1,0.510665566028528,0.663223068581971,-0.201944622582601,0,1.76334322908252
3.96330556519224,0,-0.0908431942191987,0.410695883940059,0.647676908480755,1,0.578140882085169
6.44468561667446,1,0.978765679210879,-1.83184901351771,-1.41724596557948,1,-0.33102477563998
2.37785710403216,0,-0.243808656888315,1.64842382136271,0.992534060845391,0,1.47956480020851
8.74415172910336,1,0.621808959213633,-2.1329179344463,0.038573083030407,1,0.28475692542043
0.193025458456702,0,-0.344595219846323,0.687006166808365,0.12735123051849,0,-0.773833073855506
0.862621481850997,0,-2.35522454584149,-0.748761646665193,0.751536142246414,0,-0.891242825670134
1.65957071519665,0,0.472387633353643,1.06911275932534,-0.0628121316608546,0,0.181368434312821
2.51293652639516,0,-0.511480194786914,0.396829329884725,-0.702631154686849,1,0.869550999141703
1.53117979720342,0,-0.573602199756116,1.38535325921297,-0.719561072745262,1,0.633765483379688
5.54356264532222,1,0.00379720372860315,-0.178080118436893,-0.552787579113277,1,0.646992843074191
10.0144935796141,1,1.34255092952781,-2.42988067251115,0.282621470727312,1,-0.957601789569608
5.52498014438327,1,0.295461511559413,-0.232011957059107,-1.42272693572635,1,0.536969314534729
3.66823524623539,1,0.841786943605435,0.105937161925274,-1.26334835082122,0,0.802497864950679
5.10971311692562,1,0.62906429822047,1.21756978398376,0.8778850017941,1,-1.62528924666583
4.96636315100256,1,0.101598399463067,-1.17176359943771,-0.757797142679428,1,1.93711386409452
6.03952778042106,1,0.671120874661012,-0.266475823895061,-0.430017660723621,0,0.649458300630645
7.72543597173168,1,-0.138316374561719,-0.454685555577368,2.22214612940607,1,0.418342247800576
-0.246267398286402,0,-1.24931225315241,1.50493216814738,-0.405878908883031,1,-0.281348781313824
6.01126858052351,1,0.347635244215357,-1.62253834012802,-0.38247715288835,1,-0.467694497463535
2.82846518721111,1,-2.27781365917161,1.05905497807605,0.530691316754546,1,-1.01551608787083
3.38428188345178,1,-0.986209181193632,1.15698003542924,0.837823341265656,1,-0.353615981467923
0.923148003909757,0,-0.0595413435522069,-0.113958858999298,0.795731804906664,0,0.261159061363654
2.76191431399898,0,-0.160759490474124,0.855190970106915,2.69394516998954,1,-0.681225716570846
2.65579417707637,0,-0.420361520340292,0.511139092189725,2.06034929519946,0,-0.481974209931471
9.09228456115264,1,0.988591016328615,-0.714418985172829,1.24093163876494,1,-1.35781354732433
1.57221067046232,0,-1.06961379110863,-0.694971594834713,-1.27902501798416,1,-0.83995649821997
-1.99344273551257,0,-2.61364346701511,-2.02251977219747,-0.284928051417081,0,0.902315332769573
5.18212588348237,1,0.780451897662152,1.58146032169396,-2.07338991924506,0,-1.8240014988433
1.60961517509507,0,0.0451050735540702,1.29683319578503,-1.39672151614006,0,0.000372068949509481
4.29378135551938,1,-0.108489158897566,1.27035453737285,0.241486494135485,1,-0.522663308598297
3.46937074840983,0,-0.391224310070966,-0.0160778678538177,0.464946871545162,1,0.0253299666987862
-0.944027756020803,0,-1.6869995043286,-0.581762953398202,-1.05701193732285,1,0.999315443693526
1.5778288550942,0,-0.95270445515168,-1.65357546614648,-0.404804438450412,0,-0.323989941689718
9.45602317501674,1,0.507414112103395,-0.574408772223323,1.55199645082586,1,-0.254193908890297
6.21970284676748,1,0.0188160990067223,-0.907622087912097,0.0196877345710972,0,-0.388753685898349
5.88774105389264,1,-1.41891037358562,-1.36553956640524,1.2042167991459,0,-0.572589920282655
3.56043907413232,1,0.598171931352236,0.308299926829597,0.501131414743199,0,0.594342059483906
7.34018162144292,1,0.786379621743228,-0.472627502422465,-0.312518059338838,1,-0.043945036072345
4.78427584681781,1,-0.134633045902237,0.446222235667692,-0.778892629870415,0,-0.345587776248662
5.45063159216403,1,-0.016386517615323,-0.775157770851509,0.48245978622199,0,-0.167921294447713
5.41568239841285,1,1.40914040823509,2.06068761751814,-0.635841600558254,0,0.000641800643578922
4.85055336012108,1,0.394838698802266,2.58539637352218,-0.0822358704733593,1,1.3477883901008
2.81493561347343,0,1.21987512807247,1.4998064030903,0.314367407481037,0,-1.39568140756459
2.97520626436008,0,-0.0450772128729762,-0.100192607788636,-0.0687907843037163,1,0.134599208694964
5.94017297160587,1,1.47948784483878,0.647185814663537,-0.958444126350633,0,-0.776472957174616
6.19097722499383,1,-0.0756837866923921,-1.40458976481618,-1.08504482475601,1,0.0962914828748078
8.51046637104454,1,0.917748457199555,-1.33411764776861,0.313344153920093,1,0.213291206337885
6.61008309310797,1,-0.344778713742413,-0.446729345052682,0.63870967424455,1,0.930337743979256
-1.9159194154014,0,-1.07700265605392,1.69061986061771,0.310299931848419,0,-0.287728068302396
6.30857099465973,1,1.00160472735829,-0.223365145696298,0.511060927552336,0,-0.772619897634721
4.95189356721172,0,2.29600404077134,0.923438510803911,-1.10666673810774,0,1.0813693427111
0.51370085992102,0,-0.325878115450014,-0.0495256938434538,-0.275742974917545,0,-1.41841811909444
8.73754287103598,1,1.46885612852932,-0.346890884284201,0.751496651196743,0,2.24398385893825
7.31719584434252,1,-0.236908933173859,0.199251919612581,1.41047778890111,0,-1.45947460668887
7.90610449512064,1,0.923493117890428,-0.132327785051881,-0.9235895373095,1,0.950451243962204
-2.46497093294679,0,-0.989191806701409,1.45423172269893,-1.65947636914765,0,1.62642542510556
6.23056080257104,1,0.275646278286709,-1.32063917335026,0.114304118513147,0,-1.84498145515553
2.2669198299222,0,-0.763661093561037,0.109207163477544,0.362509381949651,1,-1.65169423439616
2.8637798198952,1,-1.35211198419997,-0.0254722179209988,0.899695807900988,1,1.34923502207876
7.67934279462094,1,0.655024410228004,-0.135157590930348,1.45525090730586,1,-0.674757713466825
8.24132162048851,1,1.60964676035496,-0.640525314131231,-0.0556904045926723,0,0.307647997926783
3.14827030518349,0,-0.788506965877911,0.71748255574154,-1.34280325297087,0,4.32809127385291
3.56887794106242,0,-0.883876112525995,-1.47690981302073,-1.59571734260567,1,-0.151960956091703
-2.41138980466516,0,-1.07251461179358,0.75410479816319,-1.65773642872848,0,0.139513050947212
5.66971232099433,1,-0.458140981447841,-2.18980917487403,-0.0329584479990277,0,-1.47977333645742
1.92478074604375,0,0.665647015578227,1.55309984771205,0.401650376934887,0,0.505151569066943
4.9413638695468,1,0.712228212418725,0.702061998975101,-0.643860156031225,1,-1.63443755223257
7.17491293805366,1,0.442954227499162,0.0515238125352395,1.32310751651104,0,0.777027085499895
8.10764039023898,1,0.759587312059179,-2.42797370995882,0.566695675200474,0,-1.68349614608332
0.397357993697236,0,-0.468877666019124,-0.0860707324535189,-0.236093462596703,1,-1.20527537555862
3.35430179239379,1,-0.172709977883837,-0.738357445758922,0.687037416008076,0,-0.857699379428132
2.51083790956484,0,0.682049899385807,1.16772402635259,0.451887173019957,0,0.748423965482539
9.54467636812339,1,-0.281577328241543,-1.63264961625291,-0.349086741820793,1,1.42062537895155
5.19355884420845,1,-0.961622573931821,-1.61312915574097,0.470030648779255,1,1.08736879906234
3.98790192659246,1,-1.37765014473256,-0.224659351788146,1.29758454566976,0,-1.51446682862885
9.68010025892813,1,2.69758663663836,-0.0551681503459401,0.81453486540006,1,-0.341128410409807
1.99087797715141,1,-1.69971505556293,-0.627365956924184,0.610509137671627,0,-0.627999769973734
2.44715323853904,0,0.0293166527942015,-0.184349380412772,-0.506798894093549,1,-1.41019712145604
10.797613777651,1,1.93431433615124,-0.263044660917603,0.170624766008751,1,-0.0122602686813465
3.24452440236663,0,0.837510875177963,-0.525646241251671,-1.05299093735555,0,0.794415773904712
5.67380424962468,1,-0.185346331084667,-0.67522749773812,0.351509502857309,0,0.361760494136065
1.80890370665461,0,0.533329177764386,-0.156788604665715,-0.417014912106659,1,1.55854033279981
7.04460705943454,1,1.78495624201476,0.969242741689339,-0.82984306728924,1,-0.0186474803999444
2.48260959671742,0,0.189627819830131,1.86326613150228,-0.908959842648201,1,-0.406267795634163
0.668585017529447,0,-0.5690875121866,1.01885748883875,0.0591917286263702,1,0.177845364729333
6.3161845335006,1,1.45189294457212,0.0456918216264974,-0.226758228584987,0,-0.452397462361773
8.58048064626712,1,1.86899345256532,-1.20179167247776,-0.867678937564861,1,0.190416734847081
-1.67058512269362,0,-0.984554893737541,0.909354155230945,0.0738547169440425,0,-0.236654750378704
3.64580395160715,0,0.718756763904366,1.46195822050016,1.72961613762113,1,0.125504859127053
2.12392092623179,0,0.129347296958262,-0.184626753951705,1.74722878518228,0,-0.80606542398656
6.35220577212926,1,0.701641308893363,-0.190168268382486,-0.735564456296227,0,0.230180407809794
1.73528085457842,0,0.526697831887448,1.24329480266288,-0.662839110550164,1,1.32320355750701
3.27575971920111,1,-0.0205130989546023,0.18558749818315,0.0659526258335641,0,-2.0190338018591
4.00650715845693,1,0.438251047306971,2.27102227928726,-0.338562776453228,1,-0.837650401016191
1.84326533182625,0,-1.21052856570154,-0.0515549198891902,1.78915123998786,0,0.021162452336708
4.17067454488018,1,-1.4044199438289,-1.61554882919585,0.494655767461099,0,-0.979042525646245
3.8182099526725,0,0.720749157209312,1.05795583994723,0.56853967061225,0,0.927399242369318
1.7409073686562,0,0.0860355032767252,0.361894756181958,0.570326379921746,0,-0.169468368056601
1.25712448981874,0,-0.13161704140846,-0.265876705750517,-0.291954195461389,0,0.466472345418996
2.05835884608331,1,-1.67605197893984,-1.25578140173536,0.833318816242794,0,0.0734840629449887
-0.143022138390654,0,-0.569497990768114,0.87648416717228,-1.37041879007347,0,-1.87845790263966
2.75104547978408,0,0.192205150896545,0.592634666890485,-0.00517138553271281,0,-1.5503859599409
5.64272790716226,1,-0.486322920752822,0.271525680875784,1.32862880820605,1,0.284824886181626
1.47640282062368,0,0.0812840129938752,1.55327347117647,-1.79791803323129,1,-0.138173570476045
5.50945332152944,1,0.384897246784297,-1.06380687634054,-1.03797302710409,0,0.913285966090045
2.42650265408394,0,-0.137501971038181,0.206822497346744,-1.11758219731845,1,0.932176379605392
6.83820343373786,1,0.427593109239094,-0.248933255655566,0.731702727485019,0,-1.77296055175051
1.05287046477647,0,-0.243064448539363,0.515388673918764,-0.0220457164026598,0,-0.142336452391371
1.27429740921878,0,-0.318352827853891,0.442785820060402,-0.254490562060645,1,0.555535964525656
5.50379932427656,1,-0.254106393508011,-0.117116618623996,0.734828501873559,1,0.716554808312134
5.67607481004016,1,0.638887430163065,-1.49784147274197,-1.81572001840607,1,0.753856322158608
3.72926685408289,0,0.821065383166085,0.0472006059695206,0.926620849761675,1,0.535248458724448
6.68626012634044,1,2.33547908658196,1.4802578676094,-0.487674039852184,0,1.96219536035693
3.65482338272192,0,-0.983307557611062,-1.96455496249316,0.375614246175027,1,-1.43135659050405
0.713978116847136,0,-0.707457440006258,-0.538555626716068,1.00496265435358,0,-1.35499592046559
6.62105515350437,1,0.644149101349918,0.50278659285196,-0.652728797187154,1,-1.03504390012205
10.3880597421451,1,1.63766532994621,-1.09331277445394,1.71417138105852,0,0.993686851837286
6.93160096740559,0,1.22664817466431,-1.02602611043194,-0.167384294002464,1,1.85279162035542
6.50991886747643,1,-0.467705618330812,-1.01203614366599,0.811424671484113,1,0.0268153180122613
2.66216591958635,0,-0.678231063737989,-0.782634176957744,-1.62390409235204,0,-0.952225548446301
7.95809186195942,1,1.69640227133044,0.359562812057244,-0.871903695301524,1,-1.10786857695132
5.62411637123996,0,1.54284685008907,1.99862021891536,-0.0894376619206181,1,0.872682910918655
7.61380461974494,1,0.214527592060943,0.55393480042535,0.946613565957998,1,0.316446025052585
9.61602985653784,1,1.70068829575232,-0.808303348930513,0.10759593695013,0,0.316548055655471
-0.0109183497098611,0,-0.00798682964789259,-0.557018477813349,-1.4117700651828,0,-2.176391376696
0.337041479487939,0,-0.817900364802769,-1.08560353078743,0.565558628985185,0,-2.09828209622216
5.72732368311065,1,-0.0506101702835437,-0.71979401765733,0.238363063371038,0,0.271191741234168
6.4586193382167,1,0.0799210865490335,-0.692566843267431,1.03248241857382,0,2.03679970650063
-1.35732744471545,0,-1.55957109789405,1.4135047045491,-0.119668931650165,0,-0.0339775313061656
2.05287916586827,0,-0.171497956746292,0.640962189123194,2.19936886717889,1,0.620749482013548
2.63269877244895,0,-0.418607092832335,-1.7175207063165,-1.11036754490388,0,0.218548232762077
1.53772297535397,0,0.491286818033161,0.82618859480234,0.609595246340912,0,-1.4711528283854
1.63158995939735,0,-0.53122843123103,1.28077530846579,1.61497564005001,1,1.23304038722059
6.02044620596149,1,0.482220117734896,-0.231344204570623,-0.458235767543502,1,1.28167894688609
1.97793260261054,0,0.536291040049325,1.35882748116687,0.64513778072253,0,1.71417024535505
3.36107351111459,0,-0.279324207858902,0.341239054522143,0.354673813449773,1,-1.41774337643028
5.40203325883296,1,-0.0435072647005839,0.642236181244164,-0.39083025551123,1,-0.832466034372858
9.63262685066546,1,2.38151529195951,-0.321210717862453,1.66296310643405,0,2.33084680355802
2.43609782045577,0,1.54803111335561,1.44019566135034,-0.274454758984018,0,-1.84420977183036
9.29061372803445,1,1.55476199852898,0.0537341212031113,-0.804024231981152,1,-0.434379793163489
4.30647474907575,1,0.058111230113913,-0.269713563078948,-1.90964919877059,1,0.707494377757216
5.92629398138299,1,-0.839778915527164,0.466756268777527,0.915030190973114,1,0.29046958490818
5.73024800780649,1,0.571123448655482,-0.11071137212952,-1.24184967554521,0,0.293811657717577
4.44788877139716,1,0.0660477825630555,-0.25606542122908,0.57810309315294,0,-0.829163646670352
9.70192342710322,1,3.58465949292999,0.726092190740559,0.428729848357679,1,0.83687346538412
3.07308611455382,1,-1.93189555365127,-0.200982022267937,-2.44455846995493,1,-1.45221904220824
4.33151023349862,1,-0.202832504245977,-0.422671961211497,0.128608884761761,1,-0.547123214107759
7.95191679187433,1,1.48371520427311,-0.54216975567854,0.082594661300219,1,-0.224442068890264
4.00726403193158,1,-2.09851640016451,-1.39017790544112,0.776913111507875,1,-0.892642475780645
-0.905087738545488,0,-0.25964866605676,1.60713541056557,-0.90815682218146,0,0.883457122131349
7.35837203724025,1,0.334067935887184,-0.652838190922449,1.2633816465068,0,-0.0311770327084793
3.31663533884547,0,-0.21963759163322,-0.380368509294335,1.04303175777853,0,0.747882990954905
4.27653953630162,1,-0.931771803289107,0.0867430365496318,2.35261006818474,0,0.140476771694301
6.35073647583339,1,-0.122240218296576,-0.649057964312564,1.46372990758742,0,-0.40480504529441
9.39392772063417,1,1.33852842346176,-2.01649070787307,-0.839203996574248,0,0.801392650721956
0.747801079197127,0,-1.34833119004437,0.448577388746643,0.0731170193249979,1,2.0224787724179
4.68640820848842,0,1.41483572450998,0.523388159192163,-0.546216020252571,1,0.750937512542335
6.4515035004017,1,0.914048945514682,-0.246122239665679,-1.46505582033822,0,0.893427624806386
-1.44536550518403,0,-1.23668791849331,-0.544545707183516,-1.85578909814832,0,-0.0239834502076642
4.25436936395286,1,-1.50076035467463,-0.803683014742773,-0.0152549423987138,1,1.23883947165351
1.46369195304941,0,0.0345386838965327,1.95447105047381,-1.18096782244463,1,0.144316253092549
2.82050711177635,0,0.286299645402692,-0.296887442895346,0.332511789914084,0,0.365111325627298
3.73211921056156,0,1.18620809384561,-0.035404687210021,0.808658521978863,1,0.251602415516433
6.47390144660416,1,-0.037549371842548,0.107189714468554,1.23664399818747,1,-0.499587743720705
3.72164025392767,0,0.420371593973559,-0.230620531545034,-0.25551784212123,0,0.649112845865142
6.20284089177046,1,1.28924648234277,2.39007004059566,1.10710029683953,1,-1.4931789220036
9.45263290827973,1,1.17068918509962,-0.0116323437326994,1.134187788177,1,-0.268000024164942
6.7598979965531,1,0.826093654084712,-1.08905940665858,0.375830259942413,0,-1.21846893141631
1.85835014542747,0,0.323917065090484,0.313769183171077,-0.543325018338094,1,-1.40817219275193
6.1061175014228,1,0.380950411454549,1.09572140336201,0.952851288722531,1,0.328478513673065
5.43671321578028,0,1.20261958279329,-1.01889460165192,-1.86446468497409,1,-1.42045647827266
6.22615561817827,1,1.10220575073214,1.67087514103806,1.33878603987098,1,-0.0742047963599789
6.9049994347063,1,-0.0615149399791465,0.275183470718412,1.24573493095775,1,-0.289380923440283
4.25503987769082,0,0.364589913995779,-0.181866399727406,-0.114680055592002,1,-1.51162441574518
7.08149582686687,0,1.69255229998577,0.867355430722069,0.253565796856627,1,-1.73617166023486
6.30418966928986,1,1.47136701247198,-1.40279690623594,-1.74783650572069,1,0.471791503489866
-1.61452475682417,0,-0.977247661344119,1.48230141230567,-0.683599416367063,0,0.406500631875311
8.42124626645019,1,1.44820167458194,-0.591796068662362,-0.456441882784537,1,-0.380970378465481
5.58815455717968,1,-0.0858556605918652,-0.885001753474386,1.86626126780666,0,-0.636789402177153
4.15159475172835,1,-1.57376980165346,-0.527436558659494,-1.49962714359999,1,-1.4653075942344
7.72587954852945,1,1.29247615946669,0.0310374052801759,-0.97319118768521,0,-0.944172583757306
3.5136052718934,0,0.0844677555677161,-0.946515483343574,0.264459200381993,1,-1.51917980097765
8.47259834319011,1,0.967045996480089,-2.49897029524684,0.250767533443328,0,1.38734049648964
5.16810414366,0,1.93911299421702,0.145711531004003,-0.21650703716186,0,-1.89142131130737
3.68797865714106,1,1.07987263816564,0.858703393437413,0.0458228027862371,0,-1.47367047325619
5.79280220305628,1,-0.353593526833153,-0.209938282882933,0.777142860125245,1,0.545986723175523
3.90253256399228,1,-0.134923124718565,0.398824020925648,-0.316669894531928,0,-1.66327731476971
2.92683167478279,0,-0.987132433307501,0.761127736197585,1.08146249192327,0,1.08805073315164
4.45858378546579,1,-0.821708146060393,-0.965406631821685,0.779681058048122,1,0.202541988215228
2.59744109171353,0,0.489530922514731,1.70425351971367,1.74402366816904,0,1.45659771247003
1.92022799065833,0,-0.299277458909478,-0.81581184165478,-0.265195748903775,1,-0.0773220560493465
2.7650414710952,0,0.658254898574355,0.0505031847282846,-1.04320655057155,1,0.300645869456077
3.17715712122956,0,0.832409549670791,1.81833471172887,0.229612336723495,1,0.54279322759385
7.45145773790097,1,0.363463261222694,0.233738106743284,0.921544719142912,1,0.24100164281957
2.89231281781411,0,-0.398645658616952,-0.0287897691741464,1.38650145678636,1,0.233795069111298
6.67033077458236,1,-1.4979299895057,-1.13535799444069,1.94982855629447,1,0.3372583114263
2.72280171644212,0,0.114628175272466,-1.15737781092832,-1.95117437976701,1,-0.512988055362371
3.53327825200706,1,-1.03781661733663,-0.547340906138225,-0.392496920297081,1,-0.278465000900907
8.34326754760353,1,0.645978871261567,-0.433572715922771,1.31480214570895,0,1.68141503564344
0.190887739393486,0,0.772845400058577,1.66248593383382,-0.976139079085258,0,0.361061242217088
6.33248894124452,1,0.316014158120416,-0.563130851439488,-0.35928303894859,1,0.665389850018895
0.781032493166256,0,-1.03811282479823,-1.14555224504636,-1.22131075623623,1,-0.388896210877162
0.69003785629906,0,-0.755137290088853,0.70929132488924,-0.815893332005482,1,0.993210590769572
2.10854162644583,0,-0.491504309692582,0.160234692884093,-0.719335722403379,0,0.676712573777084
4.31907595672436,0,0.147225745107845,0.113352593811487,-0.83308872693086,1,-0.200723109965888
7.67518909364642,1,2.35650304328533,1.49521350608348,0.558871198532564,0,0.288468195541562
0.588199479344576,0,-0.920668767105905,1.02323662606114,-2.11768370520495,1,-0.662066223164346
3.01925109776483,1,-2.15684778320885,1.17446162052015,-0.00915811702647647,1,0.912528344219914
4.5020466138939,1,-0.120400049561303,-0.244503756930785,1.45344651101056,0,-0.482844984881205
1.34113147993194,0,-0.839244329563709,-0.166932131005799,-1.36034882412193,1,0.636375433109802
4.47793622112362,1,-2.17243990871478,-0.0841155041461892,0.467797985222379,1,1.54959337869382
2.21733659046255,0,-0.874307976154287,-0.826498278320729,-1.16541075940947,1,1.96107440177321
4.63509066188514,1,-0.373579348902497,-1.18949684486068,-0.291631144963137,0,-0.864391402195729
-0.819852645067991,0,-1.10219771209642,0.393351860980975,0.16260253780882,1,-0.648804656963444
6.26173859122271,1,0.715659860663444,-0.180783643152807,0.973932621738115,0,0.504160706820387
7.35938564977419,1,0.907640305684175,0.00218840129337854,0.235963106998465,0,-0.619913202919782
3.93222163122116,1,-0.324805133785133,1.18276728772386,-0.710992312644202,0,-0.667978681057933
1.40065830689898,0,-1.48158593228175,-0.688825038725034,0.753500659456487,0,2.01268590604065
0.929143520278357,0,0.594171138863542,1.96360867768691,-1.60385852173407,0,1.94859287854273
3.94760868531964,1,-0.854874687119544,-0.441910422925586,0.736754305503237,0,0.70930842610877
1.09902609537878,0,-0.829917536632547,0.781007950063791,-0.979292907328621,1,1.38639148962661
2.75789500156488,0,0.149106814964156,-1.13436748209853,-1.15672761951264,1,-0.647709356550942
0.653439827185723,0,-0.976146041384047,0.273041389468936,0.107948495437492,1,0.0318571632164388
0.581639733937117,0,-0.294684407656388,-0.763706558389942,-2.04076151797439,0,0.923755445576805
7.19515197757601,1,-0.770974915815347,-0.737607983989264,-0.697073395973471,1,1.25816041301619
5.26415021646845,1,0.392283707078743,-1.25657614092639,-0.821200141921222,0,-0.89923486888348
2.75280056838805,1,-0.846305904884495,-0.0170698956009469,-1.12415687101241,0,-1.35297274480212
2.61362558492261,0,-0.843759930930453,0.760560550871685,0.187475284117433,1,2.44436121373265
2.83766519874743,1,-0.961888444288268,-0.171825915244101,0.10759800583989,0,2.36035586383964
3.77032147393268,0,0.0110496533565447,-0.265263394261249,0.533813352946634,1,1.48980871041488
8.5851225230778,1,1.21494896542184,-0.423995996873209,1.72240118719266,0,0.931419646205993
1.42859908218259,1,-0.888878515738284,0.689272118280285,-0.158092785951653,0,-1.40492231396823
1.95175822920835,0,0.218101261446603,1.05045042906015,1.9884127728209,0,1.31912372085548
4.06503726332962,0,-0.656116999607038,-2.19402499653358,-1.82173825400601,1,-0.319423816719625
6.61649406885618,1,-1.08851584728066,-0.502965563297584,-1.71038749625598,1,0.134592549860675
6.26883371335204,1,1.0911308981077,0.880319117538282,-0.998843015741668,1,-2.63938838799826
1.49262964352533,1,-0.569227321657799,1.54835282944109,-0.266109649784755,0,1.2370153958541
8.34488301478318,1,1.6208101305906,0.578006183928215,-0.0899573849279468,1,0.227474468541403
1.58037847947914,0,-0.686988445583741,-0.13083383528347,1.63968778719257,0,-1.08083665961
2.46581470836095,0,0.656996703568632,0.607857026905797,-0.454475217840063,1,-0.0716221873352776
4.63502528423353,0,1.1106922152347,0.217520387392552,1.04038427222299,1,-1.33565953130767
9.98673957987091,1,2.14072073006633,0.526191223166367,0.170212943762884,1,-0.573780138323697
4.1108923724758,1,-0.830971809132396,0.461979537951275,0.871729796800228,1,0.724628738226357
2.39245330695565,0,0.0764058561981353,1.50399120650089,1.13090660356739,1,0.365430897062748
6.08406629275828,1,0.935824446199053,0.353009602570219,-1.83366284833122,1,0.704091624495387
2.76172735865148,0,-0.50166670286481,-0.398902404734734,0.632668569216036,1,-0.381554107907937
3.73729889037436,1,0.59485346385118,1.02355959954025,-0.45493359068401,1,1.95099681998717
3.01721424598554,0,-0.430651169136371,-0.800870910576536,-0.464623276288594,1,-1.10820433897428
4.45511903951261,1,-1.13333905267279,-0.297780153902299,-1.07246000961381,1,0.958187909835677
3.43753025241162,1,-2.23717155976963,-2.40109468243829,-0.355605484483183,0,0.540549091212084
5.57325028740814,1,0.514639572443142,0.193998228900719,-1.33859995471257,1,-0.533935308448914
0.446400159628598,0,-0.341907115162922,0.63054874598584,-0.825345491938433,0,0.709404282245523
10.4049443817104,1,1.71787742881929,-1.72234774234449,0.00680755356677968,1,2.39806641704707
-0.0598558835827644,0,-1.11637790865796,2.53904641213465,-0.252292754750568,1,-0.501156188851784
5.45388074320281,1,-0.488479619162847,-0.93202765273661,0.745835235315188,1,-1.21790524099701
6.5861582440799,1,0.807332293407758,-1.2920278081392,-2.2553819531545,1,-1.03839163970753
4.56744319364819,1,-0.261008741670786,-0.329125469198937,0.831941726220936,0,0.103001859518829
5.33225536629587,1,0.488059917826579,0.299302194344734,0.460062666962608,0,-0.836947622480227
5.75402081717369,1,1.35278382096951,-0.440187586812284,-1.30342519481486,1,-1.10172873161203
11.4050118492647,1,2.17681559130925,0.496934162455208,-0.49048901159487,1,-0.725351650758507
5.71313676115944,1,0.051387111206838,-0.89057085460159,-0.333634412425833,1,0.979511319793127
3.57355521089864,1,-0.838095445235414,0.731639832631132,-0.0412820141469488,0,0.323572207528474
0.645817115101043,0,-1.08461500930842,0.126996462004796,-1.08843292682695,0,-2.70094731887938
0.90677856940911,0,-0.546532769073342,1.88904233606744,-1.2097420230348,1,-0.121439940717009
4.96228520051029,1,-0.426509704704706,0.379767693804555,1.78466153632359,0,-0.380950124206458
2.30389240825619,1,-1.21099755539979,-0.0448161139871801,-0.937492788337024,0,-0.445730259875397
2.83459226451448,0,0.597792997779026,0.136043976842453,-0.846107943394823,1,-0.834494496594243
7.79605658045346,1,1.42389578908393,0.550276535752571,0.040215858227359,1,1.38161309585085
1.51657548396417,0,-0.443298625558346,-0.808080397534084,1.00998566187433,1,-0.97829946037144
4.53778992070503,1,-1.04033346567429,-1.00699603251889,-0.96364897355911,1,0.0825787571144802
0.0328495059488209,0,-1.27389707840725,0.858202267276623,0.275889897187711,1,1.07588526499551
5.90243632892731,1,0.770151612011796,0.0844163440587337,1.18779031670322,1,0.476207344718404
6.98284438664019,1,0.031522621976529,-1.48179176140082,0.153227527779883,1,-0.00692744427212132
2.49810578196639,1,-1.90485475143827,-0.9651266161995,-0.205099039495884,1,-1.11619924421163
4.41629362175576,1,-0.123755177145571,0.103600145420958,0.34027481353123,1,-1.74027669991141
0.493713252376144,0,0.000328377213438334,1.1773236654154,0.1083312942619,0,-0.744860617067724
-1.36419322049955,0,-0.843778344728857,0.192566454895148,-1.01404802540234,0,0.832689109876339
1.9079634717854,1,-1.22133337042893,-0.00723908878469659,0.3099485199524,0,-0.504573658452568
0.376447925249054,0,-0.452985993615507,-0.462310513259255,-0.874897682554739,0,-0.205392575675236
5.68504394619215,1,-0.702319931281127,-0.724387535647471,1.93139896153195,1,-0.00321462243198743
2.48178714395755,0,-0.674380385485126,-0.639016919876248,-0.891424160349301,0,1.21755196072097
-1.32064453161274,0,-2.30302319048591,0.444142523918265,1.61151092407325,1,-0.692274903908204
4.32571075422383,1,-0.149332904782873,-0.584054238178266,0.432780271135672,0,-0.641794608564349
6.95726268939705,1,0.948689589970129,0.186265347755488,0.591040269271896,0,0.936899819983723
7.05159175442256,1,1.15636246052357,-0.300342713730724,0.0125088324798785,0,-0.212089285937668
5.53383391959775,0,2.07435248589762,0.159700413754183,-1.39512667288427,0,0.674405712468816
4.64540130417357,1,0.265289970321459,1.01999508545972,-0.0367244946864538,0,0.244693708578526
1.11677183567312,0,-1.05200382914047,0.798351878707584,-0.225819016130635,1,1.94984282809683
7.86417363442067,1,0.50234223621863,-0.044090271581282,2.37280535501625,0,0.703455973967204
3.97344250877962,0,1.09984502312187,-0.992193431605077,0.388245697761897,0,-0.547744504224219
9.87270272980948,1,1.88650483041417,0.575852522768862,-0.11378725959955,1,-0.210246214951452
6.57685631448701,1,0.811253500689395,0.135781237800526,0.0790244206973435,1,0.937729085969132
9.24748322127064,1,1.41824380879396,-1.01208196057172,2.07653630553866,1,0.209720579414164
0.645703559520895,0,0.439169901702954,1.00402316383581,-1.61037814117329,1,-1.68970950452868
3.35477828899955,1,-1.2775016086011,0.876095886998526,-0.0816089549525235,1,0.140773628609481
2.26886625198079,0,-0.861373205211443,-0.692968115760895,0.151302044293491,0,0.96011266314086
3.4801669590159,0,1.88698587497109,2.68180948338679,0.286264937430229,1,-1.02652824517878
8.28654321125659,1,0.704087313182904,-3.13899312896842,1.38049495753901,0,0.792577277064521
4.44780517251823,1,-0.667720525332029,0.645956605503056,-0.719604863335067,1,-1.02503153410619
2.04426426603946,0,-0.705714342057153,-0.480610133856287,-2.0388385537164,0,0.28760119306561
0.895341433315403,0,-0.920718579914376,0.192807393685871,-0.527351130718042,0,0.523462795010653
3.92834531625432,1,0.148473291996029,-1.04925616100414,-0.792470215529959,0,-1.81169399465093
1.75157072858254,0,-0.250017361132774,-0.24585186926655,-1.91087336694802,0,-0.159188101173527
-0.273750350310306,0,-0.941768954111299,-0.613729291010653,0.195251377280688,0,-0.0168048735897043
4.11842631582732,0,1.21419901863892,0.497692038896738,0.133217369348313,1,-1.16598478859182
1.70833359696108,0,0.018566433000226,0.456841757760867,-0.946696952107715,1,-0.145472473346898
5.39988809131822,0,0.757831699457548,0.730374039844885,2.14671447292115,1,0.0216554681994317
6.15909325337846,1,-0.380062699996006,0.399518813185011,1.4640487996602,1,-1.02452255317547
1.35398535953639,0,0.174948713347219,-0.0861377871174699,-0.624637239926146,0,0.524341248494579
1.84930220777869,0,1.03352330902476,-0.0963810493728022,1.33654739482348,0,-0.757599687961063
2.30208242811407,0,0.67572399543247,1.86373382233984,-1.17393037442291,1,-1.16824798870925
5.61335543420049,1,0.94128124291257,0.851283491078538,0.146820701379825,0,1.05212397768535
0.927328314065394,0,-1.82663007251395,-0.0592854618366041,2.27716067027763,1,-0.188528179356023
2.52060285192268,0,0.177204381296563,1.50066953016993,0.929886408304686,1,1.45399683500195
6.38248941842973,1,-0.191807861947269,0.451022941536234,-0.388098051011183,1,-1.354298285424
2.87651929692717,1,-0.650198710009829,-0.0995630325040558,-2.16548078842393,1,0.0926374826201824
2.43596232162955,0,-0.560696341260001,-1.02102751463047,0.725557957614508,1,-0.234299811777112
5.85821152538033,1,1.67576579329994,0.346607005280016,-0.830307381264326,0,-1.61494173124132
2.13887935178632,0,0.430534600439241,0.517299926175581,1.68069936600971,0,0.72903980684024
6.01855262449752,1,-0.144606620357246,-0.639980910158429,1.3137644988747,0,0.446353008250068
8.1287144292616,1,0.939025712144101,-0.998203710977064,0.351377191638118,1,0.304246502548548
6.3602889957907,1,-0.545496749523291,-1.32931604978871,1.41019374903306,1,-0.302687448630801
5.92903319873373,1,0.138850363215646,-0.873582293537821,-1.53596141477142,0,1.2241992481228
8.00613657364381,1,1.44686231335255,1.07104687470885,2.17360143710984,0,-0.274595337658245
5.47775273026742,1,-0.332628086150536,0.468129482172467,1.61774115014025,1,-0.805764241877607
2.24351573933704,0,-0.799156272263214,-0.927321793089823,1.22973346439395,0,0.269796183339644
5.38869025941911,1,-0.548292745132407,-1.5818156716694,0.466904617815637,1,-0.673460148314502
4.78572770738786,1,-1.05079620451942,-2.78399210945974,-0.808583405976713,0,-2.63478663720825
6.72580135089078,1,0.252662491033329,-0.936595221275909,-0.481575258908435,1,0.275335388761845
1.54011442262773,0,0.327861853995298,0.477875031833748,-0.40355415106761,0,-0.222539934706218
4.49693232715574,0,0.855672400490503,-1.19529144352291,1.35931062031207,0,0.653130311423071
6.93330754812239,1,1.80176227162749,0.305301660949113,-1.92370812930642,0,0.53890225541828
4.70569811223648,0,1.40524081174873,1.73266163127779,-0.325668059645363,1,0.245688605107853
6.55077664389558,1,-1.25079179413567,-2.16316306849597,0.564320947711312,1,-0.362846716940164
4.77897959755256,0,1.99910885447275,-0.119819499989917,-1.69904504040224,1,-0.769300451745141
7.35198111384846,1,0.139278487592147,-0.975527419817998,-0.532953963667761,1,0.66957838234239
1.66475458526059,0,-0.386669103439724,0.957784463175755,1.57926677333114,0,1.78784738653524
7.63083648777273,1,1.85563569044348,0.00494753450098241,0.169913878585152,0,-0.890074052059422
5.53015235440184,0,0.42885538447628,0.354204596046414,1.12044873084659,1,1.23373039401582
4.02301818245951,0,1.73079013958977,0.176206004043117,-0.0759696459214544,1,1.86540949929328
7.06839548118401,1,-0.0435236741393199,0.230682050535359,0.921370698373332,1,1.56647362868048
1.14945376366973,0,-0.73108580813751,0.329397305970626,0.560654327923194,0,-0.416864155095203
4.8065337977084,1,-1.96596407622063,-0.97239308578563,1.07235716267427,1,0.118947148699718
4.83354452473102,1,1.12686531518852,1.28169363205409,0.0307934272965297,1,-1.56024268098129
1.49554187054819,0,-0.888084388434115,1.52914308593026,-1.00825319486967,1,-0.259467023724555
5.50249799827558,0,0.871359260391993,-0.150879530345409,-1.35857152556018,1,-0.523972699751552
5.25936958628504,1,0.119893566616341,-0.181568669642687,0.761906154707766,0,0.886576707877338
7.79881135659154,1,0.472434944803404,-1.84093919530514,-0.423054127792956,1,-0.764158179909522
6.7604080591759,1,1.26663990982006,0.16519261489522,-0.817313668250331,1,-0.651517012431412
7.27613926146067,1,-0.485316378946902,-2.25342167258279,0.688527469023279,1,0.0892659999170372
5.09173101781042,1,-0.461533586184343,-0.203377537798555,0.391716244294925,1,-0.886533545883905
5.82050779124668,1,-0.231758337278765,-1.48901267982703,-1.15303953669156,0,-1.70873839752072
7.88122114197333,1,1.06035377243819,-0.80592313159309,-1.6788615510466,0,0.436905961964511
3.4791166803965,1,-0.474785704501272,-0.163240061919337,-1.47789646815392,1,-1.71840676192948
4.19610993292076,0,-0.175510280957715,0.52583578459122,1.49493990930779,1,-0.331065507168023
2.8687668053047,0,0.796324499089145,1.40240703340828,0.457728973525768,0,1.13771561749264
3.07671205621787,0,0.77874531585307,-0.426245303013057,-0.271607998545952,0,0.389869746438173
7.85547923900112,1,0.796802566246094,-0.212596795069938,0.521274049242231,1,0.581792252847537
5.47487872834043,1,0.0490515728363375,-0.230817019099012,-0.094504875636243,0,-1.00196748739492
5.43590915568614,1,0.762612934834823,-0.492154208159477,-1.50358606418186,0,-1.26953818951398
5.92636728405952,0,0.285993069636396,-0.307399420096093,0.873050208152991,0,0.82456713236202
0.858790577369011,0,-0.632815038152827,0.713397005310362,0.946335903164217,0,-1.21900689196755
4.59189480395193,1,1.8043844808011,1.75659582364803,-1.34168424490133,0,1.32835972451876
1.24328807488053,1,-1.86301097301425,1.56873629399177,1.40866044720104,0,0.35975015642356
2.94395865395878,0,0.845528381213056,-0.114376060875312,-0.142838869342299,0,0.0482544603042813
1.11268816467977,0,0.341667682894606,0.585612246214135,-0.758826590580522,0,0.310578494380547
6.84256958914079,1,0.0227776061434687,-0.583870739389275,3.24797626707425,1,-1.25461398506475
5.4002383989105,1,-0.611399988446644,-1.50778289137984,-0.17121166762293,0,0.481119496236423
5.71439188305961,1,-0.260526772474753,0.518631721220592,-1.69090726564083,1,1.02708547061686
1.51166482039406,0,1.80567031464304,0.367644068718127,0.0956590770760644,0,-0.949458450144037
1.3856075268089,0,-0.0969992670036506,1.59744004592723,0.610150610674171,0,-0.175542123407846
5.79100271297088,1,-0.384486699785057,-0.173505779423678,1.11728726231322,0,-0.850897465710018
5.95066371316947,1,-0.878362142505014,-1.71396796503711,0.38115389737233,0,0.0959751145563195
0.0689632312733581,0,-0.495578521936919,0.284856517472213,-0.112860727193888,0,-0.437296510119849
4.6499253424303,1,-0.0842924535744518,-1.51545966092347,-0.577040773902973,0,0.980086499864723
6.35655425142364,1,-1.357722067055,-1.11722842504756,0.605475183945568,1,-1.18094233347954
8.73509483472496,1,1.14269781676707,-0.462236253258946,-0.692863419143554,1,-0.101060647834759
3.7939438418536,1,0.0978270374471885,-0.450398744367243,0.902437123650011,0,0.041060017961923
7.00123018246457,1,1.46502102859676,-1.37722783470441,-0.378789769740133,1,-1.81334462748118
0.465603266111194,0,0.990435852724288,1.04859151359238,-2.0961341639858,0,-0.253991183222538
2.60725543564126,0,1.41438675072227,0.30555621676614,0.83033286049735,0,-0.920079170431068
6.37689833381163,1,-1.33589776931334,-0.918748616451352,-0.275816987677016,1,-0.665425473588886
9.1885348222645,1,0.579583638393261,-0.845222587052554,0.0255333921255794,1,0.712096369344055
6.8486032154353,1,-0.361821214298648,-1.22732567518176,1.61571045374792,0,0.801871415381809
5.44337202979352,1,-0.046852449651786,0.351529308690375,-0.174177383301955,1,-1.27752543968337
3.23418851108785,1,-0.599477471411771,0.880826582309925,0.236245594300553,0,-0.0967433903328547
5.51591035665923,1,0.215104493222833,-0.453966879586077,0.149506254228635,1,-1.58258025866391
6.37235366047739,1,0.0936314854790409,1.01804620900246,1.53559364633476,1,0.840055045816868
5.02427696050861,1,-2.11983441513135,-0.319211879877217,-0.309786340199066,1,-0.557926794082716
5.61224737424387,1,0.852443088824704,0.258135510658443,-0.801833900998158,1,0.98725268885686
4.83639272728454,1,0.15437457231326,1.1163642663612,-0.739814957563108,0,-1.26353542515212
4.75675264675688,1,-0.971861640205415,-0.77210829956962,-2.0972775398479,0,1.27886674754743
3.01397556825581,1,-1.10142783592314,0.11259430625395,-1.86893185753296,1,-0.60931363624328
5.46275375340573,1,-0.690244888297098,0.531562239371635,1.30201003052229,1,-0.80038137713568
-0.714945937350208,0,-1.58363492221125,-0.422902650617128,-0.0533840814902074,0,-0.445381698869826
3.28930077529362,1,0.137766066513836,0.148623992007772,0.0762112705653033,0,-1.08583567011609
8.41820160457588,1,1.50234395496283,0.399286308762999,0.230574859670521,1,-2.19548399963908
6.36564741375205,1,0.192881587148273,1.18545205531744,1.20478222485535,1,0.0121023883807461
7.17057435477293,1,0.527154734523825,0.919095331882199,-0.276830366601452,1,1.81486601205415
4.68459553388646,1,-1.48320629120238,-0.394769701294296,-0.169346865225017,0,0.0946465644703819
-0.500942267972057,0,-1.53920072330941,0.609240909110271,0.934195590398397,0,0.265254956283837
0.985364132458473,0,-0.896432886914323,1.552754323222,1.12537540421159,0,1.70340368785198
5.42305986776952,0,0.721069979748221,-0.628994863204225,0.978532301059754,1,-0.25358839120465
0.404346590251751,0,-0.884501944686544,1.41924953870264,-1.15867684625116,1,-0.880697600212586
7.38010000502756,1,0.558598525708553,-1.37066534309718,0.199074354971012,0,0.339472686701767
6.29848424946545,1,-0.218737504846289,-0.897031020178635,-0.44726207937631,1,-0.0552073286185039
5.20950586433207,1,0.383623482386597,0.137112823194629,-0.451920985640524,1,-0.31176012150149
4.93237255027766,1,-1.03912011024684,-1.70437576028005,0.28557700622064,1,0.234988601367927
3.17899329891221,0,-0.948992248570827,0.320308058794637,1.54504757675523,1,-0.287350108570552
1.59728475235063,0,-0.104160953983452,-2.13104361809747,-1.71829601970729,0,-0.785545949679426
5.57654937902111,1,-0.208711102723908,-0.742451433401934,-0.838670493571389,1,-1.71136654688692
-1.25426299597138,0,-1.78873019525217,-0.951941765720053,-0.0258026434547176,0,-0.967076151365992
5.06009530711513,1,0.537084421086505,0.9339879197246,-0.382778175177067,0,-0.707630362032266
5.625081407207,1,-1.94969607009284,-1.09948288223523,0.850930831269339,0,0.276820012394274
-0.306539387913607,0,-0.415234461553216,1.29711010122401,-0.199122127224348,1,-0.242101114849881
7.08644259074155,1,0.0551296705930179,-0.811869011460113,-0.476712631104831,1,-0.751968660837195
4.54657376340915,1,-0.701999719088772,-0.338192213747675,1.41342071773614,1,-1.32662807450544
6.40853940432859,1,-1.40383903257398,-0.829080141784422,0.932531256986277,1,0.0360709617873748
1.2102642728405,0,-0.398823930892521,1.0766521816494,-1.01549683212197,1,1.13614693290806
3.15620788426518,1,-0.110421799564805,-1.3278948055111,-1.7762186301247,0,-0.773993210652118
2.55115814580348,1,-0.924078451273399,0.739907498461063,0.234330483252677,0,1.18487926292878
0.975724112558534,0,-1.35724300041576,0.976673150622898,2.40048630306187,1,-0.64288433028754
2.08149298491028,0,-1.19460448275129,-0.37681524864787,-0.491308837336571,1,2.50987398917659
2.31535453984857,0,-0.528487779287787,-1.30089125498605,-1.38466306172485,1,-0.40587881815363
-1.12924693967863,0,-0.45262688672095,0.725204344924953,-1.07340794199321,0,0.958272247890353
6.69077423659847,1,1.41948519316134,-0.970320176942339,-1.32639373872483,0,0.474715797385102
4.22775539717814,1,-1.28568114451572,-0.887412359318331,-0.346551727663089,1,-0.153085948146085
7.28632182194521,1,0.381148939361978,-0.686216777211002,0.968567059976137,0,-1.07995195381773
4.35272393955972,1,-0.417468601097774,-0.934156876357403,0.310528190885888,1,0.26896770332765
0.734912916630923,0,0.092861420787736,1.65832732814445,1.02525679924667,0,1.01871604052511
2.61496187019711,1,-0.663584535776221,0.614131653946908,1.17254010185089,0,-0.126024676261069
7.54746174454665,1,0.802827389507556,0.338641287474492,0.239679202267322,0,-0.228079861940508
-0.267262255338388,0,-1.70308264539455,-0.576008960512498,0.358911300443301,0,1.87941420547248
6.14920244470146,1,0.153907072564843,1.05067558510226,-0.971462476042137,0,-0.820610483936024
4.14240400727686,0,0.0260754999213632,-1.01644723113006,0.665368670209857,0,-0.295204286828757
9.50318783062782,1,1.05586337908511,-0.210170203015396,0.0823020794803028,1,-0.58981283524476
-0.708795847244818,0,-0.224467114350504,1.10298560260448,-0.774157497495007,0,1.83449496027623
7.42348070640039,1,0.496596389373037,-0.933756564769499,-0.341511409153307,1,0.985023038630721
5.1707099778768,0,0.399633954636834,0.0373396617812627,0.208418605076577,0,0.346881796056847
4.33111774507283,0,-0.646912750685488,-0.769076145758471,2.42085837407582,1,-0.338348818885776
6.67321776404942,1,-0.0837627647875345,-0.387566229908299,1.28117370200023,1,1.21159737246258
4.95229712185434,1,-0.133621200009519,-0.0538397421329862,-0.916198556645638,1,0.762971981749479
4.8924943396744,0,1.11960385547419,-0.188542475976531,0.654384936126375,0,0.383767458154254
-0.474648775584747,0,0.239220972582604,0.965698413257635,-0.879067844385103,0,-0.124258945832
7.20651529857035,1,0.290602215857855,0.625906596890689,0.578914765751469,1,0.222488169502522
5.10469322843985,1,2.34360141841864,0.817892823041214,-1.24963375411121,0,-1.79076855554196
-0.170604238346787,0,0.4162981123864,0.846438126417034,-1.42867388187052,0,-2.54904161590357
2.41665437414191,0,0.362481077869282,1.33169732315778,0.181668431619455,1,0.610946635234321
7.77536535026874,1,0.531682625476121,0.226968255002824,0.917750748735086,1,1.43177060531758
7.22524434440529,1,1.54804223833981,0.65350981979275,-0.926989132896599,0,-0.61530373403249
8.65611090582443,1,0.961488300605771,-0.340644344731065,0.94740001114215,0,1.53837881345622
4.12018540193023,0,0.338436178606463,-0.115979062343394,1.24520173309829,1,0.702268187296494
0.7842929177726,0,-0.610953004269112,0.535850478938863,0.657146958722631,1,1.44903642445459
8.58250595544644,1,0.357052050410198,-0.337686762629956,1.11750860737188,0,1.43864117603819
4.92691314521023,1,0.141508679877188,-0.374418781703754,0.112077737052975,1,-0.290186083463062
1.14649988411033,0,-1.83629134377865,0.272783555184757,1.74601902511469,0,0.522104364523693
-1.50951217098081,0,-1.54103104639384,1.53591780168055,0.945330258814887,0,0.16198014830066
0.0266329248409875,0,-1.79438286441787,-1.39188968640531,0.20915938099315,0,-0.879281637206809
9.51666616267768,1,1.41451490845874,-0.471635008527422,-0.587103808157804,0,0.299118103764146
2.71790817511483,0,0.618337891760976,0.381585018084879,0.180185255608757,0,-0.414070363401175
0.549142395688418,0,-2.35045538719928,0.319341086263141,1.23020512659227,1,0.878041760045371
5.94460850925739,0,0.467031586094115,-1.41476618244951,0.66230775545463,0,0.434534425472011
4.76540782896608,1,0.0638319381435125,-0.739714251249943,-0.681924463915033,0,0.0991288338888999
3.37144438707235,0,-0.256260441820274,-1.12173115267717,-0.819868994795369,1,1.39640713175494
2.39780758762958,0,-0.74452203825337,-0.0455645969922295,0.53628060461409,0,0.490300252106262
3.48904501195783,1,-1.26902527654423,1.31356314065774,-0.982289244704394,1,1.61762327744314
6.45528571530397,1,0.862628007930791,-0.00158204230492996,1.37242554829105,1,-2.32438268900539
4.83932742972178,1,-0.576934671897016,-0.212091233815896,-0.0455041489403703,1,0.770723105045848
2.93529899154407,1,-0.13226734829003,2.25347500925588,0.192784346361948,1,-1.5049760839965
3.01368606511387,0,0.586828100587993,-0.60624713210924,-2.1822274243906,0,0.529400864149855
2.75054428772785,0,0.535000276997602,0.113822755103304,1.30809643997292,0,-0.913110449483153
6.57646888951665,1,-0.393409936967253,-0.334740454208365,-0.367017437519287,1,-0.109537054271339
7.07586696616182,1,-0.540609417209361,-0.907281697378612,0.826957372387639,1,0.255277144261771
1.2977294550102,0,0.259450915234582,0.605857718423735,-2.05058792060247,1,1.39141441044848
1.30246653092314,0,-1.17827876100886,-0.522815844166493,0.541714471077935,0,0.00962830193095711
5.12341427436119,1,0.306138478548671,0.850439392709796,0.362989017619705,0,1.28879517380125
2.80584603266758,0,0.173481229120353,-0.408036071471018,-1.59157982443386,1,0.715019623072396
