"Y","A","L","M1","M2"
0.398168820022995,-0.88351482860496,0.235220711613698,1,-0.142639954714673
0.77009389451279,-0.71912712478258,-0.330735871626691,0,0.652679876815306
3.8806394727877,0.560188728018594,-0.311623823978762,0,0.456789907573141
-1.52336731590255,-2.24930792804401,-2.30234565842938,0,-0.0887455311557857
1.96892344652745,-0.915506929050667,-0.170876044613865,0,1.7246530815294
5.38490585861247,0.993310069524446,0.140278225103231,1,-0.789168937187982
-1.24382408440891,-0.60034495814184,-1.49742665556512,0,-0.213163364039854
0.917154974039703,-0.0681729400504373,-1.01018841905138,0,-1.87702671363577
4.90757952971408,3.05859739307654,-0.948475604952447,0,-0.024360974423069
3.42100734823987,0.714342395948507,-0.493962217235108,0,-0.288138514997646
5.16430231651423,1.60078145981698,-0.17367412797058,0,-0.448665428686357
1.92432984095921,1.08794905115577,-0.406598780040652,0,-1.48912428343578
8.90227389938757,1.1862507031776,1.84563626380708,1,0.356572603383271
4.38344898091704,0.139404865069796,0.394054109974501,1,-0.0534913127394533
-1.59500968350322,-1.75124073675316,0.797528501261517,1,0.858237618656937
-2.63696350491604,-1.50496121386528,-1.56666536018558,0,0.326831631640775
3.82909913632415,0.541973180843581,-0.0858510088226061,0,-1.20641516356085
2.61025177464116,0.29872143818501,-0.359139481237783,0,0.492978029653619
1.375911737014,-0.834058787914741,-1.19360896656373,0,-0.260693307744398
0.94650226765573,-0.588691121834723,0.364186737022221,1,1.55065272140699
2.86941685319496,-0.277190221810113,0.361662451588275,1,-0.875597518774449
7.87809864093707,1.55176147844613,0.346964370113566,1,0.596402562635751
5.44987977855462,0.776454185278381,0.189736526689275,1,0.306082569334234
4.00545260818058,0.715120134353222,-0.159576805538779,0,2.54107644950066
8.82812124021144,1.11695587977444,0.326549238431867,1,-0.74601858011813
6.8960705226098,1.552285131375,0.59825420239349,1,0.0965536951213644
-1.00187017016077,-2.25266917199477,-1.84153430006245,0,-0.0481658925726933
16.1876139748019,2.67077364144821,2.71805559954175,1,1.60615278914553
7.52434385375941,1.81146301404555,0.191244390457294,1,0.63463589502794
0.824685940020591,-1.14331921791927,-1.30129606527832,0,-0.293571386189786
-0.850781734201448,-1.44493374999937,-3.11321730129512,0,-2.20991993148127
-0.516672788491024,-2.71189291128729,-0.94135739527934,0,-0.53411033938872
4.62068064188339,-0.103069936759114,1.40025878166735,1,-0.680664960764772
1.18104488903272,0.89674563413377,-1.62047002834908,0,-1.40176069848595
-1.24804372867969,-0.41566668083937,-2.26599595710602,0,-0.278867464790424
8.11074789243839,2.02398068333253,1.16299358918063,1,-2.069488451594
2.22541888718144,-0.772740420798442,-0.116155040696488,0,-0.732427978033836
-2.33253688900184,-1.49771637890529,0.334256009374765,1,2.39311451924122
-0.273590632529784,-1.88456834000646,-0.620858106369138,0,1.05764037392011
-0.208613345493306,-0.892890582903722,-1.30984490848087,0,0.942714189532099
2.87686761165792,1.39213501594963,-1.175726041705,0,-0.432461101202665
-0.709912010640935,-0.940223481623788,-1.12121553281381,0,0.274329164369656
0.0520344285544204,-0.14774781747826,-1.36190448365479,0,0.388207871118157
5.9459745812902,0.986977757014301,0.481124578468714,1,-0.127923293687515
6.13558733843244,1.33566360089749,0.741971625532911,1,-1.11960402271142
4.10685823347675,0.278167484124751,0.0278246252153275,1,0.673734035195671
0.897670279518831,-0.683700561100095,0.331379710818421,1,0.79702944737964
5.908401676301,0.586509466536253,0.644114131991377,1,-0.40372366788705
6.37176046389222,0.253988888135078,2.48566156143796,1,0.917123013294775
13.5690485505462,2.36841713555918,1.95998170769623,1,-0.209329657515257
-1.47077403560778,-1.0027201567101,0.19166338489197,1,0.163114319656486
9.53206397902983,1.25165554907682,1.55254427210515,1,0.836787893445666
1.41063620860856,-0.548648170105877,0.914242286889689,1,0.161373531597118
-0.895974864437412,-0.873268175143474,0.358625374801395,1,2.61904516315379
1.32012020304095,-0.674982172040804,0.175095636090836,1,0.663776332714841
1.33794909837261,-1.09267998851962,-0.847267768953972,0,-2.05634096247537
2.54233028584202,0.0170835775667518,0.978231657400864,1,-0.902295810541898
11.8573918350614,1.74280950465787,1.80586825914887,1,0.970991244719405
3.26883657697038,-0.138300495994544,0.122914802352916,1,0.224026909703361
1.40579300664765,-0.333699001251429,-0.1297720262759,0,0.311523126910963
2.45236343378971,0.479940276629131,-0.216428659149337,0,-0.594505531720676
5.1024245854568,0.631655884864862,1.44647816735024,1,-0.13098745675152
-0.381972026795268,-1.29663508499301,0.409709801556001,1,0.650379428488497
3.8243767697211,-0.370139511832129,0.910916571988728,1,0.13087182464009
6.92211593048284,0.622490469957495,1.43035816657513,1,0.565396939121241
2.63983316520501,-0.60454145524159,-0.381291955622273,0,-1.11983999279456
3.74530490059192,0.508800574556326,0.202307176881315,1,-1.70592941519608
-2.0155491991129,-1.70513850845514,-0.806199194081451,0,0.429981768715967
2.22589351906574,-0.14639461661009,0.294634183706975,1,0.408009095377541
3.46841526470336,-0.023810139692185,1.40488308312069,1,-1.28321580534521
1.90535939941667,-0.7509852145304,1.02376684645418,1,-0.142395382984818
0.563051741126973,-1.19711395889594,0.476126064485472,1,0.451343094469276
0.112792390951652,1.33469866531648,-0.670330329898876,0,-2.26916900759041
2.79178200606627,0.181316186692348,0.159234321208676,1,-1.54849681833501
4.06258879782609,-0.989056793316161,-0.382715383134029,0,-0.537956522944915
6.13643447917423,0.245695943716858,0.935762593244525,1,-0.508659713760844
-0.283076268199274,-1.1468640096893,-0.631532267741634,0,1.07464597272586
1.18765249359359,-1.81472536347259,-0.0983060774786364,0,0.145919117534305
7.91067118037567,0.968134826115161,1.03198498311984,1,-1.46965196206161
9.77356503041744,1.34099890973153,0.387808429457905,1,1.06023602618692
4.14340565838447,0.483750361022398,-1.25612931333732,0,1.50577867187492
-0.986177226827139,-0.852209694616852,-0.786952730090235,0,0.745095590138807
5.95593330194404,0.918252288308463,0.429811548667884,1,-0.541748149735823
3.71812894112489,0.939890829236138,-0.37641621920597,0,0.623357991493437
-2.59382777670842,-2.38873599622867,-1.21622906636522,0,-0.0641310530427005
3.8695551411772,0.164227193224434,1.02927851411841,1,0.387959916062877
8.32641397863768,1.57601228570998,0.430396999024907,1,-1.44341727836117
1.45675018608065,0.5226893572986,-1.24557402009338,0,0.195106187031047
-1.08091190279345,-0.24578406616395,-0.602728486487283,0,-0.151294230911115
1.15072865159276,-0.707316940475228,0.660069387382248,1,2.30215931685483
7.68319297104274,0.524952122427309,2.05074952611361,1,0.462076851671799
0.456737895063198,-1.15863129935288,0.490808178818426,1,1.63990877067548
0.390456340868375,-0.688858211839144,-1.73147941878002,0,0.53785681492095
-2.40764648517098,-2.36118461488416,0.71088365940818,1,-1.38749630044279
3.62620128771768,0.0883332900829321,0.0138229114622208,1,1.76279656150249
-0.032097335299848,-0.256712716965894,-1.40104159736621,0,-0.140864737936054
7.35259677460002,0.4200448686459,1.25912366544167,1,0.519513119686334
2.0937817470694,-0.239483655266385,-0.127477518375642,0,1.48423774863906
0.922251882090338,-0.525776055385266,-0.729386513651465,0,2.0005915724259
1.82177398386209,0.694097579675168,-1.21136136021004,0,-0.256000838228137
3.06447482856158,-0.044731040041951,0.599619744841827,1,1.60519996075556
-1.93505092345789,-1.64325581027671,-1.16032952722025,0,1.65165228907591
6.47091746425786,0.949937392631806,0.439093434435602,1,-1.58928159524979
4.95403607095714,0.345593072020535,0.204853736631967,1,-2.07684164137568
0.694703544411723,-0.0500356669649537,-0.699181340101498,0,0.521698551796854
3.58776585721329,0.363845493183845,-0.926625676673078,0,0.770596404467428
0.491084540824675,-1.08253940950959,-1.01348237524073,0,0.0863680472250626
4.56274379252231,0.375861491170957,0.604987059771553,1,0.899575259875117
15.4977545790231,3.54103653017548,1.73440013278809,1,-0.212972473640658
0.494691680454874,-2.72940048696907,-0.349850530637584,0,0.339128097344577
3.37936795828745,-0.173100940304731,1.19918550882917,1,-0.146281421074031
4.30926707204039,0.0972455431550051,1.02390099805067,1,0.91093486041255
4.7340172426812,1.46366086165524,-0.0462751493457263,0,2.001937237892
9.21286587828823,1.52955121395209,1.3865084257746,1,-0.428180014796454
-5.21551428861839,-3.40673596199034,-2.19527271893927,0,0.373824646563371
1.24431361676701,0.154720782577727,-0.127556912959721,0,0.244714078144199
-1.68153391262975,-0.307276682512014,-1.31699684187755,0,-0.0804014930245349
-1.83371294919664,-0.86961596654333,-1.42693514077612,0,1.62513183583387
4.54955018425965,-0.0217413567930783,0.879441630777448,1,-1.11171858578266
9.37982005424477,2.18493872692363,0.393991575061551,1,-0.82990569690419
4.07352677480582,0.248207201165515,0.688925483808324,1,0.750940685989174
10.1884324797786,1.39762662300047,2.35371650147812,1,-1.29285046523346
2.39008079872383,-1.33450281909891,-1.01509767142568,0,-0.0676808076007506
2.573928439397,-0.710392235845673,0.29097752030344,1,0.874049300445724
8.03308872838793,1.62498021254239,1.5653260791163,1,-2.49183891395951
0.0015951002310568,-0.2227304649787,-0.847118368392685,0,0.948597077397742
5.60253127640729,0.0147741221959409,1.32766015821886,1,0.0828676893327494
11.4816297618649,2.15092015688453,0.477046331297495,1,0.42939368310215
6.31658521286144,0.82725232383062,0.185250936701998,1,0.181612588724139
6.03255546481981,0.646016560510756,0.253294888269178,1,2.16146089284018
12.411966801678,2.15721193514279,2.59222735059808,1,0.149999243560492
4.3468967776505,-0.017057165260724,1.0743469927976,1,0.660844760869576
-0.116988070313422,-1.19971319284803,-1.59690189232843,0,-0.324868036977321
0.896942757806278,-0.416791235634487,-0.08758859634284,0,-0.598976090812004
-0.280873385820382,-1.01903928455749,0.360767590473571,1,1.12352788809052
-0.0616070851290265,-0.690144805210317,-0.879959981390249,0,-0.160300644218139
-0.947689403706765,-0.334133189130153,-3.32333496463735,0,-1.21471324134022
3.11080009069039,1.41814446640227,-0.467515453104074,0,-1.1946558590013
4.3173266386631,0.419942457980898,0.431540265686064,1,-0.148504680452112
2.26114705351156,1.54603128830307,-0.603989453839598,0,-0.737738498398282
0.462470227639704,-1.06241425095187,0.674446692727869,1,0.779163494592299
6.30128762553362,0.46273804678604,0.635920535815115,1,-0.43734265908931
4.34344911372055,0.859047832581418,-0.6129703875966,0,0.684299007633037
5.77069853990844,0.715679527846474,0.414891345420873,1,0.51104142685972
4.4641984627589,0.523532806242985,0.87734337263099,1,2.42291836220975
5.63142416842633,1.4836494095949,0.0211575826150346,1,-0.569755882486313
7.54062735752067,0.921389668490222,1.81038329471412,1,0.219232148372595
0.0103551412255983,-1.45748794924749,-0.452095704176033,0,1.60939251257385
1.49570159478862,0.104274852010409,-0.125123985524671,0,-0.272207618405536
9.43963488547058,1.39201515481636,0.766800416430955,1,1.17127752167289
2.94117162670272,0.114818384924018,-0.0915202609179469,0,2.00179417441047
-0.127664930121177,-0.447500301130457,-1.87430580949677,0,0.600042365524512
-0.369253482118278,-1.29988045259113,-0.664162017642437,0,1.63550610653216
4.6998325407645,-0.204388138027454,0.203412817864451,1,-2.98254657848873
-3.23418427562872,-2.0605375384571,-2.59444339336319,0,0.127125813677785
4.77071697084096,1.47558160263183,-0.0937339314326884,0,1.48872105789798
2.83810028219497,-0.525476525521342,-0.42731991750986,0,-0.527301503310849
1.92602721745872,-0.717107320418135,0.442979277073699,1,-0.176639195209055
0.947373742055349,0.674601358600377,-1.18780792537667,0,-0.111992414751803
5.98386024438584,0.962971266677545,0.626425473400949,1,0.131515511095275
3.81731902680059,0.159261077631469,0.361646601426292,1,-1.69825969703817
3.85686089994862,-0.528188865909447,-0.472960579074293,0,0.813949994941924
8.61648206541878,1.56064792750483,0.944893702291134,1,-0.0400263808505697
9.88434149916163,1.41265163070364,0.906402247532177,1,-1.06525998489485
10.7652609065402,1.75707156460936,0.471773704653551,1,0.870437324621598
3.72646777728553,-0.474542088909379,0.389499930452052,1,-0.273334601691964
4.11612332834456,-0.0423123984891182,0.521940267341663,1,0.693428192106318
11.3735797192425,2.08365213999585,0.904452839801686,1,-0.309072951603163
7.87036192210477,0.566903678090739,1.69679092635824,1,-0.936678297554383
3.85300601154075,1.33778654235137,-0.884337435337159,0,-0.00107451470022842
6.67500409851487,0.26748170757053,0.856489701469777,1,0.581808922811665
5.27115265915976,1.16297725506629,0.174942450574153,1,-0.405226355097454
2.40059877612677,-0.50378576840479,-0.39850496200257,0,-0.296522908981929
-3.49685762318504,-2.0095891600881,0.275202562394104,1,1.74752367972678
-1.13434535019456,-0.382054731126499,-1.26871879906914,0,-1.3577805721702
1.52079284843743,-0.14082745886382,-0.0100813289857133,0,0.988741252145678
7.56804588178715,1.2169123470339,0.653401724502478,1,0.206380675246859
6.4173856246199,0.604997094515603,0.0985799794940007,1,-0.0716958196431652
7.13444485366273,0.518758614288752,0.902616941324951,1,0.108708807253173
0.356784579195527,-0.7241686673277,-0.519897495889219,0,-0.74049046106032
1.36561160432753,-0.49023733299565,-1.29349097974465,0,0.127923199145654
3.01924183289615,0.615149251619505,-0.0468977104387991,0,-0.632875544324311
3.71083638178518,0.775466283109129,-0.634996265894026,0,-0.453776542311066
2.59387943152336,0.717885590444471,-0.217702271888753,0,-0.726100366022478
-1.18789474615995,-0.971395630969862,-1.57484166313679,0,1.15750719582286
3.783541684696,0.938658115421336,-0.277503151930296,0,0.0223338887817987
6.17457869819696,0.860830884828995,0.550292207500562,1,-0.0532960729045647
-0.131756734714478,-0.408114056172861,-0.610946617050162,0,-0.0102200387137593
-0.545131098959663,0.110765697317044,-2.13486545165556,0,-2.67815410606989
7.2082321182539,1.29554264990257,0.699277437883826,1,-0.525365715478826
10.1068308543723,2.81744436889535,1.07719596695356,1,-1.61523435869207
5.20601831528664,0.0677654289553619,0.867918157302513,1,-0.812400034203534
4.58336599396278,0.839580745401067,-0.790739378535982,0,1.94155443313486
4.63693257553868,2.24988045980937,-0.10933017366166,0,-0.722411681171046
0.45892722985565,-0.927028626853622,-0.930350061060798,0,0.782521780362734
0.864722972541895,-0.122480608911966,-0.367121264652075,0,0.330466187323302
-0.857830558724302,-2.26927812353532,-0.8929143087506,0,-0.077085976104689
3.59914563002602,1.19192791663402,-0.357772808042799,0,-1.19715376869518
3.8446739873886,-0.650791399786289,-0.26746212397493,0,0.849736198907957
2.84036087766529,0.47414139689363,-0.311919498370216,0,0.410215369209058
-0.0177194597190596,-1.54451703748491,-0.298699732350819,0,1.28960027568943
2.06878325345951,0.706641461314494,-0.593535614205127,0,0.0924541581579645
5.15077238645891,0.219982934855435,0.826703839100183,1,0.743643969611721
-1.43330443185645,-1.13743446760257,-2.16140641596862,0,1.37417179406134
0.890081142946676,-0.971317956971579,-0.921042492750423,0,-2.1916163029702
5.85566575807709,0.258717977860162,0.517163069831032,1,0.151963002920626
9.91288430691503,2.62681560198492,0.236863388154827,1,-0.632407900457419
1.66638893563648,-0.238663393669871,-0.706877224447682,0,-0.532274383243311
7.94946157816033,1.11978211236831,0.818938658902058,1,1.58925564267419
6.16921703836405,1.53106996090948,0.110031069477065,1,0.767697456652755
2.85351692262869,0.458803079009665,-0.687460513749019,0,0.292714929444968
8.09118256041246,1.1228427806643,1.58060254199461,1,1.5179857542645
1.20983147561552,-0.78273311286693,0.344154116514183,1,0.418015188417669
5.36699014305072,-0.287375002728824,1.71047726426708,1,1.61203465819683
1.71697768716648,0.105026038641516,-0.110721968671133,0,-0.350075099908629
5.87072302731582,0.0805907768022183,1.55164613356601,1,3.19618545044095
10.3713782051209,2.30079019050765,0.548561634536837,1,0.0339510135662851
5.42874866120604,-0.287436085784327,1.35698443056714,1,0.0421800905703727
3.11318658582242,0.45882084300159,-0.410115501832514,0,0.340019472972423
3.5671389149002,0.233271241728045,0.106193236893516,1,1.81877668926033
1.57958315581487,-0.66844995451428,0.288180012014711,1,-0.931446647862847
1.81436294297572,0.0231283656244317,-0.297196512205961,0,-1.54615566769364
0.168159529668319,-1.67490464404508,-0.16241430076658,0,1.28371875456959
1.49892962631644,0.594034334429275,-1.66964325616785,0,-0.212539517142249
-0.888001593940198,-1.78466713598847,-0.542785262204682,0,-0.13081719370715
1.49039749545258,-0.448909261251728,0.0688420205291046,1,0.328634666750208
0.689683107752408,-1.18964976004956,-0.456835085720061,0,-0.197378425387014
3.620675325793,0.427394494637869,-1.08651827074916,0,0.392824526313996
2.33549266531837,-1.22328750719615,-0.681441810261088,0,-1.20209824082377
3.2693551510808,1.45722100700149,-0.21035889031839,0,-0.864218809376316
6.08806675287259,0.515669186526234,0.491107395907189,1,1.2376229954587
9.82930057651195,1.70198246340194,0.818066552738947,1,0.358178883371757
7.85145462049476,1.14797721725784,0.0989962802754192,1,0.14297067905006
13.5840983541643,2.82016626537105,2.53333410090968,1,-1.28040507033155
5.17989142536436,0.161191951804716,0.847856847729228,1,-0.710110557907528
5.05964482193836,1.40353402686297,-0.202718603479748,0,0.683136346029461
4.33471959610265,0.467069095281326,0.316542035115095,1,0.477033422611475
4.9369746060612,0.289889282049952,0.819411777618995,1,0.805971947034332
7.41470873993347,1.1701820240174,0.427625245154347,1,-1.20190131736565
3.20718027156288,0.0563645372398724,0.914897267105819,1,0.557768691958
5.28649174661438,0.15770497884087,0.949622407349097,1,1.07185921809006
0.321515747417128,0.0941331893973976,0.023592472583806,1,-1.85064652100015
14.0733321022692,2.13737272027545,1.74638087506052,1,-0.255282109191666
8.43881716715841,1.07898389691998,0.688408882333011,1,1.33028460541146
6.4877400438762,0.577520050128519,0.335241583118977,1,0.665390373216075
2.50690411835928,0.290265128259718,-0.186711485251211,0,-1.41317463906665
6.18787193051247,0.746205370023397,0.0266904489920433,1,-0.932548666187155
2.235389584253,0.676475780789989,-0.651630850800417,0,1.68071686913774
0.442584594986688,-2.16336481652314,-0.520016737982008,0,0.25192572833922
5.4683104683075,0.696054297226028,0.524230138891822,1,-0.211503229077096
2.58541993520116,0.255819159839572,-0.968509365388116,0,2.51844137814214
5.41584361016531,0.333208481284314,0.911933140046933,1,0.637279509394322
6.15529644438473,0.998433437331467,0.0928325972602547,1,-0.867930905287705
1.92045782143109,-0.954031473525408,-0.532930897557154,0,-1.93142736066852
-1.61370787431719,-1.32732941963266,-1.66690551561081,0,0.538883836726234
1.86091291409867,-0.94840613974228,-0.574345490354174,0,-0.579371795574452
6.83614880047434,0.84630988955444,0.745013128124539,1,-0.175472730519704
6.25391314418269,0.393901115784513,0.72558962822977,1,0.944787447014447
2.10851543659247,0.0281045795157465,-0.786301031708022,0,-0.290141310943318
0.100365402251267,-1.21509723105607,-1.53289189668678,0,0.351313469188922
1.79736353621517,-0.428820872454919,0.778913125974403,1,-0.907073375858658
0.604045987879864,-0.422730976016069,-0.812205755314031,0,1.02250692931383
0.38466288011279,-1.16638603128159,-0.877244207964512,0,-1.43170835665056
3.90619491939146,-1.0302378670542,-0.0780710713805571,0,-1.58937082796216
4.78405766375033,0.434874765901047,1.20665173929901,1,-0.903558031966541
3.26224127313611,1.05728066949539,-0.0149030972170777,0,0.401401267862317
-1.42233602058867,-1.60275494496658,-0.975425851214804,0,1.33972939942044
1.08007917927905,-0.978709276818214,0.486317091650899,1,-1.84486072426586
8.50168743666566,1.84448386133787,0.378129066053436,1,0.268878439304134
1.97984479887439,-1.25188027565239,-0.144207879529667,0,-1.58751668277985
8.28249430152841,1.01324510584984,1.28011618685587,1,0.646957520874354
9.8086139420917,0.103481120548225,2.62117311234125,1,-0.72105360316223
6.54894421923594,0.842954081982323,0.759605755539568,1,0.919264061651884
10.0561058541582,1.48362773357025,1.08881315904107,1,0.610919067743666
1.48478219140195,-1.08089370132598,-0.302216637659749,0,0.472001415564758
11.8676550504034,1.3018661031051,2.61462573464379,1,1.4773484954836
8.1323057666315,1.16467207970507,0.719864590001654,1,-0.612069161640725
3.08035188432047,0.562400090035664,-0.909858046448242,0,0.953422276664254
6.56744911387088,1.29561132534365,1.08953518866987,1,-0.422875181548157
5.55217510776225,0.435878846507008,0.363195030671546,1,0.814887926328382
2.09515793245229,-0.286325918972991,0.395034487987832,1,-1.20183604547267
-0.0866153291202806,-1.94112748396607,-1.29941949422705,0,-1.37409503864196
6.84387298990374,1.09914362136933,1.79589941456295,1,-1.27179511496806
2.52723359716661,0.49394866913875,-0.596681688027602,0,0.544379042207212
6.1096491108099,0.11218590016132,1.35747463480321,1,0.181001230764216
1.69343004893886,-0.814497888724744,-0.910626230494239,0,-0.75451653376597
-0.314809271437387,-0.832554025175423,0.240325586016053,1,-1.06526932484558
5.72347576985998,0.319560043908099,0.470157837351789,1,1.15535540063356
2.23079022011604,-0.71525460695975,-0.16314431433275,0,-0.616547448873992
2.91664576172949,-0.219720429985869,-0.207730536625108,0,0.528659539197944
2.73731397815979,0.140775220799658,-0.687085114112732,0,-0.169530715908437
6.15076955277698,0.940669240530118,0.233025548701615,1,-0.558848206333867
2.51178384414715,1.38059507030374,-0.0741774111139945,0,-1.0666079079007
-2.07225925303032,-1.48757581092527,-0.736647415832859,0,1.60349781424973
4.47980787076517,0.317639527670879,1.00702837555917,1,-0.305696187102268
1.28951406632408,-0.0363553919423195,-0.598617286667681,0,1.02787106700636
2.5723283793185,-0.748683571130031,-0.659213138747421,0,-0.158931473698809
2.93197507326319,0.340491856959245,-0.515515378372978,0,0.310068058685995
1.04209080912226,-0.743685155914914,-0.181203890129037,0,-0.377666479793294
1.76184719215815,0.356112707612414,0.0139131497835155,1,-1.19379112707821
4.28987747777136,0.5684227927139,0.143130889663615,1,-1.33033102871901
6.13774673882376,1.05980833884998,0.363572813637784,1,-1.12304272108725
2.08637203230688,-0.654786635894089,-0.199131447592461,0,-2.61653236893566
-2.17382298159744,-1.13759324971684,-1.85004729366591,0,1.27834823786102
3.99836003771909,0.582403870866143,-0.159348325931894,0,0.912613774482013
5.16288299230172,0.372000342533834,0.563613808121309,1,-0.691055966144142
3.29793913162948,0.319881644400693,0.546829810770827,1,0.00220040038434589
2.34212078867818,-1.17705751526305,-0.0428893607251726,0,-0.166024772708248
-4.32802677175963,-2.37470260684044,-1.53373010981288,0,0.27949576223367
5.84069520115079,0.403742440712294,0.938391119233008,1,0.977326290549072
8.15456914723507,1.15859081056471,1.31158512784772,1,0.702501766775074
-0.82868605606297,-0.281911962510112,-2.29131129409292,0,-0.40333227983733
3.21864085750922,-0.318927587609362,0.185924373980695,1,-1.74082443251336
1.23505904021127,-0.947840036225553,-0.698666542157806,0,0.182948358962113
3.43099815475003,0.466833225187537,-0.0259327651340665,0,0.40503011115908
4.6882358592013,-0.175973221396903,0.849230059562708,1,-0.306927699056759
2.43986901713963,-1.2744967279628,-0.377625675380189,0,-0.833217091953803
6.84888681774224,0.32209759377685,0.374303787200935,1,1.3041571735414
4.29730787080298,0.39722404368439,0.559355090553158,1,0.209996829291623
3.70325398335197,0.369661807777353,-0.00182669900000447,0,0.0208724589517775
7.61525852889109,1.17412640687031,0.181873234515982,1,-0.487301089164331
3.73875654668371,2.09053512157832,-0.259030459714554,0,-0.112414158802482
-0.218481639467597,-1.69813068376796,-0.568008105116481,0,1.54505405670017
-3.36606887119185,-2.08534331217013,-1.88792728654517,0,1.55145074703078
6.49576250780783,0.705438403789326,0.121965046243069,1,0.798717113770587
-5.30175465023544,-2.99087493884889,-1.86422985303569,0,1.31228029418946
3.19891532539298,-0.398495166570313,-0.226379389447867,0,0.73728806979599
5.87396518159132,0.443736065354308,1.03127710123977,1,0.519576336944749
5.89199539661519,0.92411496225754,0.149580694683553,1,1.82697163149216
-0.232193285948273,-2.65141493455425,-1.3594564013302,0,-0.285597298725229
2.36515234409787,-0.586285674077405,0.365845185139431,1,1.43378423044342
3.71470832291188,0.410107371319202,0.283184384444762,1,-0.202512949776103
3.49770135602947,-0.844465276638077,-0.394214882327351,0,-0.209146607042501
1.924251891893,0.298903522970771,-0.722960367908253,0,1.32002101806975
3.79480488422585,0.158385277671882,-0.422963826550047,0,0.797618320082889
0.979261550472214,-0.891636878876703,0.160095484295766,1,-2.53325100767166
7.72375281307379,1.07309298518957,1.59036741983679,1,-0.65150683395421
3.13521848429665,-0.686878013784041,1.48149716049795,1,1.42988621582694
10.8940699374742,2.62118664823689,0.0192913637161258,1,-0.514742704735175
2.64007142017405,0.243534123570071,-0.755935662146199,0,1.38021106046228
3.54663807613562,1.16048585274161,-0.702996504480666,0,0.672716934455378
2.05615657099252,0.051918598529794,-0.345688650225492,0,-2.28013561257282
0.134787510711553,-0.958844294063581,0.806738851385091,1,-0.199380347249108
2.95137893923612,0.239058473610811,-0.212026192103133,0,0.781009295403764
4.44311636284717,0.464519208759574,0.32582772092759,1,-0.609180213684108
3.85638230398056,-0.113094732439814,0.706411670678152,1,2.55407387333985
1.14005045470534,-2.25239874077135,-0.791415964681333,0,-1.35722644632466
4.59014382519777,-0.0671765520279147,0.502089207572256,1,1.29024957164108
3.37163383481348,0.332332255314247,-0.589208204232996,0,0.79044300095224
1.61741881157898,-0.33894062585739,0.0788455561659867,1,-3.2762780039893
0.307671468845566,-0.709769120930691,-1.05038236621156,0,-0.0528736618052853
8.8056177371812,1.72795845182425,0.325142422772966,1,-1.06066554073364
-1.38150718654751,-2.63845106609937,-2.10487161454922,0,-0.455563274780549
0.399820735912592,-0.302330213470557,-0.955102746265368,0,-0.681443198977106
1.38300715687684,0.398469307907642,-0.530639874271495,0,-0.170852593743537
5.48156957465226,0.570347342083014,0.827440501985526,1,2.40546877856949
3.26378697070353,0.551435551933471,-0.565181379120663,0,1.95284726581899
0.984770057504696,-0.684097238588541,0.482455349742083,1,0.85111036574687
5.21196496672766,0.567397417488717,-0.164491438910141,0,0.898618544011921
1.73736815786094,-0.24747387028366,0.574148533393325,1,1.02911531946357
2.12449260339437,-1.48039952629903,-0.986232674040448,0,-0.662471710916026
3.98144891492446,0.225621378030362,0.437068793122572,1,0.378897700082555
5.40425412256733,1.43692942109816,-0.42433326939724,0,3.23947365323223
-0.691702232478697,-1.59029078271508,-0.705977859261287,0,1.91991926981324
3.60485078564917,0.193254820146409,0.810516161639846,1,-2.17802068635863
5.8849533364652,0.824978844471343,0.123088059199254,1,-0.137449632377772
0.357249968944553,0.0606580562549204,-0.715761309048605,0,-0.648431165852323
2.92354327122835,-0.555454905872923,-0.375904880651131,0,-0.584808732279381
5.21442166619184,-0.307125952046254,0.228758815184009,1,1.25222300462123
8.93412156798727,0.72035910129743,1.39349253461458,1,-0.334673894629989
1.98639796668733,-0.278110565048043,0.195316160530143,1,-0.650925306664347
12.6719164021694,1.53532645783157,2.926025258275,1,-0.0924408462912947
-2.44211173869227,-0.579740549588227,-2.19310956160463,0,-0.500128843944852
5.82943214533312,0.899397911857602,0.661612247223038,1,0.263259519409781
12.9754469398078,1.88646040096713,2.20857251008776,1,1.3583177776128
1.3142658425724,0.192189933285813,-1.50219884996065,0,0.399472502142751
1.39901648075058,-0.786080947683936,-0.420227366082092,0,-0.112148754835375
8.59082101546712,1.09940844680362,1.15137508261675,1,0.028833579177182
3.24663725179822,0.0436079048953513,-0.740805676316242,0,-0.937972927290754
6.67661417734586,1.18178918030944,1.0113898619392,1,-0.041935199357872
1.24233459505518,-0.750865481928676,0.326364617237213,1,-0.169403224322764
7.01225588236899,0.338856976318243,1.87623411640439,1,0.295490550157752
3.84596929820326,0.876805071196942,0.410037938535872,1,-1.73060921745892
3.85305447982574,0.0610982232281666,0.412946136284275,1,1.27822504017006
3.77413035976718,1.24012682954147,-0.365634164646092,0,0.607969087935355
7.27569265845879,1.01178601813427,0.386852068128578,1,-0.0257752657849035
7.31516697848772,1.07130484676932,0.849545458343505,1,0.534563816875353
0.587448615369308,-0.831440788752253,0.394067733790629,1,0.312986826892926
1.91838762983968,-0.902812638086425,0.342141870961856,1,0.163174265099405
7.0030510407039,1.23941639193373,0.732651828458089,1,-0.597735933231361
13.205077384955,1.69636013735312,2.00552960955093,1,0.263893537947726
-0.380272848839988,-1.19632319668892,0.579021098893046,1,-0.718766345930486
2.70984986778296,2.22883543330669,-0.146234403012756,0,-1.2085866851896
2.45540362285315,0.0673854982788537,-0.828607676886419,0,-0.245174439497114
-1.88554354520603,-2.50510449637676,-1.27783959078337,0,-0.961491234189248
2.49326339099496,-0.699668853347849,1.43843065593266,1,2.27260154855901
3.85531081879101,-0.861819392401771,-0.502165763914723,0,-3.24794122690045
1.28618065197362,-1.32186506921416,-0.962256841840653,0,1.71802666582172
-0.41383490086537,-0.805576724370956,0.247235663898412,1,1.46433323272794
2.28756972531482,-1.1857430012853,1.11506371552683,1,0.367162999476001
3.15224797758272,-0.598111445798434,-0.387829658850034,0,-1.00084008384358
-0.0658907729472025,-0.696812379463785,-1.41787206380213,0,-0.925586607745729
0.312158890231539,-0.943061656486797,0.0150967274292025,1,-1.69483585957546
1.34606219084781,-0.330873307614351,-0.44462959087404,0,-1.2967587663269
1.2756736776332,-1.11147361174498,-1.24522182803532,0,-0.617502590131842
2.62251966189547,0.43198562033222,-0.0369856099808283,0,0.350092823759823
5.90533430885783,-0.372328369689027,2.85851790216284,1,0.675157327866743
3.55552699347419,-0.287700875260313,-0.343137752205437,0,-0.22783892201944
0.0667345300049142,-0.927200363672767,-0.723426078233353,0,-0.291410853939674
6.2615040720737,0.48033377915977,0.179680090372449,1,0.506494840301785
-0.335696399716939,-1.48922489698248,-1.50129698303696,0,-1.07684524236654
1.52564270635579,0.299514446994787,-0.893197224377713,0,-1.16184105774467
7.43473236675042,0.689353597376116,1.06259589140097,1,-0.257860385569986
-3.92519302587564,-2.43915922399329,-0.772943706624076,0,1.54592690317656
4.86891598118278,-0.79152845911778,-0.227256964278753,0,-1.2143217101089
6.52418851918266,1.34185021917542,0.986761885496465,1,-0.547216331143
0.716977986498116,-0.865530084537687,0.140190041543136,1,0.0536999203310656
6.03056808567777,0.759582073362553,1.18957752141625,1,-0.327350082525133
-1.18561948022512,-0.875312472230991,-1.57703209064721,0,1.76188196691394
-3.1318230310168,-2.85990620489108,-2.8031619004564,0,-0.555782138517828
1.59824999732241,-0.326627893176999,-0.194937641158487,0,0.405325885636559
-0.275504217494898,-0.980847720519961,0.245342098864282,1,1.23574216298128
10.0712448806797,1.03911852130353,1.2022918491254,1,2.07771598251896
4.65050868939817,-0.082195011019473,0.824394500467054,1,0.549912849347046
1.99944860378541,0.789086097294385,-0.630200711362469,0,-0.671307586034024
1.36445392961877,-0.115581754430913,-0.374905232129282,0,-0.284902314889925
1.49385445128632,-0.75154058056838,-0.867834219874077,0,-0.829020126919384
1.00309737740368,-1.71860219663052,-1.12871118605476,0,0.0645439869772552
0.514260261188511,-0.373942591234989,-1.5985138516173,0,0.898408967393102
10.5125594378363,2.92316134598447,1.0025152095918,1,-1.10596867335434
0.0481644016797005,-0.352449456767341,0.178681151667161,1,0.80680187438838
4.53836310884408,-0.121213848919742,1.4648787470161,1,0.958838492175708
2.69287424803979,0.170328161546785,-0.723223038726495,0,-1.0692187041147
7.67099743104768,1.65763403391041,0.481305452559466,1,-0.961759817590701
5.16830405014745,0.235182733201672,1.0583050074145,1,-0.973360255724955
6.3093112372899,0.570057251379736,0.323681847142485,1,1.32035519737532
3.25256607113555,0.337689084508811,-0.0197302561745342,0,-0.230465946833932
-2.01574353251005,-2.76673630442749,-3.20596921540675,0,-1.7327572986272
2.85875884982059,-0.328773337331104,-0.0436922894743684,0,-0.670074379004516
-1.42294213488001,-1.0394419728278,0.308919268693127,1,0.626199141542753
0.201698926589004,0.650803101735707,-1.55472937909744,0,0.596944712460796
10.2760407203168,1.44299798388545,1.18989995519859,1,1.23112393623311
4.47588584391923,1.12050725767589,0.0859597952663157,1,-1.27754199938717
0.571685829581388,-1.34714224364971,0.59541930588148,1,0.00138029806304098
2.66310867839952,-0.581468264872586,-0.032562404946582,0,-0.0471731218343517
-0.135072416466096,-1.09541524268203,0.0200583730474248,1,0.124038468749348
3.17594573189874,1.55097700540668,-0.724752248264958,0,-0.645628704419285
1.68873656863445,0.704349901972045,-1.25407155028222,0,-0.403929513596235
10.6446085117439,1.79219333439482,0.760839381649865,1,0.864838563399964
-0.017824663701381,-0.628909496519208,-0.604648082389455,0,0.508671747711122
-0.14920500185103,-1.13293759839522,-0.913769035488116,0,0.392973953260731
1.24006197343932,-0.431637072093366,0.112690899627368,1,-0.773450084325027
0.32741340065469,0.027824960316625,-2.35972487636883,0,-0.818627620529743
-0.162158207253235,0.164859315695937,-1.56939827443959,0,2.29036979758387
12.3402016982772,3.03654244226143,1.22745691847289,1,-1.15550831821203
1.22470941063801,-0.785222848735608,0.762047971923105,1,0.248605128585084
1.51628474981628,-0.660349292217441,-0.83811892454536,0,-1.64053659265192
10.9086630207215,0.841276770998324,1.3828213999578,1,0.737341133654873
-0.182993449846061,-0.784209578935394,-1.4257885729878,0,0.928019729897151
10.7291541711827,1.44715154933521,1.56942508753951,1,0.789873708109169
0.446999126579571,-0.423735430133503,-1.17882223475413,0,-0.573143397772585
-0.612652875119117,-0.65277113276703,-0.812596342934569,0,0.76713998596854
0.736781025305591,-1.09176547705225,-0.50676271288379,0,0.129380735775879
3.72604733590272,0.950065860220961,-0.335055197913536,0,0.0314792214286643
2.30489101852728,-0.254844412136126,-0.527663612242937,0,-0.540396973531417
7.88092865858459,0.49371394135002,0.960108769725542,1,-0.0368494437144818
0.505191222449464,-0.236449104515696,-1.43569391859224,0,-0.15538453705361
2.72725877935895,-0.555846034327422,0.41250199937941,1,0.53321304254268
2.03342073938698,0.186208856379131,-1.01581827319412,0,-0.225799452001542
2.43050577224814,1.26833042886787,-0.294421608141199,0,0.207574162141295
7.192328175159,0.843047311823797,0.638385246940137,1,-0.811960237044783
1.64981893836771,-0.871779516589205,-1.13068288064182,0,0.671454396621512
3.95897100746612,0.671749111324473,-0.0342952802309985,0,-0.449130176538776
-0.817149880976974,-0.602553285554579,-0.874711755341178,0,0.905411890036042
6.22249692460398,0.701592902904892,0.777699106775064,1,-0.31088518205577
4.32989494576018,0.711272032636943,0.229071359095675,1,1.21968304615943
3.31829743688397,0.251348934153209,0.451356232294807,1,1.76364604554782
0.27914058067115,-1.33434571824494,-0.177241356488773,0,1.44164640759457
7.79193788929515,1.61681338647051,0.586334409734438,1,-1.17439099199555
3.66381013781148,0.894765686901883,-0.750224496325477,0,1.75743529977815
0.0486565782478477,-1.54265496210743,0.424133733061915,1,-0.947013014281425
4.2241649278574,0.944761512670523,-0.93889140502067,0,0.93055962703604
-2.70824281648336,-1.24149627215481,-2.42907380399343,0,0.468747999371678
2.53845865149121,-0.338795974440958,0.182527989284078,1,0.277168563067833
6.97379445019856,0.197076012005327,1.96338600203482,1,-0.516528463707249
0.411463103950598,-0.94342527136841,-0.712893411333487,0,-0.137330468324326
3.89548324111337,1.87574857609631,-1.13246702682664,0,-0.792257855725366
6.9754539623839,1.24577363400042,0.297242885424016,1,1.78079200919115
1.86572153069151,-0.23597856901864,-1.10162761082858,0,-0.164876614671817
-1.56779584945612,-0.809321447227668,-1.4233240345576,0,0.340476436558759
10.5856767253574,1.89355754871002,0.969270712526587,1,0.340494666977752
1.76631936390991,-2.07583933507536,-0.0342279465670409,0,-1.39879478543354
3.04990612288664,-0.286476475385641,-0.0728730826699819,0,-0.58010723444772
0.0600913562588854,-2.32838685622009,-1.79492771593932,0,-1.02449486455246
4.33107190889706,-0.50157521305262,0.884677098290373,1,0.0946909720967058
8.90505944233318,1.35075094671977,1.51783931062649,1,-1.09030300877445
4.84494453518663,0.563815996634779,0.471102563448643,1,-0.0217147252949983
6.33716908658883,0.82440331246621,0.540179554649315,1,0.881709100478294
2.92218672727433,0.0715166089090987,-0.429286334198226,0,0.248540950806938
4.42576661211668,1.46231305028517,-0.35134869101422,0,0.0198044484662958
17.1805806136843,3.55740353229297,1.3958211668964,1,0.127482759491491
1.46083845470669,-0.650376045461977,-0.891986192798976,0,-0.713775103686322
6.49969741999202,0.718585243839222,1.06502918400207,1,0.32165679834024
6.25063622429365,0.814106650459792,0.80080973279376,1,-0.682127214699743
1.7522001466242,0.304661255276393,-0.368074502374175,0,-1.45603435609583
0.628796554461051,-1.20671861320734,0.273296897766795,1,0.0687197924734451
-0.476561831355716,-1.259782462694,-0.93859939232137,0,0.143028349075193
-2.10140956761739,-0.554418775185411,-1.23969852428538,0,0.713468917442076
-0.761483558117309,-1.62977624889432,0.849266574354556,1,1.21883767277581
1.87484461934406,-0.0343482495252466,-0.803903402763952,0,0.90046546001994
-3.94246139525774,-2.53284856580301,0.383166148796035,1,-1.06342153270159
1.55713643928759,-1.4231326693257,-1.16824446760173,0,-1.41507627871529
-0.444999347002699,-1.05357501121098,-0.155689595105861,0,0.125615542567526
9.20533847820817,1.33450712420901,1.92199925458171,1,-0.888338603434033
2.14496642760885,0.290483188537916,-0.583255867742771,0,0.343115097363343
3.20780035969357,-0.687343748924587,0.615513264670556,1,-0.258320426900937
2.00901687166698,-0.316278892522252,-0.0332443167725061,0,-0.605609986913074
1.75400430559752,-0.595359682698947,-0.298452774062811,0,-2.0076804885328
4.44891952484876,1.2041110170641,-0.983173223783697,0,-0.0407698766469067
7.49127094129313,1.00243179413294,0.807579803906618,1,0.948178263454515
6.03629971587675,0.400423425497983,0.508329681542348,1,1.02527040190785
5.77047652342706,0.358809856221406,0.535161864982145,1,0.276834118026456
-1.70595265874719,-0.439200651512204,-1.05780986565383,0,-1.50086706512264
-0.496786327972612,-0.942911851694435,0.0606310256475646,1,0.0589102639876066
-2.76643464965458,-4.03339169162355,-1.46826969732668,0,0.665717208904948
9.82835012185805,1.89765359924901,0.869562555524516,1,0.516651784243414
3.15495184124866,-0.0118634549329351,-0.138385601921608,0,1.66628825578307
4.14255390434778,0.912775622900412,-0.437934693298517,0,1.93831595820664
-2.47118960425657,-1.54277345716639,-2.17091300930235,0,0.869475315433704
14.7480282960876,3.31399209733863,1.27977024321166,1,-1.14030167480323
6.37448141106678,2.03467523513236,-0.269485096900876,0,1.42684869309945
2.92343941265192,0.124571587461293,0.472064339100708,1,0.353138767608612
5.06928304378057,0.0489645755308835,0.728826418234599,1,-1.74002786071057
5.79513483199727,1.3450156301093,0.0343276550023495,1,-1.14436399683569
10.0355066485533,1.26141036180211,0.244266250047842,1,2.1956787088028
3.95621601620032,0.0610045304715569,0.482685253742104,1,0.913964798971928
4.69306542991897,0.771385707652468,-0.318622494488071,0,0.230794488492289
2.86277038625771,-2.12426593333551,-0.125470271776314,0,-1.67695639932464
-0.873235448138392,-1.28170242825019,-0.232892321254151,0,1.20119450157777
0.916317448125206,-0.339821726268396,-1.00496878457726,0,0.0180387340368292
6.35496012934287,0.783278613298971,0.950158995725401,1,-0.455651635670527
-0.0391889784533987,-0.832303400310462,0.196534120755801,1,0.412192250063099
5.8743651466563,0.926202982079487,0.175462426334899,1,-2.04082286646172
2.6712045236977,-1.79082662049717,-0.800792309792658,0,-2.30540200590587
2.53823071923262,0.147978380838834,-0.772584715678434,0,-0.428375901296857
-2.3766784686595,-0.651050341180929,-1.5781187258688,0,2.68217428008316
-0.119581303969134,-0.584673361036627,-1.3266630388869,0,0.512823779350738
8.13436442346485,1.4804153294541,0.485470199306525,1,-0.322242586825719
0.109853098487691,-1.41978927513723,-0.603710802301714,0,1.0668906753254
2.58779583100652,-0.636689666725853,-0.261838862919166,0,0.662206401107169
3.3226138350362,0.0578416998636657,-0.943480080767396,0,0.457628339205264
1.92621510432016,1.11436970286581,-0.419675468857702,0,-0.912516642562788
2.62796445196963,-0.519409482110887,-1.66710785434874,0,-2.03339800109584
11.4934613542701,1.45721089329265,0.962284242240334,1,2.44697260842499
2.08427115515254,0.46861391335487,-0.120483059823744,0,-0.0927483851720436
5.09485001517824,0.309220065342509,0.75649305069601,1,0.550750174784897
2.04068244032651,0.954074769594918,-0.697827090637582,0,-0.715997263635323
3.22952825269262,-0.145065613719213,0.340200322316406,1,0.10307410880144
5.7285441820947,-0.0171979477362273,1.44483900000846,1,-0.477606692206866
2.81810788885573,-0.343653045025966,0.893009956250825,1,-0.727777338835768
6.02447281965429,1.08855231472152,0.394689352744441,1,0.00117368138106938
4.28437370480965,0.340114484239477,0.457822611183502,1,0.833286717990847
2.1327018637797,-1.30490520186419,-0.197875142924161,0,-0.752369938917906
8.6539932513486,1.25934834476277,1.65051957623298,1,-0.396507484875022
4.59600811232676,1.34184304251536,-0.0366047592417434,0,0.385328546962719
2.03691607413263,0.491908626402222,-0.438827934025631,0,-0.623409825203139
11.1089749919048,1.63703641249927,2.78720673571137,1,-1.19958514793834
0.461441669383329,-0.76791347834523,-0.880470250853545,0,1.00868232059715
3.51611730859651,0.835214409544129,-0.476402507693276,0,0.404232789220655
9.03317803992979,2.23713383485721,0.308471521752808,1,-0.0255139307136119
3.72116629227891,-0.531666199277443,-0.0201746484649251,0,-0.296467474048776
0.387398333049332,-2.344498188733,-0.0415998551808905,0,-0.945492849225879
-0.456745416581387,-0.918936228327884,-0.859583881040263,0,1.72263964634784
-1.30248621296169,-1.96275338907509,0.595766077590006,1,0.24716318187219
3.40147885345961,-0.194059270381328,-0.177091828353659,0,-0.675628081236252
0.120737362195524,0.61249201296898,-2.28235199552615,0,0.00221068283108885
3.45213658386812,0.00595736728859442,0.684843928845074,1,0.64647290885689
8.21341188033177,0.926877206523277,2.36119822484795,1,0.357028696191839
2.03703528541096,0.179385007670893,-0.589811714548174,0,1.01491159299741
10.1491360395266,1.4095421576014,1.29408103964699,1,0.0806135435583123
5.57316763257455,0.69489816443518,0.533225696806969,1,-0.462626740966981
9.68617596173295,1.65619542505314,1.50142458505598,1,-1.14011797952461
3.97904446955386,0.520061617874009,-0.136185023118198,0,1.50853454498582
1.329863591162,-0.825546209457048,-0.429111511069639,0,0.532283241317728
7.05180300667334,0.931569781250575,0.169761674932434,1,-0.740411184555896
6.61921153691652,0.635357538281415,0.663114506992792,1,0.330456897718241
4.86875894566375,0.708895933775834,0.612103401797115,1,-0.323238219880021
1.75469556966903,0.151631039820101,-0.633802949896318,0,-0.956056211205624
4.81865992480895,1.15357400107544,-0.02263157821724,0,1.28667740029211
3.20248446955153,0.30952190908106,-0.0895513718078623,0,1.39426310967837
2.48141129649506,0.322318573163663,-0.641589783185236,0,1.295984667058
9.27996360643758,1.75048617526553,0.577384153660824,1,-0.531038231919105
-0.780705273143369,-0.587110131029202,-2.08141977356315,0,0.725411060792839
6.12450480116756,2.00548884124907,-0.151374558699153,0,0.0632655005839534
1.47698091223133,-0.168997496508743,0.476335142813571,1,0.0636669409526493
3.12552995201141,-0.564300339393731,-0.0885935365798765,0,0.0558860528796751
10.9083839291224,1.54608138296026,1.18939748630552,1,-0.169173920377324
1.26863993071233,-0.638076954426841,0.927716878915871,1,1.36780747741318
1.91016385222241,-0.835382976669598,0.587652767894201,1,-0.182573542452121
2.57815901488254,-0.528205796613407,0.767504302996936,1,-0.439531768878816
1.06269032860832,1.03735088094823,-1.74553873739991,0,0.815650032294336
6.18432885496376,0.753494145585665,0.789700906258786,1,-0.459959729560081
6.20268068852422,1.13870075049832,0.862032014979617,1,-0.130053174182802
0.70492172800607,-1.33665142882042,-0.0219476569721141,0,1.04812693384591
9.86125965051665,2.02409209166071,1.07919385656572,1,-0.373459043545901
1.77310504623818,-0.981272911838399,-0.23485947578313,0,-0.479934565506593
5.74354283148976,1.00715859608396,0.0717021062673311,1,0.734480291858697
-1.89926776210622,-1.84149469737364,-2.18997110452055,0,0.320994667492623
14.0560270914514,2.5687239379225,0.680966623564657,1,1.72056199773579
7.15167622857013,0.950238240629146,0.0531909010042107,1,0.184659056933032
-1.90125529527325,-1.29710144583024,-0.677504067405532,0,2.07318514159765
3.00680994113914,-1.04434210043384,0.00906014908660763,1,-2.3413920028854
3.4902930129518,-0.479433644624755,0.542858431098922,1,-0.364867220242859
0.203478464217955,-0.925258599712209,-1.35689434137592,0,0.382108934969686
3.51195856759597,0.414195130903231,0.248155648629027,1,-1.62256307673671
-0.88833745236699,-1.17896731211655,0.332026760690092,1,0.0375334916207247
10.698177667672,1.35622607735463,1.55457709850946,1,0.399605600513633
4.17719958084132,0.0967503165838839,0.72290695180006,1,0.93115865232928
13.2433785847641,2.20139568812984,1.93963455282775,1,0.161625500814886
-1.70397208459405,-0.737431931841458,0.221919061845868,1,0.0654320994397636
5.01633916626972,0.729172295179737,1.11931444701929,1,0.190952994947788
3.62531611606761,-0.158701943336342,0.901522203758471,1,1.53089304460338
1.51861574527405,-1.24601493380822,-0.571704906780425,0,-0.985485831392699
3.19029281792927,-0.239089955332627,-0.161747279096902,0,1.33992910498402
8.48480845698966,0.565866512337697,0.835638197379631,1,1.34252340254111
-0.374629266462994,-2.44141000151286,-0.205492938025536,0,-0.58197538284284
3.34149603462542,1.44236092234319,-1.84425362312018,0,0.549907163213078
10.4556946949242,1.53466723112982,1.47463983815936,1,-0.288178612502053
7.88986040739812,0.943571837749819,1.63642274640429,1,0.299225826313572
2.30966674579409,0.891538337537048,-1.81120974891539,0,0.498988694511334
10.8700500284882,1.5138287861755,2.00653493176106,1,0.32852363739408
7.68818382394833,0.575086798587232,1.32259776571856,1,0.998799979314999
1.67082061022944,-0.323467868697583,-0.488299896773856,0,-0.0972934089301516
0.484661234368841,-0.694191675721033,-0.651804621022922,0,-0.100352011430677
6.86950018540201,0.313331866538534,1.82619543932088,1,0.151425061449063
0.33180139662917,0.315699368036308,-1.05870018871482,0,-0.51785745358951
-2.02933781021081,-1.02314981327655,-2.26974040502968,0,0.816431880741496
13.7777733379931,1.5258159598597,2.07925202961313,1,1.11890275005861
3.97022313534645,0.803166452126917,-0.559554153138703,0,0.687451318272568
7.43396176127515,0.844782333195582,1.09681798909568,1,1.6304488555735
10.7942026896151,1.58283442298133,2.09739563505601,1,-0.0992832416058311
1.16571830034998,-0.428715086928149,-0.43427099463297,0,2.19244356464331
0.192723096216467,-0.0856512214456084,-0.832959585681505,0,-0.734264194262383
1.54608382438792,-0.1746987481814,-0.173892847165296,0,0.960535649594331
0.456440215404271,0.309919106159612,-0.336392846136445,0,0.38385661249264
5.01156427341775,-0.201860144212213,0.6363139634285,1,-0.133765303256731
8.54026295868438,1.51317144256422,0.400331678588183,1,-1.57284520486077
3.04877421788517,0.501048416397915,-0.928769239702616,0,-0.380270009176406
-0.549156572228607,-0.741687819018957,0.0974930774350539,1,1.38751135890242
2.78521558449608,-0.47432782445615,-1.3208714301341,0,0.224728699519026
7.02482069157535,1.4060885861679,0.162531652197694,1,0.0489891314736892
10.9910034559925,2.27930336473825,0.151765591075904,1,1.53658180636825
9.75481231330892,1.81980054747536,1.15606448893179,1,0.388755469955385
-1.48944103250987,-1.07151754716794,-0.617562859154833,0,2.34287512700093
1.73351892171967,-1.01132361159618,-0.864379514275548,0,-1.31833736381398
0.266909082039894,0.187018723039216,-1.33893165888532,0,1.29464710384094
0.562302440764455,-1.50177549953481,-0.718708725109225,0,-0.010259287882087
0.412876543370492,-0.636608050344834,-1.63757502265914,0,0.132056843170504
8.90387722814901,1.05056137041279,1.54159632806716,1,-0.913047183818907
7.95990234861922,1.51034351298159,0.0961572613430751,1,0.724877348564874
6.62216319396634,1.3760497137704,1.72067337896009,1,-0.795797300900161
-4.70180676972782,-1.2864539311428,-2.30801060012168,0,1.10974007276085
3.68686577159096,1.95544194581253,-0.919643181583781,0,0.202660718437088
1.74172074587838,0.19875518152192,-0.0429747849929016,0,0.372849307178334
9.62639172147986,1.60380014337797,0.257961265771511,1,0.671497806455328
-0.298918647986002,-1.10273003093343,-0.719285971005272,0,1.5757845693151
11.3706859035155,1.94069751671039,1.43416561300143,1,-0.540759708295799
3.81894303503107,0.250921607723303,-0.718685852106053,0,-0.186020074552575
12.7043778888551,2.18729013795663,0.887057735583202,1,1.51613907901062
10.9067431062083,2.57164093233144,0.913163256066598,1,-0.0657255744103738
5.0660717972018,0.132789929690766,0.753504646502932,1,0.0831551117980242
1.40862089953568,-0.71842436177898,-0.144657588578333,0,1.50873221408818
3.96515395955998,0.0243885216857919,0.78194612740224,1,1.42732209311501
2.65536789470869,1.52606325103126,-0.279902446956794,0,-0.818908641057489
6.56063745973342,0.192165597528162,1.43567747603809,1,1.22379146438867
2.69399808940619,1.31796772657013,-0.0995947005813737,0,-0.792679172058713
3.14181861885802,0.706802889213644,-0.704480332664446,0,0.233283578579581
0.337458693703219,-1.24681323985413,-1.3703961755958,0,0.24827909515674
5.49265260528221,0.265740580781034,1.47455856702776,1,-1.12417973284622
-1.25858695284061,-1.11362905205778,-1.71579766775953,0,0.833208428335559
1.67480922498204,-1.40639041676524,-0.723466316279588,0,-0.904939928821368
5.78805177438527,-0.276180878134056,-0.00505341897171895,0,-0.215133627071731
6.85670934739845,1.06031995783649,0.098566101986411,1,1.32437749312936
4.23665218124701,-0.102364893016327,0.760741352605406,1,-1.07979132259997
4.38528829195607,-0.450489178700891,1.51034314894841,1,0.478293475729915
7.29698120595264,0.481418367106556,1.68646489521928,1,0.788191735396003
5.65768598355803,1.84389028647916,-0.123127489396087,0,1.0245339640599
3.35185622398274,-0.254045752285778,-0.833813636283712,0,-2.03353914396167
0.414795445680135,-0.962222187650544,-0.847622035736991,0,1.09604552300237
5.36471219275058,-0.0720403967910064,0.168347223173608,1,-0.515059054179748
1.12853748046704,-1.09760100933481,-1.24086368946879,0,0.0664889553951464
2.09545349605088,0.73230282946033,-0.888870444892873,0,-0.124621711766766
2.62778368920419,-0.182695627861193,0.362085365146402,1,1.22216823720904
2.7754209513432,0.02938761192629,0.416114623370627,1,1.05289358928177
0.508307089377833,-0.307088705329918,0.1253433913222,1,1.07275770916262
-2.06336837833692,-2.03577905034711,-2.07126036237574,0,1.32116980827479
8.32240680758749,1.07810621154481,1.21079914150216,1,0.458399712350732
11.9487283751534,1.78928401150151,0.276891927732465,1,1.77687206608898
10.2229951632333,1.40260762807232,1.95998740298944,1,1.19111012937574
1.20025135969711,-1.7081993592723,-0.828472142779979,0,-1.81859094505178
0.429107693557617,-0.66684444939337,-0.438248691396725,0,-0.0461905651759131
-1.07195334262407,-0.0101909520400159,-1.54367979017584,0,-1.54781414018695
-2.86327336140338,-2.05476648139809,-1.24620769828196,0,1.41403325322711
1.76146663182007,-0.907252959361533,-0.250706560042635,0,-0.607054361730685
-2.0571296751231,-0.117965991675236,-1.83490556090193,0,-0.538999307912024
2.66988141297529,-0.516062889188518,0.56279216602251,1,0.670548017585526
2.54642048801163,-1.46702558373662,-0.0225929642049142,0,-1.49605713547146
3.1855254820091,0.227196104020894,0.0488218608214715,1,-0.256200290373122
3.25258034619759,1.74880508442362,-0.217983160524708,0,-0.982999558353096
0.445123071170749,-0.296807362400543,-1.0709344278177,0,-0.206547519134263
2.2368178058033,-0.953288564947578,0.49776005367107,1,0.10777759122265
2.66715720884032,-1.35390870865947,-0.460373493956828,0,-1.30487622831456
2.39393786616281,-0.265709961183281,-0.581418572268029,0,0.0276981558778197
2.76246008036618,-0.423063897419725,-0.00368701183822637,0,-0.714510752063929
1.70958148191461,-0.243598208321829,0.448513639682366,1,-0.15114191597501
2.36803549494772,-0.931023203966015,-0.759158392691531,0,1.07117831969783
2.01809371440172,-0.274499531664697,-0.144788936646934,0,0.706452819208756
-0.735552786221011,-1.40350635154905,-0.322325587142822,0,1.60116772390197
1.60684320248957,-0.658009146757345,-0.221680301881908,0,0.847459590676342
0.816064406221919,-0.370397471578384,-0.107240768678873,0,-1.14657608021802
2.31828691352369,-0.664775915531084,-0.636016209171585,0,0.921009306280174
-0.966814985743509,-2.2449489178408,-0.265196641093068,0,-0.0198453419971854
8.05587978292455,1.45322652793304,0.915048423592632,1,-1.62747019690297
4.55099062354674,1.05197245930012,-0.023285057413442,0,-1.16479012159248
6.89615023555862,0.854368765715504,0.346633161238029,1,0.560267198988644
3.75720471650533,0.440476697025673,-0.240770266552883,0,1.26801928564369
0.64660486242344,0.213558427435018,-1.53319975734073,0,-0.597334421159008
8.19943183367178,1.37591396671191,0.57995707055249,1,0.201818637471511
1.77018199901922,0.911410936286822,-0.227173155411207,0,-0.804751331250306
1.60220089468002,-2.25936759867334,-0.40139170371799,0,-1.22045559407069
4.60267033112783,-0.375729934104667,0.679032625105867,1,-0.606005546553318
12.567124633573,1.6114729893076,1.13456575609418,1,2.40719505893164
0.258746216956998,-0.711502038861383,-0.307801835414716,0,-0.535849097219789
6.49912394925211,1.0616352365427,0.557813355774747,1,-0.162417511154087
5.96346410431863,0.555209065845162,0.530094351490387,1,1.15000977196581
7.34340163141311,0.330008990381715,1.31387066576716,1,-1.11475893922065
2.06942665152978,0.489072541851253,-0.872596187254508,0,0.972058935253207
3.24397720356931,-0.585569737380648,0.791531029498686,1,-0.439891564966399
9.69478375478843,1.31690908788573,0.372664536442975,1,0.521718476667789
1.27297785110649,0.200329222454105,-1.08746195534017,0,-0.071433171585775
6.64516963295758,0.790774090624499,1.06116841147582,1,0.407238957487767
2.891768584576,0.871332437494305,-0.208506681868243,0,0.998602570981532
6.16382462600454,0.676131892408907,0.346593806729792,1,0.694184535311622
2.55758027588773,0.116195598853591,-1.05787281511999,0,-0.732323050538068
6.4813704507947,0.509248694912432,1.05086431802011,1,-0.089953171259556
2.74007705989016,-0.244754702007011,0.179952722561157,1,0.781450809030297
7.24199874153864,0.746708298157894,0.943164728237377,1,0.73490547038115
4.0090346401669,1.41138120163883,-0.291994775616209,0,0.808358540711199
2.84154842280724,-1.23200921293284,-0.0862235603247016,0,-0.20680933124135
3.75360447543655,0.448957881787904,0.233202548617451,1,1.69562300200029
8.97186951531316,0.733659492227216,1.78695867006849,1,-0.155025588676959
9.28316974054818,1.20931099609097,1.19481296622734,1,0.921343586181754
5.06441478613381,0.324693850500588,0.158189667154789,1,0.965422225154855
1.93242192323243,-1.1586745092763,1.61411731795475,1,-1.96697959422949
7.84549353797546,0.750474440291143,0.712360954335848,1,-1.16103588097949
7.58425382221156,0.80336051391147,0.302198236771714,1,-0.207036669399057
2.07910934885106,-0.646805364521501,-0.837266305335095,0,0.986561926754534
3.81617095816327,0.333598503837053,-0.862299428698292,0,-0.113992148574473
7.33768073340785,0.973938985931812,0.921425580869569,1,-1.51806987068339
-0.0213597522108181,-1.30106076396201,-0.743737079386023,0,-0.573812252804832
2.70918361350425,0.243377219555081,-0.484148213257585,0,0.820532407876086
5.32794544433233,1.52678056123357,-0.0350957931908523,0,-0.60680253471851
3.42797604110173,-1.01351981150279,-0.00414823740641589,0,0.941850872297094
-0.209940646186936,-0.990356207255249,-1.82672480072837,0,1.06737201107815
14.3362704495819,2.66495079836915,0.898829860552666,1,1.31990391357408
1.85554619674399,0.534005099311065,-0.380744759841795,0,-1.02653634211065
2.92405523435462,0.62931748370339,-0.37491096860523,0,0.947108222873404
0.327320536651359,-1.11023813740101,0.680603249708868,1,-0.415676099893526
5.99370277379091,0.965181885155679,0.748392965282409,1,1.86369690365849
1.91094944016916,0.803233467457991,-0.0201239446454925,0,1.91032057705615
5.49005345698792,0.854476873857307,0.227624687825898,1,-0.859866312690489
1.05581073503025,-1.15525425098288,0.238242910734824,1,0.793324428440805
0.302885579433148,-1.74711387075401,-0.67022430744923,0,-0.139990848245463
13.7437766832684,2.32079579540138,0.946315247606127,1,1.95417714384545
2.21969727592446,-0.206222744398583,-1.64863808069858,0,-1.02209575158287
0.0377598280741696,-0.908707764895477,0.557747422640148,1,-0.260976514919803
-0.501134456119179,-0.601278526854469,-1.47331729992188,0,-0.0347276742913444
2.0217930280909,-1.34102304227814,-0.73914288021385,0,0.771224722720491
5.23308749400371,0.972462010483141,0.342061900220724,1,-0.432657264656909
4.35006446668026,0.150341774662158,0.423119463107113,1,0.416609610511137
6.07526495946809,0.265654477942359,0.957579345667463,1,1.60284645617128
0.518392639064431,-0.205694936528039,-1.17132578038752,0,1.2687055147419
3.02018440107049,0.195713931960489,0.624533304283145,1,0.939711610020909
2.3423468794267,0.930847261153889,-1.16667091158305,0,-1.94044821482655
-0.316452200621511,-0.519140253735763,-0.961583167159215,0,0.710020646295288
5.71246432801809,1.46975444375948,0.326459916023964,1,-1.14119518813493
4.60676231535476,0.697956235429958,-0.0359928846240141,0,0.358386059643658
11.9467424403639,1.92942513124583,1.7714215344102,1,0.397656767206118
8.71254298434189,1.85333548304829,0.226411808356133,1,-1.1049098228864
4.1770434956784,0.00840167778174132,0.23927429259833,1,-1.45752479270668
-3.07321369351576,-1.88406351643678,-0.862874041429202,0,0.300307273849996
1.80178632006772,-1.12618887705861,0.960487626590152,1,-1.77907156708014
3.70603475985636,0.305741202292096,0.0542676529251502,1,-0.442037965145194
9.44192208886355,1.13310807259435,1.81736982992456,1,1.40907920918793
6.33533197644829,0.44248426221984,0.934788456845985,1,-0.944910419043253
10.6230598531019,1.30825907595348,0.965907830035799,1,1.12401944578387
3.26441907553602,1.47644828912847,-0.331376848641607,0,0.00877073138531512
1.90956041984895,1.36936325984167,-1.95040934040888,0,0.840750657113019
8.0403913330847,1.1705265880961,0.450257850582473,1,1.69353191262667
6.87488414578328,0.992396518037302,1.12528654266158,1,0.344851714542282
1.28598171480787,-0.342786112583148,-0.269099926878371,0,-1.99715137446372
12.5754040005199,1.69320130983163,2.62510862750753,1,0.495146370512197
1.31658348628463,-0.995472228262524,-0.353663031719375,0,0.13458902743097
1.35871398833851,-0.43088817448916,-0.708432341981536,0,1.41696683580236
1.22875504936416,-0.597896132226279,-0.791103424419556,0,-0.0548865714767709
4.08127705869968,0.0872819994039252,0.761050435488068,1,-0.00829708488996549
2.72962395010933,-1.86912898735258,-0.557774986774826,0,-0.479578410394637
7.3892057125658,1.33975249329914,0.292294476523872,1,-0.959548910162078
2.12128131927695,0.10610019152468,-0.527440065337655,0,-0.0418101374245418
0.282076547009119,-1.89452145974089,-0.262687804316315,0,0.673948657210424
14.0296211443392,1.75515213026474,2.47520160890817,1,0.471579403134943
3.81093684153306,-0.29882074330134,-0.286008540688569,0,-0.103478307130946
2.82452580576607,0.740715919372438,-0.197142038753286,0,-1.31264031211534
7.28730342736635,0.943402398437599,0.943443025062538,1,0.307256546510281
0.0325645992860926,-0.453397411513949,-1.35497052144591,0,0.789010272860465
1.91656304815243,0.0829794693107032,-0.577089287093321,0,0.30457827466938
5.35438925834611,1.05353336799156,0.181451713212919,1,-0.0462909195324737
3.27057072121805,-0.517214161461948,1.22528657820936,1,-0.12832938218848
1.25642932403891,-0.49640915933492,-0.0768568204862717,0,-0.47261063724352
-1.98297094255656,-1.11093089059482,0.0511366954942918,1,0.267238877399141
1.83197898259186,0.279055129366485,-1.10049720263664,0,-0.981822025350854
-0.891404239550597,-1.3769742199211,-1.2717120598232,0,0.457301890095338
-2.19976893477527,-1.66571842583413,-2.07017515232701,0,-1.33449054613187
8.33917347455838,1.54797451415125,0.319709016492294,1,-0.273740134154456
4.55903064717188,-0.406519481084047,0.247837630652096,1,-1.54776034725882
1.63036994364469,-0.74034859548386,0.6933552356562,1,-0.125940468867103
2.83366086301558,0.496995183558363,-1.12958708459508,0,0.62913880258165
5.44464207966806,0.405748104421626,1.07349757902461,1,0.228247553136514
1.02492634550426,-0.439604613419608,1.19125456905429,1,1.26744215020511
0.513772268041935,-0.422094682396714,-0.487638978835146,0,1.57942222775371
5.58859971326525,0.823480594588766,0.16781099880144,1,0.000664462067918193
7.02446352735647,1.30461842826295,1.29269283235613,1,-0.989776890433936
8.16515295358244,1.55212083774785,0.861521230045938,1,-0.11373006700255
7.69822821229829,0.480197907286593,1.99543596711943,1,2.18667228732309
0.830990849644381,-0.659929207049762,-0.767364714823593,0,0.684149346954224
1.04289415460344,-0.833265886196379,-0.740093903643949,0,0.25567766721978
3.20106379218346,0.160037916399141,0.325004107797861,1,0.669095304248758
3.7716001687297,0.716718453399252,0.240837972397066,1,-0.144819446931493
0.884401589435205,0.191748369581321,-0.592567975841609,0,-0.0457476612765879
2.25022024451066,-0.665353229529676,0.263395920660841,1,-0.0876121221917101
-0.383078232790685,0.712773661604324,-1.95372993162585,0,-2.27048376965934
0.132098073312755,-1.07831638891058,-1.78764800406381,0,-0.117408466441299
-0.86232292855674,-0.795157797603495,-1.03394073908594,0,-0.397440975280898
-0.0522384257560119,-1.44839223663126,-1.34097725150694,0,-0.816890356461983
6.84870339369986,0.407113342823289,0.19000696409408,1,0.873417158656117
1.84785141486731,0.0367188545150186,-0.399966705964751,0,-0.185526464977103
1.26469946011577,-0.0617198245105024,-0.402608294180062,0,0.370051846775357
5.82549138086088,1.47905917532454,-0.486975542901008,0,0.235792300656108
2.75736987188137,1.7182411658379,-0.891845365101599,0,-0.511284314119779
0.746988571129267,0.315839149103142,-1.40864213498282,0,0.213570971165808
1.65374006633756,-0.489992730788227,0.224933569389212,1,0.0843366424392325
2.27032997266538,-0.557469353212129,1.39159702901182,1,0.960076590081183
8.57769472295839,0.85766138953643,0.167689744816164,1,2.11148498352108
2.43996011840344,0.52814266561209,-0.523021849747645,0,-0.621595610093472
1.55527271899249,-0.414812604238533,-0.383494695187134,0,-1.42368974604955
-0.111696505060342,-1.31210051969592,-1.59961254935622,0,0.0356115696537012
4.13195984144447,0.634568971515278,0.393784137600575,1,0.497086075196326
6.04820316756025,0.134613601961892,1.71641874141693,1,0.0248442823084278
2.86600553661319,0.991230527815234,-0.269362127975696,0,-0.353872030039372
8.31701220024568,1.11712622293618,1.41762683343519,1,-1.08147965754965
2.65264915191844,-0.0123824969673021,0.238934444735334,1,-0.656161911920759
0.972044791624653,-0.244902656085268,-1.24304900355444,0,1.07980259609649
2.49933285055218,-0.195795067658009,-0.637056009235527,0,-0.200869479141693
-1.59159623982195,-2.2535198542794,-1.55339641419338,0,0.690381117837492
4.27355520645804,-0.405851141867084,-0.37106464991034,0,-1.04212885794468
5.54748750087529,0.396998633517348,0.1906150766535,1,1.34800993668075
3.79909414908537,0.317806667568736,0.425721971982799,1,-1.74107700293572
6.45603195344274,0.710696653899944,1.34678225977039,1,-1.37347530767222
-1.03492776798055,0.697771983284912,-1.93000031657531,0,-0.244331012936139
1.13851662860586,-0.16576051240945,-1.18546600493296,0,-1.10019464517807
0.64402237830019,-1.20941944470439,-0.466410722009934,0,-0.35569690654932
-1.46601510117765,-1.14885111650045,0.146199588972971,1,0.194648224772741
6.92014827647907,1.07184287105603,0.412029131784048,1,-0.647505290232542
4.89015053784854,0.382822268485216,0.780616758822953,1,-1.1791655453863
2.81082985658989,-0.666980919225524,-0.0766407422328214,0,0.981028614479291
3.12826778352138,0.66112294700415,0.157728781371744,1,-0.0969123656409941
3.08336388519409,0.669536058210095,-0.66301852708759,0,0.109766147373205
1.52380351083832,1.04456651902934,-1.43357816482824,0,0.253784940350368
6.97524877792348,0.598840885579319,1.38062515495201,1,-0.548950567770555
2.14524594531034,-0.469660667160887,-0.956863267223872,0,-1.60181583141311
1.20248918415931,-0.77303051172018,-1.03072714222733,0,-0.339211461018209
2.64171047573852,1.50518584559699,-1.17534908704677,0,0.88169245930369
5.94499089917999,0.968385930167574,0.124145242436589,1,0.559039568369436
2.84078622954666,-0.29890095810538,-0.112257801767371,0,-0.179243035170045
0.69203638190439,-1.23160796434121,0.666963780891771,1,-1.44030633401236
0.587855780888618,0.909745761699382,-1.16537045842635,0,-2.24986046110156
-1.12073089611339,-0.530699520786197,0.0125020795572788,1,2.2155287652377
2.50079386505083,0.372515073160912,-1.07962295024312,0,-0.0798241919498971
4.78644403719244,0.0500678630364891,0.260833691799619,1,0.601974862097561
-0.368529592341967,-1.20853707770996,-0.86522997435672,0,1.10466568898572
4.04719701403878,0.128618025330915,0.258718402957314,1,0.352979920769236
4.15165052921326,-0.339359560618428,1.09677733124087,1,0.20946624990589
2.15815944816196,-0.399159151131091,-0.542328139077814,0,2.3089459238729
5.75463115487797,0.75794715589158,1.32522049033597,1,-2.14635274369998
3.72104826381067,-0.217743291384762,0.738333143717684,1,1.07982017602918
3.09712155924805,0.0365040300444319,-0.11522281167497,0,-0.360001447657264
1.87130480668105,1.08151659925451,-0.245778599604292,0,0.701174852751576
5.52293580156302,0.0290138598784622,0.468278694909721,1,-0.257443295327518
3.8225512690411,0.34323585457308,0.602917107675148,1,0.297612842669928
5.04210637590046,0.633668693311676,0.731819606335129,1,0.0164084528048149
3.33617356065693,-0.161451262676933,-0.291795588750929,0,-0.197993551303414
1.63566891923952,-0.908679608217182,-0.0254042200680365,0,-1.31816004910212
8.90908152534633,1.08952388894579,1.6519311106038,1,-0.907617913216761
2.96673302438763,-0.447476465208185,0.180311859367179,1,-1.01683907126107
3.56540956417153,0.199562591378406,-0.535777257607689,0,0.340739438116681
3.12897815362428,0.308184850410378,0.153066517095805,1,-0.305633828102133
6.69061126997223,0.983323644161253,1.12756395889037,1,-0.534553819142965
9.14136958376998,1.08256575878849,2.45145503285533,1,-0.265282071391854
-1.15499846264066,-0.613879205083322,-2.02551750474595,0,-1.74853122334105
9.15221739663294,1.31624920670115,0.661479227146386,1,0.420308896114033
6.51803941175646,0.801259290714918,1.05838099629539,1,0.591882189055054
1.87392960695867,-0.595401630895854,-0.991735870340954,0,0.732136463878279
14.6510812667802,3.12562362119887,1.13186971224351,1,0.711009850379932
3.72068672945545,0.431727899190385,0.00280980152337906,1,-0.616535469232108
3.40244439109141,-0.279510589632555,1.37872632938217,1,0.123809632986714
4.11063898259901,-0.555780081627206,1.55810815387276,1,-0.870310347316614
0.51409004317064,-0.735497941999955,-0.966726749769066,0,-0.497437447700409
5.79015241677553,0.22950424184498,2.07233014811206,1,-0.235522088492107
8.43079065847132,1.39729140179457,0.920216140362224,1,-0.446125467906439
8.8524372731845,0.862849459034118,1.116633830614,1,0.933214067190053
-0.817723800447307,-2.89115876613215,-1.14414926739555,0,-0.71053772355712
3.56639742390346,0.825296476513129,-0.32701436059312,0,-1.58141352007879
5.95773871311784,0.859019004106659,0.304262194503846,1,1.00723212552085
1.16118904877069,-0.845129029610885,-0.53746304741918,0,-0.533747763617828
2.02549352155432,0.408182271086339,-1.48788593917407,0,-1.59747744765664
0.480216251684522,-1.21382918266717,-0.978935824019187,0,-0.775946471377233
6.97878421599127,1.20817449470957,0.511201645060565,1,-0.555481635926711
0.426169242381941,-1.12464615642786,-0.118292123413587,0,0.73980188907505
4.33397075504705,0.435306707635186,0.653184716264604,1,0.0755493640263913
2.36988294119447,-0.633964603862438,-0.56450000926103,0,-0.373808613572102
2.58621922123261,0.162041686002856,-0.724494946563532,0,-1.62092513730638
3.90226124808468,0.250308792492955,0.158030890183002,1,-1.86111697349836
3.11107437838144,0.318283394186585,0.238490812687022,1,-2.44892546124079
5.18140002806603,0.648621189091669,0.333835851417467,1,0.165643938577363
2.32582799724567,-0.099476974628264,-0.682043538219106,0,0.871074070954932
4.257984341036,-0.242081242546885,1.04576588112108,1,2.10079353874169
8.39224386881703,1.18953390408161,0.931147258513697,1,0.0786405072746322
0.0453331935964981,-1.23394187361138,-1.82156085598872,0,-1.15882755986109
-0.614600710815819,1.03571284794652,-2.18338912683535,0,-0.671420007916479
3.08220322161987,1.15373393874985,-0.685498983476192,0,1.01767751047006
2.93306496334458,-0.138791136484873,0.483434828407555,1,0.904277010797817
1.11893063646922,-1.56174807513214,-0.0821005406235365,0,0.827302449430141
4.59805750406837,0.626322764408891,0.389922314023729,1,0.0279344625693422
3.4995388831285,1.83011550286359,-0.0269806846493687,0,-0.151601273431958
2.13056220214006,-0.5970592968941,0.171359830269598,1,0.995018954264302
7.76901614936834,0.834558061746779,0.786883479258518,1,0.12899993436162
2.35384378689563,-0.387175293789907,0.793225327275777,1,0.873890945357995
7.13275871828484,0.778772285160285,0.902129750292911,1,0.462575434955178
-1.71931998979082,-1.14059582710503,-2.04380023221211,0,-0.0508419808844518
0.473984750157356,-2.26733452575527,-0.160421052323501,0,0.490155002505848
-0.437093320601939,-1.36374294368216,-0.868258370379419,0,1.58199314278218
5.4851988412772,-0.200866124630717,1.02319705202638,1,-0.851025439966341
0.174597767176021,-0.983600220214419,0.1051945612855,1,1.43599773766881
1.46879853456184,0.361154553912737,-0.932636239087233,0,1.38957772738359
8.41694606198777,1.46310097801942,1.21450077280979,1,-0.0890603235487601
5.04577280928089,0.554834973399096,0.139931162275474,1,-0.114390406388662
8.27019466511856,0.997742749826654,1.79076994687241,1,-1.72601604626486
-0.241382494598795,-0.88402304404256,-0.960252867666421,0,-0.122991260650529
13.6748570572617,2.17285036315373,0.735365321871928,1,1.57631679733903
5.38239583240458,-0.189457793875867,0.971432511948025,1,-0.989209661638112
0.526420154279652,-1.13737983751485,-0.470982170681769,0,-1.7665938145845
3.07659060773963,0.102792995268831,-0.467215331822178,0,0.483982879016701
1.32142888207789,-0.764458113841907,-0.061729156359738,0,-0.846526701229186
1.48571237606517,-0.79895855157367,0.538716751914058,1,0.106782670992799
2.22450500373579,0.0152105017304294,-0.579331484925946,0,-0.414241781192186
1.04284106578979,-1.25119426828433,-1.44566039962017,0,-0.195919082883521
-1.86971241749138,-1.8036655897295,-1.74917825017965,0,0.861704114728434
1.31888703999465,-0.98116099556837,-0.000397659538446273,0,-0.34351086555444
3.35597331577695,0.48954743916602,-0.368155309009038,0,-0.0304486719341938
3.27681807991249,-0.60274910970561,1.66846304379146,1,2.10010219686461
5.96855811759437,0.883588490431213,0.194288127534997,1,-1.44811525678292
4.33416362367549,0.0396606015382142,0.477454178258328,1,0.232052161753747
2.3791144730676,-0.02265020099565,-0.11147608911691,0,-0.914376299217198
7.74590447870717,0.997399045540788,0.967880058430304,1,0.385373268625983
2.77900748494407,-0.476026288085089,-0.31175685337851,0,-0.676274268126158
1.29224265311332,0.622549550355145,-0.152740319389063,0,0.598696716095653
6.69439426040332,1.18101528455123,1.54672697539877,1,-0.957277861880494
2.7738721582657,-1.25943434768277,-1.21190948353736,0,-2.06955008930005
5.27893894978093,0.960343720959888,0.912912556687609,1,-3.69293585113757
10.1396706343726,1.74214909053005,1.43247548307736,1,0.0527594130549815
6.84406369912414,2.12594534615823,0.210882492114828,1,-0.629888434084355
-0.14897731959431,-1.9629071373283,-1.31194794020446,0,0.329141669033249
3.43995600143049,-0.436079323903955,-0.646457198798237,0,0.0993831323309381
2.64801783604475,-0.701833129157668,-0.484742636119747,0,0.0150246134246221
1.48998690157152,-0.893225257357786,-0.222398856734749,0,0.895750602303743
2.93632062139409,-0.54559339769061,1.02855681757572,1,-0.215478260244864
12.8320936360942,2.19766150705576,1.61088632519787,1,-0.254908651188866
7.45737593165848,0.705724620225068,0.937765453324271,1,-1.19892094912926
4.8546066744448,-0.232189380789639,2.14651966770221,1,-1.4289765778577
10.620177337108,1.25930120069448,1.31658225924366,1,2.53662032480615
-1.3972061251193,-2.21575973248217,0.468541827052114,1,-0.729267616135364
-2.23501976782877,-1.93360534779296,0.716795278611783,1,-0.185475021657292
0.922754427338636,-1.05894134567735,-1.18939081556622,0,0.071044880997253
1.13165716460576,-0.746841133397527,0.517149142097122,1,-0.554903245173574
6.34577794110522,0.669215952596286,0.435209121611654,1,0.951040514161188
0.59943263044405,-0.210723137027533,-0.903079876340657,0,0.810320700875307
0.0574155260429432,-1.10277144205194,0.23753647695614,1,-0.288797027846107
5.15014980913435,0.203489813850217,0.796504497175947,1,-0.371300746189339
1.24749111287741,-1.4171204942096,0.270773340933552,1,0.792576880768928
3.71624654480838,1.17333598435431,-0.155106594012969,0,-0.159034729484134
3.52557637536413,1.55144923951675,-0.661795346719099,0,0.37409011140516
11.3977230526862,1.92311289923934,0.620512260100539,1,0.0826260730554162
4.12107585044667,0.330930971254279,-0.251938289382763,0,0.503331171674074
-0.926386646828667,-0.10037818190451,-2.7599186277173,0,1.03699980777137
3.92387577575492,0.798128230679958,0.527177274131036,1,-1.73335168355909
3.12479253701491,-0.195228560309355,0.219118621441115,1,0.832041618930206
-2.80648189944022,-2.42495050156402,-1.63573126268542,0,0.523392821848884
1.71876854833525,-1.12072619609865,-0.411680102257078,0,-0.975423124102006
2.01936836551242,0.208882495470985,-1.0742837442443,0,0.637349199347303
3.9565140047957,0.527745924850583,0.501269745232505,1,0.089565591469676
7.56784516846839,1.01811127198482,0.782634799950001,1,0.0755447848712101
-0.127674630709096,0.582369624929953,-0.239390199550656,0,-2.46742625931225
2.48440910132021,0.601239710345669,-0.475848686090418,0,0.409423768081287
9.54074001203921,1.32639580206973,1.20111555990256,1,-0.401804932057031
4.50822545341301,-0.131906559605505,-0.239560940692824,0,-1.7503829697733
-0.187919845633834,-1.71460229156277,-1.5409512796208,0,-1.68924977409187
4.41736231806428,0.400038218130047,0.0278737126617964,1,2.19758234850211
-3.72691032588917,-2.02512470653175,-2.44617518423525,0,0.813500861896652
0.380289330326163,-0.0181685840117951,-1.34509685627532,0,0.259798209111699
1.62967317667425,-0.787167139418715,0.382811769902653,1,-1.17482188200847
-3.12083904599228,-2.3588649618698,0.116980143109071,1,-0.693574455825479
1.71075071870044,-0.884130878069992,-0.361219790742017,0,-1.12257663957823
3.99889523159165,0.36371506694462,-0.175714004385161,0,-0.868193976994366
2.99207856572123,-0.0883766819506796,-0.558878125653805,0,-0.715855026374862
2.08924966712392,0.991907972479139,-0.496138355435922,0,0.35473465538427
9.91565388874943,1.07453683364837,2.50981592029564,1,-0.451627766490803
2.09635641067354,-0.0918807522512402,-0.414597890107393,0,0.219882933454639
0.89131183841128,-1.22723656174065,0.487823520020086,1,-0.770668171171239
16.906223524661,2.6414633903349,4.0585893122299,1,-0.342543898705493
0.10834000235064,-1.6499216287004,-1.30852074666345,0,-0.461291077733537
0.289836144347708,-0.356899409572038,-1.48193677342917,0,1.09810063311864
2.53665666046969,-1.11297988325648,-0.563088156553584,0,0.838960164957382
0.870413802422482,-0.957866581445732,-0.567233466443436,0,0.817791039044622
2.63574052427291,0.275777937694523,-0.240713895010023,0,0.318124496720215
9.52806378010146,1.92381053634056,1.35861153095279,1,-1.59642060079433
3.82198974522789,-0.089152577797072,0.0219220220560046,1,-0.396453030112933
-3.0095084044616,-2.33369525474657,0.3448890637774,1,-0.322029721808354
-2.57094835631232,-1.49621831409659,0.116457958077942,1,0.895853039664851
2.78420780283769,0.717403873399869,-0.472016079708434,0,0.0342441892409103
-2.30373236217373,-0.874936426710858,-1.45036696602061,0,-0.773678656384353
8.72510140933649,1.77986129281043,1.33098925856994,1,-0.534530487112536
-1.99197486491271,-1.57291766367501,-1.78980990111581,0,-0.440363698778322
10.7792248722745,2.03536301062932,0.962221936047843,1,0.853833155331089
1.70993059622315,-0.259651245920183,-0.246425977061579,0,-0.0802582738153628
-0.848180669977328,-1.97270751672853,-0.346209674366179,0,0.740184291678526
-1.27283305213619,-0.499578695036605,-1.399667923943,0,1.81735815033203
2.73998199880287,-0.202570557918803,0.458947344739688,1,0.267848247185034
4.6691934206296,0.784674821586413,0.0170469405055641,1,0.445736848628936
3.58433258779338,-0.295505521467183,-0.18177354867706,0,-0.298772840631101
4.57439025934042,-0.0650233737099647,0.590784499071047,1,-0.690989805983829
0.916586246294813,-0.703686192286226,0.545416983084541,1,0.206022184823281
-1.88231308136936,0.186517880114272,-2.13066084893505,0,-0.958940828961354
1.63762257737227,-0.425826722447551,-0.0211509553764296,0,0.115576843654049
5.35998660495549,0.341788467949766,0.505297359984355,1,-0.0861827289100632
8.40899266932067,1.07668482260716,1.16001724868431,1,-0.0131923851472668
2.60490311753973,-0.430718091731611,0.736478038538059,1,0.578523363679214
6.49587807859235,1.02093913573053,0.706054061418032,1,0.548994683612663
3.60141914653386,0.402904270877036,0.684413511429656,1,-1.12454421943997
7.86031669490325,2.29150735014841,-0.38623813702763,0,0.797539567346366
5.85976784110229,0.761425958562629,0.467381667961927,1,0.00945027637036924
-1.59799538364916,-1.83838377535463,-2.35410133586937,0,-0.891035318889925
1.94302155840346,1.27274401194921,-0.360464323094614,0,-0.877667094841884
8.85012337634601,1.20233419326399,0.425234338805659,1,0.146315148459509
7.74729183620865,0.552963689329988,0.884127411946936,1,1.44842399709907
14.3879251088832,3.06839465440678,3.38573765804325,1,-1.54443450217756
6.65882312923252,0.576180416004379,0.769194296683759,1,0.178639120724579
1.00333985320414,0.85249237898515,-1.28089923588352,0,-0.262723253611503
2.78988988414048,-0.215596832188088,0.894707915235593,1,0.753508189122055
-3.47555462465475,-1.24059849580381,-1.81180625233971,0,0.505433660797225
2.367837970305,0.23150182855273,-0.289364558388437,0,0.637614188709917
7.71358230025335,1.1232697126431,0.587524290582574,1,-0.0972029342324747
2.70800369792937,0.979586834242614,-0.213552042940106,0,-0.401886737777181
2.75492441165497,2.1143289193986,-0.116333956243418,0,-0.496092593080623
5.1612617686145,-0.266646845948513,0.807604731503129,1,1.48688600057413
6.93263183345748,0.678025541237674,1.86871610533978,1,0.0283956339365033
-0.796435633282514,-1.33361008166997,-0.609860291771364,0,0.122721473650516
5.6407720547547,0.564437327786465,0.486195015540237,1,-0.0695114628869752
7.17282121447119,1.65145937342275,0.516176872398278,1,-1.33144384479661
6.6991289862174,0.00767729465997302,1.95488474261682,1,-0.686078966238226
2.1215757446554,-0.396332146330282,0.938707983285974,1,-1.16695589055777
8.56218592165184,0.537643115474203,2.7841372112233,1,1.18502271471274
4.28901601859379,0.550700408780001,0.279567337244336,1,0.758362140357126
0.0707134269328452,-1.59342352879775,-0.928526347684946,0,-0.889297207739119
0.981729379137824,0.194979203870543,-1.16836875803688,0,-0.606238394415725
2.76887112151215,-0.570036494540095,0.346447418257231,1,-0.376208944267943
4.13810902607631,1.64396611620111,-0.17434986320334,0,-1.44430499487675
3.31865084787009,-1.1386640289212,-0.119706150715272,0,-0.768364184618738
3.33844893828661,0.321774775993191,-0.323671578648528,0,-0.49206658120777
2.8201137979163,0.933026714715342,-0.819524733444675,0,0.502989612638656
2.84161013269924,0.223616404713109,-0.905053019706873,0,0.904630624875828
3.00243445611125,-0.0808192666121123,0.510987259116982,1,1.39497652501446
1.75939015274174,-0.645817200379765,-0.230788630849951,0,1.66038188263952
0.680275064098264,-1.70779708701024,1.00669246317465,1,-0.396835987237491
10.7499295313659,1.22951694525459,1.33038388952716,1,1.7890071047861
2.12084488575458,-0.479099162051304,-0.124113810353646,0,-0.355350063775291
1.57154933345938,-1.03777248691137,-1.54659452453639,0,-1.05997556731217
9.15133633098606,1.62108733247703,0.698263352413836,1,-0.364904480226534
11.8322658605691,1.62786540596483,2.41255813963139,1,0.253575801558097
-0.155613001957678,0.165516411879088,-1.31153056515486,0,-0.586813562007921
14.9323140745289,2.52282992068851,1.76171882746252,1,0.696419063059545
4.82014985638256,0.601672644133056,0.820728058500635,1,-0.876303934917738
1.42622530542286,-0.229365996489425,-0.924338826422545,0,-1.51495147619133
9.20540525389,1.19549359551061,1.84145966152855,1,0.010291025396749
1.86598499729026,-0.290038258253326,-0.740379993113076,0,-0.644577708035143
0.955014154201123,-0.0567685190608611,-0.865752950194322,0,-0.772798355481279
7.36803400048323,1.43558603487374,0.868957149027134,1,-0.278640700408504
5.14863917721057,0.690230097871267,-0.0163282350472321,0,-1.05968960554076
0.891192925445439,-0.845103979389934,-1.26487168760777,0,-0.079761284704216
5.43559571683924,0.662573394602783,0.276957552502164,1,1.27778402303348
0.775937172592797,-1.13145276940753,-0.119699268654653,0,0.349298721242264
8.13556723295512,0.488279236514467,1.69311647947533,1,2.37079192369838
8.58818833644198,1.26765188527849,0.425718814678052,1,0.786481958049032
9.48634488218369,2.02485087922754,1.06172475375523,1,-0.398111792665948
4.19449070112823,0.0477318060907244,-0.34202422275514,0,0.247555392535811
1.97784287120885,0.599923980546877,-1.29125444736714,0,1.4225948836688
4.55691372943903,-0.433662773481502,1.57495606001488,1,1.24935477985744
8.73663186985976,1.73175801136815,0.366766455056932,1,0.0764985516845025
0.626263625616295,-0.669568098324787,-0.554557477741716,0,-1.41189632733262
-0.284441534496762,-1.33675844798805,-0.585655839992536,0,0.74242003210234
2.29217459925876,-0.893304529808353,-0.108419228257743,0,0.422761858281794
1.92420351163672,0.483235439329099,-0.016042451933989,0,0.683337285430246
0.478580944197959,-0.592742101977761,-1.11561440593901,0,0.218070079472493
2.97015162041715,-1.32077245583649,1.23345153118689,1,-1.70476801259229
6.08831392409121,0.405543646943862,0.876623757903674,1,0.396052782739476
8.21102040749491,1.23774865871556,0.0213529145428886,1,-0.370994306161431
4.39278954289194,0.726235498750839,-0.0717944064712012,0,0.280551966840398
3.23281614718793,-0.141043740076339,0.22435185347322,1,-0.411973410366261
-1.01999943179926,-0.452602269507431,-1.70503563258328,0,-0.37827281268056
-2.09017847503773,-1.01866878795284,-1.13272723376699,0,1.05654516908846
3.19856004606356,-0.0750083386169014,-0.555916133939648,0,0.291140917390584
0.217156215312803,-0.96587805028065,0.0477315780835118,1,-0.503476867214382
12.8182090943756,1.89458606184905,2.22160032744811,1,0.667150859634343
2.36805916284005,0.115072985074807,-0.462746649260185,0,-1.49765484987842
-0.326476713565629,-0.962913877456078,-1.28219687247732,0,0.121067206083632
3.77031318009859,2.15929464503653,-0.668779566233845,0,-0.518882919774879
1.83471998625439,0.285021153986381,-0.920446338578759,0,-0.769648656285974
-0.104037949467748,-1.9149161648939,-0.76014225481471,0,1.52018227310364
-1.33075270629079,-0.398222758925327,-2.59164894369333,0,-0.620532179068904
2.09712726369739,-0.547375412728183,-0.478486096960297,0,-0.132552788917453
4.83588708871415,0.411411329761889,0.45573806736778,1,0.0941282505454708
1.87613344820282,-0.744602603010878,-0.230851035926553,0,1.52926226407895
9.4902882917239,1.26452000631559,1.26378944252354,1,0.111893263050611
9.16766647894831,1.74906228137397,0.751346906068794,1,0.27484026075221
5.13493538757653,0.15748726026,1.67011923770184,1,0.33543847343054
0.00690904312954621,-0.306476879287815,-1.55329377457235,0,0.51513604013855
2.04560747179801,-0.0146975524340082,0.595999690717143,1,0.761665229217494
5.56319015576811,0.0316882256039005,1.54243706951152,1,1.01463316471419
2.35772438857687,-1.09282530924702,-0.405376857807733,0,-0.895791103859424
1.17470393015093,0.382189442574261,-0.36190970868262,0,0.531772424292011
-0.931695063901904,-0.377974349442309,-1.9233953402906,0,-0.0552490234865277
6.27251686565922,0.964276222901189,0.0522856629105017,1,0.441502895321427
1.95500854531409,-0.606541576989977,1.31584189675525,1,0.67805348460866
-1.70818000730554,-1.40496724475634,-1.70236881013925,0,-0.0638919064909504
5.10563672586174,-0.611405092854438,0.17169821424708,1,-1.11318368966295
2.38632802835606,-0.236517083376114,-0.0125914950332598,0,1.96610209223932
-1.77033135394042,0.46094709211288,-2.20979023704811,0,0.585047940849504
5.82558333254236,1.14822481891079,0.0348943966373378,1,0.161843274150968
-0.272008373662492,-0.793928224798244,-1.13897596559887,0,0.456395689870451
-2.51020573342727,-1.65314551290562,0.102619019749141,1,0.174180627185744
3.01379769882217,-0.347305984794706,0.498932977220614,1,-0.560129824189328
5.58588935314314,0.946159423761575,0.929818280707224,1,-1.32497265680991
1.40042919333886,-0.5853451727882,0.722122885020556,1,1.02828670515864
3.43771224511616,0.196962758633315,-0.631636576020315,0,-0.689909239798518
-2.31187513550983,-2.46159124551027,-1.71492529531598,0,-0.0887588904035924
1.60273816766788,0.726039897049272,-0.337795632180051,0,-1.2222407119112
11.2620879647466,1.86077427248435,1.20124663137988,1,1.68352048192068
7.28164747666514,1.18479635631873,0.899615028914919,1,1.27386776338738
1.14808201806961,-0.43572367983151,0.258555870387136,1,-0.0879111081508915
5.13157998257145,0.785537012816552,0.128168363081205,1,0.321772756753978
6.37341321852323,0.839778566357881,0.0510821571089231,1,0.360137720152324
2.06551082819028,-0.20573690044498,-1.59913323993118,0,-1.12259044331921
-0.0463921675902088,-1.11911171778817,0.528151996860919,1,-0.540401774366722
5.4350926704334,0.58045495503412,0.409713350206152,1,0.743816969638539
-1.13722196891543,-0.178611047144233,-1.58137022438247,0,-0.475486164889492
7.0893626155661,1.36276086839443,0.363216497985068,1,-1.45013375208656
1.69641075653452,-0.0495266692263889,-0.692449332628108,0,1.15637796734607
2.15646610195019,-1.33820130811455,0.275216895807822,1,-0.39474482998026
8.79300905599265,1.32053310639694,0.959839805536765,1,-1.10848100840899
-3.21721434451088,-1.96983316577173,0.213147716208959,1,0.604372005413515
2.40151985508914,-0.307898089049428,-0.113173667963067,0,-0.471725412036197
0.489161428689827,-0.570373133357776,-1.44461835327454,0,-0.4602271811675
2.54942200989319,-1.31546526945415,0.728815934510537,1,-1.27617107266898
1.12384032922103,-0.419964448860317,-0.671001400972274,0,0.756776471781338
9.00291445631552,1.05277016852323,0.742210957963555,1,-1.25306510550435
0.584901868669535,-1.16612644231142,-0.823248017412939,0,-0.37532535227965
2.38408799068445,1.28214644269365,-0.432602426971995,0,-1.06908395063085
5.46149050551168,0.742918667418499,0.462508658572944,1,0.288269943734119
1.81910337957557,0.406779620412684,-0.487344905725876,0,0.415099373915469
6.84975787726182,0.542953839378889,1.13449000827709,1,-1.15837640684514
3.815171620418,0.683385060183279,0.610276254700359,1,-1.22423754844907
-1.26838726711481,-2.1480137463013,-0.868389472091758,0,0.261428968619296
2.26963043060948,0.0497524179999773,0.379557053731006,1,-0.0979965244930916
6.32023179869857,1.1244335407546,0.0706378514027232,1,-0.509197637562816
2.336607837029,1.54028075150124,-0.301488670154936,0,-1.46369214743583
1.26893546423794,-1.04841199978122,0.237153060839617,1,-1.855335567573
3.30262569535016,0.746692605913402,-0.970002162748361,0,0.294921898484364
2.55447710740387,0.405841791059226,-0.676940724823769,0,-0.173339366342911
-1.01959213233093,-0.3543610711844,0.566243163740696,1,0.520725459220614
2.72009335758207,0.867693486955164,-0.265666219544159,0,-2.01530829139207
14.2650589017899,2.88049346935318,0.661628612969164,1,1.01597142106174
3.98599852328891,0.161348592930932,0.364410422793621,1,-0.704813643777545
1.31413752048063,-0.470779609551381,-1.18958607757757,0,-0.681213964204737
2.55882432071912,0.270039267698386,-0.103972442261677,0,-1.05020640935182
0.0691176128719871,-1.07357173485931,-0.64873692678706,0,1.74539794535893
2.30172663869884,-0.461275797884848,-0.368842617000238,0,-0.116698743702418
8.91131623492802,0.945894262790752,2.42404195876268,1,-1.7476774044275
2.89665620827953,0.92718930025544,-0.0706414718111292,0,0.400707212688174
1.13904750259222,-0.936623874783525,-0.486007940482127,0,1.58734739600586
9.05954910783508,1.61338566775429,0.568227049014826,1,1.00305996047916
4.24501895987903,0.269793537811074,0.255291921396289,1,2.72844880289318
1.59790947975538,-0.51306588698453,-0.316532522378607,0,-0.287202781267704
3.78613011067361,0.665359638396889,-1.22187307462544,0,0.804104821141823
2.53772933468218,-0.623301694171747,0.840882104827615,1,-0.110142992526322
5.21897022562997,0.116644214685038,0.443438178882861,1,-0.323142973438424
5.05048015823737,0.926436116098922,0.260034428985169,1,0.0870666890601039
3.412541859558,0.0185945476614725,0.233287317472508,1,1.89437248654034
7.14214128104033,0.796453555128941,0.609450677872758,1,0.828571165320375
1.6066818049424,-0.44521141722309,0.0820267627108826,1,-0.452463921370569
-0.0020508601575112,-0.3896786908463,-1.68992693605746,0,0.289680263560399
9.18721238186113,0.859384697114412,0.595776762484898,1,2.22976854485409
5.58877145978396,0.582995040611442,0.232484600047323,1,-0.23193637089639
5.56098956460233,0.448158196860234,1.35778195957058,1,0.999460534753381
7.5060241935861,1.40390848755134,0.65626827326248,1,-0.71621375489046
1.60865023675627,-0.177936085858809,-0.923537199861789,0,-0.24315435896623
8.43791217074651,0.863426422233858,1.50782953222938,1,1.94748684595263
2.46186037172822,0.212493522096156,-0.545287922044695,0,0.537104902171162
9.27303788086666,1.16829473378809,1.34052378705394,1,0.201439813842074
0.879631310800574,-1.82185729717524,-0.486963529285502,0,0.374497537380641
-1.99574741558376,-1.04658969838449,-1.12187553162392,0,1.23461316131193
7.76358976560401,1.76615545270153,0.308061622039694,1,0.26161047626525
-1.35830932771779,-1.2044364977799,-1.41805473832762,0,-0.0275196432323497
1.33415206188595,-2.26472266240574,-0.790437180108833,0,0.0428742514526995
-1.58572051585677,-0.657313851600913,-1.50405182196284,0,0.371966864690483
1.97353307577806,-1.17661360798517,-0.269502779033765,0,-0.792269172294238
7.03474823665466,1.1114225702122,0.363735161558322,1,1.18598430145181
4.62363920229418,0.0933951374327908,0.620669947140419,1,-0.747490810319802
3.09296793495484,0.0385963455912679,0.218493916608238,1,0.789510238897865
3.23715574194107,-0.546398879747914,-0.496079840836459,0,-1.65575209337341
0.490117873185553,-1.68494276367607,-0.271777292059377,0,0.487906704272053
0.920770091995821,-1.11557722344964,-0.391449529514907,0,-0.162453414118064
1.89548614448171,-0.906926470924626,-0.208130180803244,0,0.98911147212871
0.815300445717958,-0.516309039817696,-1.01698589582112,0,1.5881588340565
0.783841712233487,-1.03536513299945,0.402037872283796,1,0.148750067292048
-0.59901994417811,-1.66454908462232,-1.74290220859764,0,0.0300573586599991
-0.398782959291993,-0.979149841881897,-0.265299273299571,0,1.06375251415771
0.903441324602201,-0.757108546655922,-0.451110007612744,0,1.81359857560445
3.6210297492708,0.435280362910986,0.0338901648652523,1,-0.243536730839795
2.26268406249524,-0.505461478909731,-0.156519312102958,0,2.2892650452191
-1.54597575920865,-2.53206248794826,-0.693610420925413,0,1.07152390908464
1.03192554521834,-0.802187319611994,-0.882149533130861,0,-0.868687514629799
-0.45956976377621,-0.350255842864044,-2.46339484748366,0,-1.1584222506268
3.88018597896935,0.141264920142724,0.119581590780786,1,-1.72048633261118
5.68839126857109,0.544254081861724,1.13823793035187,1,-0.349351889242766
-0.172005092005138,-1.40067835419285,0.293902569718307,1,-0.372636484675799
1.88333669179378,-1.26389973289406,-0.283715731814598,0,-1.96324582791875
2.83691843905715,0.987701018409043,-0.600772901769524,0,0.551382850648342
1.6850243414573,-0.440381265495106,0.0618956021011328,1,1.39820966734978
7.49536944909573,0.332406053905795,1.64837755267246,1,1.54034051494596
1.61153798687699,-0.649503413763032,-0.726616939333749,0,1.18508057951797
1.60924369287625,-2.06586161379197,-1.12059635327548,0,-0.851033062423373
9.15950987511371,1.42391717639345,0.588540026552462,1,0.258411214091053
-0.0372270669993091,-0.257523180573226,-1.16243110140104,0,1.69408875614924
6.06889435875672,0.832889592745588,0.971030152301815,1,0.571152907897163
1.72874077290445,-0.719301079298694,1.50880448240452,1,-1.12418777949529
0.81685302532227,-0.276742795955878,-1.80626932519106,0,0.411367335421096
3.62416066955478,0.0241759017532099,0.403970310909555,1,-2.50797499358621
11.2842991881303,2.43437131840967,0.626476078377389,1,0.917177615308697
0.336042067117342,-0.90918297422934,0.235824594338447,1,-0.420859948741541
3.41139890415052,-0.324074362910631,0.166065150354399,1,0.373520061408919
2.71859431547271,0.0885265742348365,0.306914548379244,1,-1.23958580631322
2.80361227164309,-0.336557089216361,-0.61986443883195,0,-0.719925132667558
4.75515427637973,1.52827760538198,-0.0653618051976056,0,-1.33224087219452
3.02915751454973,0.140956587403758,-0.300199047104049,0,0.534919259327168
-1.90176839397414,-0.319400101209629,-2.584665682651,0,0.875239252079747
1.67631931396086,-0.547698872523905,-1.14439258913259,0,0.96040901125092
1.16465703951996,-0.771104471662503,-0.585854811854439,0,-0.927681997112151
7.6886156780496,0.35273555635898,1.02703452781674,1,-0.609549920684772
1.46814469098678,-0.69340366241025,-1.13651106509209,0,-1.10608203947633
6.93540694573513,1.73274128499151,0.740041014036594,1,-0.357085894293116
15.2003595770925,2.20948583750439,0.876739213267843,1,2.21601899965512
2.07574497905603,-1.77425591196428,-0.538504655749557,0,-1.42254698115505
15.3663689822649,2.06845319376823,2.16662636725337,1,1.62006868486344
10.8578000368488,1.84400903004549,0.599380017472702,1,0.119139262078261
2.91857728536085,0.551985409132552,-0.483438748686529,0,1.38408919810358
2.70642470838372,0.312190604203402,-0.83559738742578,0,-0.0505654662754362
4.38324167320674,-0.288188199759704,0.258064885039137,1,0.11644057572189
0.461710752036437,-1.39014082174933,0.663338290974046,1,0.591615917756806
5.46584531469144,1.51386539154363,0.535505717722493,1,-0.716421173886756
4.41563727537149,-0.498249725082901,-0.384973959599962,0,-1.49646181352731
7.01026309030527,1.22215999537153,0.3592895022746,1,-0.288424872659174
5.18631934081673,1.06568717525426,-0.409992659983395,0,0.839253875259958
4.8636738155745,0.372918176923951,0.248710926377063,1,0.0323729026825349
0.6650136456109,-0.450533526753488,0.00697041416025861,1,-1.4260401513794
1.8935387574831,-0.0445528671454994,-0.292072121020276,0,1.28809002477689
-0.381474716463949,-0.811959612871468,-1.35094163518937,0,0.756459451621489
0.876683070430482,-0.93135606461621,-1.41086526055304,0,0.864672220585949
-1.47743344591912,-0.807649469007049,0.0186628019379655,1,1.04133014100744
3.18686327654651,0.50899466215799,0.00237121578242817,1,0.948770999627216
11.3069254812278,1.18291172194437,1.80846751687743,1,1.45127295861348
4.90903965824256,0.0775050653463445,0.496702633251155,1,1.15596229891987
-3.92987836590302,-2.35258499926734,-2.11561806140792,0,-0.0100618537817191
0.0759222581419721,0.349252863672449,-0.200291675949853,0,-2.21009535171082
3.36185635990764,-0.235998770590226,1.04959608267479,1,0.0753622319480902
1.78397758786272,-0.154765965530644,-0.89301884088758,0,0.17223871206261
1.499197746201,-1.52857964634609,-0.589058965511519,0,0.88593478618612
1.98173673524669,-1.24138176221779,-0.639562472468115,0,0.420796552916085
-4.22384491348198,-2.41245853259105,-2.63875118540343,0,-0.0307876270628873
5.08516067973707,0.139445754737683,1.38313776468812,1,-0.476839119775178
-2.79560916334438,-1.74498559752493,0.429756232716951,1,1.75092320004329
2.50883180983565,0.0659723600275373,0.00729047695114452,1,-1.19704278761931
3.11015139036614,-1.01590255254541,-0.504286547787011,0,-0.843751160447505
2.28809027828148,-0.707042715484921,-1.32221367586501,0,-2.26337583676763
3.02037847817567,0.736217457059558,-0.684789718733407,0,-1.51361686480936
3.56859121333999,0.249939564822503,0.0421869119429272,1,-0.0765692444874036
12.2527601136087,1.55239269517123,1.57161676560535,1,1.02882357210774
-1.00779084410809,-2.05204381821384,-2.32368028116044,0,-0.749546425334791
1.14493777703736,0.0596342051011296,-0.655644155450975,0,-0.694102684604189
1.52822043295325,-1.21697804617684,-0.0260595387080733,0,-0.381037508872758
-1.60571886044378,-1.78770602128363,-1.43848759122548,0,0.346101005300966
1.44058826624784,-0.81481141666366,0.623131198028962,1,0.670740659741358
6.65225989482049,1.17433311044519,0.310007388839869,1,0.183675299159607
3.68519226631304,-0.0792874847863102,1.22495354182641,1,0.80656010883251
4.77330725843021,0.25237345319532,0.418883841270134,1,-1.39663391519319
3.39955455771212,-0.05797777763968,0.501265539825502,1,-0.220020378706582
5.99147929791282,0.669828023485198,1.11747305165007,1,0.895103327175769
1.18875334755184,-0.382753810315408,-0.45878256938408,0,-0.223743746154412
6.8294450501124,1.45904298817628,0.995594430553402,1,-0.926187695339864
0.845445079364204,-0.941134959733442,0.17058729939197,1,2.24973416645299
0.728215603812049,0.623039291297307,-0.484716557035894,0,0.411225605326233
0.625068248244476,-0.59448306039192,0.581700374345099,1,0.489008233576237
2.40578757102889,0.399306366415094,-0.350728680503331,0,-0.505397051916677
0.141930663007638,-2.87250599389105,-1.476560435028,0,-0.74737613723306
7.17380604794704,0.843634204764907,1.11848567157236,1,-1.73183331015604
1.07403692269213,-0.566486584002496,0.113055491338598,1,-0.891245253563756
1.84084586073462,0.0404508590349226,-1.32594343202634,0,0.801719282215642
1.97181560680643,-0.502343972125608,0.841185204859631,1,1.46705793827305
6.21212141218554,0.801221876339601,1.00566087034227,1,-0.408612509199069
2.80951521005216,0.534130122125592,-0.354687660790088,0,0.121594800562275
13.2071154518668,2.21474486964016,1.92478533187008,1,-0.313588351556719
7.3589362218687,0.662767970289249,0.194029183542407,1,1.47882802842968
-1.02165558843011,-1.56615272186448,-0.105124719852333,0,1.11028893681698
4.06992208753391,0.498910078248123,-0.424309293578671,0,1.09079788294807
8.84048964239754,0.987963103288484,1.77571313319965,1,-0.121715497467808
2.26352912107642,0.661260966909339,-0.768807089954693,0,-0.680675271103384
7.66656801855172,1.39459493573673,0.236560861597679,1,-0.484269942587647
1.43757906736148,-0.722730958433898,-0.359810680482017,0,1.38370502641616
7.28257588416323,1.50747888059074,0.951180617336104,1,-1.15919631631959
2.21751201077813,0.0419757853212764,-0.649036715347759,0,-1.0703848726365
3.23246259366463,0.577555686560222,-0.117399013293217,0,-0.392998570574617
7.80260536697009,0.12180576693597,1.71986253491943,1,0.357462921331777
0.742657577671668,-0.717100394944909,-0.261072383371518,0,0.851117345668243
0.0635503738550052,-0.418679209889257,-2.00750089630746,0,0.16846062795118
-2.07594142345883,-1.00838552153982,-2.99993893165488,0,0.0134134244684286
-2.80003797144711,-2.74924134661728,-2.91071979618719,0,0.224093094827238
2.84675687744387,0.309771408023209,-0.507704490158181,0,-0.444826614130075
-1.456056806402,-1.14202793737521,-1.78125722275138,0,0.649164571513301
1.09835961505921,-1.11450247030325,1.17971045420815,1,-0.265484477501665
2.7010466356377,0.105635542654395,-0.1800589063443,0,0.57305267172347
1.50780741695482,-0.753634333742623,-0.248313957296596,0,0.360252906530593
5.77060500704778,0.525414089969162,1.41335253815187,1,-0.512691977113803
5.73260317220806,0.15044485974698,1.27355045544479,1,0.113467603387115
0.22749354539179,-1.19239013882986,0.198759321510675,1,-0.282405459091321
3.01568269120446,-0.340046492363703,0.916229663957953,1,-0.60818038500653
3.88278334315976,0.399259041073626,-0.491569424044147,0,-0.0490222237519826
3.10676308032108,0.485457438576559,-0.321252672534376,0,2.25548867501362
2.67225084138073,-0.430131181641502,-0.697591578158533,0,-1.00661851564321
-2.72777572161121,-2.71665023457213,-1.60382926403128,0,0.0338666706381667
3.15621797954686,-0.0470837535144883,-0.260098820226165,0,1.84753585293166
7.03121964922253,1.4824795413974,0.449286799652428,1,-1.39192428953795
3.85169688031644,-0.419595427758347,1.43529370956328,1,0.6781820804224
-0.395466511107417,-0.576576227485567,-0.672767234362935,0,1.27041250521943
8.14641865006364,1.34089728067964,0.534052895716317,1,-0.30918829202057
3.45127998982141,0.702297512413259,-1.05555198803907,0,-0.808355393570861
4.27115004599575,-0.386443206128602,0.372697391545882,1,-0.1773208015549
4.16291941947777,-0.50959858051509,-0.581393570049146,0,0.29075845706341
1.53822949891703,-1.18202630185814,-0.528208769051193,0,1.17853832959508
0.875285141140399,0.166655909279676,-0.875948984356688,0,-0.738102525604608
5.04309239565189,0.906071880468131,-0.339000185704305,0,0.0449083961089179
8.82959559800721,1.20876706358133,0.491899440434247,1,-0.309714847431041
4.58644271474526,1.56091251001439,-1.09343718218706,0,1.97678300015533
4.43042097157311,1.19200198036103,-0.654047263186023,0,0.65659143459306
1.46953923836213,-0.901781288328575,-0.384250081281946,0,0.99818206778964
2.52035065523445,-0.232975934409125,0.958452563797485,1,-0.0956376963417783
6.26388795131913,0.550944880358262,1.51258359741992,1,-0.0644741353479355
1.90033068271621,-0.759919034088934,-0.597797843508513,0,1.66054694894893
1.40794109851074,-0.693874313358633,0.67716447380636,1,-1.31910922782576
1.48813455292003,-0.98005206429619,-0.11846028022009,0,1.14382592511247
-0.196341877179951,-1.33215929814715,-0.539489078631427,0,0.806553517833667
7.64675108298403,0.906322462078698,0.358099975011491,1,0.207035798786784
3.1352272673317,0.0878310225104002,-0.0735305802504349,0,-0.238546674436414
3.97760263267998,-0.103591473718263,0.910688870237957,1,-1.27541398567529
3.75474604447736,0.653246960494202,0.0268283606753987,1,0.34947988183357
-0.800576667242405,-1.45117847800735,0.494895228462232,1,0.453187218278024
5.51167152562759,0.297020258839084,-0.596690793952377,0,0.173160824368614
10.0139364780415,1.71832995387506,0.748906487910897,1,0.110053105442291
1.41983924789387,-0.245307433284946,0.994922163124951,1,-0.222004592722107
1.70617353725177,-0.47167155731429,0.0860297768472584,1,0.692310199226869
6.7486618255839,1.57554846231801,1.01838833297343,1,-1.69316984081355
3.82510704257483,0.255123580719689,-0.0177607437921345,0,0.654568755170434
-2.99819929293013,-1.04390157211038,-1.95126227766638,0,1.37335301299325
2.98224183323637,0.104986090156015,0.203126876636348,1,-0.795406702077498
4.46119454915366,-0.785902585214383,-0.243724356435268,0,-2.27262482968846
2.9635553017813,-1.99208643452074,-0.57226512221752,0,-1.76407854196172
0.160627123077602,-1.23247132319728,0.0784621243123507,1,-0.396937618335328
1.67176577917562,0.0607380963000223,-0.351733593257336,0,-1.93133211013653
-1.50641963151359,-1.94563611183148,-0.632977629145092,0,-0.145358377551132
4.04740414175992,0.263766452907855,0.0755469153585523,1,0.857940498652158
-1.28483843033621,-0.0372717777786329,-1.68432941957725,0,0.637259006520823
1.71841831164493,-0.58147458239103,-0.646564792910937,0,-0.706903679817839
0.66995724565954,-1.63160709205206,-1.35403390065424,0,-2.02540835355918
4.65451306688828,-0.0117627544813488,0.117997207244225,1,-1.07023473317936
5.77863091158937,1.17220326900658,-0.230128672064094,0,-0.163821143853785
7.91407496454583,1.14070745634952,0.819886675877735,1,-1.06273771546804
0.841880175161527,-0.873716733879683,-0.352246444248768,0,1.75940202035626
-1.14650193316909,-1.2637094991642,0.085205372919872,1,0.32648837984583
1.57063719925432,-0.231415732261324,-0.19434200159837,0,1.92689157864088
4.97103182097842,-0.663137255016327,1.46606037184998,1,0.5605894118301
3.9457716514416,1.3743725979702,-0.618560322930173,0,0.623919095105181
8.77382685706972,1.3838046678729,0.75594088308343,1,1.07006357696801
8.01510797024126,0.966131863348025,0.705158516677671,1,-1.04809702278874
14.7504725122432,2.47252893132095,0.760717937477474,1,1.77324320221499
6.7812190784709,0.933963775550942,0.361460281261623,1,0.0726650426159627
2.95764895291457,0.684570128169214,-0.206551549011573,0,0.0835198953148961
2.2543077026745,-0.824045536516906,0.413599160254395,1,1.20859880337463
-0.719252911994597,-1.1181334993156,-1.1587009046361,0,0.606238328721185
5.77508260160558,0.152246870944265,0.513024450581502,1,-0.864079205719794
0.961937806265516,-0.517902940438075,-1.8341077718106,0,-1.09182664874821
4.75096554658996,0.589540629058804,0.155276973053844,1,0.0124198466868496
3.73896468848365,0.24891068841762,-0.0588906810641146,0,-0.128017085385937
6.0095059166926,2.48932966288723,-0.289093968943166,0,-0.739889424221552
3.43606331807847,-0.0501317195008289,0.190295186082986,1,0.742940688311411
4.29368296243112,0.647300070507372,0.28798251726835,1,-1.40431406446571
4.58123930200378,0.29712480474976,0.470564839291916,1,1.26853590450587
1.3432298380983,-0.611224086606747,-0.401218649890091,0,1.1999824009069
-0.850499731482538,-1.91252220068781,0.852047890642768,1,0.0373323652724364
5.21728496181671,0.853746502374402,0.89787450881425,1,-1.0754402369099
0.348602098279473,-2.09755443671358,-0.21150510556506,0,-0.119416795259484
2.62047094663569,0.647507283138463,-0.827341732902551,0,1.14158858958802
2.27031670767636,-1.20016571005949,-0.274039129776861,0,-0.528240125143035
4.25115163013381,-0.350229496838404,0.844141636298145,1,1.09592544289817
5.09654253116784,0.143208909365649,0.727663871380166,1,-2.20881594589954
-2.32584751594184,-0.864625958450406,-0.960729630853997,0,0.457456655448713
0.180563975634145,-1.66487149452608,-0.700733844429595,0,0.844611825007395
11.6719362600624,2.1409222352189,0.39810384408078,1,0.626107820586536
-3.65583921657601,-1.72802047948154,-2.09157900319635,0,1.49893370580794
2.0279538606851,1.46954677091956,-0.0729431594651293,0,-1.26863443138267
0.992589435752224,-0.602819528768837,0.330788977324064,1,-0.380933541884814
0.142286851747668,-1.00042912349772,0.0852362154294258,1,-0.647653687017981
0.764976844275832,0.772641549071176,-1.33050658412129,0,-0.895035717152318
2.67647153159306,0.694387140148217,-0.803153900129765,0,1.31568992835917
0.0199515936255232,0.19356062523492,-0.778274766507354,0,-0.182600149094637
8.10161674404665,1.72818540480318,0.476217260157673,1,-0.475791507893978
2.15548988393022,-0.597498651452741,-0.337269129968566,0,-0.459663205602733
-0.0251935084931015,-1.66910807388095,-0.858104857953251,0,-0.0775623195657698
3.88774393277076,-0.645431352392046,1.53041683565932,1,-0.0675690895199873
-0.372712541479364,-1.48315426119917,-1.2959281929913,0,-1.53816555981435
4.77000260225624,-0.28845634338779,0.159664312150643,1,0.216011048979995
3.17060362233394,0.656676068330152,-0.639440321253593,0,-0.150886422878711
10.9846661492841,2.00614242703422,0.542217024169139,1,-0.587212090562138
3.21906176637281,0.875965156059049,-0.428352965818028,0,-0.738742180641292
4.59134252359545,0.243410474810601,0.996341806810263,1,0.305004244993113
2.06989087178653,-0.445083766793312,-0.477873684918108,0,-0.120096887268739
-0.984712123102067,-2.81341015908739,-0.88203663820482,0,0.458937115752943
0.926639247133214,-0.972124602559372,0.83837455757018,1,0.610884637835582
4.23859139417774,0.480033843293944,-0.149394317246781,0,0.693770175278275
10.9928550904708,1.59302875222663,1.6523871127316,1,0.287952705469891
-1.74951517873007,-1.64370656359536,-1.51248355802797,0,0.953772681168097
2.1314437220692,-0.270331393254613,0.177017149418827,1,0.705356176723326
2.02995591681821,-1.81843969019662,-0.810346944904065,0,-2.50195523280405
4.54919952159427,0.855103467992842,0.389835143465104,1,-0.840334689205653
-3.79323858843776,-2.27469588155166,-2.63892153136285,0,0.739926799600121
2.67834221336261,-1.13230330064557,-0.0563728639233356,0,0.767010299375271
3.09018313094121,-1.39625845973702,-0.499730453141826,0,-0.372572179775611
1.48320999383335,-0.885708171657126,-1.14857313291836,0,0.656763691834519
1.35487034331546,0.212032778852915,-0.59343662260171,0,0.589349877074818
2.3785089799349,-1.0765932360665,-0.268307334074354,0,-0.40351381308613
3.36468080189858,-0.268306690166953,0.402517756433353,1,-1.39758552864715
1.43790797127688,0.35959803656385,-0.438337902754963,0,-0.0481552981217208
-0.948174533750709,-1.8523736403757,-2.10781191736812,0,-0.907115011832444
5.38580380329001,0.234978822378854,1.24001136046247,1,-1.24103325358487
7.0022267184483,0.92603165010148,0.380853841428516,1,1.00494144376972
1.21073024892983,-0.750044366290432,-1.07796767831732,0,0.82415916583506
4.22641394316983,0.874469305452462,0.0218179693686946,1,-0.978465409293899
4.6519459925844,0.502254412505799,0.97889766617547,1,-0.098551780212727
-0.118388894232978,-0.420647923569168,-1.40023896613034,0,-0.862191457698062
1.9354674152494,0.185740548768594,-0.241962003342586,0,-0.571398968296053
3.3917007484621,-0.273648174420846,-0.0659531926648024,0,-2.69204155736706
4.24111129836475,0.494849226080948,0.501164767104528,1,0.0922654491497176
3.79782643271049,0.606047519304495,-0.508446468895924,0,-0.921021718507278
-0.0773607730848453,-1.35415908773356,-0.505428784363141,0,-0.230951027073951
4.15239672256939,0.128527573644856,0.562044754380369,1,-0.369758774664395
2.59519699850097,-0.857448223681083,-0.664673626490384,0,0.97589748409085
3.91782575415658,0.243573142463263,0.175587887941059,1,-1.28870202276717
6.75088545856667,1.04986946926268,0.515029308565873,1,0.804602712753398
-0.0721499728956589,-1.96288554925661,-1.94776635809636,0,-0.318872540144137
4.80056586751453,0.76090616944041,-0.293555308258738,0,-0.799049024227583
1.8831349577703,-0.89493186403536,-0.182391896836715,0,0.629118874734899
4.86600706491473,-0.107860120464593,0.691112251517417,1,-1.24429730174206
0.0833487206058736,-1.18534834101907,-0.87239626997419,0,-0.217809556184651
0.904736265468508,-2.01541272675239,-0.375867224094277,0,-2.14026219806931
10.8786087727503,2.36859142335854,1.48120968746886,1,-1.95639363352846
9.94768724259025,1.25712685909137,1.05704583497286,1,0.779581859600382
-0.548015472347398,-1.7347591179527,-1.21859787769978,0,-0.878306556983409
4.05397679561651,0.149512418929173,0.217544868828611,1,-0.597813382149993
5.42762146705119,0.124268554957019,0.70186202623029,1,0.0137466229545621
1.87265545197089,-0.404518869648125,-0.0754075073429464,0,0.648204649787497
0.358516945027517,0.0728428481203234,-1.59440034091959,0,-1.26981110969675
0.585517189162144,-1.07500768847737,-0.376002443923772,0,-1.21929471544626
0.499324882385361,-0.628488582543333,0.301133645672074,1,-1.43374507598823
2.75270856959371,2.17752181144139,-0.29003999354892,0,-1.04227219452916
3.75088402380446,-0.624166692090631,1.39007130808153,1,-0.871811945959453
0.924999743873156,-0.675783299498975,-0.854127003412249,0,-1.13634182271114
2.73758953208116,-0.364429804348317,0.00190835630913053,1,-1.22496138818499
12.1431718541801,2.0788262085203,1.36864534463733,1,-0.0459532962707946
3.36363884123469,-0.0950468528467189,-0.401168556934873,0,1.89154716856527
2.7206223928592,-0.532758481679119,-0.40795391643469,0,0.535030081342527
4.51786755464646,0.210990849096037,0.468789599418247,1,1.4702173745088
-2.38504630613198,-1.9652726688808,-2.25005504126195,0,-0.486370010504537
-1.80774318880881,-1.06231604057733,-1.53536200065162,0,1.89858854015308
0.395115056289685,-0.902654684817268,0.684083348454853,1,2.2897970595395
-0.695830423635158,-1.00144877066114,-0.451196849852977,0,-0.640736230366666
1.68503231493155,-0.740256304030591,-0.161179511543229,0,-0.485031360377651
-3.06121331876516,-1.64280078075635,-1.46238919028956,0,0.334878335384761
1.20781627257813,-0.599537302917413,0.492745978476019,1,-0.0163118524141431
2.57816890981983,-0.138618329767912,-0.183809184081074,0,1.04050571477891
4.69869283794173,1.03302938944067,-0.651582238176137,0,0.719060333199816
9.96217947303368,1.49627371659946,1.7420059165963,1,-1.27767994995373
3.80638857138646,1.31675529411881,-0.378587780664717,0,1.95481189749894
3.41401798410867,-0.0430277951924299,-0.235491821209546,0,-1.21301723015992
-2.52942713853163,-1.16965462816953,0.316144087408159,1,0.391073365604078
6.44905858422236,0.394416686752168,1.6946918796535,1,-0.456389607035711
7.23147235490864,1.48805914495877,1.40012002323195,1,-0.651815055818074
8.45211479925654,1.33292455572599,0.750458876738263,1,-0.57003731803361
-0.160348862352767,-0.96783809243816,-0.832917440986683,0,0.565714666469672
2.78406702059941,0.58324890880452,-0.110130774504746,0,-0.298662914291565
3.1658890680955,0.295440743415186,0.012540030607596,1,-1.29225458290321
-0.270266272192555,-2.07810379376778,-1.33015117740381,0,-0.664764526539137
2.44031936246381,0.187216065066309,-0.969441029759428,0,0.992369476525172
-1.64281206509302,-1.14975778471702,-1.45454104984843,0,0.381774127260425
3.31996701984875,-0.392277297070294,-0.881579564400758,0,1.49404235870428
1.9375548180834,0.603186046514949,-0.493896025428594,0,-0.00458089565560335
0.0218308924212197,-0.645609060852015,0.0650923863402643,1,0.979672178128541
3.3061167483544,0.747475809219696,-0.371299775226339,0,0.449502188612666
3.38192768123931,-0.482524304659246,0.386227452105471,1,-1.29510213472649
1.8674910960834,-0.390681132707635,-0.0491686438333783,0,0.253881289610732
-2.19940340252697,-1.74428203058888,-1.74454885359273,0,0.702549015334437
2.13510485297825,0.404330192600945,-0.725656436354328,0,-0.250501981905423
-0.832793690808106,0.365528241373492,-1.61732750561595,0,0.164989591213323
1.89464523620188,0.549749472837328,-0.207914122272825,0,-0.754137316425777
2.30971153218692,-0.275226165644807,-0.0616372983264708,0,0.00858632481608123
0.000183904578974381,-1.30471532036502,-1.44572824646653,0,-0.755521101250582
0.620058609855818,-0.452990239800234,-1.77152606636616,0,-0.0257253243729207
3.83406870475798,-0.0334374855439888,-0.00804692616916021,0,-2.20417378766798
2.11730593439541,-0.834682687013399,0.800778304791603,1,0.259787016115836
2.32980394398353,-0.388775411766349,-0.108275917043666,0,-1.30452564593363
3.41915742119299,0.866003167080971,-0.426862664356125,0,0.204951633228687
2.93689428382329,0.625794416966156,-0.815753833146812,0,1.13604632110001
1.63612740406712,-0.750092997603502,-0.581931781172845,0,-0.0711189116376141
1.50589389413519,0.0357761257368985,-0.286000585347965,0,0.450880345877687
3.40466822552135,0.0750312534253003,0.711670028527996,1,-0.656386994926394
4.6620379150703,0.57912049202977,0.30606182781694,1,-0.31415383619717
17.3157936875455,2.72454019613959,2.45961035705964,1,0.769683736062295
5.67606277767488,2.59500344451645,-0.17259340360787,0,-0.5276172045579
5.89501778147615,0.539672437555003,0.625821142715802,1,-1.66690756348032
2.76355771270481,-0.380079501074149,0.277539656152223,1,-0.912281121454697
3.89222703066736,1.01414079818945,-0.557730469595449,0,-0.622376032282463
2.21632812924759,-0.579314827869956,0.865090194681425,1,1.11232740197499
2.01998097795955,-0.244254892599054,-0.869131607682306,0,0.347418097672888
3.66962760760021,0.387526437983278,-0.338518145965229,0,1.72588112070364
0.0384426388801773,-0.994592149647364,-0.804055103765426,0,0.52574609210549
4.42765802641597,2.44149931361852,-0.610880868511514,0,1.19897803958861
3.79469403980536,-0.279022223420663,0.773727934880357,1,-2.44462840690989
2.3520614611946,-0.154150752796009,-0.195978825875117,0,-1.12739338226444
-0.178348242637707,-1.5318192880386,0.0682267431187708,1,-0.17870793534483
3.18919063267801,-0.613411733394423,-0.83470927457115,0,-2.35964200165114
-1.26317172863845,-1.42901475875902,0.533798543417372,1,0.286923101513834
2.26917303051597,0.260658353839067,-0.505276531265218,0,1.12210272336814
8.1440458945711,1.09166543836171,0.589745195821713,1,0.76583934662001
-1.01683085559887,-2.07082105972902,-0.392682640310907,0,1.65671603821556
3.92444606521099,-0.0128445246018701,-0.547763407102365,0,0.128043245787085
3.05348313420523,-2.76216442592772,-1.38785644216202,0,-3.79183171949983
12.2479351304269,2.99560651537009,0.0108359633088853,1,1.02458042212779
3.73182270034485,-0.158381104156333,0.131087448805721,1,0.216410014261407
0.0513188390093106,-0.706226143310963,-1.06200075288499,0,-0.114488785924607
7.06693449491995,0.785309571961919,0.793934086896559,1,-0.576339502772181
1.09993119982782,-0.955399878382032,-0.114193303242439,0,-0.237726769398487
4.34554205986539,0.635855180546024,0.883726247147094,1,-0.217242909694238
7.46773796509473,1.23428750878741,1.01980310111971,1,-0.281286155731113
-2.50379734751586,-3.5076518776664,-1.75810856965811,0,0.0741646847980418
0.811506192281013,-0.73617224185711,-0.455100278047827,0,0.0531720312892882
-1.9067064010913,-0.424547937831747,-2.40183462618282,0,-2.01138680953673
-1.2126551980472,-1.96269666179869,-2.01159906818707,0,-0.491628863777994
0.467976508396173,-2.00107025531482,-0.105335169382,0,-0.0733430776853933
4.86769646274928,0.399485459248163,0.908711533765188,1,-0.754517506924615
0.523911102994757,-0.72421100176137,-1.03231574450992,0,0.797085880877571
4.74231919299936,0.114775696356823,0.258400981257609,1,-0.043198199185222
7.62750279817438,0.305368566031106,1.99127067924325,1,-1.18143700229393
-7.28950555640979,-2.8009919763085,-2.32020755667427,0,2.12106676798853
-6.10119487636042,-2.23190803788106,0.471277688941179,1,1.75938156206107
0.31172079148857,-1.16625467850886,-0.989125453955722,0,0.173707058485004
0.623429287549624,-0.453711297771622,0.0132286847718039,1,1.7033406518781
2.0695304373379,0.454663660768089,0.142341447247234,1,0.3361082844793
9.59281350065773,0.900031456689884,0.573327746930754,1,0.845184756661415
0.374511371222159,-1.14672025955282,0.304117094928331,1,0.607862005958641
1.9763495546069,0.601402748706717,-0.169603360942198,0,0.526952328059993
8.12283700814809,1.06001095308841,1.61963607587691,1,-1.00354185280492
1.60971271603605,1.18973044300103,-1.34207349652219,0,0.389089678218466
7.78693563753841,0.866779381679782,1.96569265177768,1,-0.118226052826852
2.40964779440583,-0.0491956125592078,-0.463471118754003,0,0.651757121426012
6.86157936899512,0.327992795193922,0.582687580484396,1,-0.78392987364171
1.6086583247717,0.39300340073676,-0.595684055417691,0,-0.955449057782989
2.24244828866266,-0.549807265336932,1.17140135962882,1,0.185647723907838
4.7675269779213,0.837361990411273,-0.268707414450435,0,0.625476636651544
3.18590114114273,-0.0655412714131847,0.238733833447285,1,0.721490028365774
0.380816155370452,0.169767801392007,-0.186326126280175,0,-1.8472143214086
4.16449403147363,0.0747188617598337,1.02139072246383,1,0.289484911293816
3.3984422925943,-0.142980299683638,0.00929465987285542,1,0.586416874058064
3.00691183283277,0.223957825067178,0.107846466676607,1,1.58354152671299
0.312821020620727,-1.78767457554636,-1.2182001958749,0,-0.697304442717205
0.383401932130955,-1.77864844218161,-0.486741660059542,0,-0.207029199547155
2.40765548855675,-0.11912421111807,0.285666041410793,1,-1.72056728319135
5.24976506017949,-0.945658093028565,2.46461436799161,1,-1.48050631690777
1.22188515624316,-0.462378340592556,-0.990583656007658,0,0.492020704377276
4.1649407014422,-0.418538515750061,1.04572991065535,1,-0.853059292120577
6.48059942129012,0.642831269378511,0.998223686067775,1,-2.02149356114589
9.4098118534536,1.42271122029878,0.455544471101703,1,-0.115906120681761
-0.887245856776339,-1.49613269499579,0.364498557662601,1,-0.379223891163325
1.43412897232535,-0.59990726266562,-1.57992847688254,0,-1.38895990856144
-2.68925329849289,-1.20017143126746,0.337909135808141,1,0.242404637457526
5.15655365456625,0.480162498381027,1.51388234340359,1,-2.05488003323948
1.64269329263477,-0.109251437065615,-0.339194612475118,0,1.95204665908559
2.89201265124916,0.681002275537844,-0.0761557442238729,0,-0.970499570712662
5.65626837456497,0.347466639463049,0.837980243085653,1,0.890481455898574
2.46149519577086,-1.11253563926711,0.392696272965105,1,-1.60663936827723
-1.06201477915254,1.17395128488367,-2.92786836341876,0,0.201487703755076
2.43424403040054,-0.417857915098353,-0.0568748437658671,0,-1.2711920856158
2.68395606133594,0.36914483591742,-0.202344025566907,0,-1.10245871623296
2.84061949240867,-0.490523306837749,0.89892715664989,1,-0.660511250569568
11.9280786282441,2.00110280492051,1.45827070283068,1,0.996103205211149
8.09939390693965,1.23474760170196,0.00908539942976986,1,0.754153465992327
0.955356650449652,-0.536252189297473,0.794818591302383,1,2.15504584049007
4.83951637875715,0.235642938329233,1.30769216882041,1,-0.672268071781177
13.92541065052,3.12164008836185,1.83055382106171,1,0.0394380570845945
3.30318773171007,0.305919039538385,-0.193453194010623,0,-0.460261015621991
-2.37919078738016,-1.14735361009212,-1.51828849678359,0,1.22180555770316
8.62595979308721,1.34523864416248,0.964306347610599,1,-0.523428759483558
-1.88040664387108,-2.78869829114485,-2.07593492425699,0,-0.0891217368693964
-3.66271294682642,-1.78644786515877,-1.8301990626061,0,0.805818925501516
10.6042036505282,1.29323141055867,1.23120433694073,1,0.739139898151821
0.67495446225829,-0.471327287342948,-0.0698175596497397,0,-0.106709966591161
11.1028051109843,2.28544606159084,1.27224721339021,1,-0.408709753183035
9.79894024556225,1.38292269845027,0.688864630502767,1,1.13108966573944
0.935707636071931,-0.848331204973564,-0.512845703962175,0,2.33719610809447
5.559901260078,0.298350193757308,0.186953110684546,1,-1.84686321372538
4.03735891283425,1.30660071661053,-0.242304989650342,0,0.639242485349975
5.07446322185853,0.361629409023532,0.970440068615315,1,0.410781997983235
9.27913402517771,1.13949464949008,1.39270760436998,1,-0.0570641640842851
5.88199885502976,1.06018732070324,0.562446654075411,1,-0.245196876063786
2.39589750065475,0.00939265722984861,-1.29191761674392,0,-1.68145698315911
-2.35016998636657,-2.07609068267276,-2.27351753629108,0,-0.581306392078083
4.36305339816161,1.18482521182355,-0.180264962372107,0,0.167499565826935
-1.08882055950958,-1.14298334718334,-1.15956079519997,0,1.16749688126027
6.09204538382909,-0.417617970653074,2.84633601081708,1,-1.23814064108294
4.02004250289309,-0.213668982834325,-0.0612682310521754,0,-0.425518459746443
7.16029968010226,0.86575274178304,0.903570142716702,1,-0.960108571877192
4.49849434384256,0.649488122934415,-0.0594618723702578,0,-0.0237594887468596
-0.239807058611619,-1.16120042406401,-0.321903078102299,0,1.53242251324074
1.56776487568068,-0.934171097557387,-0.75146932185974,0,0.323555149586872
-0.125448165609685,0.467058984334568,-2.08399196645112,0,-0.490456210742449
4.08656350210583,0.139490639052387,-0.0716372568344622,0,1.51127438844614
3.55322844027672,0.460752929128239,0.00229492606055734,1,-0.8402816053305
7.11127208099922,1.16486022425758,0.0265328771113406,1,0.116735159130618
0.324124486926755,-0.82194486782012,-0.383781816865481,0,1.00049985523388
8.15882107145363,1.00098599076447,1.41236901054489,1,-0.291978104636674
2.65321912310841,-0.416627585125064,-1.25489224724416,0,0.71734736840882
-1.44652609595109,-1.52380047267959,-0.712233834465229,0,0.937981646257631
4.17335985408427,0.73352650637944,0.100667549046828,1,0.546949956369168
2.13983490643502,-0.999654189669708,-0.120186149521619,0,-1.18405511847983
5.27076940908784,0.386374782726675,0.348638370266625,1,-1.80765943851538
3.17779100684701,1.98904307722812,-0.435429476815493,0,-0.324860837028722
1.40870750288772,-0.929331794791781,-0.161107551414835,0,-0.338819663534183
2.19747517691424,-0.821736316466856,0.540128060115033,1,-1.29602181951901
6.80514214760157,1.36249476157876,0.159439945543724,1,0.338262334697811
2.21572409807118,-0.387144429840833,0.218214964951184,1,0.638674084962346
5.0994502497588,1.22546655645171,-0.0925738866755876,0,-0.42947067522657
5.66165538033289,0.143903293563823,0.933377085557635,1,-0.583315104518979
1.13333325865558,-0.234619482477705,-0.528285654656574,0,1.53493086322564
1.25385685272811,-0.692161153961281,-0.122719260578261,0,0.449296429736194
-0.594076996539574,-0.606795706426594,-1.18136124126187,0,-0.22768704105059
7.14849203647087,1.12242500548843,1.00723588044786,1,-0.80240314159674
-0.558979009193661,-0.831829195890325,-1.72341397903661,0,0.239633618906017
12.5191814625609,1.85384387124211,1.59755874236192,1,0.993269569741722
-3.1797686929667,-2.05518125141405,0.125626637072639,1,-0.0762691323622163
8.93868329214572,1.65372969203276,1.39034887273608,1,0.716686523294163
3.12541675821585,0.734418308172774,0.0603615601921593,1,-0.928917628253103
8.39904069799985,1.5472911117722,0.08643299495251,1,0.694170745447884
8.57198787518792,2.11244081813167,1.0377415330823,1,-1.31486513404279
5.07771382888543,1.55486745597477,-0.17229241028094,0,0.111743188671644
12.0356918753635,2.36452466325188,1.32681168001279,1,-0.347594269358142
-4.96318069612103,-2.12050185141095,0.0420740842710417,1,1.19938242432403
10.1767396698804,1.96942665948014,1.16291621415435,1,-0.0144517875212206
-0.522999930012446,-1.21593451899568,-1.86071069784088,0,0.445033258179023
7.61271185329557,1.35518891353977,0.98450702084697,1,0.101414779421092
4.26139158259624,0.215974769727539,0.0565275900600964,1,1.24753808391084
3.479617551019,-0.0827832741864045,1.02973934371698,1,-0.540881329758001
4.14672728757652,0.759883523152128,-0.210030040558178,0,0.187515682196244
3.5172209742464,0.346500541585228,0.501142545097062,1,-0.282681010500125
8.6165095858432,0.769749398748994,1.26493556448995,1,0.370179554126498
1.87464904627955,0.150235158886235,-0.928629770039948,0,-1.83905043606427
-0.417983052468662,-1.10784930402377,-1.72269926138689,0,1.01482042290511
6.45057406731606,0.769854778110073,0.14508353577234,1,-0.740435207041686
5.43275375792912,0.677113795968848,1.02871656242714,1,-1.81633119060009
5.49177732679665,-0.0135779427600793,0.756265433263913,1,-0.265624373328918
3.42066236488817,0.434165355902178,0.0739859116673919,1,-1.06499771564494
-1.19649874592312,-0.246053251678341,-1.66710425689939,0,0.188944466077601
4.91432597276237,0.0742478464061851,0.696377522219585,1,0.535292296649985
-0.539285025356529,-1.87223500730074,-1.83328367991051,0,-0.577460691625696
8.28157190765258,1.35706610266808,0.275774399602379,1,-0.244647589187928
1.85663759897375,0.68345470145794,-0.584906371898346,0,-0.486010779779772
1.9769627557966,-0.20626039820248,-0.28043476194277,0,-1.2859052390871
3.63865553323974,-0.770146411929113,-0.214791355643832,0,1.02800790492301
4.53407968048526,-0.307918453274744,2.19582321100649,1,1.38804084722266
0.616732258348536,0.858202088057844,-0.552385605672921,0,-1.18013874276519
-1.23391640795752,-2.06576449589597,-1.416187584464,0,0.100017907715758
0.912516977178345,-0.489892002539029,-0.643421171504885,0,0.554843907336634
9.64905358596665,1.88406198083313,0.590870823654294,1,0.230566069132408
3.16865780956968,0.219740703436098,-0.187777078664063,0,-0.0176511460935619
1.50169323274361,0.52388140452787,-0.797816366815564,0,1.11541250913528
2.54198480461693,-0.0975139273647769,-0.490312290401009,0,0.480801468499956
2.65037632586183,-0.0528477552186038,-0.514401428452709,0,-0.291685858426785
2.36637555527771,-0.0850654097806213,-0.536836388484647,0,-0.936409032169709
5.04236518199047,1.97365889412585,-0.0376685195603726,0,0.337551119871478
4.5293951017337,-0.404512943800662,1.51363290810611,1,-0.0533246407199718
6.23633176609304,0.912889574320122,0.236766440081768,1,-0.765482913093219
1.20392887382422,0.477803702108854,-0.912013957343446,0,-0.925830892797744
6.79423489458162,0.858915409713945,0.345552643265051,1,-1.51339734120083
17.6786514059256,3.63325382225215,0.970790358317256,1,-0.184727534356144
-1.33412225409319,-1.99823622142693,-0.244272341146942,0,1.35938297547263
5.39404804771977,0.295336596786725,1.07107347824243,1,0.350058777713455
11.565000694768,2.06243014039582,1.36585698138663,1,0.149849639404542
0.0492651903199129,-0.686041424285768,0.413892107291264,1,2.34196962293353
6.28468229408425,0.67623256158444,1.40009820446496,1,-0.111995637794557
0.192647057623285,-0.180988187249163,-1.71766622892038,0,-0.759700952289716
6.03298177237878,1.47913293746243,-0.412761285579094,0,1.00155963714188
4.19313316727222,-0.630668383402202,-0.372989467580648,0,0.387605468834243
15.4063245401702,2.61424398910294,1.26639388812504,1,1.59681150996094
1.67853512892137,-1.37655589385046,0.833891451764381,1,-0.930463935258055
8.69902727670503,1.13811995146431,1.58122241752457,1,1.32358618237551
2.05502033500146,1.09206711812922,-0.487981966362014,0,-0.995816457041411
1.89034397657413,-1.67658542240269,-0.461287660227244,0,-0.90530645688798
0.825785333765128,-0.848158959640464,0.207978419040507,1,-0.156837796419718
9.65311501033739,1.35774473062522,0.130597014352802,1,1.5019826129298
0.0972156780149283,-1.33345490763424,-1.26501825288991,0,-0.297109774095021
2.33911156638497,0.185673363375696,0.5773110321017,1,-1.10287790592537
0.672840025712568,-2.00255358859093,-1.30009650306122,0,-1.07258858817344
0.742583868189678,-2.15606372657563,-0.724025920319972,0,-0.615199309307016
4.95571133879222,0.892083758764363,-0.434370002674248,0,1.09110396528792
3.76044037552779,-0.0158620094800017,0.122073900740398,1,-1.01015640504572
2.93847050487422,0.17671727854875,-0.725606703229442,0,-1.11454159059301
8.89789523846914,1.41084000715815,1.15668378489359,1,-0.264374735171069
-1.11206788156129,-0.31809626288638,-1.88022633032031,0,-1.21320731217507
0.236930246076705,-0.110343540763579,-1.73513591330624,0,0.638907551206365
1.36525436632219,-0.175441600712158,0.0973723614098048,1,-2.0807784757038
-3.65920468635351,-2.05990766474634,0.0893314781168682,1,1.34305777100044
3.00548531796009,-1.10632184737268,0.905717560313597,1,-0.460986196574981
7.6525192009646,1.02435587081925,0.567615264187394,1,-0.28970944354189
14.2171329578976,1.85143082483189,1.77756543014325,1,1.23500711116688
-1.02139828829559,-0.788379695498851,-1.48572536325486,0,0.0662650337830849
-2.38016006194281,-1.78513569529229,-0.791419460695353,0,0.629725222252929
-0.982160419819643,-1.75211200042586,-0.850635393105152,0,0.888453317331511
7.19686933521923,0.014758430720329,1.12761900734796,1,-0.983061103304923
0.161980297215106,-1.64038270294942,-1.46522443995159,0,-0.0902308494179499
2.15206843196334,0.629419510618934,-0.419784213946559,0,1.43214056486109
2.62503925490106,0.665578282085129,-0.254948974100965,0,-0.322332053788965
1.50842480757581,-0.671993963491606,-1.01961666244651,0,-0.273437494378542
1.02734828983776,-0.817890560079659,0.864045750965206,1,-0.0944863062265883
3.97556933094908,0.340453068378605,0.311643909558839,1,-0.668593956928216
-1.56317576451661,-2.3624854151148,0.113963240692141,1,-1.1738331715949
1.07527026982942,-1.19273683321332,-0.567498955744168,0,-1.12258284946983
0.0838515468991655,-1.63715749411071,-1.01690784148874,0,0.641958256818925
1.66271739623582,-0.266976851883616,-0.717475550035561,0,0.617430541201541
2.86359082383817,0.36712605553414,-0.19579690743272,0,-0.324221932864083
3.7217289086843,-0.409599007088482,-0.4569047628535,0,-0.298861069622106
0.225633283035259,-1.05940800532107,-0.776541593858379,0,0.360357373007182
5.95903484455232,0.299065816056484,1.75155925155441,1,-0.462541875070237
5.74882427077324,0.624544106268082,0.502985035811561,1,-0.485811352030234
0.262761070975039,-1.85894897015134,-0.946747955558708,0,-0.203796895105679
3.59457889159673,0.870318247824218,-0.0497763141271173,0,-0.0543716653982641
-2.09903517163454,-1.63708267123189,-0.825502397326366,0,1.45750255996663
1.13938012684196,-2.1331244963575,-1.28191619012343,0,-1.41636848639898
9.98425104224277,1.89586805253405,1.21446987893816,1,-1.18559431371729
3.12490060531678,-0.0405091207336486,0.0650526492089072,1,0.314150630360282
-1.02884043142612,-1.84284314824422,-2.45853738044437,0,0.520870080742451
-0.178666659929485,-1.57626144105186,-0.646329169775663,0,-0.653692769676458
10.274469021473,1.09831472106015,0.690791568176042,1,-0.455421027855903
3.88526589585683,0.151660450122112,0.0302439626943022,1,-0.814111004280236
-0.0301942208863519,-0.631033508609328,-1.8522200581933,0,-0.227068554999097
2.64972159457137,-0.491965243801724,-0.553204189233321,0,-0.15966997220342
8.67087148820502,1.53474164962359,1.34867050433695,1,-0.933930700744425
-0.903657503122694,-1.52252523792285,0.0605121759057669,1,0.0985904219916365
5.40916102871541,0.435341895210552,0.889900707480388,1,0.711142306031619
-1.27755180298927,-3.42158479655781,-2.567101334918,0,-1.68630190570774
9.53605325148117,1.70901710360857,0.00233364037291416,1,0.99380812829474
2.13698831958146,-0.00424380322551655,-0.159557912617351,0,-0.787797523423543
3.14688577725638,0.12597870785439,0.795191514664385,1,0.468512846649535
1.99579030777587,0.602648083834716,-1.44981192156374,0,0.657483457160467
3.19882444265241,0.147767088286225,0.285318212298893,1,-1.35187994570678
1.24069091548947,-0.172847521284483,0.175906648019398,1,0.225149793047765
-0.0368807024580752,-1.95877963353322,-0.61016857468339,0,1.11948752592973
-1.92678961591269,-1.44974354468248,0.0920936839271336,1,-0.0552214402491404
3.13449958615129,-0.270176489468335,0.611168034291305,1,0.658858215078163
3.44335251992922,-0.12310281589009,0.169762145598785,1,-0.198879513082817
2.25739086518709,-0.428831622932215,-0.103831532035557,0,0.0288443172962677
2.43765325932836,-1.27289738058784,-0.252996414519036,0,-0.533915821085724
2.23418083533405,-0.266816238052011,-0.169321556335749,0,0.427596964689919
2.94533579568322,0.542265016610871,-0.508665517023613,0,0.895578888086688
7.61955545998387,1.17004276391304,0.957298494159213,1,-0.909549196959171
-0.154722924809196,-1.68699448815414,-1.29946346837456,0,-0.30303338304391
0.229203935691617,-0.718733357715617,-1.06886007878103,0,-0.521372636725038
3.45903358500426,-0.236829177778052,-0.22964080815939,0,-1.81836638624655
1.57779197584821,-0.532759450035519,0.558264488866191,1,-1.57980984201266
-0.0843292945797136,-0.61635199625192,0.171721425343296,1,-0.650722977165677
-0.757901517974259,-1.32654057354395,-0.368703385966481,0,-0.780949000053246
1.38683958400966,-0.125585549927797,0.231040306613855,1,-0.395779542547204
2.10137573406094,-0.3849622908665,0.524862215692553,1,-0.369613700093714
11.4321505940382,1.59685171741347,1.91257236685591,1,-0.00516634182630024
-0.349981639131768,-1.41137057824676,-0.209499889201638,0,-0.103586364827649
7.80531311969119,0.856277409346671,1.75500788612813,1,-0.949750142973817
7.22847108995224,1.28649730042508,0.746679252176229,1,-0.0422545214311695
2.95001040585753,-0.179831227489611,0.074052168311649,1,-0.392126235446227
4.05783146402413,-0.0390126088663509,0.949150100523755,1,-1.38270259316565
4.08050400035916,1.16297532434285,-0.167269692404476,0,-0.00269479079623593
3.35317593482208,-1.62633047933795,-0.381548304427806,0,-1.90990107634804
-1.00724318824609,-0.271474392602836,-0.968962995542745,0,0.509279888648088
2.26350179993702,0.235006912120832,-0.126746502622821,0,0.641281369419833
-2.43374281243263,-1.37782311473933,-2.41437496766259,0,0.684354018513109
3.92747523543262,0.517772627410484,0.460957742538396,1,-1.17469395570553
2.0636834192951,0.920620526218987,-0.148781374698901,0,-1.47465104848132
2.72946023177281,-0.62109379906783,1.08219983749666,1,-1.53975808125821
2.11197475648738,-0.951115705562897,-0.297301155816458,0,1.45896044593556
3.45442289405416,-0.0899764298550828,0.179633610107471,1,0.516595905312221
2.57094438707262,1.21950569512214,-1.09951941473156,0,1.05852065881005
7.95265933124546,2.08019632274372,0.293135919452734,1,0.222740415376201
3.99443571408854,1.34302178765377,-0.208021420493026,0,0.694765314197565
3.73795567396466,0.205741068994368,0.482106879390683,1,0.378180267892777
9.21615003127816,1.71648465826903,0.597183784270506,1,0.381728204254933
3.82772171217692,1.70847379624282,-0.440291059161771,0,-1.02825644356819
-0.94534777089195,-1.4257054840955,0.243285004715146,1,0.469544312927107
-1.13709786388219,-1.88112700075942,-0.296706835237534,0,0.140147540344314
0.283929403882881,-1.04816583249839,0.778478591904397,1,-0.424283665835054
6.82832259925548,1.02446038589569,0.548415147700279,1,0.225396379422523
8.41005842683613,0.465811236688827,2.10777762424601,1,-1.65027701841675
2.93274756764292,0.384858699334453,-1.23318090270896,0,-0.289572598103835
0.867280017672644,-0.78460376060339,-0.837187720228997,0,-1.22766998484346
3.73983780634694,0.134885076851503,0.190424776272029,1,-0.749603702421295
12.1484596273218,2.67737967318072,1.05202076481713,1,-0.00621182442562014
1.30784941304446,-1.04531014473241,-0.754708481710777,0,1.08620844630073
9.60904873479934,1.75942928854275,0.651158047245664,1,0.383170578189631
2.42128369638367,-0.580064557003765,-0.73049199327844,0,1.72244809704013
3.33612348155314,0.0912281799174239,-0.194047746678342,0,0.44928553192196
0.856322695681361,-0.534448033532001,-0.677121101722349,0,0.907619619009171
2.19330848416268,0.0443152539923448,-0.41885667965813,0,-1.06144117398552
4.08393741933606,0.314276988628187,-0.194626356560055,0,-0.832303002626687
-0.29672239561174,-1.09636011290006,0.255257127658715,1,1.14394109034266
4.92060418813924,0.503799733816425,0.451144978353689,1,-0.834617221526793
2.41818235798623,0.790172721151785,-0.180374306142823,0,0.662128768645384
1.32912767020137,-1.18242499239308,-0.628587486813088,0,0.329186881309061
-0.158369415866178,-0.461602613884522,-0.387972943772012,0,2.35858097765367
8.35649062700519,1.29051643190352,0.291676410903638,1,1.76576794221294
2.41530039349805,-0.174686071924887,0.380321023411221,1,1.29966724074253
-1.70162943454108,-3.43194906427575,-0.858866061446561,0,-0.279889177257631
-4.14462651199923,-1.40476276696126,0.0581924869048839,1,1.59537189095271
2.34706461326294,0.0271363757768326,0.343931295753868,1,-0.549298604188921
-1.37499994690938,-1.05445483890848,0.368730205582367,1,1.38161022221057
1.25448391713276,-0.655479466678687,-1.42004814010976,0,-0.95706459042155
6.1657880133691,1.4408520170449,0.297404973985804,1,-1.95808219362004
-2.77762388442147,-1.42640291103567,-2.12340789216484,0,0.0949201401013986
-0.416639499640099,-1.80281092116092,-0.818196827588396,0,0.392077559823294
1.90222058950416,1.15010266683407,-1.18767655599936,0,-0.745340655141364
-2.21995669711081,-1.06136360952032,-2.2145175706223,0,-0.763876000247612
3.55651588208349,0.925165025705193,-0.172509157590557,0,-0.166544104600575
2.64792441510511,-0.169550298303222,0.143077914245871,1,0.944440212546958
3.8781119916658,0.10540669179589,0.526055415448724,1,1.43991958556931
1.19772747722009,0.703864984095437,-1.39320816037259,0,0.89978977829095
10.4732759062291,1.40158025687,2.581434114577,1,0.328288173597287
4.93706169341298,0.499538164728335,1.13925330118267,1,0.0610766562848924
1.33660323721987,-0.457573706425153,0.238374802479455,1,0.608767145033898
3.5708855592637,0.872306526437934,-0.247272105431002,0,1.33594740088263
5.46276125645349,0.306996013859109,1.15079684571918,1,-0.464040104876867
1.75954310094371,-0.906891846467973,-0.0576651736437107,0,0.212103322167059
7.91514841811408,0.97036543923685,0.872640297209484,1,0.95946548806275
6.67950942789489,0.936643213257843,0.0474232050795893,1,0.685497424192232
9.98746314291483,1.10282995136301,1.37636279625996,1,1.06805491944382
2.55982288493498,0.223648182270384,-0.540368046734997,0,-0.506471614170147
3.32826381995325,0.863072623873352,0.143526652211229,1,-2.27416607836576
3.86696327968949,0.66318615727659,-0.269428602034511,0,1.81562425493247
1.09895279068643,-1.63590361455777,-1.46615878108806,0,0.195263846868848
2.91412791074275,0.923637118342392,-0.0772805738593194,0,-0.110185193374062
0.720180862696712,-1.06024575529165,-0.392356487588968,0,-0.909798864050734
3.13890957538879,0.204240952334238,0.17250205564091,1,0.357664272337396
-2.91891208636641,-3.34023701571169,-0.782384426734508,0,0.577906666755109
3.25209176743058,-0.590053818172524,-0.233703756499753,0,0.986627408118123
-0.924032243996795,0.00260131973017991,-0.902392767121603,0,-1.58243957090228
0.432959580639323,-0.596879574616661,-1.26872771137114,0,-1.11877564472453
1.37386333340853,-0.336298968933039,-0.912169257550906,0,-1.59255102103126
3.24203657020635,-0.812662900704674,-0.142818598326869,0,-1.16935337573628
0.812426202183858,-0.328460752318888,1.04005342231206,1,2.08025148396862
2.326214713384,0.0280612535742599,-0.568337309841685,0,0.0226420438961238
4.14299499180514,0.215126077675596,1.13460848518851,1,0.866752765303535
6.46015718720212,1.04730345167929,0.809171347613137,1,-1.54480674322022
-1.20195794019989,-1.84295680446729,-1.92083992871278,0,0.0926603854904073
0.063293646798116,-0.880126582019526,-0.0405718307120502,0,1.47840052255699
0.559543015671956,-1.52658289901496,-1.62511945348078,0,-0.664228201550585
0.912905738002588,-2.10647268444798,-0.0565226777749369,0,1.29577567398124
2.99954432415977,-0.271526156830476,-0.406520878136147,0,0.730221375671202
11.4650031718956,1.78367343862119,1.37362351860531,1,0.319078207357659
8.78019982236005,1.35014761474273,0.390555876679973,1,1.473601390618
-0.54423146203266,0.100704842274478,-1.34721844870785,0,-1.45884345240931
0.724011046291992,-1.49943937821225,-0.779362152850281,0,1.21834359066371
10.331534860041,1.48307373647972,2.25297826891981,1,-0.54819340538035
5.54561641244488,-0.114608855078247,0.435194092446351,1,-1.41736844788327
6.97378315514633,1.36864242011705,0.906619795770612,1,-1.29628731767934
6.48234982198626,0.47133757640741,0.960119029812862,1,-1.0967590511673
3.20948385699525,0.774915840018128,-0.294638048489131,0,-0.989813955948874
1.87193693321618,-1.14716603075958,-0.345178531223763,0,0.0871161933692054
8.32833396664139,1.19291118396002,1.9434829547841,1,-1.06863048289703
-1.50408533703678,-1.2050102527504,-2.0274399694886,0,0.631465642263037
8.72137667166045,1.73730743365491,1.07023850871854,1,-1.60458529957357
3.22824078341135,1.36938238988458,-0.754682793800686,0,1.95498779806266
5.57565644143932,0.198865092250169,0.492032351504562,1,-0.419872892836537
2.72298945758193,-0.227987603195051,0.358711048750131,1,1.05389377902533
0.0949122667905933,-1.75168735681098,-0.670247032050393,0,-0.207938655415731
1.69959023298954,-0.156095466452893,0.4903185213894,1,0.718802211330896
3.77086369264486,0.943263545457258,-0.165455844983386,0,0.321171646744654
1.5562318393547,0.105278887701689,-0.467732487728119,0,-0.288006115487177
8.53937980813024,0.7443632036088,1.19559967593666,1,-1.20139180923942
9.59769676615881,1.40815703580068,1.60736934528533,1,2.38671184516956
-1.77758333822464,-0.985226835519242,-2.37348656250275,0,-0.250073697927609
2.39427975829361,-0.426813929067547,-0.906743771691721,0,-1.37617281589914
9.76730353105454,1.10825607411395,1.11887217922704,1,1.33159528881612
-1.4999385546924,-1.39837173147902,-0.175603750709503,0,1.22104446914028
3.16838915462439,-1.46256686612539,-0.423509841594451,0,-1.75524445023514
2.90317904556209,-0.215814126642886,0.000790724982044077,1,1.41821785965933
1.90463711057621,0.133471073235089,-0.534355487131933,0,-0.324562900287465
-3.32863751186512,-1.95246574156852,0.398808886862091,1,0.110295436939135
1.57467693589374,-0.0107174931485997,0.0876045492986676,1,-0.286314332872892
-0.140743085152552,-0.757025375757515,-0.256790027653572,0,1.18211464710173
4.60471989985694,0.113819877963079,0.525248684948429,1,-0.426232460750092
4.585158371154,0.644385906136358,-0.158043898877103,0,-0.270545522922596
6.35162316093841,0.591400779352112,0.734658737951043,1,-0.491303524983325
0.586652887765412,-1.00412099843294,-0.554789190961649,0,-0.284634833508274
1.71859569943203,-0.535295584280135,-0.734489419009234,0,-1.57917924696118
8.62691825930061,1.17857215189224,0.784088640670625,1,0.195948382054297
3.60480912557062,0.176880549481819,0.681666207600521,1,-0.312068064655856
2.07765546988221,-0.955222784015477,-0.119800739596712,0,-0.151318935036425
8.07324498687222,1.5548905824227,1.04291870967469,1,-0.610411446551724
0.564058543046756,-0.504305920629019,-0.984187825406844,0,2.36166715915601
4.36907455833156,0.628463546691968,-0.493533314692359,0,1.72674373453487
7.6570935448412,1.1438838647557,0.778589929913928,1,-1.28998032251694
-4.522514075874,-2.36734844397414,-2.58231208587217,0,1.26176204368419
-1.23356677463602,-2.04857576243494,-0.754663918581433,0,0.399981460121991
5.22941168137297,0.203787170443805,1.81838518664436,1,-0.050692766609232
1.15074661027867,-0.389788500917407,-0.680609246733448,0,-0.0463173464050027
8.43763707294953,1.87615905127223,0.107954850107643,1,0.444935172521991
2.94170195048246,-0.9057641514673,-0.277108678742216,0,1.0574480592954
0.416559088671427,0.483536784055343,-1.24154245517513,0,0.913866194966041
6.80503446382885,0.482847681257744,1.23382041718225,1,-0.0337028915751921
3.02139883600516,1.0747007110885,-0.492960878858274,0,-0.574347287777766
12.37166312488,2.00847884933404,1.22255929421645,1,-0.00498035077445744
10.4989995491247,2.26223878286748,1.16229434055316,1,-1.27483692689479
5.78701455181393,0.600765266699453,0.978690287145786,1,-0.331835442161731
0.105937616299717,0.665298140184561,-1.82286969516255,0,-0.0218059601461952
3.39176441754641,0.339522239999291,-0.0917967587768146,0,-0.451145804428164
7.29044565722665,1.14545098903326,0.979191327159949,1,-0.501338019325024
5.07679130342671,0.05087812115175,0.705668238839356,1,-0.301317713827044
-1.32730701365763,-1.40269303771924,0.0474575540570429,1,-1.22440517590096
5.28942528782747,0.404026529851301,0.182729839848827,1,0.860613317743199
3.41230833584306,-0.454354889211762,0.914276294564567,1,-1.47588412931428
0.520820336119194,-0.681458165688069,-0.91630167951883,0,-0.525845875803769
5.36862765053817,0.334336196514256,0.2909421175455,1,-0.326781429902389
0.552907373517183,-0.0227528946066874,-0.918832453797746,0,0.107387666169076
6.73557553077092,0.92627320875865,0.750294936241721,1,0.366042171856921
-0.101562644125553,-1.24260085677225,-1.18679797964686,0,-0.505426591150574
5.55333662638342,0.559435273871108,0.143251911429824,1,-1.04987754437225
8.72046394559783,1.66561291379528,0.692929380253846,1,-0.573885422575939
5.61401783906581,0.678679179888168,0.574747643849212,1,-1.05728126845993
4.33513851552404,0.395057261132602,0.252549929678061,1,-0.864392418863582
2.99226966035005,0.081094535867571,-0.200531353099884,0,0.863707355359142
1.8579516399419,-0.752283903718162,0.788664950675862,1,1.3211539249053
-1.16360011412009,-2.08307556162127,-2.24253182163317,0,-1.63950582759727
2.75182303760477,-1.1890369559626,-0.220272777381753,0,-0.0245714596238789
5.86040724075139,0.936982858951244,0.84680467853558,1,0.0829757029464557
5.68791578087343,0.631696283633387,1.69986089428478,1,0.0657850666024047
6.0894669204392,0.544962513355503,0.370563899676014,1,1.74678858200179
8.4507581059289,1.17594160603983,0.577807906343416,1,0.332429661555058
2.69410130845499,2.08505751140642,-1.05306082152286,0,-0.695370128597259
1.28467078308534,-0.606894940839135,-0.981593599418988,0,-1.75228724731681
0.756815557644637,-0.943576496414111,-0.613228140972352,0,1.07764910958278
2.38394556353529,-0.344726160274644,-0.733023496846961,0,-0.219120394060159
3.02769130485601,0.0219372152950233,0.936098579671503,1,-1.88160526507778
3.81985351768593,-0.35935783624054,1.13436221965891,1,-1.11193437337902
7.86556374140272,0.43799018389879,0.857572153357651,1,-0.596767579006335
0.978292671372717,-1.16798704802502,-0.573636846560763,0,-0.730948250979293
13.1206045948386,1.63049351215667,1.37799518406154,1,-0.260624296629472
3.41385328866128,1.39428881548926,-0.575477306352856,0,0.0821120408979077
3.30543851656709,0.81373429502035,-0.592875136337453,0,-1.15335325498048
0.423034949063579,-0.167505248580154,-1.42362978588982,0,1.58776953970923
-0.82193159512206,-1.20557189872379,0.028840813481485,1,1.10989754192398
-1.15591775634691,-1.44917022208222,-0.361117470083399,0,0.235998284642022
1.00156725903507,-0.257053369722224,0.507778169311821,1,-0.778040436702076
2.2576007301869,-0.176079926855063,0.229245314762427,1,0.919072491691386
10.8798356137417,2.14191973130992,1.6990066561506,1,-0.116296880427189
-1.86625823089482,-1.73897500975069,0.464162552536572,1,-0.252594956348026
1.57422707049678,-0.328242338556529,0.117837827564771,1,1.53340254178628
3.5423875954072,0.82523782790509,-1.25628572776247,0,0.775888359072842
2.26313023768895,0.723714977787211,-0.29505311210728,0,-0.300997184873289
9.85659593761558,1.02958923331257,1.04003137852425,1,1.49138865385155
7.58033638304941,1.06261214044509,0.1248801596838,1,0.468606570655709
9.63316997338895,1.42872931113682,1.29274244353996,1,-0.143997783412957
6.09519717941105,0.452257476906262,1.01318365143989,1,-0.393288602068774
5.56171012493354,0.455102875098467,0.200866909402296,1,0.520269269830902
0.878687512083788,-0.48513655246256,-1.09413156745844,0,-0.661362277415437
0.488981181514489,-0.367586357613774,-0.855726283238511,0,-0.214843667677375
1.14474195444946,-0.156285766346338,0.044471773235431,1,-0.886975429274796
3.67356752886981,0.174766095164849,0.0590813960295895,1,1.83396370055623
0.683178854009781,-1.83400935811125,-1.10063501048093,0,-1.16042524671046
12.203006910432,2.35722255130195,0.0763872721578815,1,2.56099947506902
13.0925797819458,2.72380201347235,1.52323810935754,1,0.627745351391094
0.543687774413564,-1.03009928910527,0.344480204533755,1,-0.973300679636303
1.29975199910928,0.314736031500089,-0.985499218424678,0,-0.754934999887306
3.4164570742878,0.447176056782137,-0.967690224721452,0,0.275539117648145
-1.59812239607092,-0.70603314888006,-1.06464332034218,0,0.461365412767239
7.34006893343031,1.25018048778443,0.849833872411076,1,0.282377716359903
6.13855577242992,0.838857300669226,0.872295677726743,1,-1.5558191861834
6.18033649533749,0.0132341733380317,0.465035935984174,1,1.27434145994513
9.00900066938989,1.60767126143715,0.496728426543689,1,-0.889989023303154
0.0381078060405794,-2.40859429032135,-1.59543720111517,0,-1.07176232609793
-0.145241575688292,-1.18409012691551,-0.490783709076547,0,-0.198032866741156
-1.36574639847732,-1.06058856954403,-1.86155534056167,0,0.810179139470493
8.49433969721277,1.44656321181461,0.579544485148693,1,0.701575774630388
5.03595129961976,0.426811777902509,0.937687572969558,1,0.797030401118596
2.73683066019532,0.548888939214456,-0.311209813136422,0,-0.0907234087912989
4.47967255372207,1.72414745771826,-0.163711975797779,0,0.572243354405674
-0.786367319795861,-1.19055901756319,-0.707306922670729,0,1.87048406589293
4.62363797617117,0.370361209136143,0.0575905796086102,1,1.64756079179207
11.0756881914243,1.92466663594838,0.416616303742786,1,-0.145663123547882
2.66290244585272,-0.283590170361937,0.263124561657076,1,0.67016575202826
-2.31841690064881,-1.66256038073742,0.0751061145162867,1,-1.13418784635725
0.482069238835852,-0.231381889335273,-1.58953712486678,0,0.0347684935691026
4.62135597696758,0.70961828075235,0.392685153777341,1,0.89757654994947
7.40163891821014,1.31878783979877,1.05501598577024,1,0.587743337056352
11.6168923452601,2.48372606335345,0.797844199390319,1,-0.107134139866742
0.689412713739376,-1.2538030835049,-1.40532350914899,0,-0.545828326484102
6.19491493946114,0.925343966256265,0.374033407750907,1,-0.267694317855212
2.34276643554709,0.754182400648504,-0.583575303042288,0,0.837665821755504
9.76610228690613,2.0421030794596,0.625541742379173,1,-1.05533727365948
3.20051316893721,-0.235583324871581,-0.0625090057858523,0,0.427810583291792
1.20782652172799,-1.59298015665507,-0.563408269997968,0,1.30927194314104
1.76369981739299,0.0018960341791231,-0.549425399678837,0,-0.29095198171339
2.60491692979481,1.02814032973292,-0.793759576306145,0,0.193070819139744
8.45991780070326,0.798944435750028,2.06666390429764,1,0.639737259828446
1.00324849015297,-1.40697058910017,-1.23575476236883,0,-0.449626957947217
10.1371355071749,1.36876317345685,0.631758872293584,1,1.28463755358612
4.07775956277921,0.431492539098337,0.271075028558848,1,1.99412650153149
2.42345569753702,0.218888719115337,-0.51280530946562,0,-0.0805154978119254
0.232335384237319,-1.16615684815326,-0.971996207080391,0,-1.14983190365026
0.990994660285793,0.64850523495445,-1.49922228902564,0,-0.993320521805893
2.525471951862,1.51412578502581,-0.405232625871953,0,0.685034168650669
-3.20359016932636,-1.6845614534636,-3.33247971033231,0,-0.410461904163
8.68398942493361,1.32111206892577,1.01178522473799,1,0.0815224021032753
2.64129080258184,-1.47677547253883,-0.402786023744731,0,-0.749239602104388
3.88818244159429,0.832758141917277,0.458815162356093,1,-0.93991932161564
1.9313476238498,-0.0569791725678211,0.563439546700944,1,-0.253896293341022
0.229524033141545,-0.94031188286402,0.587206080001008,1,0.848013409143081
-0.141637029877964,-1.17671606919241,-0.783428748427406,0,0.494546054291045
1.36865797379476,0.296118510381556,-1.37450289562764,0,-0.117036014427597
1.41693267674165,-0.289565894891134,-0.663102265376731,0,-0.614503234615562
3.19435777241347,0.0674023292150491,-0.473636001633603,0,-2.14888464839734
1.67693656908929,0.701941808187152,-1.32141910777553,0,-0.813959095433625
2.01405171020736,-0.40729977518861,0.300386193275079,1,-1.27762853050092
1.36905259446784,0.265093074720333,-1.32546576131281,0,-0.781705845344798
4.36631704096637,-0.00589160922606943,-0.243165734361921,0,1.95442055433615
2.82826513951288,-0.414701192775444,0.837491978947515,1,1.00326054005964
2.97620820681442,0.223382161518137,-0.705517611435352,0,0.900737135170383
2.44829898843089,-0.580422813926003,0.118893636723903,1,0.463555262715463
2.11186239698711,-0.557524728659952,0.416251255318988,1,0.842218160662947
4.31273513201082,0.811875901810313,-0.648957729295174,0,0.634521384633065
1.09929730704702,-1.79767023261768,-0.978602530402329,0,-1.20731517716131
3.51625394951285,-0.351706622949985,-0.0506960323634029,0,-0.258486091737215
2.04629269895538,-0.295068160856747,0.353875269642638,1,1.21401753515631
-0.188807725541394,-0.887760168319628,-1.20123160732073,0,-2.08547402308054
1.26112535850289,-0.653880118449317,0.452718109490534,1,0.0472561030278725
5.33997281716911,0.612344742970867,0.286039376575774,1,-0.0811895981152857
-2.00482413781405,-1.02753212371372,-1.7409413952853,0,-0.374652748615408
5.77341240446537,0.122196282723777,1.9388819525376,1,-0.754774240275143
4.32155831829793,0.117726609255497,-0.0889042249959702,0,0.0291735305258513
5.30086185225429,0.458038751474364,0.533213677696777,1,0.290320226172198
2.76978191683454,-0.428263508859951,0.451944187723824,1,-0.807378417241234
3.39013523619072,-0.0284468820310778,-0.00915351541217231,0,-0.582551528545458
1.01089572643743,-0.385114266988233,0.556201061208926,1,1.32290650527303
10.1549391707385,2.2167810804899,0.843003232469285,1,-1.12804628235846
5.26323940740436,0.0537434918384235,1.37733228189822,1,1.23472733577157
12.6321040522005,2.11282318378072,2.32956259159302,1,-1.60654853285246
11.0186816446326,1.50034122657891,0.95265968263306,1,-0.0896238873598217
8.26964602857469,1.36805183602233,1.05655311799764,1,-0.800690177585094
9.74878895875553,0.949512131210978,2.79575183324516,1,0.666423657470101
-0.0701862018608294,-0.573773125885699,-1.40652943882334,0,-0.914117033537948
3.45002544019007,0.833976312833481,-0.917103573278402,0,-1.27210296673501
9.03991058742847,1.06802799359291,0.9386906965244,1,0.4495179353791
0.213509280152998,-1.27596474743989,0.132199885152994,1,0.511012166776208
1.43678476615371,-0.383040140725434,0.0648561341356403,1,-1.2034118989236
7.21591044348467,0.674235322109585,0.0261541027843285,1,0.61296124544345
6.30638248820418,0.830543974759617,0.306153508681632,1,-0.344999987485676
0.216469109341013,0.263854407893336,-0.377079512795054,0,-0.489951849651993
2.67029389581398,-0.241633602786571,-0.596436169013458,0,-1.44957079482915
7.00448561475176,0.905057415051566,0.501805372734119,1,1.80363475113548
2.87351710530816,-0.911634890331911,0.963690134206062,1,0.0200701071210042
13.4653387128844,2.08373935889986,2.23159440621467,1,0.1781123357985
3.72402342396203,-0.187421413121736,0.726355930891717,1,-1.80312203023466
4.55423489026723,0.245474099752333,0.674214415147147,1,-1.83434397421487
-0.38230185786671,-1.30325736473139,0.198320890703867,1,-0.891907719667627
3.50538575438857,1.01392910672324,-0.484709242981238,0,-1.40776129523749
6.71196911274311,0.576578292620188,0.760896876411446,1,-1.4969521879234
4.48758929594226,0.471544145129891,0.456421937403056,1,-0.34691404041115
10.2528525812836,1.66005345887866,2.01422771577156,1,0.349962339749479
-1.63957335372985,-0.85951308323119,-1.73645736898931,0,1.10267908190364
1.73648464778204,-2.04545990614209,-0.307845272015126,0,-1.10371056030139
10.7432060706028,1.86995744304035,0.623959441137382,1,0.486017456179834
-1.84389066253593,-1.91882826262543,-0.788254414472404,0,0.644375797745654
4.04648180097077,0.398439388687316,0.0408810213759737,1,-0.210633419321451
3.1754832192346,-0.568441407037606,-0.33759806817745,0,-1.30531588422998
1.51362105041069,-0.842133916887544,-0.825734567559943,0,0.293905464213463
3.14256373837109,-0.274297501991818,0.355510597392945,1,-0.8374349654328
9.90053162309985,1.47416633552001,0.00707821848897548,1,0.84130662141813
1.85274119498121,0.0661214691796417,-1.14932995118024,0,-1.62792594293631
1.79578104329122,-0.642565079764542,-1.14608768180658,0,0.818171205662745
4.80904578872429,0.875698196318491,-0.0720777947041898,0,-0.669517165396759
6.13580480960814,0.760311742868248,0.141014241703393,1,-0.298511127346111
-1.11286124748706,-1.43507248510928,-0.734524740256959,0,0.850775579912557
0.526537603264538,0.427431265195553,-0.641158807330209,0,0.203764289857998
4.66471720771413,0.694985132685812,1.01772849456102,1,-1.49506720096307
2.04494397807369,-0.592565053597147,-0.274084267014029,0,2.17628548159696
2.31781984488538,0.80000381599417,-0.515961379819747,0,-1.06746320898319
9.32531621812408,1.40141926248804,0.958475976532013,1,0.956271692448977
-0.452082221226322,-2.20410358232466,-1.06696366272714,0,0.292799646962574
11.4404487017948,1.55982434927912,1.30071748480346,1,1.29245791246967
1.51243802618954,-0.940804615684973,-0.311908732898262,0,-0.713017875735952
2.19793927988055,-0.275684791239813,-1.42465935329703,0,-0.821435575557776
8.34539268221273,1.36687231249608,2.04791676627848,1,-1.16538572950709
-0.436823049368351,-0.778675486133125,-1.47993288155478,0,-0.0827183061560496
-0.89823258560046,0.453613572314477,-1.15491025497127,0,-1.67383834344252
4.95065849789229,0.195400285142834,0.74538404741399,1,-1.87140381798591
2.98315924772424,-0.210311448194807,-1.07094379136974,0,-0.523256403777768
-0.907780023270396,-0.868957384388746,0.032337177490241,1,1.37203660016774
1.36627011864512,-1.15175031361739,-0.897334146098422,0,-1.11624309984051
2.24219133972742,-1.48936721808686,-0.346886981590242,0,-0.363990447587891
2.1808382925811,0.809779710402422,-0.212780451402041,0,-1.10381933195883
3.42330001406478,-0.153300358561517,0.694818657715964,1,-1.40010583539652
0.296291540644007,-0.489314045917497,0.269312026920529,1,1.81507188929749
1.72183010327092,-0.0421146897740468,-1.08792658424845,0,2.29146511702798
3.25264661466872,-0.0276769342719019,-0.114016423341934,0,-0.389923697078669
1.4090805323873,0.218075766422801,-0.687358468438658,0,2.04304942141993
5.10805067094368,-0.0226435133148807,0.97810918170199,1,-1.12895877290931
2.74360580180276,-0.26578274308344,-0.202676950374549,0,0.853801370278482
4.7549404399974,0.0955026163311493,0.896390542497238,1,1.34580458368954
3.86304107317432,0.235526070453447,0.210837805589283,1,-0.164054573746775
6.39908776956762,1.02609028447963,0.602401279413507,1,0.0579860115133956
8.29629556064384,1.25328925773865,1.38817798809647,1,-0.57005246674428
1.26647865464424,-1.03380350817858,-0.665281705646756,0,1.05461952864236
4.32223806119607,-0.339070308970629,1.70187435893012,1,0.352513018808428
-2.67820431258827,-1.25921082177504,-2.70868076225291,0,-0.142914528663404
3.11450204520457,0.567071106598508,-0.106733527731227,0,-0.725865405402036
-2.18548103076648,-1.46382890651263,0.784602159338355,1,1.00820520029937
1.41422958039939,-0.373962722925308,-0.342495620797473,0,-1.39900460704164
6.12239963102442,1.19119120737523,-0.0674993908504193,0,0.194115031495651
4.34146505293162,0.616577644709243,0.118926810808124,1,-0.832723453122464
4.30336981865994,0.235181883035484,-0.691538625082077,0,-1.08071301407749
0.173506670449544,-0.667706222339526,-1.41450586560279,0,0.717440005080454
-0.713430873424833,-1.58618468533705,-0.500405985228663,0,0.491475245009644
1.16919112593577,0.637426810389974,-0.360056359795854,0,-1.74639068821001
-0.0863943033525911,0.418243783108712,-1.43561487180291,0,1.8342556062915
11.1549809054129,2.01285542789978,0.183174580221994,1,0.566738567831276
2.77432378769386,-0.4810053874886,-0.449882378114632,0,0.55006055286811
4.81007660212927,0.83863432013338,0.50551729376726,1,-0.101511740654539
3.23859253863868,-0.608539709082718,1.31402827422649,1,0.178059363690567
-0.855232098844804,-2.42508609243204,-0.120949321168294,0,-0.407299377932659
4.25461541733926,0.603980056612807,-0.791567911342177,0,1.25318144802346
5.0100503157778,2.11459314029503,-0.00435574619785722,0,0.329801075343287
3.06713584466982,0.561645808244982,-0.167438040499957,0,0.609726835207736
3.88918376852007,0.682971226983552,0.180405122883756,1,-0.830518948949054
3.59970757264604,0.131460045374488,0.800683060120183,1,-2.02640843293757
5.49870263239325,-0.208296684540294,2.24500160774818,1,-0.33273168295413
1.93146033453761,-0.514326903829443,0.871664327590016,1,-0.928411755681935
3.5023135959914,1.09654528701188,-0.487427792360303,0,-0.859680219479769
6.1283369095876,1.02990823800718,0.516924535391945,1,0.40799323377397
2.65593852571969,0.0569092398298753,-1.45634615345495,0,-1.35712217096458
5.22617448057604,-0.230494103043573,0.228403575098876,1,-1.26581073221854
1.97447365587067,-0.615133745988432,0.132854747517659,1,1.63739730303387
2.84654150614053,-0.0434677381366376,0.501076927474938,1,-0.525715568221589
1.38533067411909,-0.777607134319334,-1.32922062542795,0,-1.63677200979903
5.24851452631722,0.200445691318708,1.71307986217516,1,-0.16487086396118
9.98537670507655,1.12368759742499,1.83123039040602,1,0.0848668573487205
-1.32214525128581,-1.10770109347928,-1.36106276389451,0,0.155323683703429
2.33030396064221,0.0803656173183876,-0.0110825048825279,0,-1.13430337709635
12.2283422003285,1.23475340104364,2.20878826009866,1,1.66197724650444
3.25035041376669,-0.733961127485853,1.86455942357352,1,-0.343928628424005
1.84316243616475,-1.3916995969651,-0.759116147033128,0,0.5132800628906
3.2907098408272,0.910350402087397,-1.12640520869323,0,-1.21724498776274
2.37324381930824,-0.312646169782234,0.965260948979782,1,-0.915248718628217
-0.0570967458795974,-0.174591249412643,-1.76882248804512,0,1.40224687147292
0.524615508156943,-0.200528514540824,0.326681150980954,1,0.0102108443523349
4.86256525341154,-0.236177190928328,1.79604132903292,1,0.621282024908215
2.43347045834832,-1.69767894132352,-0.313866454091698,0,-0.78282796622544
4.28422329240346,0.944721827072165,0.0673217787067135,1,0.953936353580495
2.50838290543787,-0.0476032203161786,0.170478252051979,1,-1.18286473374802
7.4340290009165,0.685716442602807,1.84277202737004,1,-0.394525927521304
4.7028229395126,0.745921390404829,0.372650844608529,1,0.0610982925216697
2.78276080824386,-0.625941712319475,-0.428669441243937,0,-0.680721757690536
7.886513877588,0.525975809511309,1.2578111066824,1,0.237303287333556
2.83555313002901,-0.654801013791347,-0.205196054497329,0,1.50849746015767
5.92026594050775,0.924918280176379,0.910357817475666,1,0.0635000446182859
7.80342647772359,0.976099781546489,1.31504962678821,1,-1.40662090302831
4.49659025335515,1.00484435704474,-0.684535326838722,0,-0.44221416766556
3.7063276120845,0.253915315531209,0.260349232565834,1,-1.07371228294825
3.43315962021584,-0.431040042479939,0.709957660674863,1,0.0930009052075487
9.08144831747182,0.707563273815318,0.88574892959955,1,0.614353675434405
7.95317504315552,1.00078646561373,1.45205814680911,1,-0.481052472842683
5.32403617505154,-0.0836450890208567,0.996555913233143,1,-2.27698991554072
2.69055852190236,-0.584400956660399,0.435255589743524,1,1.48428660543195
2.75429833126932,-0.371734695046792,-0.245612900108992,0,-0.756030200997279
14.5695018472433,3.66869317479972,1.67896011455531,1,-1.43172711345479
2.35957782307246,-0.214621122429406,0.021150045328707,1,1.36285981030218
0.770616642393206,-1.3730628778362,0.540730047819551,1,0.198013712467403
4.27191911662149,0.123172437003142,-0.330417320479001,0,0.56533508849906
-0.442361956757114,-1.02207783595171,-1.6779733289355,0,-0.122348513059901
6.96937545304159,0.847079744135092,0.494330475102064,1,0.478345242508633
2.40911551809453,-0.967190865746909,-0.365245361472318,0,-1.10155106785009
2.64641461412195,0.149118864707769,-0.931662090642962,0,0.102380966056493
2.93932107354803,-0.158228269297496,0.638243675167116,1,0.395885702114295
6.8542071163125,0.248807772395433,0.967588777693773,1,1.17716352816097
-0.216543152472371,-1.07265413902931,0.152434629002737,1,-0.435970182465906
2.09980579321415,-0.162638166382303,-0.623451048157177,0,-0.909166289991892
6.77258585450977,0.843222872981681,0.631446304744148,1,-0.309153692357635
5.85235812125602,0.439963788080602,0.0372394094079552,1,0.95641434707214
5.43933577127123,0.995067206417527,0.785382915230225,1,-1.64623574791878
4.29066688308015,-0.436351466839568,0.638454816326675,1,-0.477516722425588
3.74837025280149,0.480749639870386,-0.530950604425672,0,-1.61353743995657
2.1380637704654,0.0663993424999337,-0.333223116342936,0,0.099437183121529
3.46565614090048,0.136856309558031,-0.659584150484498,0,1.62530751879453
5.56966532931539,0.755449744342333,0.301550356055278,1,-1.86736624615811
0.164584379068592,-0.774765052329628,-0.85241429493988,0,-0.880928834276746
4.9690468228414,0.722919594814334,0.899834472155236,1,-2.47871035502176
-3.03676730259552,-2.47665810921701,-1.80034071979439,0,0.324435064412767
4.50489541736801,-0.255053397407013,0.559323450335841,1,-1.46173013979521
0.980214030967951,-1.39955483767808,-0.787869867743522,0,0.050781675365767
6.8556891688209,0.897140501383118,0.783711970003216,1,-1.95407968331301
7.0468819429596,0.543591987961508,0.665049723043474,1,0.119606983060812
1.72985344809219,-1.25101960043907,-0.4330137055569,0,1.14405662565817
2.37879704822878,0.843361570869154,-0.0320382412926276,0,-0.723653721294975
1.52135591634133,0.11102613651225,-0.729334008299013,0,0.695961381749093
1.1590264816674,-1.38656552668222,-0.102644010138878,0,0.96312772973797
-0.385166552449438,-1.42296597485428,-1.302634480134,0,-0.105714877244786
7.75902533280442,0.906925630155268,0.791977837894336,1,-0.0720540005793893
-0.195254707457931,-1.61852674146225,0.687810146626676,1,0.404452442109818
3.80960773442677,0.284430068078017,0.0813420588790976,1,0.242573409545994
0.339075719306493,-0.038897597220512,-1.46235469543745,0,-0.479730275394687
3.14602770685629,-0.799024496607905,0.948887962610144,1,-1.08185829211359
2.66023239043331,-0.0427108505138986,-0.858331090166004,0,0.576376026037559
5.88716435016408,-0.140797901800846,1.38252334757324,1,-1.57854750580834
1.56054819427521,0.882074507061828,-0.856570579605381,0,-0.371769242547187
1.91896153839078,0.351875955394575,-0.311854820268404,0,0.385856892345305
0.342911963681021,-2.28802389696054,-0.31635729573464,0,1.36254603928134
6.97623568370895,1.13013835500761,0.649204844562032,1,0.0510533568778911
11.3945759926463,2.21399930130576,1.82818285862181,1,-0.526204203980842
-0.10920815799171,-0.937055775139839,-0.0868070896921774,0,0.522099129801718
3.31419400633062,0.478198085852139,-0.171106696107914,0,-0.0474456466908461
2.37688354599024,0.228347110020028,-0.733897160587546,0,1.35797557566372
0.97323416562504,-1.18765669683409,-0.65035685946709,0,-1.33938394999249
6.02594521405788,1.22467789582418,-0.553540404302817,0,0.637832722409161
3.53912263898645,0.587889640003132,-0.176275814434052,0,0.332999123528249
1.88088156655846,-0.180221956994608,0.274822853546886,1,-1.32555125876695
10.8158845030328,1.73939617754268,1.27156257007078,1,0.759342347932763
0.668289686811398,-1.77299763821098,-0.238007560765172,0,-0.271287604108396
13.2968339198329,1.77891076410165,2.01789592216068,1,1.2140548599685
-2.59153853108759,-2.07284822124841,-0.220203499224414,0,1.92751272399671
4.07541623891477,0.459376506046954,0.853389984965031,1,-1.55306985878314
0.38701489670617,-0.496357024213131,-1.3011829137298,0,0.622140017534936
2.75147820385581,-0.0071428696380111,0.0474377760507357,1,-0.799070399650731
3.76219673393441,-0.200710726557645,-0.00853944678565883,0,0.967052796431632
-2.7807061891027,-1.10907159974648,-1.71762234259369,0,0.77292523622405
17.9581146204963,2.99116467524147,2.83411465000472,1,0.873492625696645
2.26893546269498,-0.775509124768786,0.150580638154927,1,-0.106429854953231
2.95063766892585,-1.0943037437668,-0.506155464406927,0,0.159438547541738
12.6695954208537,1.99415298222258,1.78208487848475,1,0.0295700609574123
10.7322951464877,2.11314018584187,1.35724107358575,1,-0.21554167572575
7.23793491705104,1.49081277987185,0.534731707095503,1,-0.766335282866987
8.82893838700611,1.25243748668883,0.547009418802926,1,0.358306896957922
16.9603636530701,2.6907122049421,1.80079987253488,1,0.609197104021419
-0.0761167288354558,-1.21442641317049,-0.0990454771677357,0,0.840422813064177
2.71744413421036,-0.555739368728707,-1.08528859742128,0,0.753726106754701
6.09761396768657,0.877453324285352,1.61689808182944,1,0.141551591526753
0.587866396495851,-0.228378467582691,-1.71911924286648,0,0.600819388752511
1.03534632976866,0.600824059677573,-0.978102279374027,0,-0.0924645505729678
7.05963470864596,0.161048301072005,1.49213206008125,1,1.30617268228244
-4.3478715297602,-1.79450699981813,0.254030010127883,1,1.48812130067847
-0.975878583389464,-1.27148319072949,0.342935836282189,1,0.0833109513485026
0.719149796485304,-0.468836712829483,-0.796234643753518,0,0.909142742144271
3.50753377508252,-1.13143509179448,-0.304989053108469,0,-0.131365592963557
1.65416206511736,-1.57022363891156,0.499116927094233,1,0.209475351615235
11.5161915345391,1.50563655578119,1.77175744435773,1,1.61582361201681
-0.540336116936832,-1.04708446263771,-1.56381971176417,0,-1.25264659595051
2.66385947990077,-0.151774822671138,0.220159619037747,1,0.418656131975906
4.01537464528315,0.515132469106711,-0.00178198197665237,0,-0.0745789958149404
1.42135207541764,0.00556618343698237,0.0423213543098204,1,-0.0806822412930892
0.673043022801584,-0.714356225559937,0.175306977347986,1,-0.460786064344177
2.70787986730426,-0.685671845598752,0.745953133286422,1,-0.182002355492238
2.81089925701475,0.857867643419114,-0.89223676579308,0,0.502570325492493
9.13916953694964,2.00319250167708,0.965884966386865,1,-1.69225512914917
0.484723701284467,0.471143986004942,-1.76276601264887,0,-0.938614553170538
3.71320352680353,-0.0161352857578486,0.270828954845025,1,0.394145701921402
11.9203197713989,1.56441733029902,3.13124827375777,1,-0.998431496355593
8.14954043794697,1.3936106621994,0.394403679070119,1,0.832726362124906
5.5230222649588,0.664501003493401,0.556624061753017,1,0.322507696928088
3.10865350704047,-0.606629913198639,0.306454724309504,1,-1.36374848363565
-1.35120883121062,-0.869180994665619,0.0562328086983973,1,1.1997378241467
1.64839533279798,-0.916830506004562,-0.974647221422282,0,-0.49274194293677
1.80147840625224,-1.13102913951204,-1.02827714863676,0,-0.31005540689593
5.44917106374261,0.49047489847012,0.284309182849265,1,-0.3442122699788
0.305634081664319,-1.08853668725474,0.512248050885659,1,0.190757562619145
-0.54762925730649,-1.2635866087134,-1.73654456873043,0,-0.231746293418696
5.60005283117329,0.537583410908612,0.8497342468559,1,-0.95275196729459
8.63521070449859,0.502499598369862,0.836678723408781,1,1.44780145881297
1.8480808725955,0.152931289731254,-1.20230679171431,0,-0.943235260181541
1.50852836473705,-0.32263391211178,-0.958988122441988,0,0.844094862414377
3.93582484128225,0.0902924817426254,1.32568389862679,1,-0.544027314033074
-1.57392850834019,-0.905111125153547,-1.70112892722476,0,-0.666468545668302
-0.612274153688071,-0.438590231475543,-1.21982774484463,0,0.0693832819077601
5.39273283176647,0.0255763601897676,1.08662763270981,1,0.548920647654672
-1.07912736510509,-0.973166515617797,-1.57690644358939,0,-1.65817520423001
7.35682128547895,1.51289340867175,0.822526692967483,1,0.126111785827059
4.7632935523632,1.04118187768492,-0.414823036493407,0,-0.873927954562795
3.10133656000732,-0.303608535740903,0.412289487190023,1,0.223221911352629
1.82452748629595,1.00316788406046,-0.462807456492033,0,0.420247578025034
0.381097891154617,-1.59564122766029,-0.861603593212376,0,-1.08758145889272
-1.51225762684945,-1.12413811655471,-1.89896055677265,0,0.379053676006362
3.77614180476511,1.20962413459207,-0.61389305686627,0,0.210419913071194
1.82504074181318,-0.44514015853521,-0.917447689070107,0,-0.731742287619543
2.60931364125474,-0.188688530285825,-0.477791798303767,0,0.518544096712391
3.37694519187231,-1.6707296974079,-0.271224442251268,0,-1.22014463596858
6.33471053216732,0.429441151736394,1.3010834022823,1,0.227453324863992
1.05206957438744,0.336415902363753,-0.383773351146054,0,-0.433087442952813
-0.86004759959719,-1.34996235232553,-0.676154450602395,0,-0.299414884707428
1.05261824143356,-0.39827486011579,-1.4248334530874,0,0.357758353826871
-2.40753861743649,-1.21255451539569,0.136114237310599,1,0.112938429695259
0.892526276143476,-0.940289188852299,0.0647599873582582,1,0.652353091378739
1.28359590902237,-2.02623917123025,-0.794545500361032,0,-1.94447325498333
-0.354690073050363,-1.4382360916308,-1.18707137347697,0,0.682896941894201
0.372572295195767,-1.21025444406014,0.29921839304068,1,-0.576353186966782
0.203344619351475,-1.14225883387918,0.287449856749124,1,-1.4030140626671
5.8196004184286,0.411772832141166,0.883141528495756,1,0.640138903295884
-4.16009039764802,-1.60744908081025,-1.51798402610292,0,1.53963256256351
2.54150907091501,-0.472570797994728,-0.65905945272102,0,0.132275509099371
-0.0963954703340169,-1.46879526706296,0.797551198223965,1,-0.870126768309455
4.90453827256229,-0.741339678189976,1.53345188670719,1,-1.53779209224279
0.650216742136534,-0.786907605389495,-0.363811206654711,0,-0.222301842914547
5.84595756728669,0.634306089110354,0.326789399052885,1,0.665478902230675
9.59537432938686,1.84745947988704,0.0745173764555257,1,0.763462426142083
8.75148052965492,0.722995296213679,1.57587859952664,1,-1.04336001669441
3.60719400405155,-0.285266277781634,-0.637877901368769,0,1.12271126804552
0.0528024842707057,-1.77145855159245,-0.34541800102773,0,0.84424042531934
3.34700243574388,-0.0914867539253782,-0.0557829823867137,0,-0.60055411766971
6.06975777624453,-0.424126765826292,1.75959800448753,1,-1.71029464398194
1.21825578254917,0.325857576472164,-0.716809345613613,0,-1.00301860891035
4.39240072351078,0.416601350688348,0.0384563235169409,1,-0.323059555884748
2.99212709019196,0.311516087406463,-0.265031199504366,0,0.827689007946136
-0.186749243211445,-0.492850977821579,-2.17223147465615,0,0.245212783624956
2.90801306307735,-0.119857218774349,-0.262492869284478,0,-1.91425721758615
3.11011365116945,1.16292820693307,-0.602547960029541,0,-0.51125590088511
3.65907156946265,0.306290515744868,-0.0438027085988618,0,0.73861812845163
3.49037360474204,-1.06907375022033,-0.787820246043173,0,-0.591263925171617
-1.33157429638617,-0.642888082156083,-1.89025209342378,0,-1.07811363224794
-3.81082896589212,-1.93235698986371,-1.01995765008842,0,2.17344401260519
2.30167924768283,-0.218421588190525,0.310347797903882,1,-1.23841559662179
8.73871665958492,1.51911726121252,1.73837591635273,1,-0.256039274714686
4.56039584396264,-0.0451106281906055,0.710481922526523,1,1.27195042162019
5.26454963823563,-0.0775871117620782,1.10677363783581,1,0.739814922130468
2.49360070086252,-0.250563060514122,-0.69380863093487,0,-0.820225254678328
-1.86023898332197,-1.17176163897181,0.00370703030725074,1,0.513408141286935
0.208794929610089,-0.727459433273381,-1.16930590458368,0,-0.382379141612752
1.39648832799075,0.232077673918098,-0.90306781332158,0,-1.23933557625746
1.74618240800448,-0.149754402814822,-0.801063014839958,0,0.380844321946587
-1.68788089652202,-1.63690301520028,0.217042880103052,1,0.434216144964385
5.45927961788579,0.549728834754034,0.512821084357407,1,1.07021561936328
1.4886589103466,-0.356481633259403,-0.772285759250431,0,0.0390912836111577
6.70315723809707,0.442126329401596,1.34080837328712,1,-1.09632491816125
-2.26045332767163,-1.98147057462186,-0.851005047362545,0,2.29652934235089
7.67038104644522,1.61911961609556,0.316399250386601,1,-0.662143702865083
2.19219051241944,-0.406531993760743,0.269900909945851,1,-0.650885172651936
3.07876891709694,0.925391421847325,-0.496444088641829,0,-1.45494333581235
0.601560155764699,-1.81495087565791,-0.616778721281315,0,-0.244600954039345
2.39720781519413,0.152949975124211,-0.0148914968707821,0,1.34509493340639
1.03143664214807,-1.30594982036877,-0.533647308877681,0,1.38045419406543
7.76365201026564,1.0878394266975,0.458863785320153,1,0.372313628168385
13.8648562710697,1.738548323019,1.43938125606699,1,1.4434428117599
1.21284276628924,-0.694732763212956,-1.75261819246304,0,-0.350497285528511
5.41032744291071,0.246121844295973,0.393567623038066,1,0.336783684119582
1.2016574640693,-2.17437383978785,-0.105400520872071,0,0.544567148997378
4.4691417510754,0.372825031612563,0.493028969690149,1,0.458986457002969
2.33608685997667,-1.13364088476176,-0.320281403228149,0,-0.642148459493533
4.78782203782842,0.124165385850973,0.110564266181441,1,0.792859388644747
2.3473795615247,0.400848257883031,-1.1001652761881,0,-0.790519209376317
-7.18836006226354,-1.9487709813013,-1.88070333257408,0,2.96064929907761
2.78957796208424,-0.0750975065051593,-0.639116042061762,0,0.58137724405106
-1.70485766824881,-0.317127989440657,-1.68701280029832,0,0.170856182743898
4.62825650723318,-0.204234040703429,0.736805777281888,1,0.595264119221347
2.6192308852346,1.23115320380908,-1.24042615687092,0,-0.407956569071441
3.16678561422281,0.0397045074746012,0.851929659401169,1,0.953944053720984
1.27708273071861,-0.271237984492767,-1.25656964887301,0,-1.08422331018116
3.76938651838608,0.172585795241472,-1.30692535489904,0,0.616568582253724
-2.2411811755452,-1.93958828193955,0.511782481382739,1,-0.274478814948001
2.72407735335616,-0.533320894580643,0.0851253638820793,1,-1.40504408441495
1.1357542301512,-0.146968693114921,-1.34284287575181,0,1.07056222932643
4.47188431523085,2.07459463654294,-0.327332579490838,0,1.0413032295646
6.28240471746348,0.483110857754665,-0.126073193957618,0,-1.08318017856924
-1.13763452597534,-1.18101797213361,0.231582129850638,1,0.0520394566999641
1.81148713214639,-1.34678836918896,-0.0204664033294313,0,1.75960939724929
7.53284804266336,0.633879078160524,1.36746642201906,1,1.27275035372668
1.14115012464809,0.948864851229566,-0.614105275093552,0,-1.61215608888811
1.50766527525392,-0.0712301657224107,-1.501479380256,0,-0.198770591286146
-0.507639953391388,-2.05776234935896,-2.39596683130794,0,-0.416072489503818
1.05452910143694,-1.97937665722815,-1.14447618962592,0,-1.02950395033007
4.43877298102561,0.101426832950978,0.825962262785876,1,1.1167732156019
-0.695435701488017,-0.503192499908186,-1.53024889475075,0,0.750363455564102
6.4331861307377,1.24925584893398,0.337920446029509,1,0.585789652157394
5.66437164894244,0.116994771430856,0.81953487046818,1,0.286982591305952
0.0212363664721267,-0.32661833790368,-0.994389864963541,0,0.401297223677054
-5.02921968553281,-2.6570002235938,-1.90869437580733,0,2.07588673733696
5.44741486629012,0.27368763907578,1.33638495016645,1,-0.141719957061398
-1.02153104204854,-1.55952898713373,0.795098576355784,1,-1.24323653887235
2.33740067892446,1.1867972508149,-0.0379102455006412,0,-1.63618241863276
0.0606634965223033,-0.964927394269324,0.14522001354675,1,-0.504242581666166
5.62817815097197,1.08154140285942,-0.144464624122961,0,2.00497195485864
3.9983669624843,0.0881349678637977,0.754298283695456,1,-0.330428354497817
5.60043270127323,0.178179141408316,1.27372456559337,1,-3.14804467803357
-0.424712791594767,-2.31245838200379,-0.926158229209103,0,-0.154802356588984
0.836301762066738,-0.483978265434098,-0.82586941946459,0,-0.634575729744556
5.01492019028542,0.419050993321274,0.964897356030585,1,0.544032347167093
9.73415700231363,1.03352518061194,2.30851214951581,1,0.297276153292923
5.80062189410677,-0.0799843038184882,1.04214672943653,1,-1.10731819947899
3.42716193452589,-0.0209041669445583,-0.227406154465831,0,-0.30640238319028
1.8954476427796,-2.42487256431075,-0.394686852593947,0,-1.7914585146808
4.59698712982399,0.846251320908527,0.134422250971628,1,-0.987732512542155
1.40950348789189,-0.642118943299604,-0.211961437028588,0,-0.345764155068114
2.99339796212664,-0.0566221821696002,-0.357979461432646,0,1.04594541248026
1.7425591828451,-0.630221409584196,0.259162797915524,1,-1.61758558441507
-0.615505890997934,-3.17306582437738,-2.43813343047424,0,-1.31301141127777
6.35393214154397,0.818043287957473,0.181864867618917,1,1.93376707273095
7.35765043388824,0.578104243764758,0.724777766564228,1,0.161334435627541
8.96569921853064,2.37131389328934,0.37212199992962,1,-0.371200147425312
2.34191166788237,0.299656625519981,-0.940359339733628,0,-0.159670559594305
3.83062399393566,0.0975052195722281,-0.131507369804422,0,-1.32076297333717
2.59378609443101,-0.184134433383704,-0.448690889392902,0,1.94252012467466
0.985902564963066,-0.0383977776524161,-0.70860019813725,0,0.233810340731666
4.7971924141852,-0.278526714578191,0.965858376185811,1,0.607337826566903
6.98196569080855,0.967824965040597,0.391069147250613,1,-0.760702433288266
-1.66303397023241,-0.937373375017104,-1.36379581141846,0,0.921016206199488
6.35279264965525,0.80337486988209,0.610840391363562,1,0.0432984050991307
14.3632984308712,2.48254825768993,1.44044394744442,1,0.0703809853400147
1.24936993213486,0.223899047121177,-1.19227219430425,0,0.0721998936869578
1.24645232641703,-0.115293010714943,-0.844024525231564,0,-0.396496754870318
2.03423189258379,-0.106769753383667,-0.511066532980795,0,1.02447689329585
2.66317008228062,1.35302000007792,-0.0505216130657861,0,-0.2880628553239
4.59455908518666,0.0276951946489957,0.7270635418696,1,0.295349057416689
3.86174980628612,1.60238216078864,-0.142486449158525,0,0.29696394842729
6.48341181799251,0.719805258146935,0.513498188187303,1,1.63551620804085
3.25677159719948,0.153752739292428,0.196526751588225,1,-0.608778808131
1.62284576950653,1.33755413384586,-2.05400447998716,0,0.764033018090062
2.06905468654502,-0.804824416478072,1.63875796463541,1,-0.338967348253881
0.595093358125947,-1.83325762980467,-0.299808931310746,0,-0.73488703576057
5.28590545549705,-0.0909254090075458,0.431979729617682,1,0.131078842663494
9.96081475373246,1.77168602596882,0.200729366753653,1,-0.418881661580875
2.77011971415062,0.535990656455073,-0.0722367566511526,0,-1.86054039797196
-1.01405139762771,-2.72450983048315,-0.874370091072294,0,-0.935655196660071
1.90725178001588,-0.232024930453429,-0.5146101462758,0,1.05804090056032
4.21859102364624,0.412959358310397,-0.24146152776192,0,-0.408386182735582
1.42816284512158,0.312822619483031,-0.565939122149426,0,0.796908508317361
1.27727247204811,-1.26724443846681,-1.30196731952204,0,-1.2555539337766
6.28340071364953,0.767957056064691,0.767711247258401,1,0.614565812264799
3.94882214665576,-0.507941428543153,-0.907652664259778,0,-0.0124089130334565
-2.45086845293457,-3.16151285219724,-1.66585924656105,0,-0.712090786246209
7.30288495628462,0.934258518935895,0.475328222729508,1,1.00741076559347
3.47443077369171,-0.672986150158549,0.836331582363444,1,-1.00872466560451
-1.31119246654507,-0.7393558728377,-1.54207696196774,0,0.572348294885655
8.3882603419217,1.08546782725224,1.35155808216082,1,-0.330071660837379
1.89590406203015,-0.115251427863433,0.31881248484153,1,2.2733296907004
4.41794589211123,-0.254864829716425,0.181049929816854,1,0.225577359101198
7.85243343727629,1.86917073665728,0.281831537988331,1,-1.62562119399762
12.0394421047736,2.05250814109731,0.949622947677104,1,0.386382950495782
4.21669005194015,0.184197756197093,-0.0560801283368106,0,-2.03056737695603
2.22123925000598,1.49806019122226,-0.759859718767465,0,0.0948947145525969
-2.76173122457853,-1.96555813061568,-1.26506190886197,0,2.51506049374222
6.59251393912551,1.12410346375445,1.19499852535,1,-0.575119671136652
0.62602843572567,-0.767935527658362,0.0628154218049647,1,-0.992308690733892
0.414370754173974,0.780470415703104,-0.758787869596059,0,-0.915349806369506
-5.6637773911208,-2.27675155647893,0.0656354420497295,1,2.28677411318324
3.91084721623305,-0.224402467531187,-0.242748259836072,0,0.0883816967762726
3.34273568016081,-0.245455580504728,0.25473322678165,1,-0.418925324733961
-1.88448659191077,-1.36573047565296,-2.30011927166929,0,-0.140586247169635
4.99186437894686,0.45865964683433,0.946080836635102,1,-2.41919057935315
4.52157687635563,-0.162385262654742,1.44369552621674,1,-0.255333613845716
2.39092650928695,-1.42094211156179,0.953219657432672,1,-2.43068638676949
2.493745140713,-0.338471134719341,0.357003452417125,1,2.01405662614568
2.34312182979033,0.696276349883696,-0.967030173205695,0,0.109545263783887
3.88585299100276,0.743452791897008,-0.0454203141236604,0,-0.719748493333819
0.84265272412339,-1.67515816977014,-1.0606351371014,0,-0.7185559808611
4.67555038375456,0.0581010828443593,0.302692012961606,1,-1.71751609833849
6.32345534694471,0.835017570187944,0.270960934330118,1,-0.508168632243807
6.22122473329954,0.700172966987024,0.251610524930153,1,0.160610744578004
3.76209519662313,-0.139321450502929,-0.107237163104854,0,0.981495996907103
5.51027062563661,0.514107009076584,0.601350946756316,1,-0.0399459628798859
4.96741242635943,0.151076635442978,1.32752875466795,1,-0.364874827885085
2.27856744538883,0.484266696795083,-0.791506240752927,0,-0.111476711450545
4.95708078166218,0.0659231136754917,0.517899365683296,1,0.381733241647216
4.47028843415222,0.430683989874311,0.464828213916009,1,0.879785735493562
7.7794633391992,1.11089563575348,0.724776459903583,1,0.410930279106787
-0.389449954108432,-0.89498209293301,-1.64588817766636,0,0.402961874291603
2.050345143771,-0.358951665326719,-0.301316943018576,0,1.86257231457358
0.326136887141172,-0.270344907712281,-1.71293293854449,0,-2.39878646852991
4.47591935133577,0.887946748941199,-0.0548147671360948,0,0.809733042402138
5.62907520639127,0.301311788316531,1.7881231169866,1,-0.752122112034658
8.66557145673912,1.28392119180026,1.42473386350722,1,0.277859736467387
6.90980813811912,1.52518259007874,1.0673724149607,1,-2.41115742926452
0.209485930007228,-0.132378676085317,-0.756562447586417,0,0.400137306150807
2.5979340439209,-0.172750346122622,-0.149593480956384,0,-0.504075769214025
0.574999504920225,-0.270731085674899,-0.693405508359784,0,-0.231334439927277
3.30919523782761,-0.329675224906655,-0.71890767598916,0,0.159459483416584
8.15210499910943,0.142547824968144,2.27469164177096,1,0.114281606472033
-1.03243675455186,-1.59515444298302,0.682367756522976,1,-0.115621545375886
0.619152884644545,-0.313343243042076,-0.999445715881907,0,-0.134810519128142
-2.49552158429918,-1.28603288850801,0.538743769743224,1,0.69679607920405
8.69448817430496,1.95771675365591,0.160642542971155,1,-0.0588893623541768
0.569170557901783,-0.983827112407126,-1.12182324007537,0,0.205716322017761
4.00470490675586,-0.20140870185009,0.0933861799545616,1,0.178145554806687
5.16174021675238,0.69952103561299,0.76238401191377,1,-1.33720859391433
1.84344698727979,0.577914956515567,-0.502076436224172,0,0.163914985526541
2.99907745183824,1.29600747562583,-1.62808382587268,0,0.0189459577281982
4.44803211145656,0.767148173740335,-0.373111489227536,0,-1.70384039910596
1.16787446713326,-1.53714408170428,-0.561320120635506,0,-0.636415655668385
-0.705730480412337,-0.96058571257448,-0.992845582639827,0,-0.0332941552132919
9.2136281170281,1.66952276898828,0.606661299274141,1,-0.383483329359228
7.37201601658446,1.23784336057416,0.338251692759386,1,0.307581842101275
3.82822928347793,-0.564578711150282,1.10583525637819,1,-0.929272695926697
0.428768099895916,-0.714273330545698,0.27054815592171,1,1.86079442059399
1.44019246614785,-0.230010095848739,0.514673000960148,1,-0.225538407200381
1.5354328184153,-0.946572674314356,0.379424180740028,1,-0.983906963596419
-1.30159035120924,-0.0449971329949848,-1.65867459033329,0,2.34284682627805
2.29037650219288,0.891640875887866,-0.163908672371319,0,-1.08843746423425
-1.78362400296609,-1.74608112251345,0.0780025156952237,1,0.374410030496771
6.37981055310618,1.47621262442717,0.36117166022538,1,0.0678449675398885
1.09356431265171,-0.878129446461983,-0.311160568369645,0,0.644339184627499
3.94057628883954,-0.284828148939855,0.23229692538574,1,0.521988530148787
2.95738988133088,0.235508852600242,1.03910815797103,1,-0.862446767312771
2.25372234475015,0.549644406922344,-0.190704028394502,0,0.0178975057171512
4.71621993388174,0.901686611067347,0.324548590475464,1,-1.79798698480417
4.38458615760261,0.600554196064343,0.499280098680331,1,0.400400792953726
6.8232178810327,0.298432590418066,1.86819753183818,1,0.349082362624686
1.41497826265267,-0.5688075471013,-1.39814719460118,0,0.484096546955871
7.87982333960748,1.07944262191743,1.35019116032654,1,0.651250289499485
3.60828640938761,0.105777583295114,-0.0637219326655376,0,-1.47199709045201
2.07035747021963,-0.634387627005926,-0.143548619429524,0,-0.0884728553771417
8.7444029562201,1.57505282787406,1.54882596885578,1,-2.15222991268465
3.21863458679293,0.629401218304683,-0.570549223687657,0,-1.3894230990636
5.03642429317001,0.0850694149534066,1.06570685295193,1,-0.516262626923174
6.87980947780634,1.33738161641401,0.0457792244061578,1,0.24054447392612
1.64677669741094,0.579289718867709,-0.803169341560475,0,-0.318008321089614
3.92535830859646,0.803349984004115,-0.287393757588935,0,-0.645399329294048
0.802590526692339,-1.25369832633128,-0.342114709829468,0,-1.53197528312064
-0.0204353823579189,-0.876896446162379,-1.91649284008667,0,-1.98546323028544
9.64603939476161,1.22811108780307,0.707876307719036,1,-0.608547001134772
-1.05729747975161,-0.988736430902517,0.118703448601236,1,0.793828705263826
2.38259272910528,-0.399949305495966,-0.487059685526055,0,-0.0176051221999683
4.85285808455959,0.482391312308616,0.0398204592875989,1,0.0586815463723867
2.28352756816013,-0.0422048574671602,-0.149838831784488,0,1.14140354333156
-2.64619355410272,-1.79706516977829,-2.00686298821933,0,0.175557842944269
0.895647880494866,-0.40838894720333,-1.00170287875742,0,-0.965724390292669
5.13458183409259,-0.0237597914371497,1.65009893505139,1,0.168424876150954
12.3558654127752,1.79528954986605,1.30752718890722,1,2.17577431803541
9.84906909147974,1.01230616461276,2.84108602397799,1,0.73801694084882
2.71819881736769,0.253000297892826,0.0492203961005168,1,0.168769474061455
0.828421027583067,-0.780771089823373,-0.748221924154268,0,-0.958281073567611
-2.91546080716446,-2.10362605257828,0.141032446178105,1,0.117957837101615
2.6712387364562,0.00570988493033309,-0.828576556475584,0,-1.80147434141415
2.17845676790693,-1.59096465036935,-0.377082697844933,0,0.49793830533332
1.83718888994171,-0.586290863647337,0.695846288617136,1,2.6047303561439
1.27226483144735,-1.88755762169367,-0.790659321456381,0,-1.63005218075704
1.81558588113222,0.0180502657885114,-1.22418669478002,0,0.190623299577446
-2.56248939769765,-1.79024358270947,0.163062805441666,1,0.396254820938034
10.9022426718358,2.02471504379705,2.27146158613832,1,-0.791808051856448
1.37236581906856,-0.12124105923532,-0.445506935645976,0,0.414880106438861
0.437549680094681,-1.4474043889171,0.688629350803387,1,-0.665655161769384
2.47983169899456,-0.433813756789713,-0.561939020593757,0,-0.339773177546341
-3.66741357670709,-1.32620795131643,-0.636072636715214,0,1.99767335387662
1.49363354645249,-0.840185620823614,0.35962938736855,1,-1.51258732747074
0.226702362149186,0.175638089130316,-1.97573691651759,0,-1.56878182552236
1.52397902011057,-0.180445258149787,0.0484737483468422,1,1.08420986578393
6.9720853632892,0.807636952099677,1.13182713897411,1,-0.493714241498181
4.76541785363564,-0.183985162690795,1.32938459255965,1,0.22856631808807
0.633384874875696,-1.07140921191029,-1.04933036593948,0,-1.07189379975692
2.48527312967703,-0.00686257913882868,-0.0559777275560876,0,-0.955519922909839
2.47858629583039,-0.390358824794768,0.896380675562695,1,-1.82130566454885
5.54903190457156,0.799322599927901,-0.314762794776864,0,1.29076446324679
5.59609991746886,0.27934331873746,0.752247676495697,1,0.284944468118634
10.8088170355934,1.55604998928378,1.82752187280253,1,0.2524918829737
5.14687228892699,0.850802164489519,0.370064544443582,1,-0.0409377079979942
-0.980720834083239,-1.58595495963049,-1.80009431265129,0,1.04782635282405
3.68306982249938,0.502323793357507,-1.70279323421353,0,-0.195288507763876
1.49645426458165,0.470627160457665,-0.289132328978079,0,0.0900998981602317
2.56273842861675,-0.577493195784829,0.509068504358135,1,0.916952966294612
6.25554659921356,0.262069469593047,0.439297133263223,1,0.134384947693274
2.74624520082438,-0.386428665837478,1.27432097640966,1,1.135850666496
4.37454262370813,0.212578905677714,0.792478443462293,1,-0.213032533948438
-0.28714860680041,-2.01500094084756,-0.350651430866958,0,-0.147695448959523
3.88809860125107,0.0634961522662308,0.440800838805253,1,0.580178994661535
4.63455798805035,-0.33311289470341,1.18115840524556,1,1.28852032652179
-0.264027898995828,-1.29164549054611,1.14709417338404,1,0.7591016933652
8.53983008497724,0.802754380821202,2.67884798007316,1,-2.13073266385587
8.50506689735012,1.17270703336152,0.636970822325352,1,1.48919263916939
8.99370890876673,0.748228693450344,1.57937293442283,1,-0.286895919210408
0.401622467230699,0.0536598964672758,-0.891486578067103,0,-0.770463419978906
8.20252271210035,0.650341614857059,2.19470749040775,1,-1.84788859969615
4.36943193372105,0.724584147516338,0.241041387109858,1,-0.509606781127662
0.105947412147121,-1.58308282403218,1.95114001660023,1,-0.80027551303057
5.2923690004949,0.515839708193234,0.614562801631278,1,1.31196193476976
1.31374671255342,-1.55921025311341,-0.478497511948701,0,-0.746472466006635
3.28669369677629,0.473313831925821,-0.0290473627371768,0,-0.644897939669383
-3.81278731432177,-2.13154740570815,-2.91975007681801,0,-0.12309337546483
-1.05308502345555,-1.70886062956899,0.808274155582769,1,0.193080051197144
5.44082881577147,2.37976963278616,-0.428063139383756,0,0.82442963960122
6.5613142979652,0.207045748455201,1.51595643615212,1,0.465855751505047
3.09485740355097,-0.440236809018114,0.466403507330164,1,-1.64550381932238
6.01486754168154,0.672433825905494,0.825058195151398,1,-0.990612297635438
5.38874786138403,1.51572779879809,-0.168940568814267,0,1.15868557593736
-2.30643016190311,-2.09926733526375,-1.72408316030237,0,-0.281816999966937
4.11070991754609,-0.296843292719977,1.0669232167959,1,-0.333012873272293
2.31860066172699,0.417533940562213,-0.945969008952947,0,-0.126774180632014
3.72417404070845,-0.542980299992092,-0.793295198673989,0,-0.888961794547364
2.85888705196095,-0.31098162701921,-0.950057710045368,0,-1.13104256703054
4.00345193652719,-0.25515943079581,0.737267595535644,1,1.09859241189716
5.36012928829581,0.930698563354909,0.38148884456464,1,-1.35314290879886
6.305328116331,1.07114768825904,0.644078122635036,1,-0.234773197395864
8.63828803294614,1.55418477929241,0.450647484845246,1,0.0945156734265312
2.37068004832068,-1.62561345768232,-0.646576616287103,0,-0.578997193135521
1.14125328832803,-0.627137667445424,0.26733469455053,1,1.24936421817405
0.608409227172368,-0.962292244470986,-1.54361698300687,0,-1.57963217056728
3.71345081705652,-0.548792824965796,1.87107737722088,1,0.446369016760435
2.77640934673387,-0.504504636927768,-0.183885266486504,0,-0.257250920028187
0.272105830436389,-0.90446186373661,-0.407938792644875,0,-0.141684891669414
12.5805285169419,1.90688208601488,1.34519647229662,1,-0.454165344787447
0.60765708606048,0.18419020199402,-0.651227678407494,0,-0.328784212511496
6.89649812868556,0.878834494169091,0.0732565957182678,1,0.778176424264484
1.34511342402916,0.547405189208841,-0.73201438248765,0,-0.262773729957045
5.69159556990473,0.0388661263458463,1.07454867133404,1,1.11182138636582
1.46230550700864,-0.763545030748908,1.00787077478596,1,1.39104700170425
3.7029944461761,1.09154652069196,-0.253957679622767,0,-0.344001284003316
2.44754014629792,-0.501691599460629,-1.03051458220245,0,-1.46906419911047
1.47364440129962,-0.712271559726371,-0.182377563700288,0,-0.184229279917334
4.02516990227863,0.788659003149465,-0.0310144845106745,0,1.47980022606293
-2.49519405186884,-0.501441377370282,-2.44285445565837,0,1.01408609513791
2.68946518781327,-0.371024369962395,0.233218565276474,1,0.138799419075477
-2.99756339710253,-1.72350607995592,-2.67386936943485,0,0.341301561606302
6.45867210398578,0.357957893198444,1.03458544746431,1,1.39067185821182
7.93468716834577,1.06501686388503,3.03407046212918,1,-2.48046751252618
2.67221304390508,-0.148242415623668,-0.0762659438368763,0,1.53980850381015
2.11186159181085,-0.856927310073044,1.05086893643009,1,0.421913638690461
10.1893753234072,1.24530678841528,1.52197454510583,1,2.17723069678332
7.1050848239479,0.712192227692965,0.821833327080901,1,0.224495424367441
0.49015229077755,-2.00693425030272,-1.38278832275655,0,-0.420803652896299
2.92343653438579,-0.389082999856017,0.0371362715065957,1,0.441747301521375
0.810020089586296,-0.813379860143986,-0.613905490360511,0,-0.850631186892087
1.85795382860108,0.72801799821531,-0.306826633173533,0,-0.0443456728531998
9.3168265928302,0.448302422311575,1.67315811542496,1,0.174771749761308
7.93399181116485,0.00169857191936107,1.56106573928691,1,-0.660402180818409
4.28045082487793,-0.128347506018467,0.754659225173998,1,-1.6243546491107
-0.488001803548378,0.160497127429239,-1.94507583568879,0,0.114433850942521
4.07674727397178,0.077778825038517,0.682333460188583,1,-0.400122783397604
-0.0214345578366856,-1.86058084350015,-0.975689803954511,0,-0.800379588810559
4.18024058729552,0.36732362817329,-0.466980783251584,0,-1.1699103148119
9.21572959468687,1.07370756808521,1.87815485951433,1,0.810567869624565
0.546963496525286,-1.29459786327735,-0.367768417582097,0,0.719345573871632
1.60958640980667,-0.248396021773524,-0.495341083146105,0,0.415964873046322
6.84120562847882,0.110728148723375,1.44549895529788,1,-2.0649781518459
1.58500642546106,-0.995926643441593,-0.832649600108167,0,-0.376299750131196
0.915216436107536,-0.0642331087555976,-1.04336754291135,0,0.976353935366112
2.61206447939004,0.485801118204711,-0.432369322737016,0,0.841069958410185
8.82159613641156,0.593964074504974,2.83318052718584,1,-0.942926175520687
2.3373295484779,-1.2305566144197,2.02795173411021,1,-0.691674495733899
12.7387006666532,2.30762808989808,1.1339224657455,1,0.328896025702571
2.23976853800551,-0.530041266039145,0.706464357019197,1,0.633100430854781
1.8580761698942,-1.67534901073189,-0.188617641159009,0,0.777587151288828
2.10592128567455,-0.652458576883463,-0.442434105617227,0,-0.167750420684875
0.97921962809742,0.0996803410567351,-0.983073735079044,0,-1.77209922787219
0.354877702348209,-0.653246761756349,-0.179566721652408,0,0.182550379514577
1.58601271029445,-2.04774722747616,-0.145531619318421,0,-0.793279661607326
1.19419463104014,-0.552264371405471,-1.59098456643463,0,-1.12697331058501
9.28175675321815,1.40143302827217,0.189117772940389,1,1.58382595170646
6.41998307518368,0.882133947827868,0.759602628957876,1,-1.15089716622682
2.12144665263091,-0.989694027373462,1.09662508304477,1,-1.73032978838865
4.32739885175511,1.02198600617973,-1.40483487535649,0,1.85733493160715
1.25724082640756,-0.632215220278883,-0.705872022359472,0,0.76626292419291
1.26339281820747,-0.857348100474092,-0.667604366079709,0,0.142960218536743
7.05404623228725,1.08453013471218,0.552053118015139,1,0.880036375994033
2.33348468897233,0.155484442917398,-0.131085178268983,0,-1.48182200540263
2.36849016398529,-0.183409999704792,0.091601705668652,1,-0.851068900926014
3.02347182931443,-0.679402136920479,-0.347714084663303,0,-0.449385173550416
-0.574916337959495,-1.35279242097611,0.293665110151734,1,0.953791422871414
0.994453422515011,-0.395919487644828,-0.800657391733007,0,-0.0912372645206572
9.09752954369095,1.40842706456529,0.377933531917293,1,-1.09740226816111
1.7171975163044,-0.470601468624106,0.244367952724872,1,-0.00422232178587062
7.28928569211301,0.986637450612382,1.07218033356745,1,-0.341944509982129
8.2803647855331,0.689361857307885,2.33208373352321,1,1.63374665103761
5.59073084636893,-0.142465784313857,2.69065178168469,1,-0.623905790630293
4.3033202856698,1.60330705969761,-1.05617367192064,0,1.88029312666226
6.76153555189607,0.94936678397512,0.00197462127585931,1,0.812872420702345
11.3555783348165,1.5929863269303,1.30846417092954,1,1.0293557777713
4.4800688310515,0.28249857086371,-0.295836663345894,0,0.290455416523755
2.69208922356887,-0.09074193120227,0.0727900006830494,1,-0.87048097181054
2.26760200027343,0.890287324583555,-0.229537234064602,0,-1.48364003639499
5.579315206172,0.403631152557346,0.365668573174839,1,-0.890032403864897
0.235537474004925,-0.639353880848259,-1.91663423323939,0,-0.772472795838184
2.70425858686962,0.269595707054327,-0.584664905812304,0,-0.907081792920812
11.8176482296868,2.27186094517842,0.555673629953531,1,0.246987057124239
10.7835713230834,2.54919179810335,1.02440221150948,1,-0.0676070686033879
2.47637183495805,0.132572635802707,0.62678446775977,1,1.76843088196146
1.06852050891181,-0.560181684257249,0.0250793408548339,1,0.676426160648859
1.24208572441076,-0.154162044358844,-1.05243158021134,0,-0.864985477987018
5.79414511770266,0.248343718918148,1.21691465178882,1,0.673001685794035
9.43016610475621,1.05209243481596,1.65677022380244,1,0.321196398247754
7.68827193051212,1.16201676954447,1.14015622075044,1,0.207700374972947
1.71238103001107,-0.119191421951558,-0.906013015162944,0,0.290626754578223
8.23647487426874,1.57324801610929,0.434171839093604,1,1.01447435565583
7.43050795282908,1.17405624021103,0.591421709244254,1,-0.147925831601623
6.18550537602999,0.588650406106877,0.737106261898779,1,1.15046528058054
3.37998843871127,1.61476641868074,-0.205820810301473,0,-0.705730174699432
1.25981349272594,-0.609155099403569,0.063787847245321,1,-0.0774479807884285
1.31680428918819,-0.559380805896498,-0.177890044350219,0,-0.786675291325952
1.73937263657973,-1.18094292727197,0.413032296943167,1,-1.28578687657847
8.39198501940167,1.25293198253952,0.67926587073476,1,0.987287762981794
1.68529983342462,-1.66386832194378,-0.715680309404565,0,-0.687522687281532
-0.71241954222895,-1.66624543046047,-1.15509834683182,0,-0.984696763034726
1.77531859365321,-1.27667339089459,-0.439494461955089,0,-0.67034256644493
-1.24261450606283,-1.10962496283376,-1.64453322325008,0,-0.271436947674244
6.93218237314557,1.5066914180852,0.105890776966064,1,-1.93078317116469
2.85377510643889,-0.577570054200518,-0.979027139555371,0,0.897663802712724
3.08368799859616,0.686181281962977,-0.289987191981195,0,1.92299173108193
1.04166814338856,-0.342275152621639,-1.60884413698589,0,1.91625314976892
3.39510068889844,-1.06021724972708,2.25906725332164,1,0.463349880237944
-2.64484135688123,-0.771034466732039,-1.55996556223475,0,0.215916237332788
6.44610459984503,0.889637942353199,0.59487456090481,1,1.20633948947103
-1.2139615440631,0.0510150820175637,-1.8431818941045,0,-0.196474353457193
8.68977786304493,1.53947787335192,1.1843214717603,1,-0.0013260357104489
3.40363464610048,-0.450822554981037,0.311631822279122,1,1.42463276926126
3.54190743631404,0.441947918479777,0.148676290861762,1,-0.79615217777915
9.7374102198926,2.43585785862749,0.62099655289866,1,-1.01206398656632
3.74996972915536,-0.663544554498091,-0.160131733107028,0,-1.7846395597668
5.74800328032814,0.487946745933865,0.0696628847604689,1,1.16341408542838
2.46703690099476,-0.00449708539928095,1.26047361942239,1,-0.776077905208756
-1.02026689510789,-1.92501796711133,-0.608803729944536,0,0.846116874148334
0.060010589411018,-1.08026329498318,-0.488283421469366,0,1.03600432548536
7.6483692765418,0.411725210697505,1.19105050165835,1,0.424577140556713
2.06228158187063,0.532361028571434,-0.801183842915856,0,0.593041515935561
4.62160771264974,0.189760950067498,0.745431916832131,1,1.71262059724414
0.378234383587029,0.643723919549049,-1.45491484708991,0,0.0638457556775464
1.57676013813131,1.1963475950547,-1.17056275057484,0,-0.489843155816444
0.790947463833384,1.07076332463302,-1.47812174215375,0,-0.400064609036808
9.0359367114559,1.4111135393017,0.154925427873707,1,2.94681406322817
3.75379210679119,0.209397745275718,0.606366545029617,1,0.375864186052551
0.0952014299270085,-0.415914467852737,-0.756880536756426,0,1.88354140999825
0.478816356389665,-0.753156512601721,0.247769754260008,1,-1.24912301642545
0.412447394846486,-0.508042502612381,0.355556663951718,1,-0.0391534139118314
3.61158705634083,0.293164067777155,0.766673967477328,1,0.0407256864011026
-0.735846779356017,-0.967699992619242,-1.04561614825062,0,0.129326958380632
5.42035070781417,0.0514045673110772,1.6554017671489,1,1.33703016421164
0.274949178067923,-1.18622142954112,-0.565958889505479,0,0.275093075377785
0.766451247949852,1.07166200349069,-0.495252075412628,0,-1.72959704398005
5.67628859690487,0.527681139020684,0.861838275984277,1,1.55452464612557
2.44814529344905,-0.779719166740004,-0.420925871580859,0,1.40166792312787
2.50962805811468,-0.590716733001539,1.32830997264455,1,0.610131193479392
-2.02845809124971,-0.968789016654722,0.127615197093341,1,1.10083718888561
2.72216419610012,-0.6952040115271,0.246351835099944,1,-2.25864598367479
1.47135823741421,-0.592312402081431,0.716957476985648,1,-2.32293561252959
4.52325543873043,0.275244485167573,0.966491720349656,1,1.06852458367711
8.27791148144135,1.58460772711685,2.03610618039619,1,-0.919792849677671
14.7325351777728,2.91281480346208,1.37581323258012,1,-0.313314025592921
0.141316802287469,-0.830933638743122,0.498318393486214,1,-0.181730750229661
5.05448839158076,0.0885499004223277,0.826089261807304,1,-0.506748907045665
-1.22327095607969,-1.95024141467708,-1.73496351860016,0,-1.3808395512708
2.04003402028673,-0.754349999971709,1.9365237692008,1,0.817115712623114
1.9660814773422,-0.582626002954864,0.313422760206551,1,-1.09656593965945
2.88605579585585,0.11473273278856,0.229705968270145,1,-0.892612780523959
0.389971379930633,-0.915154612005822,0.281618297234298,1,-0.928224662405687
2.84437361604032,-0.27731517400736,1.06016856894943,1,0.323016779053849
7.63873071998701,0.532094940152318,0.723348405780725,1,1.73758090753939
-0.160179892318525,-1.36302243501631,-1.06990126695083,0,0.42072193972908
3.17696824125701,1.46283053400397,-0.00991683066570324,0,-0.0666646983214841
0.482215308893011,-0.140238695424315,-1.16431294212076,0,-1.72231574581687
3.87299994246203,0.267110006457781,0.153472369823536,1,-1.34952269652058
6.89518837044002,1.15010242211248,1.46378227190857,1,-1.33158089219802
-1.44258134220169,-0.0126213801543507,-2.58535818288254,0,0.218639938091624
0.716569560969715,-1.26783531273972,0.522586013941045,1,0.247879954320686
4.16243765276736,0.82781603049734,0.564115200550394,1,0.392095788641939
-0.386433867608846,-1.94077022146543,-0.796221143751948,0,1.07452813064844
0.529270906020127,-0.429914714134115,-1.18782027144059,0,-0.351575932591858
2.6876672303382,-0.317882189718674,0.387678362295624,1,0.591693669840374
2.83883713699811,0.235241513148919,0.964674672730823,1,0.528303846457879
0.562111785513933,-0.617309806534185,-0.39892961469543,0,-2.37078765555274
-0.183194578994516,-0.806728247566525,-1.06344367077871,0,0.130629573775751
0.0419095841615569,-0.0570690516202106,-2.66688654748737,0,1.25476579083174
1.64943342415272,-0.0693645646807564,-0.826113305757573,0,1.98603112319132
3.51571669387654,0.143696594489928,-0.0493087889225309,0,1.12264931420554
3.42481584612278,-0.0111742037790025,0.152388696591952,1,0.742083718567437
1.57034242933628,-1.6125463258525,-0.150114226233062,0,-0.567230541411323
0.478724459590478,0.599308316722647,-1.79631684390392,0,-1.74129985755175
2.40498200751237,-0.584297508855334,0.270206601066048,1,0.126455155751725
1.98750386516867,0.479280713845386,-0.645526189542138,0,0.723999725133218
0.377202018962493,0.319832495303603,-1.69183959018282,0,-1.82733554802281
2.17878543572122,0.137035802326393,0.86240128814164,1,-0.738219844390662
1.03940048667941,-0.341759060888573,-0.862186405258903,0,-0.712489118626373
0.876252152402154,-1.86766643567874,-1.20100345959918,0,1.15917452831949
0.192214901981772,-1.88787990961737,-1.9558419317705,0,0.297243927159384
10.3356299743281,1.19827109929218,2.95803497402188,1,0.807858185167254
7.62360026648899,0.994612816025317,1.2215944491491,1,0.209508515880177
8.18978495280786,0.71372865326491,2.66894599768339,1,0.709098348927118
3.51333314033682,-1.06210549397275,-0.0607418510807822,0,-0.504399959112111
-3.16160260484333,-2.44341571722336,-1.05634368579005,0,1.00438387051558
6.95762685787371,1.27035487293001,0.402465238281898,1,0.463741463642465
1.12726478298516,-1.51786341363841,0.992621028021453,1,-0.623894943171212
4.15951703731034,1.75030091038133,-0.341987692996128,0,-0.832467951089117
5.53395033102934,-0.0387328563691495,1.07744385452396,1,-0.872628394728227
2.37030937049884,-1.2401118526921,-0.76261451100778,0,-1.99532018550372
3.89059390268798,0.96531081741767,-0.496198609311641,0,-0.415951360506753
3.1282329966417,0.438672818350838,-0.858634891690424,0,0.91220552633536
-1.5228794343206,-1.40670453532366,-1.56058667161091,0,0.794993539534331
-1.18493201363399,-1.87562552771021,-1.13021123956627,0,1.53901293180367
0.891307890029375,-0.13923678000052,-1.4695815049839,0,0.96614670583885
4.28743804157526,0.324973819602566,0.476400106793917,1,-0.197564177869654
9.93222843427304,1.00599260372948,2.58430710089983,1,1.03157503960279
-1.53798882341355,-2.14650399041324,-3.00821713139937,0,-0.713059352798221
4.0884086623788,-1.61258320659056,-0.103959361900674,0,0.0779770409156126
2.0066626193916,-0.982834181249431,-0.703959356751571,0,0.0664758438326457
5.34402408779714,-0.346904527894306,2.3179740953802,1,-1.1083295362256
1.37088840954485,-0.0415500582422835,-0.506273680947473,0,-1.17635499140789
0.100250735625603,0.138868286603986,-0.503768833950613,0,0.564347133331182
6.12232820855757,1.07641644539705,1.14277633156683,1,-1.04275912401538
4.7282062538844,1.53983743248229,-0.00393339715752824,0,-0.564613470319572
1.96741056519366,-1.60130022554623,-0.212697418480398,0,-0.470301987454414
4.26376789594609,0.726844238487145,-0.442417058101873,0,2.06151967350775
4.23870844713304,-0.268171020804744,-0.105502782103967,0,1.14723718385874
5.19675502008021,0.946644622036185,0.730602320293535,1,0.0338689918522875
3.02895854595083,0.158541465701808,-0.937239703334552,0,-0.177338693149162
4.40233210791893,0.627715732349124,-0.0908018536031545,0,1.69225853712446
1.72890361102899,0.0255190633134739,-0.576148082597545,0,0.561155759159973
3.83376972499359,0.174343507458495,0.233859961034598,1,0.524924740570028
10.5856924644726,1.72151999792878,1.5783662893374,1,0.34232020057938
6.84993773242355,1.24467664427703,0.936423523754797,1,0.904905600468801
2.47942145609121,-0.812820928618962,-0.537077640245494,0,-1.0857443307251
6.36752729795775,1.04309600224432,0.757438194364118,1,-0.0543779168658012
5.77927535074193,0.38265952054463,1.3563609463746,1,0.298393570164403
0.621569864686952,-0.668757094661554,1.06397120410518,1,0.656938246342929
0.931550844257731,-0.569786919162711,-1.20363807484326,0,0.31459234136463
0.612991509171068,-0.0903947641672415,-1.01564095744972,0,-0.071777849426416
6.58804285852557,1.20257759869895,0.0838803127142221,1,1.30121306741401
-2.36876394290263,-1.41749998942995,-1.84619723960722,0,0.501737867053953
13.2570781369466,2.52849696940628,0.938993389051563,1,0.441439779867674
1.645824883613,-0.770963383966955,0.429974759550422,1,0.312689980394819
6.78380945320776,1.09609423055848,0.0972153413497446,1,0.0332404811815023
2.50371659859066,0.528012498191682,-0.866495189113313,0,-0.440022637645154
0.868440846575538,-2.28364716168326,-0.287603488969175,0,-0.939656091477182
1.90702696731443,-0.113151544184962,-0.454573226868766,0,-1.36629159584147
1.3358378772716,-0.954115228778101,0.148290647426517,1,-0.641164765455083
3.22163120826144,0.443813981641574,-0.383117674620041,0,-0.616490483200863
5.77430173454022,0.886453067075588,0.157149562292744,1,-0.0554826791836889
9.3666660600952,1.51437526417412,1.52485281865769,1,0.216583036142084
3.51496088188506,0.345093375134174,0.36371972047797,1,0.864807050302638
2.67355883475109,-0.875047703338264,0.574021883094412,1,1.36989710945842
1.98240780032272,-1.15960775286444,-0.439918018683789,0,0.449698742869135
3.38471087627967,-0.656304050769751,1.4041994206295,1,-0.488253272105013
1.3913537114233,-0.912642222477841,-0.808523140521963,0,-1.3839947055279
1.3702060906728,-0.645079258882792,-0.208019031738474,0,-0.600118611768321
8.36376684608228,1.609021841171,-0.129696376819364,0,-0.462783573240816
7.02218871708927,1.25206035147359,0.860875198518084,1,-1.10430594952513
6.67958279892079,1.03776344398037,1.36282818938571,1,-1.3772941588952
7.58954795850603,0.720192661469499,2.44268014254352,1,-0.23844307632913
4.41571712839955,-0.186260295486675,-0.469571967891088,0,-0.882523475254687
4.34040557520698,-0.497022922474463,1.44282875607603,1,-0.848173666049705
3.18435712678028,0.417608794009554,-0.66522491659625,0,-0.0543362363601839
4.46926981073909,-0.0612259491991235,1.24687092661157,1,-0.20921700715301
0.791571559113155,-0.892385041801294,-1.18777830126528,0,-0.00103139470615842
0.692676794139327,-0.612802092876937,-1.53671549314761,0,-0.699264495501662
1.32039148200202,0.427770728086812,-0.643054781567572,0,-1.7437988138678
2.20678907968538,1.18289143850316,-0.925834158540371,0,0.517529289200832
1.40862004889606,-0.453532985821815,-1.04453931189868,0,-0.0761263424293653
6.8676927407393,1.47531751113324,0.975945280017205,1,-1.42115221920547
7.4112586527747,0.255961534536449,2.34387913389691,1,-0.731598735394104
4.10386945911718,-0.0619395501473533,1.78323502905678,1,-0.305368550942132
2.7469363151687,-0.541455151261842,-0.121800303073367,0,-0.434151349066228
1.77859076501002,0.0134683372757103,-0.386264632014351,0,-0.0733079311998227
2.8447047950002,0.0228116527731219,-0.142494239542192,0,-1.94756213679635
-0.294765228192005,-0.755269567799723,-1.80269941898326,0,-1.49707584476614
-2.9080848531665,-2.89030235200054,-1.65014111376382,0,0.916564938045477
2.21223350656928,-0.449029949161202,-0.292266511945321,0,0.0402564957783942
1.04652934622585,-0.190074500239591,-0.877764656548814,0,1.06999204928117
-0.528174673829119,-1.26253676022167,-1.12092581966504,0,0.258546437079036
6.5586431256815,0.274929459885892,1.7365713298525,1,-0.958311926496275
1.41299394202312,-0.881272347021937,-0.357824655856518,0,-0.216050671364829
0.931877364764428,0.773379772388854,-0.540193414049539,0,-0.650896954816969
3.51894258646807,-0.0803388492360493,0.608331104849414,1,-0.294362218136691
1.38161209083474,0.310724491101015,-0.587339209657615,0,0.97939088609578
1.96339325399397,-0.718120458704101,-0.532149862649376,0,-0.247954533397773
4.72723848086971,0.863469327390798,0.0627191438758848,1,0.422734364111871
8.93267894016554,1.12911662164002,0.0395274727150779,1,1.21083088119406
7.86037696559147,2.05541168545114,0.77675897514439,1,-2.17692448489549
3.1924280658726,0.180106240512572,0.465409681947946,1,-1.28581570180574
0.586210733579228,-0.89330447888418,-0.715522428849572,0,0.129663165598418
-1.12919447771038,-2.2239583716836,-0.872667966317215,0,0.580810327682194
7.02453340495164,0.581194294806456,1.46291042700212,1,0.540211129117364
10.6926996114054,2.220205852436,0.314956245904338,1,0.492699132391297
5.55807028728098,0.462451553600437,1.21213109378156,1,-0.903494243873199
10.5001096343057,1.73662489690212,1.84625728848283,1,-0.39961851320915
1.14593590888957,-0.407327952172764,-1.91279639200203,0,-0.990254776648907
4.98451354681197,0.977943272533769,-0.401532561758857,0,0.791459147090201
2.63196062737018,0.121654852287032,-0.174733328654914,0,-0.263493697132793
7.69760117374191,0.865247941465396,0.725158856212984,1,1.71292659958305
4.62220794266707,0.745712518885894,-0.320423162786807,0,0.717963675144001
1.53714857717924,0.152809325064395,-0.193755872375456,0,-1.10400892262459
1.02786657355224,-0.0938552586298342,-0.725914479149245,0,-0.946192886783558
5.7324863787092,1.87053181568833,-0.781829464716248,0,1.43381317656183
0.94811066943724,0.315389084275274,-0.0516304480913516,0,-0.364342228415623
4.17968398846603,0.426455831562797,-0.524970802685154,0,0.999653227097923
0.896710194857428,0.551413981101639,-0.297885490491127,0,-0.222619216387337
2.89610174849371,-0.521719879453005,-0.135363305792546,0,-0.627767619609537
-0.437212206836625,-0.233433578858133,-1.57259645303519,0,0.023965949235037
5.44976603209547,0.475919185402629,0.412868872637787,1,0.264649886173935
1.30554811788783,-1.45017445004191,-1.36297928928075,0,-0.0963063452857272
-0.360557190421682,-1.4400874775243,0.473371030422961,1,-1.4347910494864
8.65134944696058,1.70923838441789,0.169484251203448,1,0.482904643344907
6.03624323419081,0.357606460527936,0.0835724722160483,1,-0.591373247497761
10.1783445470429,1.68047274940151,2.78800270040946,1,-1.5421958993975
2.23383825281724,0.543659697713437,-0.373501599529592,0,-0.547077136477677
-1.21839971890509,-1.30831951490006,-1.49437253342035,0,0.185429672831344
0.37097954351287,-1.42054806686513,-0.382454076181979,0,0.657838351906252
4.79918722596349,1.61335217421242,0.200728057784626,1,-1.80321733776257
3.55588086424089,-0.181839398475142,0.955050018368845,1,-0.698995793839977
-0.743466747835368,-1.35480368252094,-1.10349006435732,0,0.948683815232393
4.49339548163554,0.112037296213778,0.983260719864197,1,-0.062327575165333
7.15211154300806,0.538479851608279,0.61838931955944,1,0.43689125817645
2.07141401789327,-0.264711202925366,0.464739266955564,1,1.06199523648901
3.87452837350764,0.36504367432316,0.582619646585651,1,-1.07849635417777
4.5722955512,0.358766020141438,0.831376304961644,1,0.902418494679505
2.98419168568151,0.0609184806981848,0.357109914154508,1,0.724909087595849
5.08825610616558,0.799247607963813,-0.535587406480241,0,0.323909055110936
-1.05957497136211,-1.2489190757483,-0.62107333357425,0,1.23485029396104
0.0719926335829144,-0.901298303667808,-0.284119394916092,0,0.42196291059234
-1.66703046765055,-1.40255347458209,-1.74205422681135,0,1.75018152082268
0.676170980503109,-0.0689260646558465,-1.14027953088519,0,0.870863272279445
6.4518116052165,1.020895708094,0.908569720782918,1,0.0392655690473084
7.73194018487403,1.13121161707631,1.65358882371192,1,-1.70173530753693
0.826398053557726,-1.58210501503112,-0.605515820816147,0,0.361558766709715
-1.37448441968378,-0.929745384598253,0.307541171874704,1,0.829859769717848
4.16871299264454,0.0159466274454985,0.0848329601323896,1,-1.01946672920819
7.65105095380598,0.891776078392943,1.56793964700256,1,-1.73345125301749
3.96364084917571,-0.123703307940845,0.0514722231563032,1,0.825817242186222
2.77539420365861,-0.318767548671,1.07216376902675,1,1.42559597933334
7.07537026565247,0.655997282529452,1.26793250872747,1,0.087116172417691
1.93029267706117,-0.781431410043658,0.520940327789887,1,-2.47422742755122
-0.662249525989544,-0.897094839330177,-1.82213535011026,0,0.436307361340915
6.30030606282048,1.98647168858572,-0.265343908220588,0,1.50802635585597
4.12094109864189,-0.103406015598675,-0.218722653962114,0,-0.639612677812525
4.37884585352435,-0.0534030181079387,0.602700149470708,1,-1.58903073817904
7.51095250534849,1.12858795773417,1.19954300200167,1,0.314091661555012
8.85742681807031,1.379503998442,0.908657061821484,1,-0.456447877124574
-2.60386875847117,0.0224227550578032,-1.63450717218247,0,-1.87236863613338
1.65976162698562,-0.436378205618799,0.333820629205149,1,0.00223681709069416
0.421904218896153,-1.06389247010022,-0.310716874913778,0,0.918458206619814
2.89588973967916,0.452243656214037,0.0272877161906509,1,-0.757742520627709
0.288819907875454,-0.400376242846528,-0.546724957345763,0,-1.8936203967308
3.0678742371436,1.65876019501941,-1.17531556279823,0,-0.0423888553035913
2.26342271543683,-1.02729035065196,-0.147755284369307,0,-0.672653319789207
4.8561856077212,0.151665810153656,0.413924282068585,1,0.218971043056303
1.48118617233322,-0.553088522167707,-0.961021168587078,0,1.12572083278443
11.1558794871114,1.47110994739378,1.57176087748286,1,-0.0496760416234529
5.63841251240698,0.843887554381769,0.635197883957997,1,0.660598830494852
2.96746630459236,-0.0882502688984183,-0.138822667244348,0,0.566788392674765
2.80444805244104,1.56417507812417,-0.0859514091695208,0,-0.844535291016933
8.65176395215007,1.07005427899722,1.06825115658577,1,0.654515483920405
1.5858172100514,-0.375002886345759,0.36777374972353,1,-1.19529462236464
7.72736137283244,1.36754619620201,0.251747707714019,1,1.06487660362188
-0.272054781756201,-0.995750179642573,-2.41675551862834,0,-1.49154549592718
5.01291837259742,0.23903739300568,0.584069017616916,1,2.37351352842581
6.40648868354677,-0.224120961786324,1.0572727044396,1,-0.458079945208902
2.74196045360179,-0.585108504370309,-0.567403806947979,0,-1.41165519978407
2.96678140089116,-0.859194382174187,-0.675741609330403,0,-1.12144399195114
6.82617185877358,0.468739081570984,0.784368311798688,1,0.189695022386779
6.24235232530777,0.461357942809613,0.594222174877161,1,1.61109168146058
0.75560923648622,-1.01188475206832,-1.08623046494385,0,0.149162114351284
8.9023123614888,0.999059325178534,0.628836723174775,1,0.273017865472516
1.98987856739396,-0.694036797550529,-0.30935284377602,0,0.000892184695157953
5.46732077663937,0.725596800246493,0.973865253679277,1,0.00470309695393159
8.82724055346141,0.991525766157111,1.03369490712744,1,0.118408447094444
4.53706245996112,0.100503804322252,1.27210988088815,1,-2.09823602154908
4.4490001192861,0.585576499697432,1.4240029371367,1,-0.200795430814871
7.06500811380487,0.961357182454005,0.433468065456631,1,0.28028259153486
5.29632574034619,0.0616074070298771,0.692111171687236,1,-1.14479999204721
10.7955825843301,1.59835134668042,2.31552984140556,1,-0.0594231662843491
0.0062719579645365,-0.722902097572648,-0.244835073357779,0,0.676494539416624
4.49335499675628,0.0955722111494624,0.411191762763407,1,0.735578089263329
3.93561246132253,-0.956943050148142,-0.369357799794057,0,-1.11754575602509
0.73819505399265,0.170399154012207,-1.14170675144227,0,-0.117897335092071
1.58419066070313,0.0784708064783228,-1.35705627440801,0,-0.790063263702249
3.83735752813158,-0.281664513940712,1.20270904023477,1,-1.23512178401049
3.6581556311479,0.600734265434771,-0.48661068499549,0,-0.395884228872241
0.986519782097206,-1.25922338743035,-0.884041027684437,0,-0.180427831179109
-0.367977565010769,-1.00009744652612,0.256316292348218,1,-0.0558086379782168
1.45349855696344,0.602236875128109,-0.00648079673704804,0,1.53080301594727
1.44976780266557,-1.14729606132122,0.527457214909481,1,0.322582403566794
-3.60706403353026,-1.24589568152457,-2.17556908035225,0,-0.595315069158349
1.27791856088938,-0.227650452671754,-0.879993330751998,0,-1.06245110501474
4.38399079223903,-0.504050650208451,0.536599900627085,1,-1.6851169631892
9.65064135985124,1.27743312065601,1.18770657307802,1,0.314717498464645
7.04015721905672,0.825570709397935,1.61776926189589,1,-1.46483581352941
1.94470087588094,-0.106446297866139,-0.892527902018755,0,-0.0958132336276639
0.582275298488701,-1.93876508540373,-0.577602813158029,0,0.104357942912137
0.653900346691083,0.663259582829962,-1.74812133115586,0,-0.231989932353207
6.87300120445657,0.885229717976981,0.857860366806688,1,-1.4296206788925
3.21639722561536,0.422889482980437,0.393514628418015,1,-0.655321620673207
11.4853902658421,1.85064983161595,1.41116046991613,1,1.26058355881442
1.84247963545566,-0.68850271080805,-0.346014568464886,0,0.259912171921747
6.85387339276469,1.77758886614008,0.384848259262495,1,-2.0615166322351
8.88857991696332,0.39018449921776,2.54696262073398,1,1.32735414920052
3.14687873112273,-0.564007576557221,1.24320547045287,1,-1.49139320092114
1.68768779431992,-0.618599528123241,0.00342759605544862,1,-0.936155911991431
0.718706191524565,-0.836277332729708,1.05580557748073,1,-0.993518745945115
8.27973635868351,1.04160321406714,1.15863005178535,1,-0.776160381825609
2.67583399549753,-1.47998695201524,-0.528763181781533,0,-1.07054124798566
1.9602049665676,-0.725065942799622,0.479803972581244,1,-0.242234287423475
-0.459603193632277,-0.895104052160388,-1.19574146010052,0,-0.607780862015357
7.78668684224109,0.810451602564544,1.37830581316673,1,0.483277464603346
2.24881834105646,0.305331599208929,-0.54210162443678,0,1.00483105881643
2.81223133933317,-0.726293106738606,-0.0450473499535106,0,-1.07196791528471
1.13053134475928,-0.503193032687804,0.654082296924203,1,-0.902858126739326
2.24330011168509,0.759190737007995,-0.553382018239538,0,0.272510660614274
2.64094030768702,-0.603769739687072,1.3378819404093,1,0.255418181174016
8.94483566023273,0.847621486331317,1.31573770612046,1,-0.484342560810692
-1.63298592181685,-1.50565085424345,0.986990282194449,1,0.90275019256278
3.31326881175334,0.601000894405101,0.33466127423936,1,-1.20651105155015
10.2770316818973,1.4558556072998,1.36130370073513,1,0.215234573786262
2.98867502584024,-0.413382801093559,-1.23414701472494,0,0.252500639612277
1.28192756644376,-0.0798221800871445,-0.0425215899457033,0,0.792115198240757
3.0001795581564,-0.523113749258677,0.556924990433216,1,1.60053838555276
5.63427028764142,0.392332045859451,0.301747567810937,1,1.1662151978316
1.56555149373715,-0.117902440314841,-0.75478309328051,0,-2.75676350311678
-0.646038368869681,-0.613312454095572,0.36975412847204,1,0.590818524988742
2.93939779448567,0.820731147847556,-1.18350696849619,0,-0.227357918445224
0.772221714420453,-0.743574452378506,0.297292460384464,1,0.773706039419338
2.22376157536578,-0.152993054189429,-1.12159177658086,0,-1.1693735791317
6.68707465687899,0.822114367687062,0.285566454614512,1,-0.0402251840166832
1.25682656999651,-0.745696045584244,-0.0827049439799601,0,1.6255702456402
-0.860102431213058,-0.73985254160976,0.153859842859176,1,0.329917018677163
6.933935731095,1.15932653798377,0.390965274882871,1,0.0576194989430627
8.22943323308619,0.595373411260886,1.52601812658926,1,0.895786311138275
-1.3871708958814,-0.49811062981318,-1.13715191167071,0,0.402064011074344
8.29898918624674,0.744369784448711,1.34297764309369,1,1.59845248018069
2.25754174865041,-0.408709644426882,0.258215964826978,1,1.95657327657836
3.2804802090841,-0.348255872044766,0.590697629943189,1,1.37499432765417
0.70852627932878,-0.924970060658079,-0.913798645929441,0,-0.453746206512567
1.70036945604991,0.772339793375672,-0.116378268529121,0,-2.2137110394851
10.772300531465,2.2123856794308,1.13348847587236,1,0.124612939788656
14.88145463205,2.22392677353191,2.81561982884675,1,-0.149804091520671
8.35215141534635,1.11358835635089,1.63170197002877,1,0.659705429493447
6.90539239680197,0.742962999032691,0.362190057088639,1,-0.250172539643526
1.55280085873004,-0.465371844810425,0.192338418436966,1,-1.69925765025293
10.2188946845072,2.24114264556263,1.09497475897257,1,-0.461856054118265
1.12381441399094,1.1216783143481,-0.350367074114056,0,-2.07324627941229
3.54099301345418,0.26930433682509,0.219650685570396,1,1.24727654729916
4.7113838544025,0.245124296823395,0.222225179456735,1,-1.35043153510035
1.98673226246946,-1.29204472906776,-0.102283568657912,0,0.0639256215970418
3.75245723622304,0.37806746337997,-0.424887319113812,0,1.27127104744534
-0.344763686267414,-1.72604493745409,0.751148387445287,1,-0.741692166124931
-1.14804080416162,-2.0509010825937,-0.1938351376023,0,0.811166780203044
0.937511459956237,-0.112983880881734,-1.53444992792408,0,-0.860471360078249
2.17541966668934,1.22932503807111,-1.48394261287866,0,0.568030827159412
4.5913303567597,0.504633452536668,0.357975692455449,1,0.918182632598697
3.90203309727725,0.514299325531114,0.298715310535975,1,-1.01356996800441
6.6493308721666,0.0527024742440021,2.18067013757166,1,-0.14489797129276
9.14223514649192,1.2542275583208,0.748859854234404,1,1.42617060527885
3.64953517903095,0.76424079725167,0.0141555310066885,1,1.04787289132413
7.21953781915209,1.36557381675683,0.496830259688175,1,-0.552149961632359
2.55351073372844,-0.299902976838774,0.616447058506716,1,1.01711556758317
4.20794758641876,0.146938866043736,0.929728534968538,1,1.16161540576915
3.06740735550248,-0.893282283593704,-0.119322270550293,0,-1.45398878621645
5.75529291845758,2.73609147276845,-0.359662696165492,0,-1.01696221758137
5.01708459945197,0.496281235039931,1.03734688658222,1,0.666863712793411
-2.1065253350483,-2.34654785096024,-1.17295410758825,0,1.26409804997055
12.3746602655485,2.41638242125457,1.45988113087808,1,0.0744973900261628
4.26594617972711,0.196806190399252,0.241781072766408,1,1.02762029594071
2.75294345223699,1.62857004173077,-0.233289609350191,0,-1.13217208351866
0.741177203100024,0.148758674594283,-1.33930905004199,0,0.894967838865086
2.34999704159235,-0.145944115282761,0.0524706063559191,1,-1.42006328822173
2.35120911421574,0.626402031913533,-0.578959124517032,0,-0.787782713236502
-0.627578438498085,-0.682746436142215,-1.69670246343191,0,-0.783083007966033
-1.34300636910917,-1.55040720669533,0.644223442463052,1,1.18708403302375
10.0003245213739,1.29625408231656,1.39095262579457,1,1.5181206259232
2.26825186463913,-0.114733773280464,-0.487207867442798,0,0.804687057370964
-2.0394304936592,-2.21875875890231,0.408785097367334,1,-0.97958888836407
-0.155507400389227,-1.16022478996235,0.299257358360354,1,-0.31594180573456
-0.413398559957409,-2.47849266593647,-0.963932892435795,0,0.484332226409657
2.0222272429885,-0.897011512096822,-0.00631789724711259,0,1.20738239175044
4.47155919595926,0.775509896956578,-0.219821092551518,0,-1.2419918390784
12.4249112021731,1.77229078469009,1.56952587748633,1,-0.875188240362267
11.4495682003328,2.58205416535815,2.15685142518515,1,-0.390429019909513
1.51963400800734,0.550337096502153,-0.655006771191572,0,0.407642929128579
3.85555991109409,1.37588140288815,-0.664418112646727,0,-0.509960317926555
8.05962988298193,1.47700517771889,0.438972318293193,1,0.469012012425031
-2.53845539205231,-1.72717306992497,0.555572380993581,1,-0.0499756368096601
4.20878076036705,0.0408312007308408,1.03218792737723,1,-0.470534508497645
5.30752673076407,0.137154289631011,1.29616800743884,1,0.843507609263586
-0.010045775736256,-1.03725115848221,-1.43492185791835,0,0.561105142314067
3.09045911308066,-0.0129980498546297,0.998794853707645,1,-0.831667940555227
2.96742733643,-0.674921881429234,0.619660082746378,1,0.237624932953871
2.20942350137066,-0.740942483012199,0.578930271757188,1,-0.75617925592892
3.0865837802335,-0.146449192552494,0.487699430025506,1,0.168845340296469
0.119103414388197,-1.24009389194868,-0.585342628669846,0,0.241297792615895
12.0175400661967,2.48859152694631,1.58296221471281,1,-0.357816747099958
-1.53155323474297,0.265651795969203,-1.66200927965846,0,-0.635981475262852
1.52383169102329,-0.775643145909091,-0.858921261979093,0,0.486596811499763
1.8665985437256,-0.613304829451007,-0.894453494077794,0,0.296805563860377
5.06890452736669,-0.269624857222356,1.18046644233728,1,-1.08986145965683
0.745037790048165,-0.383268653884962,-0.941841701339661,0,0.593575235301268
1.98461156592672,-0.093835417484069,0.15274591678095,1,-0.897305664980372
1.89481178339719,0.8860327890761,-0.346650298077261,0,-1.1106863147333
2.49543544114714,-0.283531821234333,-0.582241670943748,0,0.561514223332679
2.0033048786447,-0.230986394671186,-0.460799868212874,0,-1.06137662926743
-3.51007755346189,-1.72658443622644,0.133592520840042,1,1.09264341501473
6.64836918595338,0.886914670080169,0.111132017400489,1,0.525393727076531
1.54319984159617,-0.303560821179972,-0.391114810643295,0,0.586771416720187
1.64912314700719,-1.04675945189402,0.396669466974585,1,-1.51990347233704
3.14802621088191,1.08131747237673,-0.595402766646185,0,-0.18590753345505
3.012658756092,0.299691403311831,-0.0961885052651073,0,0.973942543255317
9.08164346268836,1.60896793934939,1.08675638632356,1,-0.822384199786449
3.21316524913396,1.12242333810869,-0.933966203998305,0,0.657579928604048
0.378924104650838,-1.36041282696112,-1.22686279939817,0,0.109340717056335
8.72044960943452,0.762358221875127,2.39141242083848,1,-0.574146060759104
7.59165008703231,0.913692667275687,1.53421234650191,1,0.884418239225996
7.4794137435645,1.16820289058411,1.08745634888126,1,-1.75748015662494
-1.3331790979383,-1.55200308415688,-1.0543813399422,0,0.758071391874729
-3.49938500973532,-1.59297640401989,1.08505630824025,1,3.2729453247466
10.4244785923674,2.41893687911051,1.4091464393416,1,-0.623396731344131
2.11719468202932,-1.07571112453235,-0.733331068588693,0,0.328390945792954
2.48854179514929,-0.269431180913744,-1.39953270401286,0,-0.512337529512928
3.25222611366553,-0.501844873006792,0.727142026229275,1,-0.0138229331244003
-0.554063001654714,-0.618649250356565,-2.63178846733592,0,-0.846175630629815
6.0308542102669,1.47989783748937,-0.135816086005326,0,0.180655715236006
1.58864176829441,-0.374762225813888,0.605280178763847,1,-0.777261952167916
5.76092466646325,1.6443522045369,-0.369528925011813,0,-0.742438327080695
1.07416306192584,-1.6048045265876,-0.637750992220783,0,-0.457724074912661
0.271050379438705,-0.922122964053529,-0.776830782833507,0,-0.454764342302959
0.451214818231128,-0.434037761556266,0.562208745255312,1,-0.397045968739448
7.38030564987981,1.89930935781303,0.307472949739088,1,-1.58624560155451
2.04089593019009,-0.841970090523712,0.0275046058577802,1,-2.82710574281746
1.06816050959608,-1.66790260683137,-1.05758104614881,0,-1.30390491625136
4.52228059319218,0.767261072023628,0.617984454262967,1,0.463523851771311
3.84898533168328,-0.340619224755856,-0.197257043812817,0,0.967650616630336
3.74077901904571,0.376416941014098,1.40344983672532,1,-0.444005939201842
-0.31845105193316,-1.36743894747402,-1.52077044510307,0,0.121495535276366
8.14939588616451,1.35629455468959,0.138839410412536,1,1.79222695527396
1.93379866632047,-0.167302459183977,-0.544891073033448,0,-0.454129115956267
-4.54207928930311,-2.36745570774727,0.0967290446343091,1,0.847339043381623
4.97951191805473,2.03906246199122,-0.40244697732767,0,-0.0250545225355492
-0.368201896680729,-0.61346337433885,-0.203393019729746,0,0.313370342698708
7.80580054547082,0.852880590805252,0.625998793501228,1,1.05547703307952
1.28543453539094,-0.198749880728386,0.414598539970689,1,-0.644961307196062
2.07221845265501,-1.04463310193292,1.28035954397387,1,-0.349949272060134
11.1933058468102,2.02109945320185,1.43226713909007,1,0.794490228733513
7.06114868955928,1.13252518964275,0.794115468098976,1,0.680623177977051
11.3598979944972,2.13328932750876,0.656298618858214,1,0.630364316313016
1.88972457395027,-0.351458212717465,0.77047884419706,1,-0.338888781467118
3.83924803790607,-0.739806120139506,1.25375596711854,1,-0.141076439673204
5.94664135829947,0.431101788710747,0.648120636627011,1,-1.01393782707953
3.36754279510817,0.262932324776328,0.925492577629381,1,0.966354037702402
7.89742780506991,0.926191138316804,1.37827542110493,1,-0.405499845816317
1.1113671638287,-0.905379457704149,-1.03123986629266,0,0.200909860122089
-1.90139779570513,-1.51834201641413,-0.445254153857856,0,3.1513263461634
0.637988518993604,-0.373606635793653,-0.416864818991796,0,0.124557577915763
6.10714463396444,0.529336896472154,0.979297624094669,1,0.0499514027413043
3.30580417970415,0.0395262254939707,-0.756999165937553,0,-0.804297883654178
2.69890334421429,-1.53439092834899,-0.722799736035992,0,-1.10398234526359
6.76830525947106,0.534323393442836,1.5614968675725,1,0.576766539332344
-0.705839717825191,-1.52083381600833,-1.33804193091267,0,1.51475288884343
2.27728879418042,-0.0895994499615156,0.993189159995976,1,0.105061960989013
6.60496426874928,0.852138048707484,1.00101252005351,1,-0.776954643879196
5.01647269179546,1.70852907108855,-0.273283283275,0,0.98695002088875
0.905612070975039,-0.568963583380114,-0.832108803584985,0,-0.345544019164933
-0.0216786004374063,-0.493916890938262,-0.34679885492811,0,1.30550501474049
8.90982259085808,1.67953627873369,2.00658306232447,1,-1.54547376084555
7.86070701593052,0.697019563404242,2.60409705827849,1,-1.23614320023864
2.99607458418335,-0.248653866822336,-0.33096151055417,0,0.231380287616998
1.16770155788177,-0.653264471531022,-0.315278174814371,0,1.14652889150111
-0.660160497046395,-1.20679148269245,-2.00652728629895,0,-1.34906328245944
-0.509474302647708,-1.95315990677048,-1.10277646475247,0,-0.816112422643428
1.60964604788401,-0.736311676979213,0.142145872752866,1,1.47152307394205
1.83208529782809,-0.652072402070668,0.343163848864794,1,-0.283124683360687
2.1234926360553,0.841991466057377,-0.815789536605695,0,-0.925903020921454
-2.2093921037021,-0.591293052437844,-2.03057656798317,0,0.779778252780192
4.22001992448326,0.178946417672384,0.420083993726411,1,0.827022792141835
1.39675075396548,-2.30007707905139,-1.23505233106801,0,0.530878755655779
6.44119953838528,1.70658454507787,-0.253812603522325,0,0.553620930028215
3.3417438803483,1.01543050558136,-0.194968471358447,0,-0.242086577059265
5.41521896623056,0.837882856325422,0.361753041946796,1,-0.477406967861694
0.5977655589181,-1.01353534576494,-0.25610657420599,0,0.123915530879612
2.31062987393841,-0.187347513603201,1.32175989982667,1,-0.763662912984546
2.11036193934079,0.0475761113530449,-0.853980449427594,0,0.309146494405467
2.92370570030639,0.279959721309222,-0.613403211650858,0,-0.769468865238821
0.563737673021991,-0.843504488597586,0.0387189638086184,1,-0.0851486215483999
10.6927196604382,1.77372696277756,1.95859304706062,1,-0.30343080988476
-1.24178837820267,-0.884689318029486,-1.31536542389259,0,3.64271080323713
-0.0524741358453684,-1.06202678285194,-1.31921384021019,0,-0.720753884146796
8.38921147319764,1.22764811768557,0.534320529299764,1,1.32868594186599
3.27165081203608,0.733158363526631,-0.0696768845364793,0,-0.0292746045982637
10.1203887452949,0.79345617763386,1.80874400074117,1,0.494936505387969
0.0140743005491686,-0.602972981828984,-0.59736397810423,0,0.236068705649631
8.6576535000127,1.63995491391897,0.274525447848832,1,0.445869872079793
2.51828547568457,-0.136978469861044,-0.074125760239619,0,-0.419295372054784
0.751688590992349,-1.50422544411865,-0.90838525202382,0,1.38738072573601
0.797139682517123,-0.866073805865204,-1.01771152740713,0,-0.142684865556041
10.0965919183873,1.21032153225003,1.48683411230226,1,1.1513912830035
-1.31786787251785,-2.77023238509488,-0.538895205865354,0,0.407153106739044
11.8383998376513,2.24547587496647,1.12816989546131,1,-0.381099995100348
6.84600086769365,0.467605461328518,1.36309893195891,1,-1.05322881417742
3.98986810857534,0.320012050889016,0.128146161472045,1,0.142905009659633
12.5379014422594,1.50537801119372,1.47938790995576,1,1.11567732349979
1.89674335268952,0.294147500319759,-0.0873259228759242,0,-0.286781568574537
-0.763053998208241,0.427219137640167,-1.77409526000258,0,-0.13104891137338
-1.51377543851971,-1.10427468285555,-1.51152912829973,0,-0.600089068413968
9.14803821704431,1.69564430424086,0.786740434490357,1,1.09003465432647
6.02301567592,0.401443328055078,1.31386296927064,1,0.390336055993672
2.39547618664234,-0.38980609893545,-0.644629351951336,0,-0.129822356159533
4.14708879870002,2.04748429324324,-0.0338899909069549,0,-0.0352505128739257
5.17298792357118,-0.280154642783519,1.03603171608258,1,-0.230355905409724
1.94310069698131,0.064108953743296,-0.921497524723298,0,0.564132795338447
4.5040163452035,-0.45860246636907,1.3818149441691,1,-1.40248648885548
1.17916064487108,-0.329658137483297,0.0128731648301974,1,-0.351395088828909
-1.25775876796579,-1.37863492677385,0.552429353156244,1,0.791520751557302
-0.530262641555031,-1.73013740269488,-1.92299289546793,0,1.46812945752832
0.481448266454123,0.304041688589858,-1.12919963217385,0,0.344391725145746
11.7112621293013,1.83917729641362,2.17758018745334,1,2.9855228224956
1.36481966709885,-1.62929679907321,-0.257486282212082,0,-0.164384009974576
1.97731434206257,-0.357753721723666,-0.0455248906996528,0,0.665669181816491
-0.891884326531164,-0.0728369086395578,-1.08201649793593,0,-0.804168792283808
6.87208220403242,0.916437247838462,0.389380296088407,1,0.764456770235278
11.8621990645436,1.82232574933357,1.52710582429828,1,0.111100202704873
4.6059749298637,0.229794804465971,0.503100118186239,1,-1.78216819923627
3.02238607446511,0.300720866460657,-0.802703146987039,0,0.670196599483108
3.41570590547321,0.439688039533786,-0.602145292545174,0,1.22302174128587
-0.0394303455663383,-1.7548856106923,-1.61232056686081,0,0.107911978037575
-0.446567886257066,-0.647754804485952,-1.51559978493999,0,0.662779426599915
-0.0735129606313405,-1.31628301674942,1.17091042444589,1,-0.412521312048783
2.73555938936521,0.165627841547596,-0.239559621184632,0,0.23706007487126
-2.01408417046645,-1.12613551498431,-1.69986470413333,0,0.740648725693617
1.33841908603291,-0.495342350504993,-0.424229773112016,0,-0.699466677063437
0.610789644479822,-0.254344721580177,-1.38888029006424,0,-1.02631469501198
1.16162178057371,-0.845135672840192,-0.175970681501805,0,1.06068806779744
1.63856680696252,-1.55521099212611,-0.214203960057577,0,-0.300389393149332
4.13590310614845,0.00517309394064425,0.566678047693363,1,-0.372114188040448
1.2640951647498,-0.546176944930358,0.262932069657469,1,0.817675234271406
5.2424209414085,0.164481713638416,1.98075758961491,1,-0.73163424059296
4.25589438983971,0.753400388255016,-1.06478457102559,0,1.998264069652
9.87955634942759,1.96695803062354,0.536269685950856,1,-0.782426627207353
7.20445724457858,-0.150141997014763,1.31058688203631,1,1.57140112977352
-0.0814041730242999,-1.95264145212417,-0.231642799410853,0,0.0675881946774098
3.82054901139615,0.257116486997997,0.0796986918946092,1,0.906688979126675
0.611820326174558,-0.0153517276761244,-1.10693285240837,0,-0.207469837131432
1.52601086885223,0.0299099433720213,-0.264173324986986,0,0.379654388398003
6.08746849831387,-0.198584443504914,0.685220344521612,1,-1.39283884345181
4.9352763850615,0.629622838234643,-0.0997453185795775,0,0.727432031947327
6.19345831726211,0.448945459521483,1.85200835794393,1,-0.729830449618841
1.74677160619699,0.443359225343935,-0.0558820394773072,0,-1.73650142828585
-1.01639863316467,-1.39131132956312,-0.819834728334831,0,1.14284246060189
2.4487801858897,0.598263287081102,-0.803059082393244,0,-0.304514221828677
0.568270486300681,-0.397837172295866,-1.65978376602249,0,0.933199089411934
4.35716763414681,-0.201783542234759,-0.0905454510037375,0,-0.00919767142048841
2.72507127697057,-0.0240541836317956,0.333281063861977,1,0.392556821642489
2.108400671172,-0.316628823589296,-0.766921752639463,0,0.253679078191284
1.32857981990214,-1.34061493806382,-0.836194299283142,0,-0.356886463968424
2.69827802686984,0.857579979390778,-0.460371683820286,0,-0.0808876005588822
3.65100760806098,-0.744643787408796,-0.438865977157991,0,-1.82391020670117
2.68481674688271,0.53668953689805,-0.589370048608389,0,-0.884773089110088
0.795575883038985,-2.25311915312735,-1.05382470854958,0,-1.64271932629879
7.01944408642902,-0.0421431021709637,2.28255635643116,1,0.512863609891579
-1.19190200905096,-1.18652360963628,-2.20349128534845,0,-1.0933366986203
9.52631564647938,1.56832969906238,0.896991946797525,1,-0.188116323980743
-0.2998777944848,-0.712060519604895,-0.89497358872668,0,-0.155454486061223
1.62018965876531,-0.728370384633305,0.678949641778723,1,1.76766048517981
1.99030750411702,-0.345570516504434,-0.0841432921370258,0,0.38499737904833
4.14496465816852,-0.403794619093782,0.509075788564543,1,0.471196948670675
8.39642133501373,1.07404970225096,0.920447703997048,1,-0.537771142328285
6.72321223686998,1.60325920102032,0.133535392030214,1,0.313801169692358
4.1880074497282,-0.490874481893715,1.34883439171665,1,0.579747793551045
5.84290349926407,-0.141217486963316,0.88299322467791,1,-1.46366125483557
0.185598532431933,-1.03308423067183,-0.763559244069041,0,-1.33589517105981
5.40378430769323,0.472182033230194,0.498503171972726,1,0.853480403305457
-0.325789813840278,-2.53949400311038,-0.651177110991351,0,1.17910175445888
8.59154372880624,1.61454184579009,1.30597143277556,1,-0.732904084369966
0.932170297083822,-0.605984920319144,0.164599891335918,1,0.953284783780171
1.75141319504394,-1.66471783151013,-1.15586201179198,0,-2.20892592063875
0.662129040789759,0.356718234424296,-1.91164701278374,0,-0.0586118732961986
10.6096125566732,2.01361873867002,1.48875896822252,1,-0.739087905689074
5.96011651049751,0.992373385624947,0.190400384994954,1,-1.30834285696911
4.60896412260352,-0.747274312667319,1.73402116358623,1,-0.215921908248555
8.71952644977189,1.33449525290069,1.66461326854914,1,-1.391272086969
3.11871911126815,0.234551573437464,-0.784022035739365,0,1.47724488052814
7.88867677549436,2.36516876870728,0.453460636935937,1,-2.0348005962401
-1.41442505824906,-2.1500284513003,-2.36837375690037,0,-0.27613597607174
0.979871034385021,-0.698480840628578,-0.86494030004171,0,-1.02301903782233
6.23492684837913,0.842342388667453,1.14825043318381,1,-0.899585787680984
6.83252752857902,0.418764530368477,1.77433677791901,1,0.100870247403024
10.5398576522313,1.09609313643107,1.99080164443861,1,0.103128012150795
1.52201787474508,0.279400503732077,-0.110360889612352,0,-1.6181247702573
7.56777786981253,0.648267128143441,1.70523950532857,1,0.486941272950096
-0.0479834290009037,-0.776164265828503,-1.14116996407114,0,1.11914602164854
4.18744176219227,0.430024646800808,0.55823994005301,1,-0.0387584826601132
5.16285244800736,-0.430342559597033,1.41907366581972,1,0.506458445352745
5.353346881223,0.854998923847088,1.15067141436791,1,-2.91024048369492
7.71033181207178,0.202236578423203,2.07961003466836,1,0.703786012493851
18.4971378870417,3.8184665617034,1.1759266569523,1,0.238340690118389
-2.78949065440002,-1.26359130423139,-1.85152558426011,0,0.59208159202996
0.585443218005121,0.296107875174416,-1.56787125874349,0,1.00214728474167
6.31581013106798,1.13896919461349,0.669840678888803,1,-0.403562080781764
5.22132696975172,0.231242547977219,1.03917419164044,1,0.471728268137921
0.593063569004517,-0.400369099167051,-1.60260735085431,0,-0.792920887390145
11.621604299401,2.08037267206088,0.520199943812589,1,0.526313686944049
-1.66520171815372,-1.42840508645527,1.09819249094997,1,0.28782786111651
-1.20653993409229,-1.09874787564289,-1.96792044388613,0,0.487787960875683
-0.634015058536475,-1.10129519503984,0.0228518414009248,1,0.0931202563930025
1.5850652598582,-0.453690770306838,-0.785167492032693,0,-1.74241681773714
5.98895395838343,1.27153582386452,-0.0403472745415157,0,1.70064438676625
0.52381637704084,-0.514511906873507,-0.857961669807385,0,-1.39659413397444
6.28154329782147,0.390089464332019,1.5202328474045,1,-0.378790050173727
1.85793502912923,-1.06790965506632,-0.50690386140916,0,-0.015811577722789
8.71819660023781,1.77896091670143,0.884950328338562,1,-1.35277219881785
-0.299544931541599,-0.675299316747433,-2.32544145303257,0,-0.437628983041128
6.83351823836658,0.414062217510221,0.868484851695316,1,0.0571718739173276
0.516117324605073,0.584654984234553,-1.00373406587693,0,-0.448412718414969
1.11628180933432,-0.479369754916097,-1.09661275588425,0,-0.751898955751987
-0.291241745036571,-1.18794245440968,-0.05877751336412,0,0.644668245864597
8.05106553533576,0.930322715389831,0.624994321140871,1,1.54658385180879
-0.772895643012973,-0.6907750156486,-1.70325820522714,0,-0.754052784635937
3.28702566656487,0.959399565595358,-0.385300526821847,0,0.29365669910353
0.405435302075587,0.0752704846022016,-1.12068163373505,0,-0.962836297714702
5.63187766669342,0.731774457327574,1.05531179214638,1,-0.575040995452528
0.945294533430109,-0.687411344424805,-1.73000734392488,0,-1.76039748306036
-2.51943185299926,-0.847752950366336,-1.07174068409297,0,0.205435997547452
5.31079609637763,0.376357761254387,0.394241690323393,1,1.04329235692864
8.39321761104905,0.624475621537675,1.13956559265256,1,1.38063583965575
5.70921345442323,0.129830027094403,0.767480273690696,1,1.76833264930805
1.93643562737455,-0.518774995382816,-0.43901200444648,0,0.0596575491693556
1.97583360299609,-0.309505546510253,0.047704037752726,1,-0.770431152210518
0.963878818399524,-0.349340004363647,-0.443211745879637,0,-0.171750047166583
-1.85524224270988,-0.000415836209307408,-2.35638992076874,0,0.0808609186066208
2.37443539893323,0.0250812293408856,-0.221583951628151,0,0.587888774923616
3.1334516378221,-1.58199462311188,-0.23422028711913,0,-1.19747157120724
-0.341031162630129,-1.26582759641048,-0.185144122378379,0,1.41417581982084
4.19624967813583,-0.0789089564256721,0.78405296451205,1,0.558067772384941
1.14844548712134,-1.75443864515063,-0.383134067117833,0,-0.828361602573392
4.47211141126701,0.154229725288298,-0.0788726276693539,0,0.590212864786664
4.29582371279543,0.60219439543676,-0.238878022502351,0,0.370937500786762
2.03937922790588,0.14647302577955,-0.578445094074464,0,-0.279457608790199
1.06028982535337,-0.306726936603876,-0.0924833261156873,0,0.710851096323564
3.26832890356219,-0.0402760855180953,0.110086993204109,1,-0.282449941176159
2.07294223961893,-0.244708861119376,-1.19721351525276,0,-2.07277696384238
5.74319192293504,1.12677780984859,1.10211117256288,1,-0.624483384374582
2.22628292306487,-1.86386084609157,-0.97044909354083,0,-1.88238787750626
2.70276146615362,-0.891732476178869,0.621456934620646,1,0.459674810430752
7.26453667361437,1.61164244589183,0.940721729456333,1,-0.752815234185206
5.40813685083591,0.00578376245122736,1.22803819496406,1,-1.55479945972428
4.31467032124736,0.326713971583117,0.251441657625973,1,0.163660764623938
2.32194945459213,0.950076458716852,-0.961985708136979,0,-0.540641526458335
-0.317868550405172,-1.14592067895881,0.110218074386462,1,0.083343195867936
2.73476595699528,-0.638164360955786,0.636235693718148,1,-0.754434741791551
4.91134556056937,0.624743304584148,0.111580308448769,1,-0.425952251283271
1.71451630235112,-0.519665782521989,-1.3858059789683,0,1.07596309133605
8.86970234953651,1.58632221915655,0.310642133200232,1,-0.403374913874117
-0.32647243793166,-1.08252635178162,0.223742110732088,1,0.33387375755898
-2.96243275332906,-1.04935119655215,-2.29517748967657,0,-0.401278777335095
5.37868375269065,0.935788778000619,0.327322469877218,1,1.26110882754617
9.1011168560366,1.23043225099816,2.02701529689836,1,-0.918540102521105
6.26469320430313,0.707113367342914,0.275048648551534,1,0.405125902024194
-0.546513765677275,-0.125973527567682,-2.69723931922628,0,-0.795975324179051
1.66255497886206,-1.77015898683333,-0.297869408250447,0,-0.74548349531327
1.76436968756545,-0.751195327735393,-0.368417867164321,0,2.54210059351657
-2.10346789126456,-1.55516044495935,-1.53034963913177,0,-0.631327204421463
11.2810007773564,1.29177925897783,1.87277746250477,1,1.93420993517039
7.20412161294129,0.976312178191697,1.08657113548765,1,0.28737410637042
-0.363046268842137,-1.47919841122714,-0.743729146641876,0,0.205686202735083
10.2715021639272,2.82317085187898,0.877616451801267,1,-0.525005656413906
9.92147087012942,1.34054465466695,1.84373204618969,1,0.134871494613358
0.832873739329642,0.0642841187098828,-1.58676105637395,0,0.88597891196115
0.858684094620319,-0.710874130500757,-1.06372888537848,0,0.674527836357012
3.95440791457085,0.750468419026728,-0.0863356805299449,0,0.789661448830977
2.54244108937731,1.63411764945482,-0.613174727857203,0,-0.116717315943768
1.99054892545833,-0.465454900697225,-0.558830262845287,0,1.64454790673872
0.847829771572097,-1.14506771024666,-0.117059483104625,0,0.745378616906299
2.1488448263766,0.691752576116847,-0.973624545584239,0,-2.24856894323281
2.79824552373132,-0.198037154107548,0.757334387394063,1,-0.292281120219987
6.08494358132682,0.813088259881529,1.24071351640582,1,-0.892906711313734
1.72309033951502,-1.32157871157535,1.44045692649324,1,0.197137941093831
1.01347361618034,-0.668687685772693,0.484054376829436,1,-0.538754104476442
3.11174459890212,-0.800749329743998,0.973576546642842,1,-0.384017359911161
8.2955618897976,1.26665202159423,1.24833423398019,1,-0.197052663625476
-1.37310070505386,-1.30700142475829,0.388458459322696,1,0.683641528749594
6.59312759942701,0.781632273028207,0.812852485441095,1,-0.408486126886805
2.00857280734155,-0.428056770598257,-1.55556691991163,0,0.670261439443669
3.69144050326117,0.00690388942533876,0.355473077457794,1,0.903024192133892
-0.464809749899475,-1.0980133816298,-1.4287904980607,0,-0.82774737561557
3.78175148089921,-0.420653706607139,1.21864354794036,1,-0.668551478220914
0.674965983414882,-0.725167557866791,0.213384454075241,1,0.526527053402166
3.30907539993105,-0.233406561778834,-0.54855497379121,0,-0.76324804400129
-0.2350324971296,-0.756715979103658,-1.14210794375286,0,1.49851905832463
3.48004548391198,0.54248627209691,0.117939414419025,1,-0.824856510152016
0.980512990816367,-0.0840990879678898,-0.24714112968506,0,-0.903278876527078
3.26580940152466,-0.889796486540554,-0.386157163990205,0,0.154181776038789
1.29286530847114,-0.127069600611242,-2.20051351065692,0,-2.62370274889645
0.652715898644807,0.257963367834908,-0.624221451197803,0,-1.1423685917006
-1.47401140904356,-2.35964365040383,-1.82934576690235,0,-0.587815102759487
-1.48901927327937,-1.44537138568819,0.538193306644028,1,0.448696090276824
-4.56581080184259,-1.81445336161423,0.0196212422899724,1,1.6036264367792
1.1584865105099,-1.11579803956115,-0.482293154728132,0,-1.07915096727637
2.21849433612702,-0.399554089903555,0.249882879811231,1,0.530718158743398
8.4396357396977,1.07863149450358,0.379185668391767,1,-0.339698154073547
-2.70245429894919,-1.63267387458921,-2.47538261266553,0,1.99031351962402
1.02143942445436,-3.21746917973137,-1.81364292903584,0,-1.17817488228741
2.25580357243284,-0.975599785586006,0.997713403065075,1,-0.83248409253589
2.50907187175858,0.518120735293684,-0.398592678983556,0,0.10080849818912
2.35606839605289,-0.321834666765774,-0.272337520404562,0,-0.447383414615495
3.79648882840946,0.646685823378283,0.0764129394341053,1,-0.53215663408831
8.22148984293144,1.55239243996674,0.478146062870564,1,-0.665153355506479
2.31929173967189,-0.223251046490141,0.456700861403296,1,0.866821555815926
0.557971084680064,-0.176176609676374,-1.1394448118145,0,-0.168788474566881
0.834923919787096,-0.476367182006858,-0.866303380430362,0,1.61203658310932
-0.614983730349719,-0.49946092822095,-1.22681386343012,0,-0.716508598336229
3.11230020490687,-0.52914154123909,0.344285422592949,1,-1.5548258824521
3.81853333848429,-0.259237207007659,0.950206104297128,1,0.992754019707839
6.19736526166233,0.925714174085425,0.742532510303677,1,0.196931618455835
3.50444494544917,-0.385539028223483,0.094392536204363,1,0.415795445232372
1.73266615355487,-0.523351894367887,-1.41097196834169,0,-2.43195976926663
5.80386171238562,0.284250596808171,0.780977641596899,1,0.99356138592174
5.23278431706214,2.08039608174431,-0.173552040916855,0,-0.268191363374993
1.74599313013391,0.173735113522894,-0.823730573911537,0,1.24855666666415
1.70451427921653,-0.451629339371116,-0.496552800263277,0,-0.605200578159712
1.12606563958234,-1.82302325614572,-0.190993240595884,0,0.874978573847187
7.80711056856986,0.80926436451957,0.495387318478373,1,0.293699323991211
7.10041050724957,0.452158081874828,0.296407648180689,1,0.431213600275789
1.19203272636504,-0.0670141957668741,-1.560379098693,0,0.0424863242949366
1.64181114350299,0.287139013569985,-1.33261838911672,0,-2.39081634721632
1.70407070201575,-0.653104244594951,-0.382925698473641,0,-0.0912868616666351
2.48984348567457,0.243964547076603,-0.0588412091182676,0,1.07237457744583
5.99835735890996,0.153089438939738,1.15215300018645,1,0.864053331702525
0.283641506637797,-1.90566851728042,-0.374446273884404,0,0.141111577264129
0.875254447911095,0.147255206092636,-0.824391263432982,0,0.427761699733638
0.114126279793017,-1.08978514021664,0.447977792635683,1,-1.55746079836789
3.50231855764633,-0.733440499063565,-0.112474010357942,0,-0.999717192762024
10.3178015341669,1.86221277209368,0.75978290882272,1,0.214375201532963
2.28452895674383,1.0129683238562,-0.616659901226431,0,0.0600748744228128
-1.12046522860196,-1.41795745891317,0.701074313205858,1,0.0988624773227992
-2.94606651297436,-1.82257497782825,0.0371228316503477,1,0.302707620693984
5.11793574139748,0.845803082145337,1.02959987906396,1,-1.15897697347628
7.48104370377703,0.933725325370754,1.2637804633952,1,1.98639908950986
2.04601908532646,-0.569348574925129,-0.239180545189481,0,-0.13729933815805
0.693101763237427,-1.02577753231222,-1.27051433993755,0,-0.348660815793395
5.4902671885644,0.292143210406023,0.316112776181626,1,0.070680601170908
3.43305043691299,-0.179413010307775,-0.00430486877185377,0,-0.932995670436656
1.82210363093793,-0.16515305285928,0.227968608400019,1,1.02706135357166
1.70735064668693,-0.236736236678608,-0.1498777878486,0,-0.102309867530446
0.924370700720722,-1.16350816799622,-0.586024799555467,0,0.613859553758907
-2.30338687617226,-1.56651468275079,-1.23943069937848,0,2.2166237438631
1.09416046527808,-0.372050777660033,-0.304752531188157,0,-0.115447905203837
2.93556106010858,-0.209146029006723,-0.108696450374164,0,1.46101925862425
8.44256249773987,1.17488201396168,0.879142788510208,1,-0.908527802772675
4.63337533447807,0.282292645049556,0.418038414468256,1,-0.0728004653578289
0.286438734823111,-2.26390339134942,-0.935399141263848,0,-1.18453552295836
5.48812015660163,0.975693076964911,0.12739861572551,1,0.539775668814479
0.0794378857008813,-0.566529939092054,0.189826130408617,1,1.85829008888256
-0.828080566779,-1.24111854057365,-1.13968984058329,0,0.835123012135202
3.1325925633216,0.0349135430597546,0.271865400404103,1,-0.802748199185702
4.06288574397801,1.09721547101528,-0.457679256150306,0,-0.265992676466952
0.801597459089042,-0.408668618586135,-1.6361629432177,0,-0.037650721871739
1.3142277212849,-0.575014484521652,0.868247856216286,1,0.29440279578584
9.98885514397426,1.84744356596282,1.54114563185554,1,-0.671547401285655
1.7094245090409,-0.8419769435076,-0.657782448929305,0,1.29763709412309
1.09471831623613,0.210390740495329,-1.82225663848562,0,0.437866732397053
9.42009551606646,0.884231153241019,1.49332160845797,1,0.111083611328131
9.40076472687738,1.42160246611959,0.522431057034616,1,-0.261757834987136
1.99268339908393,-0.125768700518914,-1.82812170030497,0,-2.36728522746795
4.37509845116507,0.410041432139773,-0.623252583026139,0,0.899001873523075
3.0822420187773,-0.217328470261843,-0.309238897277015,0,1.18258518791935
1.89599097971646,-1.85855288625077,-0.0493827664334926,0,1.22200471754933
1.86760671067923,-0.195099605016934,-0.649852682817614,0,-0.142436275637013
6.9033211399135,0.619946143337679,0.226217241504742,1,1.29362398612821
2.29390047123897,0.662750208195826,-0.218856748859479,0,-0.775962467243923
5.977788137056,0.929863458238196,1.01626739176958,1,0.272153875181425
0.576678506898159,-0.63334432130418,-1.31974646169582,0,0.296988525316787
8.54958982364825,1.31164349952247,1.10625210668892,1,1.00571754359987
3.41396495700362,0.0446734273610883,0.308678127381635,1,1.36247521587521
6.04558058291776,1.06280189303168,0.792812396287179,1,-1.11394550299687
4.57110567286059,0.108776589913167,0.621149645120536,1,-1.15730631581264
-1.36592439984517,-1.66935162396958,-1.42814662369653,0,-0.884035374214931
3.70876665006944,-0.428996835321022,-0.0539516157193353,0,-1.32678086124874
7.35845481789545,1.10723499866233,1.01517693746411,1,-1.96832663773126
-0.435424929924006,-0.952251067037955,-1.11855524376388,0,1.23025261879385
1.48397138282388,-1.20145919525982,0.833115837290979,1,-1.00486243141483
3.73188027273602,0.0677347802793091,-0.489421307670291,0,0.344830116211413
2.59395174725611,0.083196066998123,-0.307104976284271,0,1.13536594604556
-0.771110703801865,-0.13876296354651,-1.46990944104301,0,1.76502001974677
4.17981769448546,0.118589836924178,1.26400067612748,1,-1.22307988328842
10.5390883271941,2.1056522142016,0.646926400305727,1,-1.75582986081848
4.06023757610007,0.46407444315472,0.557571928903429,1,0.110693620406892
1.78825389312682,-0.541681992642573,1.22061657198382,1,1.14655253171848
0.832844860717571,0.431530412551929,-0.995186262128487,0,0.282517012336824
13.1460977015553,2.1123473962371,2.31988841114103,1,0.888337723312938
6.15024680747242,0.309711625434081,-0.216028773753,0,-0.531279660868431
9.64577602725154,0.933900643663377,1.74651238099249,1,1.13827852665656
3.00026962084437,-0.107908271211596,-0.36982368730681,0,0.71339319744809
5.70189586663478,0.572979925994649,0.589068030073416,1,-0.0492203406690096
13.3981777363927,2.04488787528728,1.25377110084051,1,1.10655265421475
1.50749651160913,-1.13748466645456,0.733194573320385,1,-0.421318266962395
3.07789058920429,0.877720380828993,-1.31808020947925,0,2.49889748971254
1.79328351343247,0.13570316820841,-0.0525583274019962,0,-2.77540486301166
2.95314796593543,-0.806002897693168,-0.457297416659365,0,-0.427506517318181
4.85207464588508,1.31515520048242,-0.110093878490925,0,-0.770326497981187
3.01025498808334,-0.710021422539553,-0.15832517903804,0,-0.752013542804256
2.70026975870552,-0.420116461357734,0.403062525257147,1,-1.81327462036581
0.811804204632446,-0.787728980866494,0.0750789266712348,1,-0.142883374773748
3.24723432651781,-0.326850020557639,-0.36453671729738,0,0.180270488930058
3.08898577207739,-1.35610905086344,2.04464680467707,1,-1.5313952331665
0.199775340124681,0.143514373463936,-1.219481743787,0,-2.11228155675966
1.8621851218276,-1.81087494180131,-0.775073158606973,0,-0.726741195672941
8.52222132166895,0.884713095882637,1.31971647593333,1,1.27357552733669
10.8020658469071,1.10294656951817,2.3625837476482,1,1.39925150983314
2.96259912979379,-0.251117268994653,-0.525145007825733,0,1.25488991105843
4.72966341107588,-0.0498512307940749,1.36638157352491,1,0.74132985249682
0.916379088808636,-0.99090768787881,0.41900670219618,1,-0.022198353643837
9.29011799736818,1.24231016131679,1.00815702471117,1,0.162639116307899
7.2734949267308,0.89231942559552,0.48620744230413,1,0.199160846532003
-0.808308036186859,-1.04064613333908,-0.35872556712181,0,0.883153328285983
4.86230112628532,0.448402974130902,0.346333680859247,1,-0.332364563811692
1.01265152533276,-0.733208837147031,0.885328820427061,1,1.16197774099476
1.84788531036632,0.0860422875005808,-0.311219378741905,0,0.324656487382967
1.95205667175851,-0.696268234527489,1.16565903558842,1,0.0970037540748757
3.47879040596894,-0.0909734414318595,0.789192932893203,1,1.02961548917307
0.232667513404396,0.0951150661390023,-0.852234667448614,0,0.439151503136794
-2.03331314469384,-1.82625453151882,-0.69447311344037,0,1.7071062433525
-1.06525353357705,-0.542944156334741,-1.33151862471882,0,0.852916152838805
8.37937753588538,1.63855912594153,-0.00375719991468924,0,2.31626835882647
4.39788549419478,0.284765864552962,0.412141636006299,1,-1.72715183469491
3.2038043241412,0.607339927476665,-0.0489087841097566,0,0.101625412359425
9.06376735454126,1.96394726677414,1.49669140952358,1,-1.30655763169457
2.54380310065157,-0.47854823890376,-0.684554590527795,0,1.11734713357955
2.43480223374137,-0.639531157600277,1.39607181286445,1,0.228996074211874
13.3825942139269,3.55591274655526,0.136263794863704,1,-0.381564972627043
5.89448821635976,0.554120758535812,0.682592842105398,1,1.09894502387459
4.8280139017776,0.912099995585376,0.195614812859815,1,-0.409803619139298
1.10969517508579,-0.13200748614084,-1.03582444298392,0,-1.76091704704792
2.0337112064374,-0.738264177608323,-0.0194334363921686,0,0.166740043296652
2.75836716403184,-0.4405152557767,0.217364359569814,1,0.799105847708058
5.28274770840194,0.600897304769246,1.26921187464528,1,0.241044635450838
3.64336336169848,0.0568983376674415,1.07309753887655,1,-0.460382112514597
4.10842332813601,1.75628324107605,-0.219753316327055,0,-0.661136475680925
1.86339520384773,-0.86087478134749,-0.359172258921285,0,0.106907380179986
4.88935405249992,-0.147755655029599,0.52703538325049,1,1.09197563589002
2.99181301328301,-0.603191742815251,1.4099029031809,1,-0.4314507804951
11.6530129694347,0.975595858698548,2.03777584805373,1,1.27376373030413
1.09852696333559,-0.838212890209923,-0.642012409103226,0,1.80009748931339
2.69174113041042,-0.205710573021071,0.103092471373563,1,0.485365944379428
1.3621270905377,-0.208726585926529,-0.199410374287371,0,1.5756108714642
-0.324383768491215,-0.455832231043279,-1.91129039518101,0,-0.022836918845498
6.41824835475269,1.22457264111184,0.214422627612382,1,0.653333727554665
1.97100624056784,-0.107011540135025,-0.929624886681481,0,0.0181006877504722
4.83800073245425,0.852328884101861,-0.212558334604665,0,0.25433331547069
3.91549455427842,0.0414100830469573,0.037045353613813,1,0.704979316192966
5.83509231121415,1.259500443965,0.211658276061768,1,0.506330419334425
-0.579503758730561,-1.57266751715678,-1.51396057788202,0,-0.731011810568056
0.672390608731411,-0.998704350712002,0.110498782419782,1,-1.08676741222206
2.09010367077743,-0.437692698112917,0.695662938726487,1,-0.57564054715408
10.3172685151342,1.04055095398965,2.77981247787228,1,-0.414625444229237
2.20573524149605,-0.556869191494944,-0.268842618254142,0,-1.71601205096859
1.0784254134998,0.757691408700383,-1.60769679690974,0,0.315913151002872
6.65430835815819,0.568269282806604,0.557489360211827,1,1.15125849608027
3.55918937411334,0.273769908744625,1.09430642978753,1,-1.32087996581208
2.48719353231501,-0.284608744107468,-1.30608181549293,0,-0.622529756969308
12.3847077434006,1.92151797409802,0.172507692492803,1,2.45098006594488
0.75991328127845,0.114348722767246,-0.828649956971609,0,1.91616157178728
-0.0755486970201402,-0.499776061373976,0.0503751917975338,1,0.0819723553603873
6.51255635387707,0.253614443309463,0.866808457213533,1,-0.726153667975842
3.47818267936125,0.0700559720368594,0.76886732168126,1,0.518700420483331
3.59137390403808,-0.132983946265617,0.187115284602179,1,-0.532109504915438
6.92839847173528,1.16749528753597,0.0445146580150118,1,0.25053020056213
-0.709047072892371,-1.54790792845524,1.01053817289432,1,-0.190210298157154
-0.588828738218778,-1.51024018366411,0.505692281576749,1,-0.0471007695322255
1.28303827349343,-1.46582471308244,-0.348909251469232,0,1.27430643828717
3.3911624072914,-0.883974508252208,0.555066289127251,1,0.525353714469893
8.108138595581,0.705409227228635,1.81335395086759,1,0.686933495223629
0.325156739442758,0.178627494375008,-1.62631992819363,0,-0.857908171232339
3.0051114371103,-0.368443336140853,0.30911355821291,1,2.02013549109485
2.80901565064986,0.56764161299193,-0.126399218849582,0,-1.75087946415437
6.67645106481519,0.423045873605298,0.90655675537127,1,1.47927528163963
4.31322395306135,-0.106350728974681,0.984956796541636,1,-0.896607357292931
4.17042691547555,0.211400469034178,0.0822004178204285,1,-0.720969098598283
0.0823107674211013,0.268839918828691,-1.50955023921054,0,-1.03402335003508
3.90799603583297,1.03157081142298,-0.84376891999003,0,0.997402289280301
1.14278384655242,-0.599093927189401,-0.884178724541511,0,-1.30810737120496
2.59969180090845,0.400683652013819,-0.245874907065466,0,-1.20011111013199
7.23187548743997,1.76004541545367,0.916234202835281,1,-1.27238740486568
0.517554245034113,-0.040122679625594,-1.5170973476933,0,0.577126547637044
5.8646432443754,1.07639195579938,0.14204950125324,1,-0.74486721526593
4.86712569317789,0.257155221782564,0.0962745058162557,1,-0.305612057343673
2.0203902109019,-0.472683014489329,0.554318436016653,1,-0.193286233867422
9.69583360703157,1.42683224950126,0.933813794939624,1,-0.703987509353676
-0.82365671131506,-2.00943840077834,-0.686874162801759,0,1.20401690826828
0.48697957061725,0.0847846971688355,-1.28979768668147,0,-1.60103800703936
2.4292412362882,-0.376981370613023,0.093843686915129,1,0.801276260403404
4.2063326074874,0.126751286723681,-0.0491488490036424,0,-0.866307538554369
0.496508501512036,-0.403804652697415,-0.539230327348172,0,0.219715602889349
-0.148312502055773,-2.44839902906426,-1.31235251873337,0,-0.531092335985578
6.22757005642565,0.671554113494922,0.773566408811762,1,1.47087839187688
6.31301745060878,0.61865141083084,0.188031492088195,1,-1.73639159992858
1.02169740963787,-1.99868247017233,2.05194117897059,1,-0.344901156596322
8.23548312041445,1.22740892954464,1.61302785456294,1,-0.719768173369639
3.1906205197414,0.355689486139215,-0.231264695796395,0,-0.87601283394505
3.30735736910909,1.31648347574349,-0.423411410944681,0,-0.968335561353166
1.92247420719477,-0.633964508130604,0.842112392699404,1,-0.490396719091824
5.63166928301735,0.503443996942836,0.542553719766409,1,0.64689107412022
5.69513955430992,0.286801204897762,1.7771975441661,1,-0.756154583166
-1.99644485530694,-0.585547994074827,-0.684383638254412,0,1.70047467889418
1.03278941626905,-1.26577133881018,0.754811948544209,1,1.11838885011113
-3.58127163157143,-2.41949615947562,0.245298004657574,1,-0.787398361479896
6.7399932618221,1.20769430623796,0.866018467411409,1,-0.0382396203799152
5.51586842255901,1.20939038449975,0.510732834633176,1,-0.239582026053115
0.820903030428213,-0.47557254603393,-1.19817000050276,0,-0.769122887245199
0.134316442397254,-1.71272858097026,-0.465541926345943,0,-0.329145571676125
4.68243621132705,0.0574903121477453,-0.015237693596722,0,0.732478076188817
0.914135326049077,-0.456796455886021,-1.46458719159484,0,-2.60858295660801
-0.0597910805792208,-1.48637192207794,0.254724591538224,1,0.170372501919237
5.11495065677441,-0.0254786065185493,0.596873999348853,1,-1.1679819792939
0.803937791506485,-0.556638548206677,-0.339589102220007,0,0.64773391319586
2.22384290456069,-0.63457369664254,-0.0919280785302604,0,0.765777938785135
2.65574225143351,-0.929436805535145,0.932863001710131,1,-0.0902029231721975
1.33255814840556,-0.0688303207245704,-0.390972353226085,0,2.34929915300197
13.2426478513605,1.97950078607838,1.46276648620827,1,0.504864311335609
5.9783180023507,1.26870882674208,0.701751585118757,1,-1.64935616852358
-5.75057807031112,-2.07696586562562,0.0649074922983963,1,1.67464491063953
2.49414628147822,-0.289351155168678,0.889772885640738,1,1.37496602665695
2.0246854108878,-0.212271001549289,-0.756003876143155,0,0.170061246358707
4.65118455810816,0.0538174219529235,0.568380567029946,1,-1.0443364497258
-0.990612364838903,-2.10471717886261,-0.173645830440094,0,1.20269956584238
2.08347708086884,-2.47201206437356,-0.405357542048813,0,-1.44914957633
-2.2988892428684,-1.80565434967565,0.468638310939864,1,0.315238604845051
1.5613332845209,-0.557266851050613,0.157639266612592,1,0.89846425282971
6.4098796420444,0.516521020912811,0.582703421894472,1,0.599482507864827
12.8450417362628,2.47252405202347,1.04245525638756,1,-0.173687735354983
-0.355097566208636,-0.748428794517102,-1.73380840390699,0,0.160565365777799
8.56273504494616,0.863928446540525,0.579357002663387,1,0.664203195108621
6.46511735078032,1.07904118009657,-0.345808254392629,0,1.70731323683442
-4.35366727721971,-2.18250351037831,-2.31431698611735,0,0.646210893545573
1.20319511254623,0.110794611175932,0.0277085605394575,1,1.6315161705667
-0.367174286772946,-1.40055941271694,0.0934752315845674,1,1.24053183730535
3.35864809884566,0.078091902154059,0.420804734257989,1,-0.854930326672866
2.37060956208857,1.20207172426755,-0.211258945223513,0,-0.193015262123906
1.93953957872718,-0.0619989249842669,-0.623207981514946,0,0.00394437717507363
2.904629506755,0.343888254375032,-0.26327089667371,0,-0.669145123030932
3.11325911922743,0.41432330122589,0.162976539514474,1,0.185671002053127
7.55142807409939,1.09175393704145,1.0143648906833,1,-2.04483346316512
-0.200826009734353,-1.83614282845305,-0.494136482467691,0,-0.00373047959974728
4.30801923347434,0.101164386465474,0.756189391811054,1,1.28789026709743
2.64427519475982,-0.316019811074896,0.687479369586243,1,1.12520589915759
3.13246749002969,-0.523621297122482,-0.107783738576812,0,-0.481519483870353
-0.454110846702964,-1.58392034716014,-0.211073648678052,0,0.843021073390494
6.7698448402933,0.566930371426928,2.01200520400107,1,-0.532014711606143
8.94418938083236,1.33322651884991,1.43239696677282,1,0.0344889355319552
2.36033819738976,-0.699163110150474,1.01414413221723,1,-0.715013370249415
-0.0668735632088113,-2.10100877712964,-1.82512348996072,0,-1.29310782070687
8.55109917499005,1.52845706205483,0.123940400569361,1,-0.212753419620601
5.02062978599096,0.936367146960906,0.501803754554841,1,0.528324694595248
-1.75700690493832,-1.97377985850221,0.197912329797903,1,-0.353667684998508
8.91446122791854,0.153473095892596,1.4722588941248,1,1.85425790296012
2.63639382077798,0.140158913112139,-1.09428857063555,0,-0.658266700069044
0.929119873357651,-0.905419586425116,-1.1053331990694,0,-0.73945068339469
3.01312294751216,-0.116875949748084,0.579564815614822,1,-1.64852895176687
7.24234412573264,1.37076647735349,0.851846384880993,1,0.596567090491456
2.69129758335561,-0.528048195907677,0.561974083816747,1,0.600243772526263
1.61353543750623,-0.387470996116772,0.0462118774408102,1,0.268440418678429
5.70423431277698,0.44072815852779,0.345983813808803,1,-2.01460194241642
3.37666498079122,1.53339533451856,-0.47535551487475,0,-1.82809102772761
5.48882188334697,0.0617224676062007,1.08455513797206,1,-1.41622032781705
0.782852305620286,-1.91491902241142,-0.72985337568435,0,0.880404686707049
10.6994253254419,0.94145073551501,1.95330451143284,1,1.53840160215496
1.48615643731825,0.0355081743320766,-0.451621936868919,0,1.20500208730704
-2.9474444053796,-3.5605594271372,-1.6398880856472,0,0.47278299772173
6.18184382514996,0.643358112632718,1.23748655760251,1,1.4042249030789
3.05533020683267,0.0922896548945079,0.141722017688392,1,-1.45937972933917
4.19755709257248,0.626747669054357,0.181549402356746,1,1.11407464655525
1.60826332279816,-1.23578497983702,-1.11087916006045,0,-0.347900576396955
4.29906660745612,-0.602698686812852,0.692732024645485,1,0.0362167739613503
9.84310185572632,1.38099820338824,0.77344194326598,1,0.995243081610653
1.53420481912444,-1.35559553793066,-1.19285907713809,0,-0.735303426660611
1.13604283597431,-0.977865295575215,0.559634254370888,1,0.0796092323571454
2.99300982256802,-0.253187620980464,0.0836480635564327,1,0.268761373187763
4.1800091292967,0.721308919414848,0.212330899720728,1,-0.963561882381051
0.293921382980076,-0.598211565774484,-1.60099754053888,0,-0.201076112290738
-1.47545115494319,-1.10248937707816,-1.99284061857036,0,1.31689563606434
2.24105577229593,-0.304892766896402,0.454747651559006,1,0.797649020758216
7.39482882254339,1.17980593802521,0.765458818831039,1,0.355409132257918
11.0997270702241,1.83421026692417,0.188777551240162,1,2.07246511945727
2.46549769833578,0.671678751782485,-0.265447452179269,0,-0.351459144627875
0.792265581779816,-0.329600539133275,-1.72360316518706,0,1.25071687760541
3.1595854361238,1.17648289384727,-0.610072291490948,0,-0.172412582561926
2.85444400227387,-1.41350111050562,-0.340502970801997,0,-0.852893931543742
7.0653033855411,0.746516664435901,0.235793775881524,1,-0.110545749016424
-0.25483402633968,-0.843153439362592,-0.879459563373029,0,-1.18941406452548
13.458189378593,2.4746460096078,1.41431764172341,1,1.05215227154962
5.20249861272452,0.643861508195875,0.947641315002911,1,0.112020002159678
4.37848742345135,-0.477476438324658,1.30339570094267,1,-1.57758940590233
1.92770351813796,-0.143754623714225,-0.73123683585831,0,-0.318027396784571
4.95155319771953,-0.299944748568814,0.800702835795554,1,0.182211694733964
12.4015260347915,2.99108506907624,0.238044462302005,1,-0.344063976041968
1.66206889820693,0.0472519845790615,-1.57926126883848,0,-1.07090325917047
1.17865251195718,-0.303809219402604,-0.420971736047742,0,0.421853055397548
-1.50081387833721,-1.24144511378939,0.21648670767029,1,-0.490293832618586
1.28332471439504,-1.23649291224883,-0.604036918411098,0,-1.22833942443693
5.14891963384405,0.682738720971633,0.03307180497596,1,0.488658350545305
1.71570146553027,-0.751507689814272,0.318126131303613,1,-0.478152922607694
7.21201208059082,0.469179962064526,0.836291995093494,1,0.538181302627214
7.64560313831568,1.3988717828398,0.237648769554867,1,-0.00348585282273475
1.87142299242526,-0.710310613328162,0.0100273786508327,1,0.117538811431922
6.01012480468222,1.23532288953511,0.217735731078375,1,0.591494466553106
2.16421041610269,0.503135500205601,-0.941221704995378,0,-0.817586785450349
5.49174053235718,0.416923167159511,0.836451690459874,1,0.114808777450517
-1.03914360729589,-1.24919201679893,-1.1087510751767,0,1.00145044106384
6.4151096750739,0.894219288379819,0.786484902296033,1,0.0785458944675309
1.75991172355228,-0.252228480519902,-0.209406416638922,0,0.787355945962279
1.48238147077365,-0.662199705716908,0.10665356090807,1,-1.442131243362
3.99294039279488,-0.311935921355793,-0.492660718616464,0,0.694270175152727
-1.36102285353016,-1.87635046970373,-1.4210130873482,0,-0.777252841339206
2.15559299101428,0.379117758380549,-0.197055230178718,0,-0.0812329735106984
-4.46428920145412,-1.05152770901665,-1.85553830395734,0,1.23805595188894
4.84176739434771,0.011465124603278,-0.269542841501773,0,0.727983470222068
3.28407028045623,0.229300995716351,0.323199803109109,1,-1.3089330624766
2.00037861909532,1.32026307608246,-0.605648166923544,0,-1.31653840091298
2.91347766606712,-0.17570772347078,0.232688966766381,1,-0.473467786757962
4.16113724658725,0.380097388849665,0.912104611291576,1,-2.41755026009116
6.52301316615493,0.90942033010741,1.08923675149351,1,0.658715455072888
-0.538371245345918,-0.980152906549024,-1.21106490802917,0,0.469396680242799
-4.36408000985668,-2.2265614569821,0.266308069229442,1,-0.348447210128124
2.39008918068691,0.581809606430499,-0.0754318028980035,0,0.00661311053349858
8.0253865471634,1.66813805836292,-0.772435591000977,0,2.95065699546721
5.18962526670808,1.01611505746193,0.0463265945250227,1,-0.919938035320161
12.325269499539,1.71410460178044,1.60156915462344,1,-0.11041877853955
0.272691780778933,-1.73223335294877,-1.05206292598749,0,0.824563294241453
9.42554037177113,1.38711165686604,1.18743607319006,1,0.604794865996945
-2.86182519856673,-1.08698414167511,-1.54671909186396,0,1.42451532137431
6.54309859358333,0.370962244577842,1.4393838696214,1,-0.111374360502026
2.64139277010284,-0.775842954612948,0.545789473476079,1,0.0817572383985051
0.492428480138819,-1.15589181149248,-0.651512084326027,0,0.309180055853317
1.74469869849729,-1.48408613537226,-0.773754831097606,0,-0.288459528949799
5.60112402415346,0.784193382255049,-0.1313646883892,0,1.01696137407582
3.13742253422925,0.830896162178589,-0.274379479317314,0,-1.40929563137302
5.24248314584726,0.687511326249238,0.284581134795959,1,0.19108676824078
7.44731308037113,1.64092362936694,0.454266017780043,1,-0.0984053508283862
3.28889701438017,-0.368039658022879,0.856237422958496,1,-1.73380447737113
-6.34241435481219,-3.45460552207037,-2.72657535060536,0,0.819689405236338
0.239324043733557,-0.910809491265892,0.0411148024721408,1,-0.467523278491657
7.29855571525054,0.94145307935764,0.370821383202158,1,-0.845545559851917
1.2759733528773,-0.117723030364786,-0.919562701548756,0,0.816067674402124
6.54543377591993,0.577575773841564,0.994043775910655,1,-0.361166337933918
-1.2804796927934,-2.31748079076973,-0.455999295634922,0,0.748987445334255
10.0348953516843,1.7418486705451,1.20260984469866,1,-1.22258595947424
2.60393919278994,0.135767005938636,0.379200426436204,1,0.745951597741769
1.95396074603268,0.34459039238511,-0.884472068942912,0,1.08234034331322
1.98393311555574,-0.34552662703289,0.522923316367443,1,-0.987090318719025
3.75305197781448,1.35064133974196,-0.0442008289912815,0,-0.867345745965453
-1.13307111118178,-1.03536217197544,-2.10704220950138,0,0.358096074872749
5.0431740115728,0.155961597003531,1.12917308079659,1,-1.28000344918465
0.0790021431336522,-1.53546379958876,-1.22688983066953,0,0.536465675598853
6.27880419105891,0.39790207431796,0.0895746011244293,1,0.764026311878565
4.5013838287202,-0.00924514637180202,0.852927314898019,1,0.822900739507332
2.07267049237738,0.0647931117071021,-1.14492827702022,0,-1.63686185789266
1.24500250562935,-1.23355294072816,-0.741356411567337,0,-0.385127238313332
2.2971595425294,0.237983222759284,-0.946664447603946,0,0.25725965549577
4.02444151843336,-0.0775600559095996,1.10241060852918,1,0.143674100468848
6.4705179621693,0.81906957080917,0.968840319962667,1,-0.687276408350664
5.35504925201916,0.183098848112753,1.69086256291909,1,1.17350138200768
7.50587326092727,0.00452617078182577,0.754100565164853,1,0.0577814296699812
5.57733977723067,0.233165904394974,0.730660194390412,1,-0.642032761933793
-2.61105211346544,-2.05925399440112,0.191692996907266,1,-1.30832883752946
4.62401671988294,0.0119546270803048,0.136836018785325,1,0.172985031235987
7.73091558891876,0.503715335568137,1.70027487156608,1,-0.916528380205959
6.84680524700519,0.188837833812608,0.541268051391597,1,-0.93543904668339
2.47304257936068,-0.604859279013101,-0.960038894601306,0,-1.18788247938251
2.11379397715806,1.30819432994158,-0.698829589514314,0,-0.352656866251809
0.121119293795577,-1.62358264352383,-1.78899222750962,0,-0.858758627592547
4.38835840150071,-0.189829928771482,0.590795903394975,1,0.352625097045434
5.79684745504116,0.508524434351881,1.03001334386487,1,0.574537637376114
3.8783251153484,0.0716468407596261,0.11950149296855,1,0.516665475871866
7.13092591713686,1.07858392426228,1.15261510152093,1,0.0596066827861487
0.990882948962582,-0.0802364200685273,-0.778964241006767,0,-1.48136443814469
6.88253860142026,1.14032683987262,0.493702243657046,1,1.79897980902844
-1.88411164186461,-1.84986680770698,-0.00491813806302439,0,-0.474531259415098
0.590732303334512,-1.36440774576519,-0.190549434260301,0,1.03338899885619
14.2136853821103,2.91184859968329,0.624278032021732,1,1.2512942097804
11.3762321905915,1.81554593340486,2.06180703268863,1,1.20447318977312
3.79576767442625,-0.620065801829176,-0.0224805570819313,0,-0.228541774630545
3.39573138828875,1.27820505980756,-0.0478284825615549,0,-0.225939355404184
4.10566082682988,0.491372092853595,-0.110693947418487,0,0.744187907984209
8.78375030834075,1.03959228761706,0.624656856978019,1,0.621131326028219
-1.8769031833243,-1.04391241980325,-2.26652750010507,0,0.608646355685095
4.67767769409278,0.392662672817697,0.709615721104818,1,1.03443069300497
0.33171416945775,-0.309537890410261,-0.58021226023264,0,-0.237907443353565
3.4945541546496,-1.25892559332084,-0.853045164675013,0,0.00275601195869328
2.66782557276882,0.892006786231329,-0.433485088598529,0,0.197839876676402
4.56072166177543,0.199262132764036,0.163029255753369,1,1.42099649767101
4.3854043924817,0.595018263694017,-0.714166263907441,0,-0.0903913525164968
3.87109362166382,0.481248091014511,0.558281722290986,1,-1.04997203932676
3.25915140133976,0.0627892299763814,0.530423709204423,1,-1.23094156217067
4.44417112582943,0.392270329393515,0.559874372487857,1,0.34052090924104
8.81488412615057,1.07958841345605,0.700760949919189,1,1.39890501292409
5.03111960120937,0.618513732341993,-0.858943671593911,0,1.17095666718482
4.95700374055504,2.6990336543208,-0.180806651559578,0,0.364374843214073
-0.796976510030109,-1.40422916234628,-0.649834696833601,0,-0.37202524403921
6.52049574224207,0.52473729507017,1.07313479791072,1,-1.58061739012879
5.68465849362486,0.65174650555572,0.195280567515276,1,0.0415964835824201
-0.177839619236848,-0.860200308023261,-0.900982295612192,0,1.45621272073798
7.82185046308577,0.578716581371258,2.08610667891459,1,0.673351347614075
4.3683656062614,1.5333873752965,-0.109984300924062,0,-0.0816034720005168
1.77400653675966,-0.765861442448756,-1.21515319167811,0,-2.09067627572389
4.47219716129937,0.324916927975138,0.14229171296189,1,-0.600705243093233
7.30138161254233,0.489868664891607,1.08010177899109,1,0.747764318350445
-0.223074754986819,-1.55393220682841,0.235994591657715,1,-1.33763156092559
0.748847217512045,-3.02502875544208,-0.510530291345884,0,-0.835103311204845
-0.516793290364606,-0.90695522223726,-1.43196627703915,0,0.885905092820892
5.3325847458056,1.88413633059332,-0.0948120434112229,0,0.900390833186131
10.1767581325589,2.22446982007604,0.47717208156862,1,-1.62076310358932
4.81536729219291,-0.187622602649992,0.935305068353331,1,0.173542573599604
-1.83725531428116,-2.10658459005833,-1.08280060297732,0,0.532956748201841
12.4524111841012,2.89476064124963,1.55435816794172,1,-1.00083025590832
-1.5606279597459,-1.89403264208099,0.129827752367669,1,-0.922547915455595
6.92347598040495,0.947279966685134,0.896583203779731,1,-0.473118332370277
6.19112065422747,0.469604028134114,0.597312403032613,1,-0.682226352115752
2.58860549797287,1.01827963418589,-0.179165969028465,0,-1.65503080939907
-2.38630621231942,-1.43624503573702,0.119354597002756,1,0.974313442184632
0.520284717426857,-1.64227209012921,-0.324920239020184,0,-1.37709136747027
9.17619072551871,1.36133458420119,0.387770043481464,1,0.56890208517397
6.05614676174625,0.67616042329685,0.477322548570228,1,0.817064985215216
7.08162981306804,0.691930000438847,1.4381007870089,1,0.5012792203099
2.14335386746021,-1.32430116275118,-1.15544303747507,0,-0.65102158321013
1.86941872899665,-1.45564186919093,-0.555388072538863,0,-1.1580068525993
3.67098526479478,-1.445389764136,-0.158540393955844,0,-0.862267569195628
7.22751035398513,0.320560849269445,1.39113315118226,1,2.04499569216253
2.44363978437894,-1.11433989289097,0.986142344710344,1,-0.852829925032439
4.67900500572383,0.0306450619684161,0.347506561941984,1,0.172259787895972
2.75258853769065,-0.363093481974918,-1.32243308067748,0,0.896738800123821
3.06290521913269,0.66693769181408,-0.908135560565391,0,-0.854875140348999
4.76298269204892,0.180821026234293,0.209774950811381,1,-0.0978164984659654
1.04912143585981,-0.70456903902195,-1.07972666031288,0,-0.185422484640597
2.17840270736473,-1.27394210108795,1.11268630374915,1,-1.57810780962148
4.29153387665456,0.203236822283298,0.828583674509004,1,-1.33569426961671
3.54402839120463,0.1500614609471,-0.614361381794254,0,0.0229848804470229
3.12688210766634,0.187021770863576,-0.818447565762814,0,0.884736439249867
0.129901127466104,-0.0846818432344288,-1.78037414825692,0,-2.10183964742668
10.1868137058754,2.18441772221567,0.439937149448206,1,0.148943308263337
6.77022446770211,1.30582828270236,0.412045614649637,1,0.388302575965771
-1.44294659405681,-2.28826415439055,-1.70832688592934,0,-0.414680820776839
4.67916634673903,-0.092569956730293,0.402304117806377,1,-0.564750556788776
8.82396171806098,1.23219040196921,0.338493625859338,1,0.626984808708323
-0.777844395428264,-1.16406245031044,-2.06988062324021,0,-1.42063169885565
0.985623990264886,-0.972174359089242,-1.21156491316466,0,0.923056065790933
4.57705650374248,0.235968057120839,0.454357521409977,1,1.09316289950582
6.33054730686395,0.75463850060869,0.760774563782169,1,-0.957222751384117
-0.579264116317543,-1.04497599623433,-1.16437892711753,0,0.112661452721458
4.04050808690018,0.303350940151398,0.171176251442059,1,-0.705989633327962
-2.50114470567226,-2.11897745285769,-0.896053626717283,0,0.677346074893146
3.87688157197348,1.63184372341316,-0.362959836523245,0,1.12462993162628
-0.273258877824004,-0.833193670358161,-0.68173612473177,0,1.02007673682042
-1.34176043415843,-1.96855240588724,-0.834564449742111,0,0.940560140242338
3.49592723125398,1.82692821729945,-0.344429884384219,0,-0.842145475725823
9.16743302710421,1.63357121053353,0.143345448515582,1,1.32162924175161
9.29709456883861,1.39080981705397,0.428450693048423,1,0.191331237018083
7.60426229168715,0.846823719939154,1.4713874703001,1,0.907147699144353
7.89724687255227,0.550922432511757,2.38175593597613,1,-0.592864560130852
1.58996145787876,-1.20367214386207,-0.0484127624921423,0,-0.200428101804238
0.861408970854239,-0.2370393212966,-0.66538728457063,0,1.81423636922323
7.10104326681757,0.991817140698259,0.273964573980412,1,1.43649215428762
6.59282050009015,1.21737137514462,0.194687461352088,1,-1.07677092340941
3.09100184507787,0.609613307662087,-0.487226783212416,0,1.25531756026201
0.073221524881668,-1.85800614059235,-1.54856939892298,0,-0.562183210143209
-2.14777586131343,-0.866861842402727,-1.31598494278658,0,1.21425028565893
2.15066310784766,-1.47533689472464,-0.210905074484581,0,-0.356172991986685
-0.896757585098452,-0.795667039604134,-1.27810847732846,0,0.428058297118
2.6116356197827,-0.283139115352838,-0.0858104919133507,0,-0.56427748189971
11.8358266359927,2.12053186227887,0.984465357699708,1,0.795503470534525
0.428001379151797,-0.242826473167582,-0.690651272669926,0,1.18812431003069
4.31763581139925,0.314393277186854,0.856051871613238,1,0.179023119019236
1.52925221825215,-0.758573693963864,-1.00750690521475,0,-2.53518684957622
7.44485281809039,0.229173693745502,2.00740147355493,1,-1.19076734089831
3.13903335933615,0.276985637058595,0.166215252547742,1,-0.78834545501553
-4.17352821119709,-2.51927240262085,0.141703678141481,1,-0.712863216585625
-0.203153570311838,-1.12608631388442,-0.329017056780065,0,-0.599856661399151
1.59270156416272,-0.880843331848057,-0.976594421817599,0,0.273838470663245
3.16715190731673,0.49923942619025,0.0813364656931341,1,-0.609397519691188
2.2782412978695,0.530865083779181,-0.012880833986644,0,-0.306865457353391
2.5033590655046,0.742951806737765,-0.767067322670332,0,0.331785206477626
-3.23220811202477,-2.24031972212768,-0.683690948718469,0,1.74299615830041
1.59440491312052,-0.326913636658731,-1.00746437428172,0,-0.319489157423373
3.17539159985823,-0.273622441540383,1.97349274265436,1,0.4774380434794
5.8770987236319,1.21727656171515,-0.479057944997086,0,0.768146899610764
0.108800220200649,-1.00616898811085,0.26636805322321,1,0.181778497356104
0.023707955242797,-1.37854814049505,0.576839633325801,1,1.10259476350122
4.46836689060072,0.340575987932291,0.323116486435357,1,-1.0787827204435
1.75474815589079,-0.634949606199822,-0.546319064178265,0,-0.0318068764344054
4.98398125803682,0.824093707134599,0.186884691064219,1,-1.20921565799882
1.03156819932262,-0.485682093043173,-1.53160707739488,0,-0.834780150424041
1.99322658461424,-0.410117130825711,-0.790065474044914,0,0.601877556606143
6.21834473920289,0.32401611068756,0.585347521921601,1,-0.0869914471166285
10.1919109376606,1.74944482267712,1.48056455617482,1,0.0174854726633127
1.73928041785776,-0.403751013138669,-0.163010383928466,0,0.851186901364594
9.18481076769298,1.31546237086179,2.20581434978607,1,-0.107941455992036
0.686394976738591,-0.579756040030105,-0.841427396010237,0,-0.938630761284748
19.6901333062452,3.67694536934559,3.98467165533365,1,-0.0626885246457975
-2.04049372020971,-2.03875273899158,-1.97040284825808,0,-0.202726336954687
1.06595304995337,-0.265377597843406,-0.773337264849993,0,2.1685092256459
6.04243811271873,0.610737429950213,0.795543292564668,1,1.29843375306852
0.936703522068792,-1.24843659269646,-0.623285945260382,0,0.800841352926347
5.21740551268168,0.0551980025744372,0.742851997163457,1,-1.12705035562561
3.07273988303094,-1.53838375189799,-0.832650699151455,0,-1.14827023868346
3.11926206721551,-0.542508960733065,0.332183985273895,1,-0.121052249171614
6.82947538210743,0.668592997020972,1.04144246693921,1,-0.191206604901004
1.56697550487063,-0.516725466982855,-0.00986231398232034,0,-0.713863535824633
-2.21711854000011,-2.15092382751226,-1.36538003740946,0,1.2818435194653
5.30482860542177,0.934600557870692,0.346243497437965,1,-2.25310848814263
-2.24014727593541,-1.28863274050101,-2.11354685119737,0,-0.400759441119461
-0.77098499666933,-1.37666433958639,0.871546464643111,1,-0.533473819045507
1.57396394022507,-0.998302784742089,0.252254713742126,1,-2.64887605427864
0.737543730495559,-1.18039340406679,-1.28895378964719,0,-0.81361589022572
-0.332610885543702,-1.17955108399917,0.101461597130012,1,-1.32142206724585
-1.56563927756729,-1.94998040528783,0.368609508071049,1,-0.707384000208806
2.35085707823213,-0.195070713753037,-0.154803471744011,0,-1.30415901281505
0.955407387718921,-1.11545490282204,-1.1738781600796,0,0.402434504672
2.13225088124858,-0.362793787466247,-0.155066791695549,0,-0.453677008116004
3.12749769315835,-0.902220456271156,-0.234442330583551,0,-1.85511979276218
4.75921234777884,0.0720042001212384,0.454400624347333,1,-1.27157984950196
-0.7263376506016,-0.883853682001615,-0.885141246539979,0,0.29830260285509
3.69972265213967,-0.524247323815904,0.627428251626086,1,0.167501848490025
10.4520979726476,1.50158126723162,1.62251797150572,1,-0.644289802413289
4.20254136980285,0.397335068250379,-0.39016934099979,0,1.50080449105234
3.34430632499258,-0.158558049086179,-0.0330011458471694,0,-1.05828347802677
9.37844181985559,1.47599321913325,2.11467017803247,1,-1.342686569561
6.50900475730484,1.36188233265752,0.255180239413015,1,-0.0688214192874438
12.1531548259111,1.60804667195087,1.02365601121694,1,1.94561476288647
3.01596479786927,0.57274964731801,-0.42311312158512,0,-1.77796432375812
9.76390679804218,1.3889656406794,0.169018769974057,1,1.99228308590946
4.33478391760859,0.192830353870131,-0.585785373354196,0,0.0247570905031054
1.10604446519457,-1.13871591445446,-0.199152840459892,0,1.55038182628931
13.7690349067633,2.36060523619034,1.30400132996872,1,0.326476079970644
14.4264215833832,2.12325990261245,3.0517750094962,1,0.300105990143274
10.0152326284114,0.82460931092287,0.913910096469941,1,1.21499097232637
0.183367146251889,-0.902055337965045,-0.156464257052227,0,-0.917649425756548
1.39712756235354,-0.186071773268137,-0.91423708839454,0,-1.19655361554455
2.35325175562868,-0.484067209162273,-0.164793609665243,0,-0.917341526720484
5.2241670663808,2.99210865367836,-0.185408886465435,0,-0.656979130818225
5.05139588112475,1.03890341716271,0.401403787148056,1,-0.238141167274375
-2.2155512571796,-2.27351691238377,-1.80201727856991,0,0.871822643782989
0.711373527802062,-0.839613026144518,-0.311094109060556,0,1.34770010709348
2.51527301818385,0.519123263755344,-0.115701109439373,0,-0.400132708287538
3.52482798470488,0.258435018528892,0.205335593957594,1,1.74250320054199
9.65884457467704,2.2292760833048,1.09593910772659,1,-1.9811268649154
3.89656273413683,-0.069857811399045,1.54980983562405,1,-1.30418958340852
3.01028529380952,-0.617817687005994,-0.0169001815663769,0,2.09145438285286
0.72236963990735,-0.879843983639922,0.699658815448214,1,1.740618610901
2.95750930934072,-0.652541417793387,1.25047006299013,1,-1.29762022697638
-0.0770542480271415,-1.29741052009529,-1.09582127274011,0,0.560311693135069
7.79355712172993,0.466761725789685,1.6003717957241,1,0.169822207416286
0.0143329029008553,-1.27703082429627,-0.430695755538947,0,0.225284887425105
-0.515399931369441,-0.822279535116919,-0.936436842670418,0,1.43615848974635
3.2344350499776,0.189588734224724,0.243704282487162,1,0.763026215787
2.18233735314744,-1.3804513023376,-1.08729960261729,0,0.355188811416317
-1.98789203128115,-2.18374551071679,0.829961537822345,1,-0.0588130613657943
2.27775870370038,-0.6991798752551,0.319827565354899,1,-0.147956690289935
1.45998663800271,-0.558332928923668,-0.355340754135482,0,0.492406164893716
2.91887375276768,-0.662573690522928,0.125257433995827,1,0.582653023002261
1.19023832067044,-0.55665328827116,-0.364235953102697,0,1.08925811896741
2.85045111472737,-0.172401785383987,-0.333951419442391,0,-0.0104069367990166
2.619513922109,0.204943301790915,-0.0417034830020322,0,0.75353919395223
-0.785360993829123,-0.963208790404006,0.811114921175225,1,1.29698294379006
3.07440933494317,-0.312509092800722,0.178323339827146,1,0.734457815648985
1.69407888948772,0.695756119463599,0.141289965426091,1,-0.829653774657117
0.0967973597628977,0.550707599116461,-0.599511919326518,0,0.159703547853591
-0.403712193564142,-1.09527806225218,-1.0609773714633,0,0.723681643896052
13.1870397907117,3.12379758490745,1.88877913824557,1,-1.74188074702278
3.127310980989,0.152286693452385,-0.656568623937652,0,-0.947961062956678
1.14715898922642,-1.45854066767567,-1.14859835009634,0,1.02836250127227
0.875947168426175,0.347786067055441,-1.09769871869472,0,1.68648865156494
0.310107952298438,-0.485084155713963,-1.43847653859701,0,0.961554879779166
8.74832733435946,1.0363512602825,0.822703993091866,1,0.728149720523818
0.595560711537909,-0.831562456241498,0.146765305234424,1,-0.170574656409631
0.0493098994717172,-0.886302343491219,-0.705227816767379,0,3.54544935109628
0.693950923949835,-0.417530508397824,-0.816578869293303,0,0.363539611503372
7.12803458194348,1.61767952061841,0.244961799573296,1,-0.499608747282024
1.07708209104745,-1.34671190774427,-0.989954569750976,0,-0.293198890451653
1.19532796779859,1.22547391402492,-0.204186534081266,0,-2.4405593527792
4.00158188753985,-0.608426710193878,1.29140530089595,1,1.18283720388693
2.35277349507398,-0.0420991842686846,-0.845653332837236,0,-1.02953409649013
7.57017631754162,0.745807542896208,1.00968115545475,1,-0.363899494152856
8.33069421481243,1.25938269657227,0.0776106312085857,1,0.0168951663986229
4.27785878824646,0.31552331966277,0.245284375083094,1,0.30651994256328
0.409297744673556,0.0759459945557507,-0.874925357767514,0,0.0883654516658424
2.84504074362693,-0.868676851761435,1.1634980941773,1,0.726403910201306
-2.27936067056332,-1.37314551067476,-1.93552516088925,0,1.09093658448327
-1.97579180472453,-1.25996952682559,0.0394044977188965,1,-0.498670573531513
3.65718108322868,1.00908627136765,-0.0703425680740155,0,1.19330294345791
2.54041077761679,-1.99191931450887,-0.811226446133093,0,-2.00292302003437
1.73081946695003,-0.673345161031937,-0.785899586450301,0,0.65268415664275
11.1286189204469,1.35815643222018,1.01285342950163,1,1.69918801136807
3.490451514775,1.58452483684209,-0.219864636942809,0,1.11878280074501
10.5302368990871,2.14207948942837,1.02389134489295,1,-0.383562437983157
0.363065339061192,-1.0685493113291,-0.698547383547065,0,-0.433094576570069
2.85154664431958,-0.708699151426129,-0.182128887874914,0,0.223293836288522
-0.115674347972429,-1.28030046789779,-0.425843658123279,0,1.87384500502904
1.18769718760018,-1.03409677822825,0.52797942179473,1,0.331025415950553
4.73021791563102,-0.019886681949372,0.541406564288584,1,-0.920241981265859
-0.356745444905402,-1.16916888401641,-0.798152577444642,0,-1.61490554329633
0.163968882344001,-0.861211504290201,0.223659344564638,1,-1.08989950702137
1.83133846857117,-0.806390007259818,-0.127224253274318,0,-0.537233327572147
1.30864638368167,-0.342137292233251,0.352541348484821,1,-0.306424294250112
7.27498650107701,0.758556166688962,1.56837942762659,1,0.899172006785875
5.6632834762193,-0.264636463121445,1.07389351979107,1,-0.604955727399258
2.58680812912098,-0.4568766907252,-0.145375774953761,0,-1.08467911295718
0.204446099352811,0.524977179083659,-1.15751238050416,0,-1.10704458975218
0.813199038889205,0.0564630398713076,-1.19408800881709,0,0.858433452031856
1.00733050120001,-0.985191255821359,-1.38143849727383,0,-1.42890377209025
13.1654316353607,2.28469137924771,0.740483611903331,1,1.47983312196525
3.23202603943284,-0.15433133232216,-0.204419327819216,0,1.65563199239854
9.57784635954218,2.47118493533793,0.300703155864615,1,-1.17318681871381
-0.861869916995528,-1.68992986872568,-0.452706184199279,0,0.66651176164102
2.21266168121767,-1.57824982445489,-0.701742665597777,0,-1.00159049530444
4.02606071661404,0.305697638547045,0.029336757490923,1,-0.019388730085487
8.73300325362836,1.49016712118973,1.01982799113534,1,-0.902162388416739
14.9261921402798,2.71502382577428,2.04808368517248,1,1.47772530158857
-0.130362889079184,-0.904747318644822,0.862409376233944,1,0.774084341427391
6.22564618400448,0.207573236060658,1.40037166932649,1,1.94252563422006
2.77547725871636,-1.63360641824923,2.32771473215408,1,-0.282404369986279
9.78974956964648,1.49289035287774,1.1661553102157,1,1.44563966935029
-1.27541208670579,-1.28216979216125,0.0534006470658787,1,0.358938328219889
4.01589606972842,0.295064578902002,0.00584520478070904,1,-0.504156337787521
0.292291826690163,-0.0670177901668786,-1.61028581043586,0,-1.06321886140598
1.43908328273899,-0.988929500612698,-0.122048878798869,0,-1.23488273339778
6.74263279446151,1.15138848239709,0.247250305785955,1,-0.0431433165667458
8.1767244890831,0.611389075161544,1.14221709526098,1,0.258748085561468
4.94222009507119,0.153323264033283,0.931510209833666,1,-1.2194512958636
4.04173762565278,0.724358352540225,0.584622375889757,1,-0.0342122707796538
1.20635514252208,-0.630067691533547,-0.679944708201051,0,0.138897915233942
12.4536279590734,1.69121594671851,1.20861797074489,1,0.264592215410045
2.57320064397511,0.547453341098989,-0.0253213464668008,0,-0.666590908086078
1.21174380200198,-1.03360550824991,-0.399327436206061,0,-0.0999009366627135
1.19132439905875,-0.322420997059311,-0.904230742612171,0,0.510380497445807
5.50102079034669,0.440341231597625,0.318016558110022,1,0.376663050138
-1.88502253601856,-1.68481000053942,0.420634398734784,1,0.417709968414286
4.92080843898336,0.212227074910249,0.599607355552707,1,0.00324618616149362
-1.67798843806594,-1.06059688428741,-2.4010283354214,0,0.726643943887703
1.10816581359263,-0.616260649132467,0.314287256357986,1,1.55280718879207
5.79122367798985,0.464882809899302,1.55692971318419,1,-0.0160568841134972
7.40040761283,1.19946372309333,0.497046949069381,1,0.489607689766244
3.35360719003066,-0.364143373487763,-0.139012185980748,0,0.746473130327055
5.50559683913173,0.744462122269795,1.29415844103471,1,-0.934642742155798
3.09537670098803,0.542233920755201,-0.724732152993661,0,-0.726518685336682
3.2762716056362,0.583918840747954,0.261186891354448,1,-0.892743003289209
0.877105318878327,-1.35431563596666,0.404277410653424,1,-0.651995776586655
3.99640512346749,0.0102397472951855,0.72415785127674,1,-0.85572421690621
2.35380684371456,0.388493524393733,-0.650175104772069,0,-0.258787680080425
9.0391191850942,1.25862624180411,1.13069568056007,1,-0.0685666773137989
0.304516401545349,0.0400485478824982,-1.34633976378359,0,1.47962616303644
0.876460412858297,0.0629062081517979,-0.620819259488334,0,-0.0100728843112224
0.298573684289296,-2.5441688464721,-0.850350102069452,0,0.211089776868322
1.12105768995977,-0.816162351009588,-0.504381979624207,0,0.392204449673336
4.15582087566254,1.0161276732417,0.17402344810582,1,-0.958910831238637
3.54446806553099,0.240491863719665,-0.152451581676582,0,0.947942485936797
6.75481341821529,0.0108740490725571,1.20081797134769,1,-0.550071835383217
-4.17698691951368,-2.40532661262459,-2.64583380293852,0,1.11497500467864
5.20187039740112,0.592538600410459,0.663120493713893,1,-1.06817327182253
10.4009824642847,1.80612477094771,0.984640307037196,1,0.163757997948305
1.93874043193949,-0.590832883410894,-0.428447101570331,0,0.193612925514454
4.90408897714366,0.569402474303893,0.32997288204812,1,-0.413072261033448
6.69210012679707,0.866844143343871,0.19304199409133,1,-1.13127843675867
0.915094848264544,-0.403455467642668,-1.09176642200121,0,0.712759115426543
2.53647875459634,-1.14163060625453,1.76060833361156,1,0.255448426345006
5.84155454617679,1.31007212293938,0.44065592746406,1,0.229857305307528
3.16439608813697,0.628202809874238,-0.513164900936733,0,1.49282063986238
7.61721421768265,0.96128128680012,1.39294785748518,1,0.118132639189495
2.77658690149905,0.375679995849182,-0.102566859183214,0,-1.78961194986375
2.42995983925195,0.357745255485179,0.807662943464554,1,-0.975943542273992
2.02535559472202,-1.20265386469722,-0.350773041880855,0,-0.02671167243644
7.15688216803749,0.954955685977063,1.49250082063783,1,-1.70989529680882
1.64518590602635,0.554767159936087,-0.54722258661465,0,-1.11378160644932
2.57255265327961,-0.120983787877995,-0.19833653785792,0,0.012942028573511
3.26167528471153,1.03941072567223,-0.179417528520121,0,-0.473481716972206
3.74929636190018,0.0379311115685509,0.410321520465425,1,0.553392020353213
3.4430571533891,-0.314014492393701,0.651879629738917,1,-0.85879332520764
-1.15433914314758,-2.59486133503359,-1.83078668529343,0,-0.977860589557841
1.7356482332979,-0.921749012566939,0.663134880057683,1,0.250282319757726
-1.71595608680259,-1.91805320177078,-1.55602028310748,0,-0.53006917118093
1.42934206786681,0.0342329042861187,-0.552653107963309,0,-0.0585619946916809
-1.73112429303922,-1.53163480458826,0.506461838015163,1,0.905847374744675
6.18772087598537,1.43909137449874,0.463259793832004,1,-0.0544920050094274
2.60335826211007,0.00448741258008523,0.689302409381176,1,-1.14409458248221
7.15565833798957,1.09681329277349,0.976342256147874,1,-0.164701375156614
5.34474146645207,0.37589912161171,0.558867833826745,1,0.291553262679498
0.662232367103006,-0.726605141844977,-0.0864091649488811,0,1.01084707529408
2.0641155851859,-0.7004223206369,0.137255977692013,1,0.521124483808784
14.3626829827732,1.93507023336928,2.11956782541284,1,0.461476071893935
1.07053598368406,-1.17922903094606,-0.200342826229802,0,-0.0490389193823993
0.560711831639162,-1.06022359833568,1.00363068307552,1,-0.404020061517505
12.1565138856543,1.57449234923013,1.86568793406167,1,-0.155891572507691
4.94691496750163,-0.349463773169953,1.62645827483974,1,0.567131929372892
6.42588023713636,0.428218757350817,0.825214420317242,1,0.0172230410120747
1.32002674483429,-0.642394727657927,1.0586565125057,1,-0.209752883266694
12.0989123230342,1.80991281645918,1.98112677136281,1,0.475443442150217
-0.872852839058551,-1.01684742338427,0.323350446336945,1,0.799889348113843
-1.22700212055231,-1.67615910006296,0.469095144825368,1,-0.92183215795868
1.06240544678447,-1.275938431242,-0.999925635006494,0,-0.19758519212997
3.89370866087332,-0.387332164033409,0.689997881136943,1,-0.472600890033693
0.621860882529581,0.413343781262701,-1.31966549737092,0,0.87707695604111
-0.75579204833366,-0.889821802485189,-1.06454581035237,0,0.441027728032137
-0.651050509820483,-0.366450927944653,-1.87164456910924,0,0.951737203371798
2.41715932419101,-0.662849146003609,0.775655953947538,1,-1.00538304648265
2.20524869986541,-0.0566192526761815,-0.791415856086727,0,0.87755469799091
0.0987864349086565,-0.185324602046517,-0.804100321972756,0,-0.464722484826578
5.99577069712001,0.279866635833965,0.0682648248366486,1,0.0107252767216004
6.99887853262963,0.590991569071905,0.815953164019984,1,0.915467094590246
0.155457478431641,-0.993996889924706,0.167752990161445,1,0.525832157780787
0.674829789874834,0.020094878689507,-0.479134131054122,0,0.975878908136358
0.214423466345306,-0.363898272094586,-0.626885240694169,0,0.878909114838648
3.56368033146135,-0.220743790865844,0.836785015976526,1,1.3817055863461
2.8099150291433,1.07490381508946,-0.163462617569497,0,-0.667139114555265
-0.0338207515109158,-1.6663530838286,0.83913529871889,1,-0.53706309178435
0.663091885927775,-0.597558531067571,0.520363030990048,1,-1.59523464276888
9.12355238713156,1.45116088125638,0.896014459636126,1,-0.122483287748045
3.9119860733851,0.846160227823715,0.235386896821208,1,0.614468547626128
5.75390495734844,0.216279591685704,0.833074457947498,1,-0.233424713306355
-0.738963032255747,-0.103983441641385,-2.4876573807983,0,0.48149531626807
2.37567462102103,-0.165702492873907,-0.770397350349697,0,0.0753260712932023
4.93062742073396,-0.340962362516258,1.20329564134728,1,-1.48741785831315
1.72227139936625,-0.39377963999676,-0.350089571144585,0,0.361068959232664
-0.856214556084351,-0.112941647565996,-1.70312657587182,0,0.636109792004575
2.38153665384285,-0.36709010500728,0.671418149962067,1,-0.681595499940025
-0.172096708778174,-0.866783250863323,-0.645275650272667,0,0.63307408762259
1.15962600391589,-1.28843398614577,-1.35725804457409,0,0.959871692589318
4.44032567796036,0.905833538069436,-0.304199020925792,0,1.46046816213026
5.57144859927926,0.971615397305253,0.913449865408347,1,-1.28408280969335
2.85313289983616,0.430252243643674,-0.122760746024205,0,0.511546922899712
3.05383431366331,0.258743660869921,-0.424473358092282,0,1.22274920246189
1.10752170965379,-0.98315425517874,-1.36194457238441,0,-0.265242657784801
8.01052383474708,1.28861483336426,0.787770000579015,1,0.413680856336323
3.22867669890813,1.15082504236505,-0.221688850229408,0,-0.430371711469001
11.6423327755087,2.31474227658599,0.21721969311273,1,1.14613572549937
-2.15888345395998,-1.24473680421287,-1.63308411340033,0,0.41167904305248
2.78962374162915,-0.571380419787696,0.413480462868564,1,-1.00418051682993
3.33052344899227,0.253440222183886,0.925808515052701,1,-0.0432620685883082
10.4868928143338,2.100774347816,0.930169468231855,1,-1.8872927924042
5.42263559240783,0.700411096705168,0.644864526753475,1,-0.628404996868573
10.6172867494713,1.80433454152631,0.810860525241276,1,0.693386935783333
2.45334709670418,-0.862164937829688,1.29827851583537,1,0.0693338626223449
1.29971265734234,-0.623396936342229,0.0772076540028749,1,-0.105278434205865
15.1988857693116,2.95448736859295,2.66383203557013,1,-0.422486211930718
4.79341044193527,-0.0737618595374516,0.892020631014177,1,0.148407547947092
7.8047702028424,0.905204504298649,1.58614081944555,1,0.917923365762834
3.58761173526043,0.59469766226655,-0.202204431886118,0,0.27606340698573
4.31733611196944,0.252545085791108,0.395642468517178,1,0.300616500670944
7.70930428957333,1.66222622562251,0.0443733540021243,1,-0.869577092690563
6.0892443741917,0.802344156244106,0.346663188157792,1,1.66825891667294
2.80740677069234,0.14229985027958,-0.176638755488823,0,0.822947133553204
1.13526721140605,-0.528190143378201,-1.18535859852777,0,-0.383549988191679
8.46546422310696,1.00617194919561,0.947531639359442,1,0.295839344002194
3.44201860407329,0.344062699537075,0.70281191268969,1,-1.40217916183151
2.00466591301185,-0.416772541925552,0.192801431951151,1,-0.175667248458886
4.42057310112728,1.73837220598343,-0.270418226245848,0,-0.688413153022718
-0.0156490850519233,-0.741748267911633,-0.891326894916187,0,1.30845174094784
-0.315673970723971,-1.9605063887413,-1.07305600945418,0,-0.0720131076594822
2.11022806695968,-0.373948655520204,-0.0797912807638029,0,0.691975997198792
7.59157474676932,0.417604547751015,2.07893781068621,1,-0.896363540395588
2.91428162099478,-0.0434027387178431,1.59929138436853,1,0.42316822275151
2.04541706305205,-1.34171745282941,-0.182879442226006,0,-0.393048323245364
1.53243659352833,-0.877090711974587,1.15560856408636,1,-1.85210782912138
2.39860482476015,-0.0266843791850982,-0.85061512637317,0,-0.739028353008584
3.73538702809434,-0.216526720689098,0.9028837522517,1,2.47810332851866
1.96710307575245,-1.05654089356174,0.539486537889186,1,-0.612795002650277
8.87318589482302,0.794123686607514,1.47870778797172,1,0.517009372538115
3.9419845691649,0.106461495936689,0.591560268363897,1,0.340190801011065
4.86981773516956,0.470330406477456,0.42716629735677,1,-0.146474956733119
-1.49741885254257,-1.0288310628314,-0.705170159709911,0,1.83180278663968
2.86000236157887,0.243175721189209,-0.173566116292626,0,-1.90835990679049
2.40070860046997,0.646871676342576,-0.0511853472801961,0,-0.617445515357031
1.68935131082106,-1.06676481596433,1.23212540138808,1,-0.0330923182993049
5.64361314490114,0.587573074536002,-0.224997352544193,0,2.09609295851456
3.1060083424996,-0.987007268162562,-0.486749756536033,0,0.563314899492855
2.30219087306112,0.35532084295129,-0.335034132756754,0,0.292516129931607
2.6527004799781,-0.761937944049247,-0.102868393705143,0,-0.874874594651241
-2.63569110982632,-1.92097463427554,-1.32201787309522,0,1.20450470082557
3.30258558251655,-0.0738604055770124,-0.0758802986393005,0,-0.0111088655282108
2.52984389976037,1.41475683761551,-0.0695465636993203,0,-1.8433279400038
1.01687866393917,-0.880820234265974,-0.112351942591902,0,-0.981568594303291
-0.709387893490087,-0.0936056990594603,-1.18715880581927,0,0.186507685909579
2.75680199207137,0.0860613934854091,-0.0757788495155553,0,-1.08924566722575
1.52285422329007,-1.4870953861342,0.202650809677044,1,-2.91137810367153
2.49374401860189,-0.621993404762412,0.233950275439449,1,-0.0506576717105892
8.413141402566,1.74123224664691,1.25612999159193,1,-1.2008150480477
6.5116364486928,1.09948548815022,0.447468329890521,1,-0.387753578607421
9.21589170806353,1.63149755966682,0.0469115666498578,1,1.057672844555
2.24572976837896,0.816205239001845,-0.721382934871958,0,0.218051643438378
1.58547625362286,-1.14063315448235,-0.988849523541001,0,-0.26952180995164
4.27050976552265,0.755412005035973,-0.474496774268975,0,0.66389257530946
-0.051544293716054,0.137518377974459,-0.27853660483953,0,1.00769570832772
0.981903148374477,-0.354816818723076,-0.743099321690854,0,0.259558459561594
-0.738864000734564,-0.917958905132453,-1.40922587421464,0,0.119040176854112
8.87165145913084,1.05628349977905,0.921956625538416,1,-0.00864703165205726
3.67297312309013,1.25672911548662,-0.780050445573077,0,0.711279992413351
1.56982273274915,-0.0327779654262689,-0.300846613910652,0,-1.42102078940744
2.30972764278678,-0.354560843328341,0.456652677705808,1,0.961444775614163
-0.823310019671065,-1.23367202353165,0.815696956266059,1,-0.923799624747903
7.14518755725524,0.44776791260216,1.07111220205235,1,-0.257423143819746
-2.09842706110015,-1.97221428243229,-1.16321451508593,0,0.411804088799276
1.17798491553704,-0.964237659602598,-0.410586751646391,0,0.537395213746313
4.03513464648643,0.448027800057241,-0.977442813655154,0,0.433885106665459
-0.953560714811736,-1.51732511124135,-2.36276824082063,0,-2.0569519041065
4.51039517277571,0.615605499772648,0.167402322822743,1,-1.29276877993335
0.151012539465656,0.214759287772351,-2.15296095091972,0,0.497943317367438
-1.44990856175346,-1.27885169127518,-1.13641928935583,0,-0.156170649674473
-0.148928474311625,-0.528010325090342,-1.33795559268764,0,-0.66191457788192
0.430197398647592,1.47387958569447,-1.50382058018421,0,-0.227208456407463
-1.55246753626145,-0.853428905792174,-1.85070293407313,0,0.253053061174152
-2.43538228823735,-0.765567239036136,-2.53492720760148,0,2.65319350624678
1.4513451450839,-0.284592087471585,-1.00192458246786,0,1.67306129960437
4.81219652330628,0.246409087669572,0.477413788328865,1,1.00302703968421
3.30634219551811,-0.371125042439363,-1.46710535862712,0,-0.484295754245401
3.11921434340872,0.105063846468437,0.56812021670245,1,-1.42173560683518
-1.75196691888027,-0.844597757540996,-1.03648455392767,0,0.491008591859839
0.471628376361727,-1.10121981603067,0.0116026628423408,1,-1.15375812928774
-1.5525636482952,-0.82803056933493,-1.24434362159489,0,1.45070359417089
6.00116094942168,0.757873908046893,0.264449533353577,1,0.420237413189299
2.69531372133868,-0.0978893483548834,0.314724239213254,1,-0.852800193328666
2.35269764600912,-0.41986341228269,-0.632559291924715,0,0.292893066676209
2.9951429359397,0.178202372048182,-0.0654768843758697,0,-1.39618406807339
10.2596822385131,1.61858328347922,2.00710724535241,1,-0.252607652310781
-0.18540976604973,-0.605260435721108,-1.46976693158054,0,1.44336057933667
-0.0318408370628609,-0.801815510719722,-0.924698900821427,0,-0.217552999695108
3.21371537831379,1.43215899873168,-0.481658688892974,0,-1.6044011464389
1.17642993601034,1.26458973116704,-1.41662912128487,0,1.35167716471509
0.0442143179636572,-0.550580349853176,-0.318894975927443,0,2.74717850523993
8.82528842127655,1.54822782061664,0.221162957682329,1,-0.579625692035305
3.34234720301912,-0.0617305478156566,0.79530348998857,1,0.60140183303664
2.16259043679877,-1.72007874304212,-0.887720784363452,0,0.215575242255656
5.38343748556126,-0.276842626660015,1.13044906492716,1,-0.23005361326571
11.0964210640788,1.653871003782,2.57738778336116,1,-0.850781156615319
1.39166041132159,-0.527187490180561,-0.98396347173219,0,1.30856423912564
8.38088464353322,1.89571101590422,0.569825560595741,1,-0.86152193064059
0.0536411031592503,-0.174348352397753,-0.693347630567828,0,0.846325139450738
5.09294582508573,0.96580677809877,-0.65007757707098,0,2.12584210991586
-0.379220347123325,-0.104580879814777,-1.7796218977398,0,-0.367786540649048
2.63276882007485,-1.31674291772975,-0.0612262305133796,0,-1.51816991050423
0.152274810537047,0.131381049206282,-0.574935942637684,0,-1.02664412594709
8.87573785511483,2.23551007617484,0.154070343375039,1,-0.994817638630398
3.58992359275245,-0.188030845637157,-0.789741880983335,0,0.0710914796840123
2.20100814691599,0.331235912903569,-1.61844057012336,0,0.423320996674582
2.05430832164617,-0.128125766697828,0.315175061482152,1,-1.45540400734826
1.86632790328762,-0.190291209942316,-0.130166299288419,0,0.376581184951964
7.49280726998018,1.36939850706943,0.320679376261522,1,0.605639186186062
-1.98712315732905,-2.24122825503899,-1.40816486086425,0,0.742188875772154
14.8270306145742,2.8733970156722,1.95091525730736,1,-0.914177822832602
0.726606309084551,-1.21122750306197,0.574707638748772,1,-0.488127561642343
1.29022345165805,-0.66155111843586,-0.744472402584847,0,0.135820491360048
1.85248641823,-0.88590458569264,-0.0293955841177426,0,1.23382993337976
9.08013361263809,1.28676040527853,0.579337283336071,1,1.23823660787409
5.93270613872387,0.109807326881799,0.735315221314087,1,0.616398340553592
4.38929455733593,-0.221811815049142,0.838258235219683,1,-0.110469670001979
1.62417441291827,0.462268544231071,-1.36098485605823,0,0.166841130445632
5.13208399735605,0.885720862145237,0.79284375960025,1,-1.0243624699547
10.9638099521446,2.57670990269421,1.03779295343942,1,0.0549981265726978
11.3593190120518,1.912212041808,0.759854860857015,1,1.39649147898879
3.58766381380865,0.817129459513394,-0.548499291317426,0,0.81623658329626
3.18109877538693,0.667818061389832,-0.220369154189639,0,0.3207907381729
2.06588500409207,-0.209189453549064,-0.564467534215003,0,0.0275927695777156
1.02964696322533,-0.67211166199225,-0.398198257318055,0,1.2022280065246
2.92014043202827,-0.215590877062395,-0.48219202215509,0,-0.845391104388864
5.67603713090041,0.607329677545029,0.0745907315069865,1,0.309539352827339
2.06091495652531,0.685628104199022,-0.814563982711882,0,-2.68745368785388
11.3996274953823,1.3520304344904,1.687453069116,1,0.864548759564975
1.98731778830126,-1.33416987995746,-0.300662938102186,0,-0.823081178819209
0.442317175873486,-1.24178020529118,0.624177456326124,1,-1.00160981292858
2.46066216162384,0.0404442264110552,-0.536117114558856,0,-3.33456658612589
3.82845032736322,0.263008406625459,0.670093564412164,1,-0.698176467355359
4.77148479211805,0.483185441579988,0.120613699085758,1,-0.0720889960080372
4.21263979000984,0.45857113010328,-0.241999368657848,0,0.947930540535001
3.10961006555315,-1.16040339503198,-0.186898450171594,0,-1.95109495167633
5.73466370857404,1.07854145205247,0.504980614708008,1,0.0299758826712513
1.76923266242924,0.0506572300397116,-1.50421225311293,0,-0.213288806507692
11.8983703165634,2.59767548581339,1.17895492074514,1,-0.0867880037224853
2.80402159067818,-0.375902895803884,-0.63131850438018,0,-0.372777643103655
1.07580482870166,-2.07827406945287,-0.672838911426958,0,-1.33195467859374
0.965149115896733,-1.64982022707529,1.24766815278945,1,-0.717549136316325
9.73032320610965,1.58314384795586,0.767763033485394,1,1.0235383432482
-2.4697092366616,-2.89651032526715,-1.6386098971552,0,-0.230726472799886
2.77080583979544,-0.528962368403222,0.137765929827086,1,0.0405508575688186
0.355789804271819,-0.610382784913346,-1.62197454514871,0,-0.565917040656823
3.69121424133422,0.0226138814809501,-0.207250317477765,0,-0.877184881817791
6.38203269787593,1.05498431607675,1.54120292847074,1,-1.82510505871142
1.0937239495853,-0.72070654818605,-0.855797759709453,0,0.871142892419025
6.87202976553627,0.475046476182413,1.2651263109906,1,0.83917092129123
3.63452530626447,1.10604222023589,-0.0109555399902789,0,0.0591710856072303
12.1137521427438,1.82071876298917,2.07200086515515,1,0.00534716674422368
1.01598511332673,-0.812113007049127,-0.197022311124911,0,0.577228313345924
1.67206765854722,-0.344791783024477,-0.111276000552834,0,1.69185045377125
2.75019929769036,-1.09916262039621,-0.824967073867045,0,-2.11733572763642
4.18410836029871,0.00767623500266851,0.746494309048338,1,1.01726409915331
2.91285221027391,-0.319031895231191,-0.0762706879151447,0,-0.165443436677517
0.888366785796721,-1.19586963796917,0.388291058690756,1,-2.60909613170321
7.69576275058333,0.786656325597932,0.432076127849856,1,0.646317457587858
0.73326341161235,-1.15785943386444,-0.993991927858736,0,-0.676990181999985
4.86053293385534,0.521056844498257,0.0766687523459696,1,0.935721581940219
-0.673502552078598,0.54949568274584,-1.74828298534919,0,0.268863777079749
2.80374567503595,1.69453626421274,-0.798243913452173,0,0.332599642649832
3.11001837602257,0.660319092371158,-0.489803310733007,0,0.374939877146334
8.96085574126906,1.27298035169196,1.18496749808152,1,0.35982837570744
1.57582082729788,-1.89206545455442,-0.661332247080769,0,-1.08744834543896
2.75288092918686,-0.150494433948239,0.372621286661949,1,1.19136186498071
6.86562968698136,0.817063693364288,0.229589021790659,1,1.763219007637
1.74402882822079,-0.621109525195367,0.287669942213278,1,-1.19198737692435
4.98860091939856,0.502352872665737,1.20597676157046,1,-1.78366306367282
0.126766799209074,-1.47970633843028,-1.17030314341713,0,-0.589145774678676
2.29055453707034,-0.237649943335268,-0.0695313326196394,0,0.38965872286701
2.30750094850328,-1.07251771747763,-0.286313147799683,0,0.810907739406662
-2.54067542834831,-0.37960744174184,-1.9479640613668,0,0.501001491245988
1.82305490005237,0.0089206250164024,-0.723839059491534,0,-1.00647916979056
1.10865997169734,-0.401210944183193,-1.30763439242394,0,-0.227659184552754
0.939552603138392,-0.553423408139195,-1.34833233276005,0,-0.212829473108861
10.8958321295809,2.10149835833828,1.02872014749274,1,-0.391037173147803
-1.4413670522177,-1.44292832686169,0.285489554184646,1,-1.2951584960246
1.35225896010895,-1.51309719288795,-0.216897502183877,0,0.577517872702797
2.74475667771758,0.308816049088042,0.22633558972784,1,-1.3379260331148
-0.609679478054387,-0.900381631605528,-1.65217051095312,0,-1.31955392463668
-0.322522997197677,-1.2657333224447,-0.613288447721751,0,0.258151746389714
4.63607219704074,0.0288784803397095,1.2168815647951,1,0.740216296180878
10.0576405366093,1.35070777802157,1.00806662957382,1,1.11113929037241
10.8081398101863,1.69915073683927,1.75919375619179,1,1.25000931127054
7.07628616298426,0.933538750563842,0.285886301211227,1,-1.22699275653124
2.03201184709251,0.546753075210935,-0.311550025761976,0,-0.912519731959983
9.46788338314205,1.50774620209269,1.86710726327535,1,0.41258686408127
1.24149677798037,0.310906135490776,-1.24935955059423,0,-0.715047794276624
2.77359052692033,-0.439368110714712,-0.440758405703969,0,-1.00668058845869
2.57637140765069,-0.43229406864729,-0.117419323919349,0,-0.685814420129485
1.84436474230397,-0.657274048976325,0.637079400456845,1,-1.07252564910478
1.01360541123907,-0.486013190847494,0.29711628966984,1,-2.24985078309408
2.82634954607144,0.815038156338339,-0.450134641303057,0,-0.478894585164707
1.50604362601396,1.27142519554299,-2.62491757312088,0,1.16256366379988
4.7323153194566,-0.229216265958442,1.17418217626499,1,-0.20320323867263
-0.303773572577076,0.183663164134967,-1.25277422541258,0,-1.39191034793805
0.729241580848966,-1.39963800664078,-0.0875521111824992,0,-0.770523627196452
4.86644044963027,0.2632262332497,0.674126081752901,1,-0.138084314138248
3.31528845277163,0.126481771022895,-0.412503422868918,0,0.0789483909348622
-0.243360618859576,-0.885739052586849,-0.347405012001837,0,-0.0870036390638136
0.574690898329845,-0.234324918114478,0.651765414002533,1,1.11553994314302
-0.39288260962548,-1.34426482364338,0.0250973131542759,1,-0.446345514370266
1.75139773837692,-1.03031261174882,-0.0946006226236049,0,0.0500830569988413
1.73721237184622,-0.797744419741255,-0.4598665540341,0,1.26926333253818
5.83416737185952,0.171839730219781,1.50480002856417,1,0.305660349024679
1.43017883003554,0.428054860214105,-0.477959427316863,0,-2.09608336887933
7.86822099279864,1.23547392003026,1.42585462483796,1,-1.71008274060592
1.17440757371308,-0.527236832170581,-0.316889135533235,0,1.55244625593308
1.45166474897154,-0.608847245174228,0.38942207782684,1,0.200438265103837
2.61394783745754,-0.0303314244523247,-0.624666827821629,0,0.98646902943325
2.20383830578821,0.266482744882195,0.187065555175921,1,-1.11407801431914
0.942315631762563,-1.70347823367762,-0.211620812123874,0,-0.901188013137093
7.29969969569714,1.31154635473414,0.425931868258928,1,-0.782873169095245
3.36665820700639,0.07546849157771,0.691198134811999,1,-0.686226731426613
0.589468689612628,-0.801194272125529,-0.490386172127377,0,0.940512722862966
1.12613120379082,0.691048525437616,-1.37387053177238,0,0.821368793723682
0.379570836265208,-1.30095138291203,-0.575181215873441,0,1.31655717322004
3.56704109425425,-0.417072877297794,-0.0394850001494751,0,1.45319426594708
5.40915371023703,0.419751077748403,0.425243451565724,1,-1.36569611049403
7.23425839560967,0.883057599410091,0.515397540351264,1,-1.38538330316171
3.36514815685478,0.817327153927737,-0.394224779134675,0,1.84646757981148
3.61942741996698,-0.20779766910749,-0.0915649802120889,0,1.11152335026392
9.18914959802478,2.74336262308431,0.472897430698582,1,-0.70637979580082
3.05648100045673,0.856196760796228,-0.652652943680762,0,-0.262596894965567
0.512271080664717,-0.685322255899976,-0.879172258616035,0,0.918366152186775
0.885984382159126,0.279172803655076,-1.41890095505928,0,0.0662048156101885
3.93374795283239,0.28006348172283,0.569349170095814,1,0.380523772692973
0.478414462442289,-0.204763139672156,0.284855095429549,1,0.338557320687645
3.94630147492344,-0.223572215220437,0.83241426146308,1,0.51370702342225
-3.11951778827576,-1.64687634610258,0.109684410560277,1,1.75386530030684
0.799401072968986,-0.266693870636919,-0.785642762193579,0,0.670873379420348
2.15017034431616,0.237301532180775,0.000788330905744515,1,-1.24768350024027
1.60262938712884,-0.225505004518236,0.0941595693047842,1,1.11019821944384
-0.674808201000247,-1.24682005897714,-0.241755561422002,0,2.17144459545389
0.99977174141233,-0.482129429979069,0.267560340049792,1,1.41694293990227
-1.19488047780948,-0.568669180351553,-1.09579436249034,0,0.869339359419751
-2.79783571912107,-1.5024196963879,0.430687126332996,1,1.13575495803946
1.14420771126999,0.26923112274583,-1.11810163189227,0,0.650207961465106
-2.90235231390338,-1.8151093017162,0.565996852043163,1,0.0701616452338472
0.0191953491667021,-1.65787316620256,-0.533891267772947,0,-0.631792695903129
4.18276770362255,0.0916922603957332,-0.143100797830428,0,-0.0277221867166943
2.08996809199656,-1.13105792567691,0.980398406066034,1,-0.0845953361819114
4.3917550528278,0.214239072583556,1.13381904803245,1,-0.279264445177725
0.00328304635094462,-1.04656580613964,0.37995983501478,1,0.334275942071824
1.50779892789367,-0.491661676251811,-0.0709883444658082,0,0.619012122835714
-0.700148402493019,-1.46618490335695,-0.538259655025754,0,1.10023963499113
1.15465697592798,-0.274632598641588,-0.14402500956709,0,-0.357262736672801
1.21348089980083,-0.503121689370811,-1.2150437825086,0,-0.592249198592858
3.45392827912909,0.561668875231198,-0.973522203889239,0,-0.483094756951831
0.598820063810209,-0.650408807832295,-0.812096121642045,0,0.021359031169193
1.35630432643421,-0.131738291683135,-0.0429750053154279,0,0.114011893432988
0.965092768467343,-0.939303476630647,-0.16772619940382,0,1.07429328029156
-0.44769315961072,-0.497637710031929,-2.051030447288,0,-1.63947337712521
0.483135190850467,-0.25604809719727,-1.57847430862474,0,1.10411799763208
0.631532147748705,-0.253557798557435,-1.99239238489711,0,0.719863813460642
4.78219738964663,0.0931129462289321,-0.549989797162087,0,-0.0883114584320533
3.62603696936683,-0.494621331133131,1.11750422277221,1,-0.542034776026529
10.0283305928734,1.40587711446179,1.21993663576953,1,0.869197211952191
4.99983224837197,0.371666214829101,0.0139471435055305,1,1.40348341962807
7.17555377909536,1.07460408289762,0.112969378076327,1,-0.810930813329332
5.25283043307288,0.344789218076045,1.11309883461395,1,2.7500767990975
3.097561994868,0.0219344944178791,0.558845534168301,1,-0.00183918168982204
11.5994169918463,1.74863674945529,0.482017489965445,1,0.522923357947285
1.14954153640404,-1.04460902273214,0.413849648451388,1,1.53985379447881
0.639690785545483,0.391138062631063,-1.47095269599701,0,-0.575838910862551
1.79248955287498,0.252395702776793,-0.704137565509294,0,1.03088745814217
-0.481749139557645,-0.88830595646691,-1.0264070846106,0,0.465859273709439
5.1746683812513,0.119243675588519,0.494562683174641,1,1.78467092262297
3.03820180538271,-0.223095347952898,-0.604158444729945,0,0.7295006304905
5.23166392106738,0.220852565857753,0.163187407285161,1,0.803927189476706
4.29469932358833,1.15276452934785,-0.434182676450317,0,-0.457218261721591
2.82416782078279,-1.49436825848908,-0.620019791660207,0,0.861276849999632
-0.946003435653875,-1.6626178209362,1.20691841668237,1,-1.03001003118656
-0.397311867570803,-0.357740013164727,-2.25139279752565,0,-1.05967724783466
11.0845622950364,0.700117654784444,2.97698075029688,1,-0.481622735366817
-0.908153453446319,-0.669816246571058,-1.62998136722974,0,-0.0628033111000234
10.7859638402438,2.05157648847055,1.58951970152851,1,-0.208398376399744
8.80247120260549,1.18010229778477,1.10078596296612,1,-0.697695751470523
-1.83405621432573,-1.09271149797705,-2.30383354973113,0,0.294004398440991
0.54879849636945,-0.463081065854006,-0.283270033807261,0,-0.515966001821837
-3.00807390840007,-1.98175143367614,-1.83872854427817,0,-0.441502751721619
3.77585959815914,-1.46856033822544,-0.347929491413971,0,-0.988301179888087
4.5408213302111,-0.486339483887021,0.974643106939555,1,-0.950122233979124
2.08779822560541,-1.18338704838866,-0.637446648700019,0,0.0517398642318704
1.45054150705747,-0.267732924821909,-1.5313921231262,0,0.240685164512695
0.425661746176537,0.145094513442472,-1.21214766377341,0,-0.600202748285414
5.67470165689389,0.246160625418034,1.22380894183048,1,-0.230396204377846
5.58990331672406,0.563983335130422,0.596572878958024,1,0.100311248755276
2.25806263138847,-0.235027485258723,-1.41918058089034,0,1.94965585098463
0.67423514580857,-0.268968213691294,-0.931781674491823,0,0.553760120612282
2.453331144911,0.0870182706015726,0.328732773872608,1,-0.175953564356175
3.79393604609677,-0.354809082893779,1.19163056124105,1,0.878431300501654
5.01739167870001,1.62082623347504,-0.0917178201606069,0,-0.044363781711358
1.77147781142058,-0.675089126865069,0.840812242309242,1,0.405135840333404
1.12708036777676,-1.13180765994489,-1.00326102206767,0,-1.21550806937285
9.11226028441638,1.11453968520611,0.645507967108541,1,1.16083046611594
4.66062634155822,0.102224852338206,1.05955684953511,1,-0.710926237181027
9.71079035035875,1.4958938585321,0.503787622999258,1,0.907357271560256
4.93635270631124,0.539686218069912,0.0316636266205083,1,1.6530613876621
2.48750612863891,0.214069703592791,-0.00719674717590881,0,-0.0403457619430558
-1.48628415130433,-2.92500954786124,-0.729136791878531,0,0.153531217021268
9.09594747577593,0.952271939811376,2.01912487604333,1,-0.0167433584980803
1.69146855050037,-1.01190174794457,0.149442121352407,1,-0.0870433002686164
3.61613510476464,0.199937182104776,-0.000854692362709447,0,-1.0449579988999
-0.9061759882486,-0.918495229797506,-1.26119281098422,0,1.48022161373588
1.17427625622283,-0.608030262445595,0.514856734027316,1,1.13115109966516
0.156379957740009,-0.829506015135391,-0.392145510306271,0,0.00290141977262276
3.06444953518014,0.226021463219346,-0.132901894914486,0,-1.51844598700182
5.60708279492001,-0.042401392534041,2.61480637477193,1,0.839152937123395
6.03814702307229,1.3404813712464,0.217785474472241,1,-0.911096768778985
1.45294565329906,0.57433040874772,-1.48923092492484,0,0.697099440924644
4.95029243785772,1.46658151662589,-0.290255171914763,0,0.679534392800961
6.37868407194974,-0.217700506172025,2.22715120080985,1,-0.386243517904348
-0.236806760598192,-0.174230220066388,-1.37401733188579,0,-0.118456751913698
-0.444874586494982,-1.48638499044069,0.842656507862868,1,0.352584086575561
-0.0127122538148245,-0.218307469306313,-0.647493579476466,0,0.00304945894226009
4.65455226158065,-0.0538992983953977,0.393214358252798,1,1.11601540638884
-1.86891133544981,-1.5075651596759,1.14925848404902,1,1.63822197366993
-1.26550622860564,-2.51733304430137,-1.65223596245589,0,-0.513790651293995
-0.00729796871768895,-0.183106446533006,-1.70002425762825,0,-0.798539513898487
2.0647031694657,0.438552049618031,-0.152180930769813,0,-0.600738671820806
5.31579648667968,0.315308535118982,0.524241766672279,1,0.97939421471015
5.34962431593379,-0.267255291515821,1.11655238136484,1,-1.84527773982107
-0.238973827644935,-0.886180339750825,0.525688046928256,1,1.50044262621812
-5.56734191312201,-3.31077197921555,-2.33327517978218,0,0.726524936569791
5.44877781732838,0.629011521332244,0.897469127694275,1,0.709918170583049
1.90538059089117,-0.48305018071881,0.0712589842701382,1,-0.147603364953749
3.17953034700423,-1.61532291969862,-0.539698681904931,0,-0.770649546419427
0.284815916362712,0.10401746513304,-0.58452676746618,0,-0.742844045820142
1.64351580663893,-0.541247000148206,1.14532038318409,1,-1.25780954173906
0.108971024595081,-1.44998091121626,-0.820219832252179,0,-0.208396568914521
3.021301069476,0.397295115870246,-0.467242660242277,0,1.88913056438575
3.818926672894,-0.191336754782302,-0.783962132366071,0,-1.28563177017159
5.71480266762484,0.397849331920253,0.953878018512623,1,-1.18759245372063
1.76454382517805,-0.935176122288081,0.561409329254091,1,-0.98826826706045
3.33408572612697,-0.075024205853668,-0.0127970960509305,0,0.27097339481426
-0.637650891423799,0.673592937509486,-1.79869206323095,0,-0.0567029626161882
8.92518974558094,0.919059935797046,1.66744244791046,1,0.417865649407411
5.69142612028657,0.357911446220782,1.4323021613554,1,-0.999119194847195
0.840288183985183,-1.41013068723361,0.269521316546424,1,-0.595036074506831
9.82871491735255,1.72180355602431,0.857400494920838,1,-0.361685377870716
3.44284121041997,-0.37296355581529,1.33636521554415,1,2.07062429937695
2.49304408401547,-0.39670002155807,0.33214581209478,1,0.87508752340462
12.6352712353417,2.25349875586795,0.294810843505785,1,1.20255428832257
3.09437555136059,-0.36567152180782,-0.0791361041231881,0,-1.31127290164191
2.89460867313536,-0.542148477913093,-0.483125750468313,0,-0.585530250997112
-0.322727066148429,-0.983905610581458,-1.53705575053349,0,-1.28288356219135
3.38159457749124,-0.273167139717341,0.71935472534911,1,-0.739202221230486
-0.139606754959022,-1.85475084704568,-0.776446136712351,0,0.470377589490023
9.27764685404701,1.22527932342687,1.07535003702633,1,2.12310411731403
6.47901933820986,0.528200840534208,0.860299081025221,1,0.204875496965805
2.02743799112191,-0.147516881429407,-0.885860125593832,0,-0.125254356990928
1.77967498614352,-0.646060968187496,-0.17039313028479,0,-2.32873877578346
3.01259394197168,0.154484602710111,-0.132057439504452,0,-2.25975287645329
3.05230611287374,-0.118525801803357,1.29626698622359,1,-0.354086617714725
-1.57901408862829,-0.974423204005649,-1.1154653160068,0,2.01641131034652
4.21034051310888,0.570084891457682,0.433830299113499,1,-1.31614164150842
6.06159244890877,0.311470523922113,1.13185937197609,1,-0.513882907521274
3.68851843105093,0.229286143002635,0.957346884915376,1,1.29994511763055
4.27248901522051,1.94144637774656,-0.463201223288709,0,0.561228106129664
8.04751005517924,1.75969295438728,0.414462577291748,1,-0.66286728738937
2.17201551787795,-0.844944734310073,0.388477689438566,1,-1.91383913973684
3.22766045242824,-0.315291678986894,-0.0388690437998087,0,-0.275686663887355
6.18441890074373,0.414445962938102,1.2469756725899,1,0.160030738211109
-1.99395933001194,-0.441780698920901,-2.14222088330704,0,0.975299214147806
0.632861809063817,-0.588038033553074,-1.28638518887676,0,0.716014010677616
-0.702990424809784,-1.72058560909829,0.287645681453076,1,-1.44027979707528
4.277938955575,0.462452166071812,0.287443859387673,1,-1.17597043636163
-2.39244305715985,-2.01723528735238,-1.7969591193483,0,-1.39183609235543
1.77065005240216,-0.152290432298301,0.250745475838043,1,-0.104480289209817
10.5253471791123,1.38683119170202,0.593676065305606,1,2.20666908817105
7.30901231908312,1.30663454170902,0.606234319609675,1,-0.362302252474328
3.37262147968525,0.42057316457532,0.394811883008448,1,0.0357488151879136
0.21222048641999,-0.860796309083669,-1.00889467853521,0,-0.64192435615099
6.64542727137347,1.07448570239497,0.956717157158509,1,-0.126686851878371
5.71719163401424,-0.0369195322876229,1.1116686563363,1,0.513779980590156
1.67751388017287,-1.01563339965826,-0.773715097659386,0,-0.983593442993279
-3.58027281546414,-1.79541458197744,1.02155265067689,1,2.02963698974767
4.2196356501724,-0.422363484300526,0.871048660498903,1,-0.456204060251623
4.27140808556492,0.639183736008699,-0.429525002697422,0,1.52927137620537
-0.401606544877566,-1.48789822235452,-1.69145675140825,0,0.350043425094869
10.1678925232259,1.2792064071601,1.00748848811241,1,0.525509112343352
3.18473220733229,-0.63436906823222,-0.189102246639432,0,1.75368831482719
2.66367411398378,0.00812235081604795,0.121157136204279,1,-0.183703770424031
14.2893966297235,3.20216309845508,1.5900134241734,1,-0.744311226570287
-0.0917105442810215,-1.65914740436519,-0.530963182622088,0,-0.98497206894458
6.2561164596503,0.731945987048835,1.18171037287622,1,-1.27389989781504
9.07870872154412,0.938524313534895,1.44575857511324,1,0.693840749987238
1.07952441833875,-1.89208965022252,-1.11344393000102,0,-1.67914616121615
5.75707985989707,1.05101680395188,0.558439631057277,1,-0.722072366657129
0.736534786316837,0.149372370474084,-1.41711434545317,0,-2.08598757135406
0.105236261588735,-1.99210393509912,-0.874987984889987,0,0.7944899250695
-0.596618294785915,-0.991597911780814,-0.306763007516661,0,1.45674319132364
1.14997423917233,-0.788567632718433,-1.22224881188744,0,-0.592878324880083
9.96226083765124,2.84453037898328,0.157532026950605,1,-2.25821575913172
3.51383740606844,-0.3984051687216,0.33448781310059,1,-0.695030711890787
1.29265164891245,0.0877362818330976,-1.48239572517335,0,-1.5813643824714
2.50765387685563,-1.30138443042127,-0.313031664538764,0,-0.269488223501122
5.51918396546185,0.273119825747558,1.07184288518999,1,0.580030037328773
7.12580653886186,0.795167718384039,0.778383661536677,1,-0.126255213637283
0.566722120264728,-1.06560268148031,-0.733492311973899,0,1.37260940616902
1.60999283354855,-0.890213223954795,-0.519670902235854,0,-1.70025602732548
8.36366687898694,1.80712710744075,0.274242594647517,1,-0.178648019405644
3.18542428666512,-0.485371414467203,0.690377562607683,1,0.0527709118286536
-0.135000908714963,-1.77907729143478,-0.222256035360021,0,0.892395517166595
2.69433657203915,-0.521198060517918,-0.136472863762204,0,0.308247376897603
-0.114362187663309,-0.923217647834567,-1.19907605449255,0,-0.535091823248275
1.01308977447166,-0.165387957119002,-0.453006111050413,0,-1.19954750610662
3.20603009187587,0.313790611140475,0.594406213014414,1,-1.62638809635307
4.47224525332039,0.485824873055279,0.584886382132264,1,0.450367100287993
0.415353135856383,-0.9598017265949,0.345061390862409,1,0.972971328267608
-4.31106070151993,-2.31491936837801,1.18531494127215,1,1.82828679089439
0.786373967365347,-0.0061713997421835,-0.514965345585676,0,-0.0891804667199334
2.26856516842829,-0.396715727942999,0.629049128598499,1,1.60057516875421
-0.105247653964966,-1.61476727020136,-1.01792897784675,0,-0.59490649031832
9.32163585024435,1.84715979607075,0.61711703293301,1,0.215768543216805
4.37100252475964,0.0767448278162789,0.339856182589023,1,-1.1873552496442
2.14766741310295,-0.307919731581934,-0.0711718631832679,0,-0.156316612750826
1.11459255209295,-0.15958077557695,-0.0209422264466697,0,-0.136496031684142
4.04972762757438,-0.206389551091811,0.49378967872369,1,0.954724100941133
0.0514812292767262,-2.58137148241601,-0.315025211538296,0,-0.808714616495114
10.288606076808,1.98959632605108,0.831514814716892,1,0.0471159983765608
5.60984655298845,0.842498610616311,0.13704789416207,1,-0.475383154263878
-1.39202688702501,-2.68832384072876,-1.6242890589641,0,-1.49590395565443
1.78370686734859,-0.862613270910882,0.134083049033873,1,-1.48886019053171
-3.13025234212147,-1.63368925660887,0.312740127080373,1,0.7876771171902
0.560412691273344,0.187333039824344,-1.29590266117466,0,-0.660292796502621
8.86789145250436,1.32385063436684,1.68142175277284,1,-0.283465099447572
-0.0814727380563922,-0.399326426404124,0.162713534483305,1,1.26745581336953
8.79518285693936,1.47922164536656,0.920199767697113,1,-1.89569549805748
8.71640989921526,1.94052567773426,1.28209501740459,1,-0.155345290710144
3.24521901428953,-0.818551129485132,0.918939249509699,1,-0.711050050969886
4.46559121781252,0.0693468757131305,0.268484570246762,1,-0.00138188998381226
3.65391660264785,0.9204704234981,-0.249090460264367,0,-0.347749729906547
-1.42870171656175,-0.726155442723274,-1.39194803495382,0,0.161711913533325
-1.94451425220103,-1.54855234918362,-0.683328298330574,0,1.10106192570931
4.99705871941696,1.1564935430723,-0.063865599029138,0,-1.74122588635179
-1.94145529058672,-0.878763160386613,0.314854177502605,1,-0.713014213095455
2.72838475240363,-0.148530748598915,0.674592044181337,1,1.20943569633212
1.74970081413698,0.621269133747993,-0.318701480884324,0,-1.06405330732898
0.812193245777902,-0.773466996438321,-0.465162956044947,0,-0.396162525687457
1.4533582328842,-0.750095496191495,0.107535986316246,1,-1.2672695039057
2.47836560649289,-0.322451725058577,-1.00616620930644,0,-0.588098327647387
2.38607680473592,0.375087860121188,-0.600329858613893,0,0.756836751787817
2.28273298284331,0.197702905803932,-0.636431455889373,0,0.195974810878999
10.2491427355353,1.83359753861572,0.293289525832372,1,0.470758569845682
-0.230230007551524,-1.27774021006828,-0.231486828477755,0,1.2386307018671
6.51876938999115,1.26630156829832,0.952547925022137,1,-1.81970549883633
2.25304250078893,0.500914628285778,-1.10157854392962,0,0.334766303427703
1.11490060951075,-0.365266990481,-0.575565317722343,0,0.944568329589329
2.17614269378377,0.666572578906682,-0.913671151469681,0,1.16991423006083
4.97302033329846,-0.8612002415172,1.95251100415813,1,0.0242684076196068
1.83237109792491,-1.39946088033189,-0.352400526331865,0,1.13837879709964
4.01637607675642,-0.181505364359487,0.841037254419552,1,1.98153076910619
1.13819727002028,-0.277566145459627,-0.408877777798951,0,0.997548846915937
3.07524757045147,-0.796157156680114,-0.17361067434948,0,-0.41335720564242
-1.61352074341895,-1.28719718650624,-0.988783407365789,0,-1.41740233515752
1.26167035344812,0.150030754123329,-0.995889769061769,0,0.935815414183952
0.92698563529513,-0.32183704001767,-0.793847410239404,0,-0.561570875315121
5.5553811925542,2.19470485782898,-0.191307970552703,0,-0.369160434394886
6.62936790708576,0.964908631276477,0.793611771909682,1,1.14208951399694
-2.05318293851886,-1.58371122696409,-1.47899414208292,0,2.13307935927154
0.643743911705262,-0.195786493259514,-1.79643957500667,0,0.306128117357905
3.12173247623348,1.24637092716928,-0.612030710098844,0,-0.174509202063874
3.55664967559605,-2.42671569769598,-0.338309098013859,0,-2.40307677827021
4.653985535577,-0.0114511978967354,0.663498234026281,1,1.46653743675194
4.37192454283198,0.0697705439850681,1.27156020060914,1,2.15577910156688
3.12612273933507,0.359288284474016,-0.742479583289559,0,1.1297876881635
5.22700912906346,0.832993005311837,0.44053832820157,1,-1.51122877733794
4.27806438443566,0.436573436437369,0.690178811601864,1,0.917814934815659
1.7278504705671,-1.32883538714365,-0.468674882121516,0,0.259858087234398
-1.33418949388269,-0.802583048226841,-1.34953501746263,0,-1.27486455022873
-1.5998179330431,-1.4771020940953,-1.41387135499196,0,-0.468533690445881
5.02327821522536,0.402669313572454,0.413013085570994,1,-0.883676152639352
4.08994633752576,1.05733125897887,-0.189514556958232,0,-0.609710949595638
3.50143286683811,2.06196307918052,-0.824577853195471,0,-1.57530623976202
3.32174383762258,-0.343758251065222,0.744448231277106,1,1.0667014842678
12.4865522561656,2.88421099782605,1.5812481882143,1,-0.650255004744957
7.24215459488693,1.14557870138254,0.507911164832346,1,0.234009057076823
8.72938110889104,1.3601741526949,1.64843047276352,1,-0.701464794053369
8.07886837145118,1.65358870450285,1.27549196056208,1,-0.941604231035859
9.73225262434405,1.73781392887681,0.6356293495098,1,0.0103045145291783
6.33440182557113,1.01305437951251,0.332531551167015,1,-0.160063954932889
-1.81316757465062,-1.85682065952338,-2.06356280576419,0,-0.792127932483433
0.261809143959584,-1.21359654617074,-1.44195576838376,0,-1.85038312217772
1.81790170103838,-0.413919059132902,-0.208232876866535,0,-1.47555515677384
3.32722608454344,0.460417181296644,-0.614720656218166,0,0.503405404141503
1.63012097584235,0.426710854194239,-1.13034562109305,0,-1.39671844654605
-1.71226235591017,-0.739368118339651,-2.10096943733405,0,0.645235919208849
0.13040891593954,-1.06555262677972,0.0989388331800366,1,-0.496511868281416
-2.68812909806467,-1.20192353160708,-1.53993593686214,0,0.551113654456234
-2.02618989127291,-1.14345129975578,0.153441709990048,1,0.533770531834427
0.494247868059899,-0.328253170638818,0.154546607091597,1,1.48066797973397
-2.72796204269569,-1.36048892764092,-2.48229351423515,0,1.46024436791136
10.2211948086785,1.21706544674306,1.53321548738981,1,1.52802744816256
3.69680165763078,-0.407873412480052,1.15216510665427,1,0.371733861274635
0.859220602298048,-1.80427338995094,-1.41028414170167,0,-1.97504654901614
13.9864393051089,2.51730163616317,1.09941735746705,1,0.505629398188554
0.521484711328029,-0.994566692407686,0.0161830179905991,1,1.58316371597068
0.714043373123982,-0.968662847419376,-1.10448351793518,0,-0.738850712417919
2.29304663882437,-1.67767013765388,-0.117790061487604,0,0.103172300091231
6.54125133275395,1.76038174466809,-0.174285097968614,0,0.614857687844842
3.62137376922598,0.711458765393231,0.11433041336771,1,-1.07752788260267
3.70749717286343,0.43076728365635,0.243439209144195,1,0.121162368519894
0.309971873645545,-1.99720741646501,-1.53622916790481,0,-0.297845473544221
-3.46319774762486,-2.26918655783885,0.627487825292752,1,-0.395013235520581
2.38044762261985,0.043137284768588,0.924195094571508,1,0.729639276655917
0.238836900849893,-0.913111277867753,0.0703286855226461,1,1.18030923853173
6.2384938629437,0.247492819822524,1.42598094082701,1,-1.06013897097542
3.44960250212054,-0.412426649958455,0.652513866588079,1,-0.236190990132515
-0.53327370162528,-0.935278097427526,-0.378348530998802,0,0.58590772996539
0.218013194035471,-1.14374699698817,-0.640067057249494,0,1.62261524801957
6.23376437360435,0.356515111873558,0.116332008567616,1,1.01439334576961
-0.492658376641372,-1.00449640207513,-2.21039659803072,0,-0.729180599618937
5.64021916026222,-0.200868425282935,2.00638597860324,1,-0.862235254059648
-1.73928341194761,-1.31085492472337,-1.83662161750846,0,0.729662053996201
2.61147137231939,0.678029986459537,-0.605699932547775,0,-0.38433939117891
5.26981305636544,1.07361584800216,-0.862022997727595,0,1.03872474980194
7.42851093478223,0.484586822633298,1.56553134653596,1,0.610649903665161
-0.664334125841897,0.453456948334009,-0.946491286950972,0,-1.63537895959495
1.46585785993219,-0.85518894051102,-0.136201458743223,0,1.57625076511975
0.658900692129967,-0.735388586736322,-1.40621899902217,0,0.864367467442583
6.10268908484878,0.0467797380720085,1.80693087357635,1,-0.469189593567955
0.701787362722249,-0.262384411277977,-1.22805111097838,0,-0.365781373511607
-2.82529048179015,-2.90698036976681,-2.19857866462378,0,-0.108112639201051
6.09856746834047,0.921605204038712,0.819493917526589,1,0.391245885186989
6.0869753857465,0.794640785057402,1.51032660431668,1,-0.886878728881715
4.76523772790613,0.349264662136591,0.266170971750557,1,0.314391196304178
4.78939949052547,0.740877940383247,-0.190909219595849,0,0.816157332351284
2.80023053926215,-0.25334361762806,-0.206578039004018,0,0.171407441645135
2.36347103086491,-0.658135824258031,-0.111859527756489,0,0.382262575713089
10.82255388931,2.35998312502657,1.25668853865368,1,-0.294201889894846
5.52092657230858,0.36009877274564,1.1644821031913,1,-0.06331710790987
1.60019435059434,-0.548510151075762,0.385540939299346,1,-0.596676934301454
2.65503265038498,0.104041010622324,0.403628676797275,1,-0.218795263406405
2.24354815800773,-0.121920091614018,-0.925996038576766,0,0.537014818979313
4.47601865692129,1.14801326201834,-0.191914827633774,0,-1.1645311177488
1.33012343106713,-0.2496050196783,-0.733277776978566,0,-0.147959113915062
9.19775515810833,1.88005623324883,0.324281204855621,1,1.47372090117932
0.369612942828701,-0.123440233152039,-1.80287858060287,0,0.0152187090511973
3.06407573082435,-0.185480848665497,0.363357575929353,1,-1.45829343086504
1.45565586429909,-0.342442261526149,0.392939474480252,1,0.33165190968401
-0.436771003160708,-0.960462666909176,0.112879467141327,1,1.72916358734134
4.06441264137317,0.509165282578987,0.524939478571968,1,-1.46219906949716
1.6593614695792,-0.704009670777151,-0.933763767484317,0,-0.349017555694179
0.858992703923253,-0.0228198300495242,-0.497750215735796,0,-1.20507932590013
3.22423153887757,0.676455909638677,-0.0184474451486317,0,-0.673092895354073
2.86652429363267,0.733685593844767,-0.553338570514976,0,0.214423665097443
6.9877707797259,0.629299718810843,0.883812566625936,1,0.321157161417425
5.74929473348608,0.401027457382031,0.998586090293607,1,-0.255508116723948
4.05409466328803,0.387102763535522,1.18745071332051,1,-0.928931968634295
5.70522109024881,0.887989492293445,0.107794093054224,1,0.306017856749228
7.63813878276164,1.50366139116049,0.587815700814397,1,-0.0512321131669865
8.46588370998048,1.55471937165948,0.163351568693807,1,-0.127809779044241
7.41457898519161,1.57622523542649,0.187246460229007,1,-0.768724090197264
5.78895265433073,0.691427735049528,0.319188550132978,1,1.3181960939498
0.527952530462889,-0.631554298823256,-0.706765576992414,0,-1.3184606080067
2.78626189014047,0.509573998185367,-0.186585909032256,0,-1.1002612300842
2.45906395117255,-1.9405799345605,-0.401258172380459,0,-0.0819159261584239
1.54929791730832,-0.235596207153564,-0.432216825573431,0,0.379684743975684
3.1349250032205,0.605898094928753,0.0577688251972371,1,0.652126645514708
2.92424506088016,1.11591197929924,-0.762076786493451,0,-0.663793405637461
8.02321903069443,0.36764814521966,1.4796267816149,1,-1.01696758897468
1.85496223902052,-0.585501805453722,0.720630589894063,1,1.85810433685559
5.69670502824117,0.332294286960754,1.16794749452856,1,0.242237120525543
2.7466071956579,0.456024067589577,-0.332254598430508,0,-0.108955788661547
4.99725934252287,1.01048982209497,-0.335402383605655,0,-0.315557955882338
0.470494137594648,-0.970407529780492,-0.482715017435427,0,1.11810058387126
4.4757830263762,0.540696169727136,0.160704212577814,1,-0.137691651060817
4.8226298898267,0.0855538372953513,0.814778400656821,1,-0.0114050211583951
2.30937435793279,0.732047801250721,-1.19979976706124,0,-1.90550529923122
2.72309579811948,0.272655806877352,-0.354552941585445,0,-1.56951239105839
0.149800970751573,-1.29809815706049,-0.235127195164997,0,0.414959428515517
4.60117066623234,0.782760635388729,0.269902175839584,1,0.799291101552374
0.272389313619996,-1.26642942949742,-1.64256512471851,0,-0.724390240363044
-0.206648905208739,0.202342785262739,-1.51971003937629,0,-1.13812593856446
10.3773897038319,1.26336104159431,1.88809090127917,1,0.315916005874431
6.5224026423842,1.69583656804571,0.497551192046775,1,-0.176718095840198
7.34478529299192,0.93524154625779,0.760869885967042,1,0.0327420924524223
3.69582037759924,0.143684124516174,-0.224160778614031,0,-0.771245324896486
8.39022725044258,1.31448885205443,0.195378069619436,1,1.20823852559317
5.7394500422031,0.146953019756682,1.94059366620784,1,1.21267881876632
9.69829807426892,0.854657917444783,1.82808418776512,1,-0.183937582650871
1.48993723761162,0.116765728819759,-0.79510574102483,0,-0.215622354240749
1.68699867625865,0.0180020623262239,-1.15432123925075,0,-0.650864883815462
1.80772706729087,-0.130246244421003,-1.61921381992028,0,-0.333871829621524
0.840977232952935,-1.28200344635177,-0.060081431113808,0,-1.17234659822779
4.18845735132586,-0.268678428846538,1.28529631287084,1,-0.776792753911378
5.24511572611084,0.420042622238534,0.379568987593592,1,1.38735303675143
9.0635028299706,1.43868268142214,2.15070793817411,1,-1.21105150838665
2.05360183948278,-0.694356903851011,-0.362590935591379,0,1.0238919839834
10.6525063244414,2.24901094400044,0.789772799560243,1,-0.122953113686912
-0.15548126130033,-0.431523159438334,0.235614812931701,1,0.49935390768342
3.58095195072535,-0.16261969220796,1.27628204915255,1,0.353265978753628
0.630490139364722,-1.25064200722988,0.268767335239604,1,-0.764422834785273
1.01935596881197,-0.22180323988197,-0.634046855902168,0,-1.00357365238022
6.18698504296356,-0.116070798677427,1.79904120759231,1,-0.100102835130558
1.244589412669,-0.568342988746888,-0.25987446538168,0,2.77287102351097
-1.19474236938457,-1.18720780533591,0.428484662983902,1,1.04165814804058
2.51121647703397,-1.08642250867243,-0.38759309638037,0,-0.228681305554513
1.85659667371223,0.102918589332564,-0.203859998729273,0,-0.353162363512947
2.09593167155226,-0.0436020875670559,-0.516785246678965,0,0.583012802257959
3.37464493674636,-1.22065556489131,0.798258165566843,1,-2.08845657869072
5.07634956971065,0.706515634497813,0.27962914549261,1,0.221473937732063
8.45513258967907,0.703406015421734,2.04616015954733,1,0.00907019664092594
0.949448723968713,0.587766641826637,-1.57680423614818,0,-0.761146204984249
5.77109284384778,0.197912453443531,1.27231528982556,1,1.4491101473317
1.37049224906964,-0.291519086420173,-0.138189345573231,0,-0.860684150786337
6.11401723960111,0.699015243237397,0.842097480677945,1,2.23620032016788
-1.50674127404714,-1.50489924875532,-1.90714750242686,0,0.117443602504586
8.25535388277808,1.69061110597885,2.02917794087907,1,-1.81853869386585
1.07855563325864,-0.694091954542825,-1.82092911662855,0,-1.075904533425
0.782867696563911,-1.79544218217098,-0.424749327790328,0,-0.381943999671355
4.58051266651829,1.76191299679153,-0.336817839187108,0,1.5266874266541
12.2563906270999,2.03065587347744,1.32473306720137,1,-0.956848623863174
4.01262435590235,0.670534401998769,-0.14173048815482,0,0.149604631284456
8.59072372320438,0.997080735919015,1.66949659751372,1,-0.00929253956835175
-5.53246398187628,-1.88583815864581,-2.2523240290359,0,0.785024089941372
2.06224208812038,-0.044894513320776,0.561826811188678,1,0.272431273037764
0.83081366591374,-0.97205195763148,-0.530792423310465,0,-1.61469246343546
6.96629977021247,0.415058445194896,2.31733315935087,1,-0.0184035834378658
9.29871278437342,1.87375668922966,1.36297556371729,1,-1.63809812067999
2.29195058067946,-1.24935953252997,-0.163785152685944,0,1.30445761521648
11.3527373634798,1.59739517315421,0.654467675651103,1,0.573775686158888
-1.46858892521178,-1.40627134143841,0.718292447340226,1,0.165350052102722
7.50806754378986,1.13989783205827,0.867036455057897,1,-1.12200328452036
1.55950182472981,-0.5999316518086,0.46689241984929,1,0.358696748210003
0.456207542296658,-1.13064251293056,-1.24682649710234,0,0.00366549296489159
-0.0639817941158343,-1.87476821981547,-2.20587839843269,0,-1.20362610969531
1.9389429187406,-0.629830471139499,-0.274900027123257,0,0.572116379595776
2.33785362296346,-0.753467171312678,-0.00444931086417307,0,-1.00195206883215
6.70170896622337,0.456266694332005,0.447069255808551,1,0.274442126045156
3.25575217111312,-0.0207541999323959,0.379323897897278,1,0.2424025994751
5.34821980717534,-0.0635138394687585,1.39332802943741,1,-0.116882621353653
9.43575255241398,1.6783096886581,1.69450067125987,1,-1.91792681535114
7.45885478621219,0.764025111973322,0.85767685738456,1,0.867576925317358
12.4662221446349,2.03583717659784,2.12500344448264,1,0.638006412196923
2.72429015528026,0.742669547523525,-0.540782000464463,0,0.091490410899895
3.32908053294299,0.216715882090554,-0.715023720890951,0,0.771602301148218
5.95641903790656,0.94017542085675,0.860056771194581,1,1.35427643645568
14.8139435757139,2.9634200144971,1.05238280933311,1,0.00874370369537406
7.53626209135842,0.282534823227319,1.74849175826161,1,2.23740062259451
1.93880884481175,0.419448585289721,-0.769729020975812,0,-0.149058041802507
13.2963213933282,1.89349082470622,1.93990032585847,1,0.539002195200804
2.05403240423253,-1.10818133178827,-0.741860224458534,0,-0.691542608186867
7.66989161851278,1.01773426564064,0.207012028824146,1,-0.087073508945318
2.30820879811665,-1.55340023258568,-0.1522443033615,0,-0.943651211677086
3.69093615480857,0.38249632694477,0.47309522713962,1,0.998611265302333
2.74780136401971,-0.808240345417249,-0.153002682209494,0,0.387155389182923
0.533827455340304,-0.000876346794400074,-1.4816268025025,0,0.523179861487347
2.84570274642992,0.106580375866433,-0.692331483226136,0,-1.59826245652831
-0.632796369657025,-0.47817492330768,-1.52845084938046,0,0.966629768665858
-0.29341549241806,0.256270857485702,-1.32310026147441,0,0.738480457573695
5.34165187942784,-0.0625538353953139,0.630666263500645,1,0.919553195697791
3.29361642027963,0.330986814876349,-0.0968609998180041,0,1.27118816703876
1.99839067537638,-1.15644081264285,-0.459327824794418,0,0.616835821504397
5.85092161692113,0.458279744129737,0.29146464149194,1,1.311773310736
5.22465830834462,0.45548337912825,0.658087305307342,1,0.773865061535921
6.20886386648446,-0.00711833986843857,1.84308083239555,1,-0.848465398890826
2.2252196651611,-0.527411542290821,-0.213465910279466,0,-0.320195533917648
0.739102655795836,-0.814055519323141,-1.21988698470298,0,-0.65809081672148
1.13855267694518,-0.776823743592125,1.38198413568541,1,0.42731139616291
5.9384725678291,0.595934011170517,0.600616892662645,1,0.958145984634781
11.0874268885675,1.69596011475322,1.06681073605581,1,0.744272851606092
8.49548342059145,1.49052191963804,0.806492232348588,1,-0.47723477205125
1.39741752369146,-0.479417932183221,-1.04882810466512,0,0.287749105667986
3.82613126184989,1.95704018011962,-0.64711651888679,0,-0.812491319576211
1.37008307132006,-0.052828540238241,-1.55843391439978,0,-0.919323240802629
1.48285088923213,-1.15305725004599,-0.960518821479854,0,0.219501988812001
0.820929565006512,-1.0803010354499,-0.567089612846446,0,1.24249079592906
11.774789766027,1.61758740302308,2.5532463798541,1,0.765349782275949
2.43265481207812,-0.393023666766357,0.0309693646959393,1,-1.43802050185713
7.82611791347854,1.03541534028493,1.38720647449804,1,0.269993628859556
0.937396155876563,-0.559535763764032,0.432182807490213,1,0.907176964096985
1.90603036825099,-0.663650805662287,0.833273010493047,1,0.0198047282009499
2.53697670544285,-0.820121537379291,0.971019956186185,1,1.13376106052972
-2.02234757151052,-2.26474624345518,-1.74131198692418,0,-0.164489737947591
3.50555115049882,-0.622939052498797,1.07968134125227,1,0.884562173680873
2.90197530412365,-0.451845163275009,-0.0641441518631651,0,-0.0489892640701912
0.778345461235957,-1.41251904299843,0.80398929864144,1,-1.04656396381632
5.47670874452188,0.199925118007535,1.93330493127741,1,-0.0571829165259086
2.49557172846048,0.957406422005769,-0.811756868690738,0,1.19123878614959
0.857897338124467,-0.678729457645904,-0.429953855448808,0,0.365799063411984
1.71934834386112,0.0311950203924798,-0.750450353763358,0,0.296988944172054
10.0770890961033,1.69781193477088,1.25129927423698,1,-0.0390041109134885
4.97368278354687,0.679762860916062,0.468633420110197,1,-1.08171389624188
4.39906932662052,0.0818228317289402,1.06525500199595,1,1.24356652721628
7.48711258808901,1.80652826750797,0.366106864060031,1,-0.187471651982364
0.133584365949756,-1.14634557367324,-1.41309206501358,0,-0.349597325155656
1.88390731433805,-1.00367279304496,-0.324964392490891,0,-2.14022776144133
9.10825458688789,0.677770294546442,1.01267652201831,1,0.669840654229612
5.96253843721895,0.819040054765546,0.537960987977001,1,-0.472714293343206
4.07250230440439,0.451232225886763,-0.239351356800287,0,-1.28751133688317
2.87330613703393,0.7540732025783,-0.635392073798646,0,0.973784284333627
6.91120298435311,0.434272823741764,1.39733612666645,1,-0.5567171711536
6.32031277583213,0.797985112819126,0.180442288734687,1,-0.863298008419628
-1.20587808380973,-1.37568401190303,-1.40948067019139,0,0.135460587758992
0.527174452705532,-1.10037175354562,-1.43856240064683,0,-1.28481458049134
12.7178782712522,1.25546687306286,2.91582686858504,1,0.201688408339934
1.81416081796761,-0.763699544719576,-0.773060598949568,0,0.345076711399681
-2.45914017518148,-1.33538846396896,-2.02438013658281,0,0.891999209057503
8.18408524027969,1.28888035349729,0.110394090681731,1,-1.72168357696189
6.53681456032561,0.20744268551257,1.35348406083146,1,0.310924677101779
4.21346930071413,-0.488207748079779,-0.405823052683785,0,-0.287635177634742
5.22378708671114,1.97888404930223,-0.439026969540342,0,0.695406077541836
1.59930834816871,-0.0225729537180584,-0.456857347760588,0,-1.0001730488983
1.551689517075,-1.03630766967764,-0.933383937576594,0,0.973001045280053
4.02612357334635,0.984093100602016,-0.281015557931667,0,1.07635607772692
-0.742580302681541,-1.51649916238337,0.320139204532346,1,-0.495384557392421
-0.112826986069425,-2.14158066329209,-0.156593668407614,0,0.691806994828426
14.3800851894008,2.50759920675357,0.403707078939214,1,2.08278699470432
4.66458078516315,1.56320077581691,-0.544587205921081,0,1.5407556864942
2.54688799834483,-0.57136323392073,0.320642975399328,1,0.182373885404146
3.73741192952735,0.796661215066996,-0.725534093551123,0,-0.263602788839897
2.97313403163715,-0.495726304498733,-0.0420150122689425,0,-0.727774444832872
9.84764900118504,1.1148428157125,1.25195685706148,1,1.10190410901991
-3.95394446402498,-1.78213374327655,-1.23685157985104,0,1.18700026779707
-1.20068086336547,-0.295168704435492,-1.83342967855465,0,-1.9301817389661
4.94177680844779,1.88387648605304,-0.285598986711578,0,-0.181569166886051
3.48724725322016,0.0488056905099758,0.267763291278367,1,-1.67331114094263
3.85288952396192,-0.737095606371612,0.150907519812103,1,-2.12626798856955
-1.66589741566188,-1.2100422595737,-3.1860942291552,0,-1.93293842129101
3.53734758073723,0.545020740681949,-0.0282176826635479,0,-0.57169260618592
-0.878177215216883,-1.06753330300326,-0.809595094264399,0,2.09927412378102
4.44066770234438,0.112480544891149,1.01775894067534,1,-0.729067494228092
8.41172446335543,0.946747515432526,1.76586446600964,1,0.792023603966534
5.79532511874622,0.526707064526326,0.387273127950462,1,0.140822160355054
11.0680474154824,1.68799980930435,0.683023039555496,1,0.357257116341109
0.8585590179894,-0.690897597555865,-0.655474068486675,0,-1.47965884354922
-1.50897212293847,-0.834758866800757,-1.41101737006978,0,1.20744625149311
0.279066487716617,-1.09961078604459,-1.05790897508866,0,0.777677499311717
1.32072474480512,-1.38200750903126,-0.521413529131117,0,-0.624923380546612
2.72186490228093,1.52124129965817,-0.657909610736704,0,1.44634102427037
6.88577859589744,0.552544123949707,0.248986786317443,1,1.32950123864479
-2.66717695201522,-2.31482267001648,-0.378363025116726,0,0.604296876275177
-2.52127288029891,-1.63333215249951,0.00778286706357113,1,0.00228231147020969
5.01680129561629,0.962116195133944,-0.17016747156741,0,0.22904249835828
1.7187682200244,-0.314755017139023,-0.654954185832098,0,0.923811665472453
1.9292992225173,-0.671098821882605,-0.946066792767314,0,1.97401267791013
9.17923403834043,1.69321869331868,1.0060705230745,1,0.834968281949053
2.23380066017761,-0.744655164526227,1.05619588883902,1,-0.0981730976914153
-2.71166064717067,-2.31169606090266,-1.9400359958342,0,0.235263574110003
0.461994339612639,0.0274886266398211,-0.924389797453791,0,-0.58887639129128
-1.08305969237625,-2.47153636580651,-0.060129642408722,0,0.499193287345823
8.52839730021699,1.15576560396258,1.39069054933346,1,1.273632311337
6.40762785668341,0.310997357715802,0.728694776585425,1,-0.00681720481534914
-0.394250557056924,-0.773441670678866,-1.89161657669267,0,0.213397300136397
1.88944089713809,-0.516671522218322,0.665053401423666,1,-1.16768897603946
3.45066217674636,-0.162413738610245,0.725933916173297,1,1.79071705381868
-1.16407580954305,0.429064179831021,-1.73498493235773,0,-0.294203754029755
-0.11602006273887,-1.5764130908007,0.234328397457247,1,-1.3092893895201
6.96736379674237,0.528341787467468,1.79188606667014,1,0.563959671690439
9.93147934681747,1.4287937398892,0.57395865943156,1,1.96213095925552
1.95602415552636,0.0547792941118422,-0.253822673694388,0,-1.31877874332013
6.42432816722289,-0.0306547186624468,1.16514981285426,1,-0.774040389065661
3.51308197332136,1.59701432141735,-0.330086808757269,0,0.676717569347751
7.53719556693819,1.84987760817314,0.7456971738011,1,-0.665174365293279
3.14357627239669,0.809580667737537,-1.22061363512849,0,1.00106932798751
2.63366964248318,1.06737242657339,-0.355479309106119,0,-1.82718160846769
1.20520142102036,-0.652614814646049,-0.167763466915501,0,0.918522658812776
0.103910270425774,-0.998670306798059,0.217356247416216,1,0.0770997233482312
2.67016401427158,0.490807009156654,-1.09531519756919,0,0.984511558422713
1.10583131487852,-0.255954345559845,-0.415752467286954,0,-1.89799766758825
3.16274820566005,0.40471338863841,0.535983040328261,1,0.196719749875254
3.42943296060637,0.321865985935574,-0.222402626266588,0,0.966561339466622
-0.699015552173152,-0.901309586324324,0.149742942943659,1,0.0994192285855365
8.08368985221778,1.82109201951135,0.473719150973114,1,-0.431566961922584
1.8309594399262,0.0720977908270264,-0.92341617056972,0,-0.303424893343596
6.31634075355753,0.794571586830523,0.850930546877946,1,1.46224202248
-0.596849516394859,-0.681491503560072,-1.89536868363142,0,0.600631633451551
3.46031548829468,-0.565101364152448,-0.178886512134896,0,-0.535035820789426
-5.48280140197065,-2.1015666277728,-1.19627422470426,0,1.52139528305389
2.18114034492899,1.32708580604619,-0.979455419543967,0,-0.984399177134599
-0.222948911028819,-1.2216502660482,-1.90795324303263,0,-1.44820367094777
2.6690594533933,-0.345356819902684,0.0696006934339845,1,0.444550705348656
2.64529943032784,-0.267391905631347,-0.390487617976748,0,-0.140234217996283
7.98423041695565,1.44405580936182,0.505873333965645,1,1.0340858681509
2.22418247235819,-0.773849764489413,1.31895213450386,1,-0.382871100599124
3.61066987166838,0.589601499297511,-0.194362913969503,0,0.480739217397569
-1.04537628887969,-0.90191941823606,-1.43215846243431,0,0.651267050067288
1.78589888385553,-0.516452795016369,-0.442214269291769,0,0.850752591486714
6.09042632329778,0.988011069782037,1.17754677346388,1,-1.98624848423771
4.44595820972528,0.362500559219028,-0.388278300268716,0,1.08429934913541
3.19431805212592,-0.492746768638855,-1.25476227553379,0,1.01134358464488
2.7945633710555,0.394344826025092,-0.736952089039129,0,0.959297914990843
7.66318633755656,1.06362960395535,1.42462233905271,1,1.67851478208435
3.30306247331555,0.0383891350993051,-0.583509835129993,0,-1.21238556637839
1.33800586962092,-0.310765324650983,-0.502251163454421,0,-0.069843576411215
2.16222964478537,0.0302178859879142,-1.05952957822937,0,-0.612558487108827
2.32501991701541,-0.403190765945706,0.153250723308509,1,-0.0813613775896753
3.11067681585867,0.200297775157545,-1.35601369000804,0,0.866830390554745
5.63914183758809,0.566042538033262,0.900114299546468,1,-1.4987824705154
-2.55367910906948,-1.6487095544219,-1.58100721335536,0,2.09998880399535
-1.40196127393148,-1.66818504477159,0.704280481606963,1,0.651033641954535
0.666295972589675,0.39108781833287,-1.53469342322848,0,-1.38511718922524
4.97142661070389,0.858514446894294,-0.48458426538495,0,2.08132965926772
1.00522042074553,-0.898277766958756,-0.874123087721235,0,-0.221575640182157
3.56422364961094,-0.47133261088735,0.520038788770455,1,-0.00959220250417424
3.99655540431079,0.0750487988206763,0.640012906225713,1,-0.965506292501675
4.52693582143945,0.237809511706445,0.593078843772045,1,-0.174827250904771
2.82185517503865,-0.801178841775971,1.22878218259395,1,-1.44249129065431
3.85796592291721,-0.275163351642952,0.747694269274974,1,0.0219284828861178
1.9741648681983,-0.629635840155043,0.335380992666648,1,0.91483557947252
0.716711168377679,-0.15390283753994,-1.53913010745786,0,0.580107453947318
0.775309517053467,-0.718253016689709,-0.934753913201598,0,1.47040976569478
2.03227182222595,-0.725492356291034,-0.687960760677759,0,-2.03837297152715
2.95368480259008,-1.19443741831833,-0.690126915312547,0,-0.660569703729346
0.318888658347198,-0.0532073166499816,-2.12098900851066,0,-0.805379614556005
1.90417106304318,-0.435869822551594,-0.174797251260846,0,0.56694827207919
-0.127374928137158,0.0627302279094131,-2.02200318200224,0,0.349394945072992
0.202916163221485,-1.78369319972506,-1.5494729131913,0,-0.835340099211281
-2.76188832523285,-1.85554209532241,-1.75007420152192,0,0.955923038059265
4.91737317806665,0.144345554372776,1.18116743670621,1,-1.28960339401523
2.52853495062199,-0.902356518808788,0.278135390387637,1,-1.39862302247703
-1.14748450577456,-2.29642554045815,-1.68394913597624,0,0.65353008598708
2.11624452927486,0.21563874700283,-0.749993648568247,0,-2.53848498795906
10.8178715849928,2.03490543021877,1.89641322645853,1,-1.28515094887101
-0.156913703900952,-1.65515440013261,-0.605323596234064,0,0.0813208277919246
5.60781092682958,0.214254762613685,0.588059739142825,1,0.754772533677793
1.85844674951837,0.780843584614158,-1.73444109773954,0,0.711021857412832
3.19669724990535,0.500136147244084,0.70955665090395,1,-1.77932090155834
2.63389826621176,-0.694079773075084,0.881694893368392,1,-0.554314689962113
-4.97994950220017,-2.60543694510709,-3.36429830510989,0,0.192372049965206
4.39111732830032,0.0724949340127147,1.35150319630337,1,-1.6935485372995
2.63291061704819,0.319918252155749,-0.742658846992235,0,-1.00788608618988
2.07095025376415,0.141536920965804,-0.588154198388418,0,-0.230886425234049
3.58642797081616,0.0234838792621308,0.159667851629277,1,0.0858787218135141
