Y,A,L,M
0.994814376053754,0.196823749544648,-0.599101121820923,-0.73558093384422
-2.73157017502315,-1.58980125412675,-0.323064943487901,-0.51507939207323
0.369421104391915,-0.68895538279399,-0.304354343044967,-0.306823532110261
0.992073145788575,-0.830181297651544,1.11472689207976,0.160805660819853
0.00502982069482871,-0.739119622725753,0.152500093706317,-0.613748148744671
-4.59998554416353,-1.94252212077588,-1.04814197511435,-0.477152435751357
0.975472306199071,-0.343435571013647,-0.324659298676764,-0.480322884682513
1.12781128911362,-3.11770761714171,-0.642594748938919,-1.38876883382194
-0.0197604627359615,-1.67074812646707,0.241889338093705,-0.498025372031028
2.19320733106839,-0.351998765600235,0.925990295018433,0.505487398499657
4.58763328406614,0.456059094127533,0.367177130671575,0.0511196020056876
0.964101644863314,0.792617116758351,-1.13313648806449,-0.574433983351267
-0.408955272437843,-0.528055606800046,0.510601543132975,-0.775063452896698
0.936267587861059,-1.61685014846959,-1.56066731974161,-1.86793209762685
8.25129552501,1.35132365052417,-0.622472505981833,0.622701541033182
4.00611536023248,-0.222947146937419,0.825010520260219,0.464180571698722
-1.87425659328913,-0.415368924847184,-1.22499184202582,-0.302288063963951
9.57604350106597,0.917898783511229,1.47346877804811,0.869178684657997
2.94384453148707,-0.143121372244436,0.053308172078208,-0.301513971802423
15.4642877129464,2.02812437951257,1.14262687791308,1.0478661937709
0.91724975044335,-0.365859660610645,0.176839103713423,-0.21087359548353
-4.06262144072651,-0.854196691925629,0.0715690069103891,1.30821547474574
14.5400346826676,1.36422211232153,1.93012900695561,2.16177065581094
-0.12956812873686,0.828802115963399,-1.21580610168517,-0.798496551148289
4.02451054115188,0.528577779722865,0.62012992462544,-0.431575337985674
-1.90803910203492,-1.38136339339215,-0.181926294212054,-0.141895442602812
10.4491606750419,1.0594833510093,1.54547989187875,1.73188896444883
14.3619099294367,2.31402973072988,0.154713557182942,0.852323164691203
0.399682029290691,0.154538187599186,-0.648186494428425,-1.13806319127119
2.04854156803342,-1.93302252019616,-0.0947506381617861,-1.7970436759559
5.07242345369853,1.32685724218444,1.42941214938211,-0.565224686866545
7.48025707096099,0.475234707276963,0.645019473799258,2.22390318698701
1.48741048548089,-0.298816846273623,-0.232916121915517,0.884515649726834
0.22234345376995,-0.862824360711564,0.797359682828985,0.911128406682696
-0.453672415718238,-0.924181770258474,-2.026518514645,-2.05792451487669
14.6531581067534,1.44253174491801,0.780963273732058,1.74880938067962
4.98515159355423,0.226308700889635,0.875102549921723,1.06588960495815
9.01407414402803,0.577445895836172,2.2719066280211,0.904075898384762
0.320844086296084,-0.5730830520943,1.19215853354124,0.198196976548882
-0.644550385614898,0.336089662120931,-1.20053841685332,-0.695047225245431
-0.633614637564325,-0.510348018337252,-0.22335763411319,0.254286913537527
3.20138121555834,0.698185062457917,0.078798724980804,-0.28734408800149
-0.288242103784841,-0.499261474803378,-0.510951274174334,0.542806169019448
-1.23515937287402,-0.857652949917209,-0.624357884949102,-0.662359462789203
6.09298087952374,1.06673976803344,-0.376209982244057,0.608763529549007
1.19796029441679,-0.352494972624155,0.0567247487150008,-0.234356644812562
12.1992931890205,1.94613413843854,-0.100089284979688,0.563218403801862
1.19844623562047,-0.766020849437798,1.10070376294579,-0.0808118296942548
3.85947883791056,0.809504547574309,0.0852303118017627,-0.271907104439478
-0.0363486162478878,0.896319789457554,-1.35432820465809,-1.10128926709798
-0.499436483987672,-0.0592897218992528,-1.31074387676951,-1.93373193040755
9.29015466872982,0.902201258264664,0.556150013378599,1.08352036138444
9.17952944330254,0.907746113330112,0.0591447077438589,1.20409799336567
2.15983289849744,0.300561663424031,0.361406232186271,0.155660647420368
3.21237298692553,0.0849992094780119,-0.121236827879438,0.184345043160298
2.00053236689416,-0.535967085635402,0.865358444143163,0.596726799764835
0.770572526052916,-0.665180541434929,0.459105197381315,0.431864504954761
-1.99104327114566,-1.42822048487342,-1.67354341605494,-1.10673082776284
2.48979004539342,-0.152173121046411,0.68949978140204,0.820562345601928
2.29442371905143,-0.0305457770684061,-0.22341752328546,-0.465296911753077
1.8866984859056,-0.77569010196415,-0.832915918657012,-0.775672474102581
-1.81857484358099,-2.00007397919827,0.120777426011914,-0.132718826338208
1.02725107193112,-0.974450257389444,-0.274567685059176,-1.05275325825688
1.12883581658684,0.466282846143368,-0.820808463853893,-0.350304227511827
5.6384136993576,0.385463208333725,0.750452040703004,1.37519219037187
4.27749425903647,0.132660310560821,1.07928834767747,-0.819934657370078
-1.07483255930537,-0.0844137007156651,-1.2807971059791,-1.27640342657595
0.495312614213141,0.0470985337524452,-0.749746633235206,-0.125918430236963
1.46431607240754,-0.679940974599105,-0.179843266455514,-1.63913964478122
3.32549515426365,0.971147968934583,-0.897272213867142,0.123791357224937
0.820365584437482,-0.370490889173762,-0.131689412481827,-0.771914242019588
-0.309746067344736,0.107788777915492,-1.99594105231196,0.431911094582083
2.39860445677604,-0.467772440186557,-0.904591550048472,-1.39846201475351
0.808901723125229,-0.420753838428064,0.987979400312071,-0.42887426273507
1.42649165263802,-1.43262759826733,2.17057779587489,-0.516516923557315
6.08966369732566,0.740461755924508,0.0642859163316818,0.189661966324061
-2.02050996906726,-0.907821913182527,-0.0348329820282811,0.571868993160968
7.38546208984276,1.08972645194988,-1.04852244370308,1.65231875214103
0.0211554425306568,-0.389526240068804,-0.902853392312829,0.255956181683293
-3.63787938301127,-1.28130803662383,-1.21193953046372,-0.370457671562475
7.87832052485902,1.11623788292471,0.542130003172299,0.912066235543622
7.43535039287824,0.884889015908156,1.39156628278176,1.95696886268195
9.0215749075227,1.43118926216826,-0.57449028391449,1.59233343600685
1.8097945123069,0.0481716070406009,-0.623202620096948,0.361296539079827
-2.14938124921543,-0.842126900372343,-1.00443949791622,0.101368036456255
1.81234769767777,-0.0795153772674054,0.19827295205984,-0.12223948820034
9.9273574197308,2.11682894952855,0.599651511004894,0.375725107929767
0.886118396050333,-0.970285160928408,-1.70547459703671,-1.53333240030725
0.961300384800935,-1.02464057556204,-0.933009228962804,-1.7301635313962
-1.71126601613591,-1.03607909289711,-0.0498630599594577,-0.0370195286753514
8.93835444099684,1.87371066765559,-0.636534944669246,-0.123125073418595
-1.03642416559781,-0.557287519785952,1.34802078887683,1.17646214356494
-1.16539593099635,-0.335523386882208,-1.40613789445524,-0.346214945557381
7.38082819384909,1.30127031877967,0.21919103188349,0.184414254231619
1.24591711648674,-0.0320062140641761,0.109439874448939,-0.0208885587282106
4.81864743732534,0.948132751056054,0.277235646088907,0.140188827531867
-0.306041328322648,-0.81973677053747,-0.239963259383419,-0.128982611253365
3.48909493245038,0.260901941674125,0.431261956012029,0.822768156001801
-4.33677934040291,-1.52472438071794,-1.0002215448459,0.76250327688753
4.31950545046243,0.322064639243513,0.260149125910525,1.44416563497166
3.4789131209132,0.135339142423069,0.186957058907553,-0.258949807268066
5.06068323976151,1.52902333335094,-0.610555573238211,-0.745304678515369
0.460302505422424,-0.802559258231441,-0.222550204741261,-0.164288854248428
9.72144628159627,1.52712532838814,-0.231365937320265,1.35721845624239
4.13391175457531,0.484035854760952,0.859999857614421,0.861524516984991
3.11794704536249,-2.40190005878724,0.00573412250574969,-1.64355122301825
2.58640449139161,-1.52955456373559,-0.599104559622552,-1.3275970246231
-1.48078477500545,-0.754496249465502,-0.73725434049384,-0.79613325558765
1.96934537584372,-0.789680836073545,-0.299870794725169,-2.10676023055893
3.24964800932583,0.141971953469779,1.14100777386018,-1.76975033359445
-0.101082864041131,-0.949497732640262,0.173692443690356,-0.438126962081282
1.58358039156972,0.255765538918635,0.250475214893855,0.26159834791992
17.402383831463,2.00952040408767,1.05121770622447,1.97701626371585
0.879922015110474,-1.17062331604203,0.0873813586461006,-0.819902936614838
0.235188987431748,-0.757428909117455,0.188345180708109,-0.406750602356877
-0.990473522821659,-0.513013065381486,-0.717793881986076,0.462448458763989
1.2019233579086,-0.53169808838981,1.00523178149999,0.491176457542607
4.4693502107636,0.518284716213973,0.479677148806507,0.111850247761402
0.421928506131216,-0.355050841908295,-0.914657011060707,-0.212154370069469
23.1166693073196,2.13918503116959,0.921617981107856,2.73383459714364
-3.57795460495236,-1.10986329590656,-0.266045475297965,-0.13383913505475
2.56572081780713,0.896794534688371,0.0323755304925978,-1.33726928832703
1.04405167553511,-0.608002463103357,-0.98458917022706,-0.247842996940362
0.332373984312447,-0.834986333455795,-2.25774595057276,-2.81713377646518
-0.419280754610565,-0.295060824535743,-1.13337709111212,-0.679622308232543
8.23921576123427,1.62039592851379,1.3799213955511,-0.454027067204515
6.88984901440573,1.59532873047303,-0.490533972723216,0.57103879490724
4.72257857955851,0.591548824614446,0.616017295480063,0.56817455884831
4.74235935569501,-0.313675159110077,1.80643826675172,0.98009376098758
3.9402198612186,0.46654690191565,0.0555271515799804,1.07219925484492
-1.16967242267931,-0.974102489548734,-1.25162128740441,-0.490832073539451
-1.92069752489319,-1.40091650307271,-0.576116945408953,-0.251431520212133
6.58097348070386,1.36349319798581,0.780998574708065,-0.638186752998368
3.29848729858308,0.383477700591146,-0.502177385808165,0.519979975761925
10.4385924630377,0.883917783053141,2.34994495561931,0.857196832106978
-0.50780398555131,-0.139364093196384,-1.32830422911643,0.345176489399511
-2.6319145953644,-0.826580587434488,-0.725470364861932,-0.273115779098056
-1.74180979943235,-0.72142929254296,-0.651408608535876,0.520854557265687
1.06201095317013,-0.609528352839321,0.631538964965318,1.14619490645896
-0.410395794591837,-0.867926962611497,-0.638720886554425,-0.515091695217887
-2.20463155656523,-1.2840814946733,0.0948805933300971,0.353558911021335
6.7057562789969,1.16094397268863,1.35358591469068,0.681066840031567
-0.634242980409598,-1.7786997080627,0.282775341926479,-0.544160733386776
-0.0616524636587306,-2.49436238903539,-0.987144459778461,-0.955553272860504
2.9315971454887,0.698725722293739,-0.508121042257738,0.383795494878547
-2.40837611095043,-1.58890886270459,-1.28174573183074,-0.45400155876966
13.0224231115829,1.32807466868312,2.27842240072498,1.16065589119176
-0.0701830818964296,-0.336057990105923,-0.407566473819156,-0.0239332773942281
4.56095294724905,0.569672467753856,-0.278287723063371,-0.346297857041197
14.0918657833662,1.55848497117999,0.809834964017027,1.81259304578765
3.08445507883664,0.357819135873796,0.0300255935660428,-0.0181972410698614
0.744765480429739,0.209361058580383,-0.449159891474644,-0.476966132227304
7.17218086309208,0.367074526764224,1.37623867459792,0.295499733547803
-3.00313280525109,-1.81828418539756,-0.143955421274209,-0.409818966752057
14.4721933682653,1.48772236896752,1.93248083225216,2.0391851576201
0.889050399220712,-0.477627917498159,-0.966998356373468,-0.278685203029983
2.12066742780616,-0.138508950521856,0.307436102153606,0.934215439566431
5.63763738450487,0.644111480290478,1.48811270157976,0.483177408622485
3.88204126469275,0.447721035162292,-0.144951877454775,0.46107497972683
5.49644525314795,0.62389381490696,0.52494469595478,0.224406111578989
-1.92496756801165,-1.80580576955059,-0.409045782000387,-0.927882233927616
-0.649074626225084,-0.647531602152927,0.231390841015978,0.22545016215456
-2.24320313028573,-1.97208931934095,-1.51433301341712,-1.12286149077302
2.6774752355183,0.607071693999503,0.598062487204002,-0.665910433579175
4.51268952681919,0.185313862303314,0.968174325478089,0.952791023983299
-8.57551712094636,-2.46112222647011,-1.26212658033882,0.049572619486129
2.35462771766563,0.035971727069827,-0.209809127688022,-0.653111923021253
2.50093594165141,0.253254534987987,-0.109715568614219,0.522098701991375
1.21985184613906,-0.203080542035723,-0.216546932372822,0.0837630862043516
-1.92316553431324,-1.99772118066073,-1.31201405107355,-1.03142740410092
0.723884105636279,0.727955250154405,-1.67608694923557,-0.819222202120568
2.2615421203609,-0.240945682209126,-0.363428103046969,-0.296153736769718
3.67841683671197,0.482408712224514,-1.23744147921866,0.799429217268367
-0.867721182255806,-0.973148549180434,0.193215211129465,-0.845145098235379
5.79210407262172,1.21175835313891,0.919112225641923,-1.03157512132754
1.24635479471403,-2.23517123132564,-2.07066911509463,-1.48615419231149
0.706424334237172,-1.54415549890336,-1.2517379529915,-1.14922443556476
1.05330084488709,-0.607655032585311,-0.407635539336797,-1.07433243820867
2.21427138758149,-0.576522165099995,0.896989541526276,-0.288892952391434
4.06435950913822,0.00106809910070538,1.58418128762357,0.880094032695044
8.44233076660127,1.09101864233794,0.347101142112537,0.86895267285969
-0.619153255847378,0.380550077149637,-2.17597943334323,-1.05329558986266
6.02304589292016,0.762028844110568,0.0813012955075245,0.446279759606798
-0.339629837044924,-0.723896308381566,-0.531983059584544,-0.999169648965634
9.17168402218559,0.770793418206276,1.54660197743084,1.15618272769456
2.30333842065694,-0.0155005299288689,0.810263324974943,0.321415810219046
2.70061247229935,-1.40239191093496,-1.57248841587483,-2.04605603645732
-4.2603551429827,-1.36344790870786,-1.58916716592233,-1.18292493525099
0.745191945205371,-1.24923157386119,0.674318208540595,-0.647729894671712
-0.583499319047104,-0.165889807665821,-0.196994811392022,-0.456235550265178
0.412314057488631,-0.43336034380304,-1.16392038742469,-0.744736416081992
-2.97480607723362,-1.64438064438201,-1.1166064885921,-0.368726549457773
10.1507791396176,0.57938250195248,1.781567603038,2.09108547611877
1.49823491617193,-0.344733250047114,0.122353028578397,0.715144624718221
9.41609324003687,0.428847941752099,2.7948177070135,1.49977935437462
1.05237090288981,-1.11306745331244,-0.881264373452815,-0.900212638762343
0.964283738177707,-0.207575878732663,0.632866481961279,0.748184818852265
2.21714776317602,-1.60997803293535,-0.731306102753002,-2.0944737063813
2.23673449736671,-0.206579510735194,-0.547955527327164,-1.69135139889512
2.16499749039789,0.140153168889191,-0.444068909617984,0.79997975295147
1.09832826728511,-0.881976665728864,-0.965704750170472,-1.03889560369627
14.9274717106476,1.68984937043238,1.26819768810865,1.89344560895128
1.14165025088367,-0.482016807000381,1.97981691759481,1.24501970371697
-3.88524676130943,-0.782641548567591,-1.12033079473129,0.241627483360841
-1.24801432679107,-1.20162225255784,-0.726256318434119,-1.0682982504064
-0.285737207009404,-0.0330142143421426,-0.825190556049381,0.640465236149895
17.1127637505865,1.99063119554493,0.98055703159409,1.97423940234282
-0.42671605844224,-0.785903793139395,-0.334692857446172,-0.483404484043481
-1.50801035512091,-1.92638230400933,-0.348076342553408,-0.357550875915985
-1.01954500223201,-0.787415583422019,0.19743952576299,0.00307425011030926
-4.9421326326089,-1.7951967091074,-1.31682918834156,0.123181164531814
1.83505825576181,0.670789313275675,-0.940039089047804,-0.251671945828415
11.0915595008815,0.512874885601636,2.2441912357267,2.2853489070317
-8.30868705904456,-2.51624977294656,0.472535629385264,0.784392112450453
3.29205424107784,0.446351030876286,0.276190905689078,-0.442920981122055
-2.06757628339081,-2.38504631729265,0.738687538267692,-0.443479084318081
0.856017306205891,-0.736513891356729,0.152420237141412,-0.534200397118898
-0.508380000680324,-0.563452348469619,0.484318710897667,0.719411387640064
-1.79596099361762,-0.880649207486824,0.0648957976291811,1.06168107455389
0.436798510342573,0.269850544315703,-0.932922391446786,-0.0924785321294913
-0.741557907849822,-1.18076399147011,0.0724677164774247,-0.139845102621881
10.5256334207211,1.14373315625761,1.21461327452733,2.15115795779477
3.92863681559029,-0.10493504020332,0.551762232796055,-0.587406891730548
-3.8386768526839,-1.22899129951355,-0.150859729947291,0.871804466672404
5.40327747002155,1.42841731288223,-1.41607901078785,0.289876128648545
4.46995472564016,0.316705952726232,1.24538459791915,1.94824960124889
0.410213540846404,-0.495987914094567,-0.894644173219428,-0.321244489947706
5.55957829321959,0.563226474263048,0.531391328616602,-0.715101354646824
4.12645160471676,0.547028817881349,0.811581537534661,-1.04173488419072
6.53114472558415,0.535553526350528,0.740662257933728,0.476734108472086
-0.587158957148243,-2.04162777975098,-0.666041886735676,-1.07669053004885
-0.906943001648152,-1.06445415287863,0.815554099608353,0.652828576040784
6.8456656771288,0.408921821656983,1.51044717896809,0.694170883237779
1.41798133832069,0.125562387191445,0.520591198311519,0.352680133070119
-1.35121761948418,-0.853323272469464,0.677868886409406,0.36176504771018
14.307032987193,2.42646109495025,0.109804330166404,1.10601565997541
5.41804300731187,0.29808418370461,1.6741672982006,0.497760535821268
-2.75013495528592,0.466009777703606,-1.22049257829962,-0.902267621718981
5.07815399466777,0.626960639460213,1.51674324477754,0.605404160926741
-3.280312871222,-0.622259055495606,-0.997890565435444,0.654256050836406
-0.93429842492231,-0.699641193205485,-1.20158177134165,-1.14620578252634
11.7699868176899,1.56934625244693,1.38125513183373,0.906789292960033
1.07503261318974,-0.376947369281895,0.821235575059242,1.35293301957732
-2.7650908441452,-0.575272179611082,-0.620310729990683,-0.233626988904058
2.95077655816847,0.769520679750181,-0.783899353784839,0.245649839378527
0.460432148662876,-1.74578962067381,-1.54320473588974,-1.82618412721058
0.846288196630528,-0.672521233368916,-0.632332176670948,-1.59665144256423
5.86223820411998,0.437153745835467,0.426766190521267,1.40131817890331
-0.302071655445761,-1.33826175783042,-2.70573767603817,-1.98613392133428
0.832400630870153,-0.508777593887704,-0.103422729190772,-1.18093791980063
-0.542429904910308,-0.42456940846431,-1.30712366299065,-1.68451593117375
-3.12476871478208,-1.93781619695664,-0.237055028461548,-0.618736925992297
0.353284946575738,0.496912896711104,-2.44220821394553,-0.414557849550729
4.12561561297676,0.524719156883655,0.844429187855874,-0.333681059552346
16.0670510102517,2.06273076635049,0.445102803834643,1.16077155605514
-1.19771732469302,-0.25575747779871,-0.437736848636563,0.522410414407682
2.83746771648981,0.136690184270729,0.160006028755437,0.569307957155807
5.43284894795416,0.944957473140452,0.0948541587114127,0.973311110705513
5.51751048973822,0.0671801597621547,1.95208654299583,1.69057895364267
6.9046700130347,0.909454916399429,1.18089263578471,0.411964898826048
1.45019310414465,-0.512334469921056,0.224988940755006,-0.731048295264423
12.3844258298132,1.66965203887031,0.77336448506101,1.25537478901746
0.794035609434975,0.142597084355464,-0.161263806196287,-0.782088711696071
1.22417557197641,-0.312949305016166,-0.106114754417569,-0.0856516565293665
15.6483640782448,1.87398380977365,1.34778976175527,1.56842365727646
3.99044814587171,0.404789763424955,0.860841053935633,0.277546214009127
1.4989977050458,-0.650695209661532,0.579555470074584,0.00387800171936746
1.91497325946525,0.39070284047354,-1.28559924595563,-0.0502174257748086
-0.143511645428519,-1.505810977444,0.710276913434062,-0.0408786786170448
-0.838542686554404,-0.924859128150272,-0.583737053111188,-0.595072019025058
4.88526199640098,0.692885125385038,-0.798026322320918,1.22540133858705
8.34266849709585,1.89951161378349,-0.697963293225664,0.18105337806827
-0.227255333149193,0.101802616672362,-0.680759808133577,0.282825450308031
9.36649059037251,1.62014056124711,1.3003043547074,0.319380471983014
2.47949483761486,-0.0728016630424131,-0.656240926163212,-1.33668022515174
4.24895831631558,0.476215366289975,0.930311543517099,0.787572957819096
4.11778304163429,0.379856635207892,0.0461332353358141,0.892555935136442
3.57112853667583,0.401595982466165,0.360159363885227,-0.0279635043112636
-0.228437819375669,-0.830193361513348,-0.101044627076249,-0.525236296809764
-1.45231016911786,-0.83281980388016,0.710787861276701,0.579563186067174
13.0227280659717,1.53791980346135,1.26310625851891,2.03398505915666
4.23186324959348,0.518640100498327,0.445828949182865,-0.249632302789957
-4.31469501389018,-1.4414194404035,-1.30780689658808,0.0134094477781641
-0.044530775750625,-1.28604242055603,-1.04826860601049,-1.23788518092554
3.28844090488258,-0.142483879482273,0.958976786630239,0.525578710031071
5.72156241925545,0.651124512456189,1.05055756743307,0.696996815003397
2.44576796613182,0.0324896053315955,0.905619081554309,0.565846586268604
1.78132456880012,0.990796971145647,-1.39396622042815,-0.557477685802694
-1.78115968535201,-1.18750226079068,1.21729013157132,0.630261760681124
5.4481381605405,0.453222776787625,0.416067645522918,1.5678207898088
6.05158284044769,1.01845469290869,1.24933879841879,0.0406820015002879
1.92438065280422,-0.852908186834253,-0.446673266801326,-0.918190906776412
1.57999003449757,0.0407817793439013,-0.352667746498323,-0.501705986715953
0.917734033155116,0.556040836009715,-0.190874270432117,-0.764886647589171
1.19109317303843,-0.586820043479756,-0.853496586298823,-1.14900379103388
3.36152092938187,1.1102471297432,0.839252034282793,-0.351678886447537
1.40979575153863,-1.30496036066754,-0.189732713181519,-1.02428862747155
4.23003496987117,0.935482164450965,0.271388119078578,-0.549073227169787
4.43382038559678,0.415635916735126,0.498450720274237,-0.484605523542944
6.34762266827854,0.348540537661484,0.938841095979393,1.05257230353211
3.20087766883729,0.67569387145605,-0.330117247072164,0.389185570884571
19.7413564818748,2.25649057001536,1.7323549090819,1.72662197215975
0.568587036558289,-0.822473595936767,0.0792920613003257,-0.0650191801283188
6.87570806237518,0.498839876897234,1.48572333050449,0.923795861957384
3.05643168753248,0.609234790289935,0.91733955180695,-0.553749913413577
-0.53745421206685,-0.200818178257312,-0.711867489493292,-0.243906939054146
2.70610057229908,-0.480444832314338,0.715561782722318,0.177152822233838
-1.29973420075024,-0.905681626606715,-1.4305805380082,-1.41991622218832
4.59478659204876,0.489976975031521,0.268106503208129,0.755346025974095
2.25212110163368,-1.03252079925568,1.58456619667192,-0.942704144085814
8.01017748247152,0.322818630004834,2.40351473007588,0.507475744145474
-0.490364555285702,-1.27298411276966,0.0114398007961033,-0.758407004649362
2.09931683864292,0.194427724545685,0.813454636312846,1.67367681250234
3.01646908544924,-0.400439446110439,0.946677957309246,-0.519275911540034
-6.52314205992652,-0.860083466217224,-1.5060211870336,1.29116778549813
0.659068723449015,-0.911376179992351,-1.38943085090299,-1.65917197798742
-0.60242941804422,-1.62380827224162,-1.40627967116417,-1.26527864421921
3.45400377351582,0.32286480327851,-0.397591142731413,-1.07538826675488
5.52781064414386,0.914620607560876,-0.404622258797255,0.86489810414438
2.84457094198416,0.222906127837357,-0.652906445474422,0.197462501925727
2.41934498161826,0.090785614843992,0.68667336567114,1.1948527850877
-3.59358450203914,-1.50096058737221,-0.781305399033659,-0.415413448540568
-0.790916224742582,-0.290277703156403,-0.913658281340218,-0.778197723349533
4.87741122145789,1.8231291081046,1.20182214744094,-0.558127453986835
-0.401656254990251,-1.70174297282033,-2.83473234547514,-1.99974836685808
2.3419986127249,-0.0159699654740969,-0.268125463168905,0.88193819841481
1.8812869306081,-0.0144171497603063,0.834194734672204,0.00501890038653469
1.27117300943796,-1.10558343571293,-0.0106169254876345,-0.627610851391204
12.0851481421235,1.32234369206985,1.14966573919752,1.65716309531726
2.69723640183917,1.02621193521684,-1.45042678470725,-0.597404825241763
6.50950804369618,1.3100843740058,-0.599195071046398,0.208232864915013
-4.84131268916253,-1.00822867659235,-1.410744037177,0.091544566035286
0.0399407825728767,-1.8805101793845,0.0118948517441947,-1.00901837187864
5.28987321603239,0.594346975861401,0.598733228233128,0.0961294639058188
4.27832390704801,-0.0472504988138204,0.219919961314036,1.37189661208104
0.979338535701668,-0.906217935609509,-0.582258253269039,-0.451920754254916
14.2064227916398,1.7617975207295,1.16750353490571,1.13893580868318
-0.515307009908456,-0.441501095514882,-1.76159006922166,-2.409155341625
-1.8611128437784,-2.00966808309561,-1.43080870123782,-0.365181140608189
-0.23594944215791,-1.72768987457402,0.545729748378329,-0.206755330542886
-2.24679622172765,-1.14806500933354,0.23888024630992,0.156250069831203
-1.34640258018882,-0.537862886841558,-2.78922464357982,-2.3626981253675
-1.93341637675862,-0.99392093749743,-1.85360729593375,-1.03662448173989
11.0489018446462,0.853422033427533,1.19674154832607,0.617679534763484
5.79446900855238,0.432244711081287,1.17591595668379,0.146850077877228
-2.98123333527923,-1.84173700529043,-1.2039584624567,-0.848653804831803
3.08520056228,0.373192669258778,-0.809248323589412,1.30594554124973
-0.895542199384162,-0.431398457583616,-0.846295200007305,-0.17432657159265
-0.255576406752691,-0.769332708028987,-0.237051296908152,-0.863359228359746
4.85974838879394,0.558565144520036,0.159850382038079,0.715927602632535
-2.12613717569036,-1.46117592375468,-1.38267932431394,-0.766661177463395
0.969508811383192,-0.112279123081889,-0.0264769997692699,-1.17839999887454
4.55382215340999,0.630451817667285,-0.369948192590763,0.157894245624543
2.8112018651766,-1.03383511585441,0.424645308253283,-0.90745251856452
16.3667646468586,1.97347753931333,1.19813306179787,2.06536329031279
3.48421132430008,2.09771013567884,-1.21111585249982,-0.604688182517856
4.7539867650816,0.153792751880281,0.642522751122637,0.396173871706141
-3.75716070421609,-1.5093545350219,-0.199531948075292,-0.0964927112677584
1.81200962145677,-0.217944108401864,0.0308834401457845,1.31784012675991
0.226572686055497,-0.249523753086865,-0.374029131453206,-1.57794178092483
2.97205662921874,-0.199894263004255,-0.786760463326928,-2.18552540221524
-0.418921671249584,0.35485015961974,-0.860016142726858,-1.45852025781923
2.61827799509901,-0.105619014703469,0.0376020622321136,0.368821742319673
9.18835060176446,0.606591726614805,1.56194221651205,1.10001446022954
4.97553462368352,1.08652917902068,0.498928861145524,0.714319374039768
1.17491603686416,0.0628208060188953,0.385618168012885,-0.478659883139922
1.49944841359812,-0.703602120597017,0.0053272318861864,-1.34785025617682
6.45632930822705,0.682421749665563,0.625752141595976,0.718017664177404
3.80696696650169,0.146913214961402,0.531071762915558,-0.429831898602352
0.850749420096497,-0.0449804490041884,-1.01115898781096,0.231393645023764
-3.7256779365674,-2.46176280898842,-1.07898023752141,-0.664883466899048
1.54225523542523,0.288460797120881,-0.286798229624443,-0.423950426375205
3.79913107515381,1.77268672535466,-0.851798201307464,-0.176747839374153
14.6892185050347,1.90097952947135,0.762386949532007,1.61591487579358
2.34804869955729,-0.28554463157447,-0.614523807950592,-1.89747012606001
7.07476361990301,0.785039828712765,1.50640856596074,0.675345269796866
-1.78793991553707,-0.707734863458262,-2.00212062761659,-0.2788647589477
11.5375888444075,1.86908465102223,0.645139872991896,0.413140088636126
1.16231671682338,-0.322328642207815,-1.96764047543071,-1.98291473136526
7.76901665321356,1.09328148014921,-0.101437064161489,0.970999819087042
4.59866028185792,0.762977235579925,0.725122250319747,-0.131665663033068
-3.66011860567496,-2.66863198080534,-1.24237481538197,-0.902009730651496
0.631713655586973,-0.201346557637014,0.59716331971395,1.07192653211499
-0.467488776051876,-1.01809533399978,0.170353133100879,0.0719489259835438
-3.71309759613232,-1.00372624190629,-1.39618211091478,-0.670083108280465
0.608109955211189,-0.332922517608506,-1.05604464921281,-1.10252556320496
9.63106647034526,0.926850716397514,1.67796903396532,1.75211443681762
4.31740672099239,0.0648992269765421,1.76935945912028,0.801507586396826
1.6972579210003,-0.346957309760396,0.897374978271801,1.62039715944026
11.8319258068221,1.30147615485298,1.46082122927978,1.22189834553675
10.8902686800897,1.25085692373607,1.65823512873295,1.36643907319149
2.09712814547653,-0.859693330116448,-1.12405461049567,-1.21170528855753
9.84691425004024,1.16658170003414,1.58348277994919,1.10013656888987
0.103144914305666,-0.252673440153899,0.354382401418112,0.542587940907853
-0.150100642561263,-1.60901681530013,-0.034378876304127,-0.499293237995293
0.0108045476252966,-0.401482789802248,0.104785046366375,0.191388694906928
3.42166929512538,0.543795597980414,-0.142818572114803,-0.388902312545025
0.834416381723695,-0.54556425123852,2.12732545913134,1.3788362034227
12.4943430768338,1.68464919428115,0.208414637258285,1.36055725420357
2.73508599734399,-0.133548442293377,1.39627297090526,1.67813033152629
10.1950042258246,0.746998328992984,1.72766606611173,0.989223587657693
7.28748715613007,0.608156493267258,1.37487686625954,0.878816839132404
7.16575811935354,0.497838335449538,0.518940242535101,1.59687477236196
-0.774789597552125,-0.829292136157101,-0.188728118730499,-0.645601848361932
0.929985314118858,0.392003136593319,-0.96820743148054,-0.572660730505753
3.03100000019307,0.127231141184233,-0.323280837834728,1.16212758907969
2.6076992619559,0.78928125043298,0.495195858345756,-0.725928913725928
-0.75768055955939,-1.1001950007305,-0.379227892052578,-1.1027633364133
-0.0520540993955745,0.456275555870199,-2.33785476906409,-0.811278660386906
4.54153474699354,0.448561156713365,0.424801959562091,0.506911669761825
0.0433359908547157,-0.313462961799077,-0.086965882416929,-0.454647657548456
3.60837571263386,0.527417589314939,0.757573803024263,-0.00807753674658329
6.89494935645192,1.04070445525613,0.859459988105164,0.385056556987371
-0.314217274154592,-0.592500976316225,0.511529760992031,1.95897707230354
5.42083106341701,1.0826617529464,1.27333968577453,0.17366760304845
5.45816930153293,0.451752116234992,0.712169499825489,0.381184810246551
0.0304032864153966,-0.841888556501694,-0.952058938000167,-0.819459641123281
3.35214348626515,0.425388833132001,0.588440148534339,0.648887232258109
1.08369203004954,-1.20235012700208,-0.586083787608293,-1.26256266988968
-1.53679597827768,-0.830478031964516,-1.02534254222893,-0.482237665119708
5.88370862740669,1.45837699708796,0.382625459323624,-0.125481222264272
3.05239404912545,0.173848126419347,0.474875587420529,-0.478549772531007
-0.96430963793301,-0.169600111198808,-1.70940323541259,-0.295330328420515
23.8982254521041,3.39366860144344,1.36345613443649,1.21126214868872
-0.183601765995111,-0.0947007598905281,-0.564668080370216,-1.2781480211634
17.3495122597535,1.60632254204111,2.06299155853563,1.60130711044607
5.02839595319461,0.142442320214025,1.31839534142646,0.347952465674772
1.89100242105536,0.296803546397913,-0.737877645292426,0.400999538062272
4.66569131981672,0.0554744030114227,1.13230745317007,-0.0471102404460399
2.04707895774335,0.453283725456937,-0.422230063219223,-1.17073826730108
0.388463812742054,0.477291129853033,-1.76627753830907,-0.684772990440813
-2.75180282444335,-0.935739221712065,-1.29964105858503,-0.732801632780687
3.94257393312931,-2.40520097395188,-0.473093173585018,-2.16358746497505
1.65858208327516,-0.289265590811814,0.441749035567724,-0.544302942927245
2.22394613522966,-0.469855969569954,0.0282888037611717,-0.521792786669649
1.91692619043929,-0.492841453575087,-0.368195405017708,-0.708496692110209
0.864704982703765,-0.631469070268375,0.284239664187702,-1.00317037154886
-1.13805592386278,-0.287646130625659,-0.739826146290764,2.13685207078605
-2.2135462790191,-1.75628264263099,0.492562362811711,-0.248191234278399
3.52449990808382,0.44556501810244,-0.158756653418077,-0.943464349617097
5.69849299001482,0.885584990091909,0.375060777952089,0.629269863253866
6.58082677820798,1.80497533330648,0.486461441526223,-0.32233413559011
-0.459866466659135,-1.11842653144866,-1.52337512795122,-0.53758437936096
9.76101280925574,0.752844772609165,2.43889077947045,2.01157935036177
-1.31972689183212,-0.316232827771102,-1.84747359372863,-0.896009253144981
2.1839587648775,-0.890385889628237,1.12601685039725,-0.159634966419787
10.4027314889769,1.57889209434874,0.658185912429282,1.57917847361077
5.79918653270836,0.243009103413789,1.10610542291083,0.173882739295647
-2.00100625038609,-1.17168928523897,-0.612097752935196,-1.16302866268121
27.9144162489892,2.67525694967416,2.05297614941284,3.00810703376812
-0.623964617508804,-0.789546104393718,-0.169293069546022,0.0997279704420674
-0.356720839480505,-0.723179514600723,-0.680389924018233,-0.366851985034268
4.09847006732322,0.884876592883451,0.708934625127431,-0.856122891250421
5.53347574875032,1.31945309824552,-0.550245427855011,0.342259730109658
2.1601604255291,-0.204177321316415,0.0538983076577268,0.296945391438477
24.0228020275549,2.73419382259674,2.0800958531516,2.19389207987007
8.2569220978742,1.15105285525282,0.209402504316301,1.36348453676422
-0.498785873480376,-2.81788531758651,-0.704388295327316,-1.06575582358675
2.57633346576257,-0.212606074330953,0.403850623371103,-0.924047694950708
-0.435576886164977,-0.567676909377732,-0.102888269884724,-0.251250545504581
7.94376682763509,2.04654268558505,0.348211283053232,-0.186688513651036
3.30141280925775,0.186532936970493,0.7137773453188,0.638635688587793
2.46728731526358,-0.623925894914667,0.225498355358043,-0.645739709457979
1.92120177790122,-0.154722799457465,-0.0983939479813342,0.0346906207684853
-2.27784888354086,0.234667009264675,-1.42906919845003,-0.552526484010808
3.92575888839841,0.751574761346901,-0.474544924562846,0.556984391895353
1.30609579767836,-0.164473145394072,0.680293538066838,1.25918459645976
1.0740350600231,-1.31342109431188,0.196829466348282,-0.740616538864941
2.67781364392136,-1.96485650783472,-1.54893756228106,-2.45184332398484
-2.49208794263962,-0.309358171401605,-1.46189945297736,-0.612373481618275
0.083722127579851,-0.160153582448267,0.425435202490209,0.0767377417618708
3.72163626762921,0.482780645795993,0.196584095435284,0.374118387212488
1.87527081687954,-2.28550252741108,-1.15412709251101,-1.28673324696359
7.64585143372589,0.490884849249513,1.84426780549266,1.80759731081392
1.4002210879136,0.0650345709844396,-0.66789700516788,0.322736321370705
3.42341962415658,0.324827812207169,0.546600900041268,0.0081668548819645
4.33265129900386,0.39039627722648,1.15286377238506,0.134667315608193
-8.16664982573734,-2.83521703157307,-1.12383963183779,-0.123482110661834
26.1107689251932,2.6227121065469,2.70314220927384,2.15043012969355
17.2614443174683,1.29724531437286,3.54209031031324,2.72782274132198
-3.5868156558789,-2.28300529571769,-1.26408987285173,-1.01870093665514
-0.437116605030406,-0.634225537697833,0.0334380215484283,-0.148708140165992
0.339155423185538,0.108390720718787,-0.0187970892719748,-0.434810490827346
2.86357229662764,-0.0795129786188373,0.197323139744761,0.769942569699795
2.56439683443641,0.593549272612952,-0.105780451963781,0.086485996826664
0.475877864858329,-0.175020802367861,0.0539896617379441,0.834041229850705
19.1396969781272,3.0176503910454,-0.476846478588393,1.33584097122758
4.12189189147785,0.578840152200725,0.0709407344766133,0.592979823800522
2.3472200898073,-0.936242606547555,0.598393966188036,-1.65177594155334
6.27188455735915,1.00926767787227,0.834598313663185,0.366710812453024
17.2211561064445,1.45720753659992,1.62904808453638,2.20064536249243
0.695514437614337,-1.28022302109388,0.202012857542703,-1.29124161933987
11.8627405239258,1.569411848796,1.01214348943132,0.995283885212373
2.18828195864884,-0.737188993878683,1.41298459901927,-0.241668666970186
1.24026378888572,-0.534232242032582,0.121742142784465,0.143583546599731
11.5089228399241,0.922268039644897,1.71111493377619,2.06206062711573
1.79247082186964,-0.518736357268097,0.0777107854656827,-0.242932839219177
1.60353832496094,-0.919539945039971,-0.0597220195744307,-1.34452616803255
-1.52210637442573,-1.80397797189529,-0.380212760151143,-1.07201985717917
-2.00866586279836,-0.379100424614884,-2.66322590695341,-1.54845764889696
5.1393623803202,0.404585808717801,0.442326805432427,-0.0793698927779659
3.3465129038498,0.11765872718207,0.594853853475257,-0.400136007756554
4.6307980553102,0.0653772327402853,1.31028072168163,1.1869005505401
-1.74678146811587,-1.56733115911145,0.409012564135676,-0.568699850463472
2.8260272992861,-0.730912570912936,0.926113882169398,-0.78140937650879
8.16157777478153,1.16208723000434,-0.193450249803808,1.12675504774128
3.93499731116092,-0.259233528017197,0.889843423764064,1.74890857164685
-0.814599658161861,-0.163239830686324,-1.00179070987571,-0.296397862129295
1.00388279769137,-0.213834976064213,-0.675913048426613,-1.36069412593588
-5.20763161327296,-1.15338476331527,-1.15551623337422,-0.401899034766401
2.32597126245259,1.32037337034506,-0.710661594444161,-0.9689778140749
2.60568898028562,1.06240733672089,0.306700781821583,-0.914388463842342
0.181034241788554,-0.623568775169533,-0.43626227431227,0.156753643226001
11.6837912887869,1.7671548395237,1.28231312472594,1.05238150929584
5.09463680044905,0.480868412478148,-0.111444119081271,0.269398845774365
9.92157293032867,1.29433962359313,0.093587640349349,1.60757123189881
7.12087576823672,0.816854922996019,1.68232212269214,1.52198960645229
1.20487787132362,-0.171337126710137,0.711549168283946,-0.126836660951236
-0.557565359313465,-1.35353134050598,-1.73057050732128,-1.36491680733013
-0.656173536758998,0.331878346778681,-1.88114574444322,-1.84100770667951
6.18620082548854,0.600030975354632,1.87297904861961,0.53156853923389
6.7298415387465,0.541065171578838,1.48255475269941,0.534473626600744
-1.64301297470288,-0.882199577145029,-0.803090459730276,-1.01102170795964
-1.10532592933055,-0.363197246162932,-1.37386150403563,-1.75891198467339
-2.32935812414412,-0.00611037446768181,-2.7600998398437,-2.12748431604582
1.29554902189741,-0.274385249072763,-1.31566997512554,-1.55588683306616
26.6687894853241,2.35753131948979,2.73215081337312,2.92557949676156
-1.93418742712486,-0.154855386348593,-1.38734535120472,-0.381035482491748
5.30788737906633,0.590094883707111,1.0032656830684,-0.56534371992654
4.31586757085245,0.0986638291981883,0.814068425973915,0.00321563608838121
15.0645250053822,1.83560747600042,1.06301270859702,1.67203264493554
3.63084774116249,0.0105471521419113,0.826365137412502,0.698028401960619
2.04751150735279,-0.883779079186275,1.18952873743956,0.196909201742383
13.3873339527939,1.66176930868442,0.992775418868236,1.33532715137927
-0.768735597192286,-0.616237864313953,0.841101412613567,0.796020813530484
13.3067776804435,2.00873992463921,1.22517544657995,1.38043384416303
3.27416031638921,-0.0151689970371121,1.06658983686551,1.52821574728028
-1.78680087022682,-1.0771696247904,-0.882651456179599,-0.72761443678685
2.1243985013959,-0.165391152191598,-1.89902246978468,-1.37334367292482
0.688750508312575,0.177462481601588,0.346417484552007,-0.00571506431378915
0.609909303390152,-1.12794681043697,-1.50536945071544,-2.03412111777631
0.289359084993571,0.320020779417508,-1.44297757512987,-0.127137896857627
-0.314599484688274,0.97362286141676,-1.43166904439838,-0.527347506757742
1.54591505571694,-1.00914566904149,-0.978176871713445,-1.48618566466661
5.29775685157982,1.06041032605383,-0.132438025560603,0.448191839632119
1.45118300886189,-0.989366275653745,-0.0389999759689132,-0.792880815715678
5.21767842955326,0.766444552052941,-0.0246404770998604,0.699177468498004
10.4687848489051,1.58801452011665,1.44363511014979,0.635525730056461
0.498531414400105,-0.983870719199159,-1.10256021301369,-0.924800443398962
-1.91713314773643,-1.46961470161562,-1.46538260556514,-1.34024371181591
17.3656057772378,1.80430108047255,1.96758077312335,2.02560917630835
4.62215471506268,0.879670982711435,0.494607573995928,0.092586853713325
4.7751475328275,0.215017879636384,1.02119326900899,1.55138891625332
2.72300572941988,-1.96624933054026,-2.18000629428596,-2.88014121359682
-4.14825018772872,-1.09680139745283,0.0853515688221742,0.510906133454743
5.16988922883402,0.520792577910998,0.496474966337019,0.792074593537431
0.592397875945468,-1.61539272597191,0.30610150408772,-1.21560206298143
12.0326458802046,2.52759322456478,0.579075710715846,0.0339080666346068
1.31876883944359,-0.197714919801652,0.154521490487127,-0.856920575879436
-0.992072625319654,-0.752640003962378,-0.698515119545019,0.666143301363062
-0.0412911729240835,-0.794954401425506,-0.734555219507762,-1.6224536399247
-0.489974177190284,0.649100300171387,-1.54631755009258,-0.62960589922886
20.4592572352219,1.67868462757593,1.90697736532757,3.11785685480999
0.599956240862147,-0.133161067594048,-0.858496014360782,-0.896456315137095
13.4418202530556,1.51936628109056,1.46699712439679,1.26375563641622
5.25928656966424,0.78039894726883,-0.193932963004697,0.160000917065767
8.01960067842556,0.527096408459376,0.490244245645102,0.824396119055273
3.42772246529756,0.705554038968786,-0.713376721885818,0.0972340072742682
12.6789409786173,1.73960405753646,0.355207549377174,1.31778853369198
9.72356597080413,1.60708012824675,0.279732317105572,0.419663783793739
8.86409407628086,0.897020081662122,0.843279677882067,1.60493890555936
-2.87700814054881,-1.34129350727979,-0.672285126812248,-0.0784760499829729
1.90307344727491,-0.139902917471605,-0.109376286312347,-0.312760129129223
6.2425437057543,0.726489052448548,0.183199569138468,0.504300970746864
-0.67288733773446,-0.551017852467035,-0.581782919733232,-0.925260208132505
4.93623692345915,0.536502865343552,0.626632015863475,-0.119888602367354
13.7794679696225,1.64754413220397,0.542070340956838,1.22317409007151
28.673132382784,2.65045604069901,3.29609015972566,2.53656064416411
1.51654068600288,-1.05908203955587,0.198558753258576,-1.31025505132225
-2.99439119166735,-2.14317799283301,-0.859509499496763,-0.412283852477633
4.53197630904565,0.395706646930829,0.697544766806789,0.406446342079655
2.06307965759018,-0.0497328021613859,0.403648159335448,-0.763172958029245
-1.11550841938599,-0.581654769416274,-1.71373867700065,-1.96370780554554
4.57282715335882,0.266196595798543,1.0314283698079,0.772188384529928
12.7600450783906,1.91089970670591,0.933846370218262,0.935180625999162
-1.46171565581611,-1.17956847320584,0.432719166050144,-0.109748217165989
1.1458244052017,-1.58856163647893,-0.324636021347743,-1.15315838275251
5.50178198308205,0.962569054611411,-0.244209578945611,0.974424206461957
1.0462686113008,-0.65595575068579,-0.514679279036309,-0.840205172832747
26.8152804071427,3.24251615087645,1.79940669497183,2.06444663959107
0.448592443473674,-0.875341360655966,-0.916324087333868,-1.05179123045308
22.8335864040763,2.572275238543,1.06923471487994,1.89551368197621
0.926189308011473,-0.271891568991729,0.190626840549886,-0.66622041040921
16.9774860049147,1.52899861174831,2.12617516325738,2.47261346722126
-3.5428529282335,-1.44271238108039,-0.438387284378873,0.622181663441973
3.7882565133789,0.312798085820281,-0.525004096605751,0.718116303168105
-0.435424760677853,-0.00346505603682534,-1.73387089503654,-1.7004212592027
10.4455555195211,1.43419307534545,1.09750225045145,0.984816383273562
5.98007596078597,0.51305784826379,1.25918743270111,-0.445739505017352
5.06484020408297,1.04211479780524,-0.270554336979695,-0.143623682569218
2.50787453639316,0.26276977988869,-0.414345199414019,-0.0995946203742519
-0.589919517130812,-0.427133660565601,-1.63759960476493,-1.75348020381152
5.34724160595741,0.514423822141815,0.823652523252843,0.230262681364273
5.3777515123116,0.715361592484359,1.23137028721014,0.255659285767954
13.0173741695431,1.59834135631792,0.610206574836812,1.88098925881854
1.97320951996408,0.573944172697653,-1.24536879899888,-1.2606744737579
0.783235685332817,-0.244731153260661,0.303652755350005,-0.0672364212413558
-1.08350964592536,-1.44456474064588,1.18369689293449,-0.0558826616221269
2.61920321308474,-0.486710246397332,0.579221856294458,-0.136596373048474
5.5201013453609,1.01437365904142,-0.362887717469077,0.684713299537511
2.64370288313305,0.765970661013982,-1.3733348514838,0.227401960136001
2.17148288773034,-0.183208579790786,0.0461965709055328,-0.226278909465167
5.88879038985119,0.587905302745188,0.085080042685905,0.830973067757131
1.16245009331818,-0.404490720397554,-0.449526886400586,-0.622607214367518
-3.47907898267832,-1.12321149344288,0.338701320971743,0.308900426378622
-0.0972948590010811,1.08651109870275,-0.791537349489597,-0.969218638353058
4.23534233129487,-0.293012556600723,1.32666195143577,0.657768853931936
2.99174267623734,-0.0766683862693884,0.682046200650124,1.32559908036911
0.0595897359026657,0.173434943656889,-1.10629909438476,-1.05269340810215
3.12484759448327,-0.156388781227088,0.537847009326917,-0.723826351254495
25.2453239491163,1.74824590805644,3.13143567986591,3.3906946946756
5.18319060124498,0.703256988810929,0.759070697058417,0.853437609551155
1.78819379289975,-2.17207073198504,-1.90587288934688,-1.83458313197755
21.9580310292162,2.33430770661377,1.56082623593937,2.12969316187021
3.31242701439313,0.00178087231488244,0.513880976801341,1.32590723782611
-1.2173774823687,-0.574064924505604,-1.2716851699694,0.331699764047563
-1.06100100820085,-0.157743281419498,-1.49327959128593,0.634420084572054
-1.0227208618927,-1.15672329524829,0.468756159939018,0.347974935375866
8.69029638257759,0.889256499870989,0.373090249154421,1.60557344241216
6.68651897469322,0.556988636812711,1.4124261573082,0.85920056438919
1.80497938096336,-0.406579810982617,0.645416181669741,-0.86631266162765
-1.38761188518268,-1.46123779673414,-0.976796769954568,-1.04576867996071
3.88144373944938,0.340609168055769,0.0316678226826787,-0.817650807099329
8.02342978319248,2.23006725435289,-0.250506448874773,-0.307253407316298
-0.356832571422336,0.2970208806192,-0.988268208480728,-0.964618381708822
1.78076425300944,-3.19579096939318,-2.1515500931478,-2.37346388253025
5.97307522325567,1.19707896557288,0.849562906821944,-0.521666858563989
-1.91057763275926,-0.585566526093307,-1.50302048281352,-1.33487706541123
1.23461890235566,-0.313229098387027,0.735305669598399,-0.147188500124979
4.91499086666354,0.23208379050145,0.765635663415022,1.83719520187156
3.83959869887858,-0.373677323210041,1.02882589111441,-1.00639221302075
-0.848568498815376,-0.715928531212603,-0.255690394780556,-0.572286529856132
0.527218871238912,-0.769866803398407,0.420845726229982,0.39287954570377
13.4130455383986,1.09246443497807,2.20950014165386,2.29260210223042
-0.703955121706631,-0.73398915731643,0.902920882510194,1.21943060423521
5.96719451979887,0.12703545755146,1.30345604470048,1.10577416418778
-1.25778162334493,-0.214924627169563,-1.16944285691733,0.314912798962459
6.71872263955101,1.67562145005945,-0.449365663530328,0.089497115308415
0.621473396221884,0.0573753292656701,-0.814116173642309,-0.887790030807722
26.718043653588,2.41202971156699,2.54670209012073,2.70603614601121
1.96483863263999,-0.308094428249024,1.06067363758151,-0.741944987718409
-3.45593614343543,-0.690628195993987,-3.12777553846743,-2.04187558700423
2.3260153288766,-0.106481679477752,-0.805538453802367,-0.331233835982773
2.76161054744337,-0.650720240992807,1.10185614198823,0.314254245620893
-0.788108992140019,-1.37932097033473,1.10048926182546,0.546178044017377
15.1212238079174,1.17929063791623,2.36883394051706,2.26024428235279
2.46198680116793,-0.187657937710191,0.701613839208766,0.155453700398115
-1.81157754855656,-2.53906358704481,-2.10840479285367,-1.55344027864594
10.7640593352786,2.13528547089609,0.61719768012721,0.202084579573684
-0.198227132938041,-0.59733037362643,-1.25177758056242,-1.32169321312571
11.9646521829193,1.64504165426776,0.960275019069893,1.46913182306645
10.6689515439751,1.30264581885815,1.93921540448413,0.343220512314234
9.18566987958994,1.45309041350061,-0.157575327850528,1.22827670433539
6.76330299538908,0.919121153971314,0.526963959296806,0.351469215861367
-4.17595213808582,-1.40727698485658,0.69859902388077,0.916782467831346
-0.206631830703083,-0.33726639793796,-1.39923652434035,-0.583575286735569
3.98968975802735,1.19991375487092,0.59777012796678,-0.421413919886915
0.946701498798053,-1.40793498363796,-0.267430145257275,-1.10978243751724
0.0525706872012754,-0.676436986488777,-0.410583138445998,-0.594559756074857
11.8420386705427,1.98884986324335,0.607688809761496,0.752414968867117
1.96352299265201,-0.0300278520220342,1.52826967327054,0.986896563311939
7.28487050897764,0.832549004166359,0.334057291993715,0.364815782709858
1.42558748260841,0.195095635135784,-0.351337901816001,-0.225378021248
-0.0994104430711822,-0.711296149981586,1.4192904664595,0.937054230224956
10.551076733211,2.92110024455451,1.31131027652608,-0.0454117183759715
20.7014878335727,2.151075200138,1.42379131248024,2.22933602112122
4.00923802902373,-0.0992684561975584,0.694116661933459,0.0471965981621528
0.797941237901186,-0.057106731587403,0.207177009206455,0.208197952546353
1.11554994916545,-1.26498645837512,-2.00970026974477,-1.82177985759982
1.87401014362871,-1.1248834429709,0.0957000975504242,-0.916702272927397
-0.274099991557008,-1.18317454303754,-2.75957215936458,-2.08249370036851
0.236933861788107,-0.893900633240761,-0.103886349734804,-0.448596609200458
0.938008336576955,-1.7025675553846,-0.936651354459447,-1.92905584790218
-3.69251350121326,-1.0952495869955,-2.27719714189773,-1.05577243701216
6.47945643772486,1.55526980023386,0.994685644090801,0.198140632922668
1.64095787888062,-1.07964951548972,-0.407521548553213,-0.963217491601546
0.960128962457843,-0.659023385926597,-0.271961177433959,-0.265072732116663
8.37047257834448,1.48319795798994,-0.200430702656629,0.626173067211972
9.31044706430938,1.18719223713095,0.821622369058989,1.18100436095649
-2.54106021135888,-2.93371074547981,0.311255375513609,-0.851505223769989
-1.25457414360627,-1.27404684721658,-1.85611116507914,-1.37173343384051
3.00912573237594,0.248585752437601,-0.00741184899923392,-0.201871501005399
8.40916458229073,0.897206749257484,1.20844420030314,0.245150170367093
3.8686676722344,-0.239239900171252,2.21744709418688,-0.460484079804025
-1.74906805247473,-1.34823247292232,-0.142643558827769,-0.40742066663402
23.7139114870319,3.49553205130028,1.17534657126956,1.29723387643763
-0.241969396885413,-0.855241671928737,-0.334728122097822,0.258977248313693
0.301178356979983,-0.356982410107512,-0.972712309759701,0.676295407901042
17.4618259753939,1.78792033741406,2.34329282488349,1.42559533154298
-0.240371855568462,-0.156452762795278,-0.91188575360103,-1.36584469276408
1.13014061011188,0.0219587947000094,-0.746565395595495,-0.42369690805475
1.87016301584947,0.112861715868801,0.446537346641176,0.950164566678678
4.7822986638584,-0.338660757054515,1.64705178639517,0.343724663213055
-1.15718124124898,-1.36427336890961,-2.67189806232174,-1.58539214911664
1.83047184695614,-0.902726811091298,1.21073004821788,-0.981518758764066
19.0939942189255,2.6718528413276,2.09126570756955,1.22557116084188
8.93551743186364,1.1407241932058,1.1214386738876,1.07220099734452
-0.494051045033662,-0.312582109328949,-0.0967594357743828,-0.10093925618426
4.21332771564259,1.98848638563274,-1.21790974012344,-0.514691261781947
7.41038607626214,1.08047973681971,1.14366833634865,0.876512716657184
3.31912885008672,0.887328630228441,-0.924135206402605,0.168116198287673
-1.94652600891645,-1.20096691491068,-0.799209757853687,-0.666787014441784
1.39700281347422,0.0932765502347362,-0.583859397458061,0.241490315545518
8.72385050495729,0.929567658884094,1.19108063465223,1.85901003800962
9.97968031636751,1.23501202749557,1.29556369292405,1.31446851213528
0.907701935023093,-0.319081677906622,-1.2500428330867,-0.669632402250271
2.85738722907835,0.026146967998137,0.0732638600573136,-0.824759251808403
6.82964362393713,0.470768264862027,2.14002218868516,2.16130509565694
0.393891593281859,-0.639926538540956,0.755031415759871,1.0259353623216
4.36019064509042,0.335043324321941,0.3500756929627,0.387648032805334
0.274867641552484,-1.28867093393266,-1.92404990154476,-1.14158954926226
-1.05741827463439,0.490306321819494,-1.6875471220998,-0.984031938058011
9.57779150037211,1.23910510967117,0.586571200255885,1.31188920007089
4.90097952633769,0.35249146207207,0.674795625966476,0.250706671123584
6.47151988306782,0.747650911306862,0.579590624065515,1.2306655961439
-1.23666408718297,-0.762989859494978,0.365154890802629,1.38405142980541
7.32602203559394,1.5490838375581,-1.17310051563199,0.580706570260923
0.00238548711824993,0.955974225377573,-0.0443482442409323,-2.26251474369634
-1.0639941015997,-1.41695876583042,0.139405741432984,-0.37308953660717
0.145598679251123,-0.576024931240884,-0.567786902732684,-0.254186691351089
0.570791233101273,-1.05380514317052,0.508591097688063,0.0985255259227068
13.286551915228,1.63286572512579,1.5655239317884,1.23649314215637
8.81938825505545,0.725445232135166,1.38733416781203,0.941409148030648
2.5034891601942,-0.109020653763287,0.196096581298641,0.0875799064039444
-1.50262847600122,-1.58864042295494,-0.83069026039564,-0.610474903512403
2.4471800092691,-1.97442068277969,-0.912113080183478,-2.26198793851135
10.6234747621593,1.53167062846084,1.58962465698838,0.985894249961033
30.1001077418258,3.2842367686655,1.91039599474531,2.28688159974801
9.49272049313043,1.43652055499301,0.130281154984962,0.369453300081668
16.2953837983436,1.87637185892351,1.33692726329025,1.92020683463314
2.76249481824462,0.534171384537088,-0.0391350662821,-0.107082820711032
6.90459561900671,1.41718596703715,0.640061722225437,-0.604945696594953
5.48697065004831,0.531932805667238,0.219424966671395,0.775440216090154
7.47106083957788,0.839510632040017,1.81454209635519,0.409851250430353
4.20004317014085,0.885109355308203,-0.239937704375204,0.707967096524658
8.02490376915836,0.863583792921089,1.34829555949349,1.13612258722701
-0.992136207404075,-0.825724641601642,-0.874040649385448,-0.176806165784717
9.27341906210159,1.38554124016541,1.19467437989529,-0.0778924727096713
7.97448307398377,1.73537842723267,0.284028918544362,-0.375038420009671
1.90720614478966,-0.120087437201903,0.456738720599221,0.10995022221799
2.52991494584702,-0.384103997090878,0.184972121127847,-0.353380840138726
-0.47552477551833,-0.213740272196831,-0.746099525115719,0.628606370513841
19.0757213117424,1.97569269839834,1.08964455022689,2.15461339212577
2.4940820668026,0.326874930087773,-0.990097663520101,-0.700554568359743
2.44350481867495,-0.0727169622237826,0.274897545537935,0.65925282678841
3.65905586163438,-0.159547607829175,0.730112762152585,-0.609987908121267
1.65996929436783,1.23527531957791,-0.473829599013647,-1.13166930930822
12.3855617362979,2.01445552948166,-0.142091037100643,1.40849717067454
1.85327240729603,0.722585275252519,0.0650943386456599,-0.978834665299896
1.5560091394299,0.733089289762865,-0.837761668910131,-0.410846898214883
6.65408828717422,1.41604657274874,-0.455632162825402,0.685616099949513
2.45757656861445,0.0434243085765216,0.318544496751202,-0.295022015295218
0.758798337111235,0.936489864654118,-0.990211297287783,-1.05043933394899
-0.153651206863802,-0.965850972151543,-0.0164283739370701,-0.514145553185708
-1.58793430081791,-0.930403397993712,1.03913326004521,0.91928121422735
2.88959299842631,0.421648334651849,0.331106082749368,0.276611394188989
14.9554165478359,2.27083466388234,0.0179427103191502,1.5108571042705
8.33723040762478,0.892927424437541,0.130046064108742,2.00695705592967
1.46078586882758,0.0973551303916947,-0.0182165371576404,1.03951290713878
12.1435217735277,1.31604798469364,1.4209843041139,1.27673272102736
-1.26403377974173,-0.732768015772591,0.103739213631509,0.589567152013034
3.66419970936505,0.0913571175038297,1.39249115984042,-0.157626301588892
-0.187416003765764,-0.427674466299132,0.0181731505736551,0.375055352986705
11.252380190276,1.74283002451467,-0.228410745521926,0.898429357743142
17.972390528695,2.4689724467655,0.190957867623706,1.7229612201363
2.09113608562575,-0.378702554310271,0.231370566887069,-0.239157184015891
5.85512621512339,0.925677476789715,0.247441899761511,1.59902228737424
3.20375712064551,0.28782548666518,-0.300955425752684,-1.02040561360977
7.13355468629005,0.769219239864517,1.15988259587283,1.42913888925342
7.09187714789334,0.988535132875529,-0.938905821279675,0.849362031262502
4.18176322109037,0.389170987926618,0.339379538687941,0.591620936049756
1.64753838473923,0.0846596874721444,-0.34026736619833,1.2537953150937
3.48320151124193,-1.97958298868969,-0.459477111536072,-1.93946988687626
5.83613654547457,0.79788710525038,-0.00966002856856052,0.77566150267924
-3.78226562123315,-1.81198908086669,-1.42558251683391,-0.326561092253124
-1.42628138097592,-0.373414953362556,-1.14444346928079,-1.73007800836271
4.35483848705841,0.904427840973149,-0.307054972945287,0.0594141822693073
2.8640117437783,0.112090760126966,-0.315493530268359,-0.0120798360480363
-0.882486871173492,-1.50729640600269,0.274612583903798,-0.394161590137168
11.7483319016111,1.32899555954894,1.30767726032314,1.88942631663098
7.46158494909658,0.723322101357379,1.36858594461617,1.04942209167105
7.18347050656809,0.704222143522238,0.504322351257603,1.19090445767272
7.60443946814452,0.818817928162537,0.721502535592256,1.28581261556205
-1.07333958954602,-1.27573370292923,-0.690312252689523,-0.515538754882235
-1.98636311546238,-0.623518336608716,1.28031057884063,1.98965008755671
7.38178629785637,1.57540474915458,0.178968755827357,-0.257500299411973
1.73890425720613,-0.0641053603339764,0.236219960242585,0.689937905976483
0.29457695341598,-1.21637509416952,0.443819550508832,-0.33628707030558
18.8928190115685,2.2298270271035,2.27714589979727,1.69524760886466
-0.792333249553222,-0.69415988679571,0.146424518860157,0.0427233348194198
2.32607404257918,-1.7784351123272,-0.181991146201404,-1.40998096553951
-1.78826461574147,-0.615660525189203,0.786035614222288,1.48294488945883
19.1094531659366,2.22762525629193,1.57280443630016,1.9128297097282
20.0627484213646,2.57932160382372,0.558300031039778,1.78436519719763
-3.26882129706668,-2.34007900804394,-1.16011247778781,-1.02297766086146
2.85777175683689,0.0774425127263134,1.25105329913248,1.89596189845628
0.352386045632931,-0.0633626710700177,-1.67778819205336,-1.44153793459206
2.42622294833198,-0.312574453318104,0.347336165972756,-1.98679453136703
5.8385847989918,0.73778215308436,0.0302803947902176,1.10793180013487
1.48380341497834,-0.136581353201202,-0.348837883269993,-0.654135163249863
6.25494265577366,1.05489093608535,-0.392492843109427,0.0162011380892786
2.46488268949786,-1.40145028408677,-0.151126053235851,-1.61253190884731
2.27127764619947,0.86741955259285,-0.11050267427822,-1.39577899963699
1.19646024374464,-0.939606260060636,-1.57727555753045,-1.95739736844641
17.0711396243098,1.72466522272652,2.28933631193488,2.00377447988025
-2.6432510280591,-0.863833801207109,-1.27121612143172,-0.148172508424635
-0.929587366363869,-0.531622298805532,0.148046566205506,-0.388985700110918
-5.64780119313808,-1.31055263295978,-0.652880349138775,0.608772679051153
-1.0270189922434,-1.5407977017909,-1.95928983606522,-2.17866248906568
-0.0222267841348783,0.746770740065665,-1.82311042995838,-0.780538659855766
11.2391821078905,1.84382401227146,2.50506825731712,0.55898152031278
1.42922069208383,-0.998844376870382,-0.508043982568661,-0.0563958730771946
-8.28907494897072,-2.23003914971769,-0.63162829920585,0.441969475640722
0.443413758525596,-0.46755038017894,-0.904521054261538,-0.0357380439130536
2.33711398661204,1.66148893391291,-0.523987910991442,-0.929703078011634
0.789933484524513,0.342359340094672,-0.921583464716903,-0.387037451106676
3.03333636351039,0.14336409172986,0.100165474919546,-1.11227913428817
4.73016186008125,-2.75877335644083,-3.2006576889979,-2.82359278649377
2.48843451453154,-2.38199373119733,-0.920275288751058,-1.92012065291659
-0.329522561498224,-0.870605378637891,-0.0993561277856613,-0.544115243178297
14.9811290853048,1.33296411923994,1.53733038529206,2.25505693716369
-0.312309571846505,0.0879470213126811,-1.02490982202749,-0.020611497747895
0.219138254450817,-0.673977173414569,-0.783571115193093,-2.08486397159414
-1.69031444604707,-0.509512493985743,-0.0582029950704295,0.182226878634725
-0.838266773387393,0.0827676557358321,-0.357871925253557,-1.00277426288959
-1.04126573366035,-0.42276702678423,-0.0469003092131261,0.155265561276897
5.25049610659186,0.612594286568033,-0.145148963529694,-0.72394100952091
-0.650107531597842,-1.24567737378279,-0.20327011545376,-0.810938922500138
5.33981243860338,1.59628116291379,-1.24255297788811,0.108413565402988
0.61669422974105,-0.396825808087621,-0.434500873228993,-0.589975131653193
6.11999127025876,1.58791864961129,-0.367070457208235,0.362616772114565
9.66041990340134,1.28514157816662,1.17600351093931,1.24377722404458
7.0847127897347,1.12054734139566,0.171045523144809,0.547921787721934
2.33032447096916,0.260416124945323,-0.279951176938497,0.373184627758471
0.933312069633514,-0.00835850005971578,0.781275481429429,1.16653090125178
1.81475584609219,-1.2492677921121,1.19070006860857,-0.391782330215804
1.79060636342917,-1.16745814835837,-1.37880757972469,-2.26449648997053
-7.45694172669959,-1.31998429781373,-0.845274886263617,1.04465352388537
2.82917249313975,0.642331718748006,-0.605873922487753,0.0259473711752617
12.7437017676562,1.91555224784055,1.68066730119458,0.706763883462416
4.44909251768886,0.453678986198603,-0.218716406862671,-0.510126869104007
-2.03339315032012,-0.918182100863348,-0.558995228880818,-0.350345318883458
0.36979772703646,-0.0210453167395129,-0.599556055808088,-1.43370859958661
2.48562603949793,0.697263920785956,-0.293606490393908,0.221077102866096
-0.0529899897268291,-1.0610791061234,0.0719403544972187,0.087940586230676
-0.702062120122743,-0.129140084880481,-1.02143442641683,0.151307910458555
2.43277219082556,-0.488640617025995,1.54772170237402,0.151794681501619
1.68031221682914,-0.209708292694284,0.450133150310154,1.43978917280118
1.19034251230582,-1.68761641798079,-2.51163549844653,-2.64922565972872
-0.293603556404881,-0.154856350665806,-0.466238250687246,0.050383900153646
3.26541818380951,0.800620047969393,-0.636264834962684,0.498627466963666
2.67352613141369,-0.516249205397699,-0.236710175723083,-1.50027582826178
6.46530069688187,0.482218825916051,0.607341259076039,2.08076364685351
8.04644924949934,1.15095363086911,1.32382458249544,0.678806123299139
14.9195366086136,2.66709606574595,0.163067167357264,0.543241345756602
6.2254595705711,1.03974050651563,-0.604297353610006,0.186226406661312
0.963092366993622,-0.506450143832005,-0.365979582940725,-0.410571353400648
0.734404236421336,-1.33141903390691,-0.0053471045807869,-0.901573943541485
-0.806073802889472,-2.3223268641625,-1.92017364309971,-1.60057945450061
-1.20567804947491,-1.1886974790444,-1.59288544846477,-0.299286363182699
5.1274190490403,0.813504600690313,0.696535554495462,0.258541223905975
5.9882809921035,0.584550804738463,0.595735829086266,0.906087823377739
0.624698838879574,-0.4306326846488,0.326422402058761,0.502695037792273
-1.91429107266523,-0.958340435400422,-1.33116517781235,-0.755653137340411
1.06274267187209,-0.683962674279794,-0.452605464556536,-1.16077986726136
4.57323652304384,0.512323844740255,0.637075210388585,0.979315609949514
16.1840440816016,1.75786620933561,1.9867958488507,1.4300622536242
-2.54095321186728,-2.09580385393654,-0.264479823118565,-0.139161699749194
6.55668795731565,0.645713706501003,0.919555891616108,-0.26739834973421
7.49153804288146,0.661769656010595,1.12308459708444,1.1777177578988
11.500841445112,1.31559797637048,0.924337460278428,1.35427286370544
10.251377965706,1.39650224520786,-0.827983448377309,1.64423038076286
10.4315388854488,0.772350883798445,2.20708486387983,1.23076147548433
6.14011490693747,0.709599505790283,0.687096696757786,0.786315679556307
2.43071783944224,-0.306985368678593,0.321121847780541,-0.0274360885124652
2.90066667086965,0.122089123559141,-0.449865479771944,0.560648385992289
-1.97494631512477,-0.891644378751275,0.68959882930874,0.56046196243519
2.61218772161122,-0.209824693700061,1.96649327392073,0.640417094324155
1.60496047118453,-0.373366062191516,0.393784140977364,0.190077689581186
5.8468664231056,1.68836961632725,-0.386132596002616,0.320769097564298
4.08786803962578,0.382853602810606,0.866881208442002,-0.998142617052055
18.9747402107449,2.21553664873631,1.2262996556821,1.68498241426613
9.48511788584823,1.00203322527408,0.874704549485015,1.82325295867001
2.91462805991747,-0.224711221559159,0.852073946869551,1.0545506596447
1.28488967915569,-0.250739817794565,0.219293298188202,0.937505814850749
-3.4657367472019,-1.66933509553812,0.118403550054095,0.0351425677799863
2.4434743326065,0.126679082216851,0.134316910940917,-0.235959462073175
11.8009629005201,2.11174621262788,0.403078576642409,0.485344846648205
-0.355397505616867,0.334178540532101,-1.54979301170866,-0.83649064851186
10.8031616483414,1.53992028496748,0.632887322586608,1.23776018984004
10.8600954955732,1.10299909159946,1.45122657592333,1.69006213199274
0.576614229524942,-0.274896514539396,1.02130307149577,0.863239136337889
8.65290721194498,2.01995481159897,-0.507165361160722,0.177239527258059
1.28679748553039,-0.681386865225079,2.01421885552363,0.879862401036459
2.88200814677827,0.385043443365624,-0.0744402323785683,0.671324779127465
1.9217732380782,-1.82431260126183,-1.50841972316127,-2.04873024506838
1.46139033706661,0.136636791309115,0.176402152983608,1.71541099570651
8.47051012365487,0.735678015649742,1.1205845082061,1.58081384506064
9.04730614094572,1.34241817401831,0.144583735394521,0.945316883840499
5.3056062258314,0.408844132370088,0.64577642422111,0.616564220617412
-1.78985274760596,-1.00355944055831,-1.61657776282503,-0.777916401297931
1.57093777517213,0.117206117086635,-1.30530389228577,-1.07920482947892
9.65940435364713,1.07268355893262,1.54418063685279,1.62339800207071
1.81945536215845,-1.49575803922755,1.36220464640147,-0.51333108252627
4.15346051406237,0.081713033252593,0.561718765950978,0.215741307678239
2.17325133495657,1.08104318617538,-0.702474775839072,-0.403764478498994
-0.829503005734923,-0.389711506776809,-1.26191811861404,-1.62407536479707
-0.800246687848398,0.0239732964090392,-1.0187267458527,-0.324536330497097
4.02333715998086,0.203327312701708,0.879410690377198,0.760163993843919
6.37866425423414,0.638063341061172,1.18695544963662,0.570682847169014
3.46653692190682,0.390189139124041,0.0638170902154384,0.657155247200027
-0.993733772569438,-0.799097216910424,-1.43811311684442,-1.19703062485167
0.558451897769039,-0.503749806120742,-0.149787610386402,-0.123419128104725
-1.87326217379921,-0.505150605229549,-1.26845973867191,-1.27172085570892
0.844003018310851,0.295341465399686,-0.652101199810179,-1.199964892547
1.19053168414429,-0.583808363381329,0.590788198555285,1.06768302392904
4.01537552183809,1.0837233577427,-0.952049809662592,-0.13067169627129
1.46489880981129,0.947315439825637,-0.270499151765136,-0.814261335474749
2.62273800165895,-2.56134502871513,-2.05922869341547,-2.08006895270693
-0.795247909621376,-2.43345115912813,-1.94967469630552,-1.55166445590562
2.46772966425071,-0.279798651453702,0.53152261769041,0.993489558448171
-4.69949783749632,-1.1848016690033,-1.08235357331462,0.338947942504296
1.17265731660421,0.138044960733043,-1.2561610949651,-0.467284857417835
4.60406641290224,1.05901359834165,-0.519045681812967,-0.73594616221725
5.61728154776021,0.862814096968877,0.368366310323825,0.304764157822289
7.76730996507588,0.375937771887777,1.55495181328207,0.720530980697179
0.469964847081006,-0.571348956885783,-2.20903018313543,-1.85930645287238
-1.67038527257935,-1.26778492836306,-0.138206894028513,-0.121296397228789
-1.47222220792011,-1.15964883419299,-0.384344022888774,-0.399521691075275
2.96091018141782,-0.230920375132486,0.919973694536387,0.427400277265874
4.0139907538227,0.766052213285587,-0.042706142629226,0.0271454775164006
3.29125880106843,-0.616568571815116,0.679826468543931,-0.76418346823673
-1.25804366704737,-0.504424010292533,-2.00065776594857,-1.98321435843458
1.18906550877252,-0.22334939721974,-0.632516387343917,-0.753882652228531
-0.649266756259524,-2.21432892082522,-2.047391212704,-1.51642484872075
9.26746219229277,1.35200313835104,0.111599857809606,0.446113290149817
-0.0508416181406736,0.434816738367386,-1.034783775766,-1.22744318517829
13.1528410562934,1.67082582874847,1.44562313296444,1.46567297725502
1.0540786212509,-0.0708561897856497,-0.0348968118648511,0.402515745227108
1.01757648015862,-1.48987950349481,-1.41179629629959,-2.03180636417619
4.0146313492875,-1.30807631351182,-1.00557727223112,-2.17572190272728
1.93847993696446,0.331938852583057,-0.585434151739662,-0.600064732166582
-1.21643688708245,-1.0789915706916,-0.735280819710368,-0.886989845351149
8.36104072970675,1.33083643635213,1.6679218392945,0.806713944751243
-1.35288375443599,-1.25197955624208,-1.09040207613092,-0.771756479023559
0.437742257257752,-2.21355120065565,-0.343493616311229,-1.39420372346713
2.79579443485602,0.190187754162524,-0.365091774056006,0.170183681919935
4.19325976969048,0.481252285802137,-0.136233856702538,0.604985328036611
-0.605333489913469,-1.23384691752547,0.955860316529628,-0.407456554788855
8.59916471306204,1.29632650120311,1.09819025531477,1.00331495340859
4.32844438145381,1.04822795953751,-0.370938717891952,0.0517798621384328
-0.0766421662010421,0.54588545831478,-1.58720580592289,-0.466386467829376
5.95030605638662,1.15175645833643,-0.34753920055951,0.352156304139081
3.73575569230228,0.571611158292618,0.0663891517358664,1.08262056363097
2.70152160104811,-3.00854379845178,-0.61080961791576,-1.79486810934147
0.593773091036266,-0.41335814931074,-0.965391810372059,-0.555695505534393
7.24884194433001,0.479443140010112,2.16349068217608,1.13661006865411
4.11472871284002,0.208988600616098,0.0843262544743389,-0.522154185197971
-3.89062212653011,-0.955385807054773,0.238879820562397,1.84772677311274
14.4624164355878,1.61322343066837,0.490781502454571,1.73140413509659
3.16913454726319,0.025471349171362,1.41097500605879,0.941903763048903
10.3407074534956,0.939685873404715,1.9107297391176,0.826939964517751
-1.11571199580645,-0.701635653718395,-0.877085771132789,-0.956956818947633
4.00721199975315,0.298887403540225,-0.0393658518028582,-0.644122790418479
0.280688689344719,-1.03151564536602,-1.49561700415021,-1.39182507462538
-0.875273554413255,-1.28217658558051,-0.308061842079869,-0.0811161127332518
-1.07569532673898,-0.890886097887991,-0.165943346479746,0.415348660985893
0.72870977113363,-0.356789376573046,-0.128172959062947,1.30450442163003
2.23973393206208,0.449598881231087,-0.292942295671803,-0.559689044786482
0.252083125950665,-0.37036506342392,-0.110503419938966,0.210619617331963
2.40858150073727,-0.236449874240988,0.85902279517572,0.0899059114790557
3.73495777718545,0.218713939832078,-0.0929591797616179,-0.00585250391143551
6.5178230277654,0.753640842864871,0.476499362021807,0.233645079053973
-0.722909960020831,-0.431889638828231,0.0419330905741605,0.292247374180489
1.98733035206945,-0.552766950421505,0.186716888624516,0.00877550645293526
0.920516132917115,-0.295520637188235,-0.119997959304237,-0.186035186356527
4.48466555845246,-1.13698386183616,-0.171377312852022,-1.92700795890284
8.04410105921903,0.985938530813764,-0.362674054392032,0.944566321305135
14.0401376350262,1.96385754220605,0.236603326723396,1.11758746972967
1.55047876790599,0.302380543186193,0.049433825589799,-0.0805269170362831
3.3605574995025,0.620299371335058,0.021542704686576,0.54361671379099
-1.58734873319009,-1.38013347849596,0.860224378160777,0.188962631198448
0.676194630474186,-0.520012930239982,-0.445997220814103,0.054576755538908
4.69321666579241,-0.00360078022393429,1.84523633932533,0.971907843621677
5.64570743232021,0.479094239079143,0.41164209350218,1.17842782861442
-0.383209278466169,-0.448926760020501,-0.274936760799316,0.670469960182346
0.774476403329319,-1.50868467323544,-0.476313331276628,-1.51754633652662
-0.707388543548839,-1.02306313589546,0.134898969536514,0.0878931237794974
0.620606259490919,-0.208104472818205,-0.297824243783486,-0.599561372706355
1.11421784518049,-0.742551733044789,0.762593678512365,-0.956268483294164
6.80812525036058,0.8667199223233,1.86272920424221,0.526187223565562
3.68679344401183,-0.50134934530171,1.18457426761976,0.766989603479535
3.08417739748741,0.531870044147911,0.447047932527607,-0.27195587678188
12.0127937399298,1.32310444825363,0.54888185543125,1.41437232048415
21.5437312168901,2.62689861070232,2.76534795982213,1.59588291193469
4.10100365296666,0.463501274450283,0.824990603008182,-0.250233992839096
2.7942816929016,0.286341255872826,-0.168003788983606,0.73785580318336
13.377706447032,1.02929163008579,1.85835240955727,2.37864271775937
-1.57096978148022,-0.753742307394031,-0.382903348821749,0.0674324795525365
-0.810011446655783,-1.15258015037294,-0.808566839696738,-1.06802228378359
6.29679014308342,0.602126482362014,0.737545148317529,0.87308376589884
2.56449015206529,0.326888404218507,-0.437390430613321,-0.375633633629845
1.63474368459847,-0.306253758516795,-0.159431689055878,-0.974744943222882
-0.644745795803906,-0.510619531136622,-0.528872289914657,0.0209882110773522
4.11504402073026,0.522514616173265,-0.346586881253756,0.601133350869569
3.26121667523611,0.0143675511316145,0.271545499117373,-0.321259909508529
6.18787394376812,1.6178708967818,0.150117581708355,-0.275818269749212
0.822128053575426,-0.570482508156107,-0.0611166922346897,-1.06203193693955
8.64419955235104,1.02994217791705,0.629950651540098,1.72942095116735
3.80060073227982,0.280897475414117,-0.178267357512042,0.715555649410747
2.69675551118983,0.525017239876755,-0.240170105768372,-0.167931242140578
6.7524153944496,1.41824727264978,0.221533895523481,0.257388091942049
1.18670442355606,-0.703944215265998,-0.668541766321884,-1.12386127912287
3.39724153489949,0.896495813245416,-0.644772213489373,0.220930834886577
4.37039249207624,-0.320749763802991,1.08549003102884,-0.358193241926962
0.742148885744496,0.0628660645537955,-0.656461856080649,-0.836114120263831
0.933023189434494,0.542672618737577,-1.22211506438308,0.494971636031045
0.319038345897355,-1.11765343121279,-0.886322407705616,-0.874197087667583
1.46059001041271,0.173216998227539,-0.371972136426181,-0.802509566600978
14.8471817737465,2.38474455310374,1.79008352713132,0.596187464813705
3.03607890044218,-0.494770697298606,0.912170302138499,-1.3890248657798
2.17340132029954,-1.58610996210863,-0.241641742333059,-1.60438955809762
1.21002083774133,-0.36709528163281,-0.497031500800249,-0.590695337314006
2.97238724740293,-0.0453613270375517,0.120673033762084,0.504615477734034
1.2978361208538,-2.03588916418142,0.867023629018837,-0.851487867035104
-0.645073135236541,-0.77339175477574,1.00589947138343,1.40595843047104
8.09595779534575,1.22544724049591,0.776645004190958,0.111784677081877
-1.33674130151946,-1.76428617242351,-0.381241971520303,-0.613026763870343
-0.160260027121726,0.131743750035112,-0.71302997595474,-1.20735146467171
19.8775040611897,2.37589362739791,2.26345724114743,1.27869053662047
0.810744932306168,-0.207960566349747,-0.497283569212088,-0.35397725738868
-0.0665938132601401,-2.19822352361786,-0.365063296243517,-1.00965314546607
7.3818726573103,0.987011698657528,-0.286839399423149,0.709076997424813
1.48167747304116,1.23029875457845,-0.957895593896982,-0.64422779040539
0.856600749026079,-0.460286656495622,-0.472500198038779,-0.523754785597648
3.41397792190308,-0.211458035693989,-0.0739464674561276,0.665016672062029
-4.9830168480112,-1.63382547916578,-1.93899077398978,-0.159972241419927
-2.73813808502528,-1.184147220168,-1.31886485062208,-0.312988352226197
1.04938291884295,-0.372093007161894,0.911865165621816,1.58949851796947
-1.97686884111009,-0.935960359148132,0.576045986271053,1.54915114789808
1.86887577263812,0.313329782549529,0.175165077474894,0.15525091953896
8.22161851095934,1.16249991159414,-0.747254747817357,0.94708602078997
2.43290541631958,-0.114046282655861,1.25791444438367,1.0204289536429
-1.58510390953956,-1.25233917330225,0.791373551282407,1.02128114178267
4.91620807798304,-2.56630298826655,-0.584858515859857,-2.40478280995195
-0.265798434124673,-0.606520543123736,0.263795723567962,0.457746535953636
1.67920256952443,-0.545075534467876,-0.294150227732471,-1.18453596130017
0.587048085964049,-1.66714946527652,-0.461942511749853,-1.29829674441191
2.84122654252936,0.67616808073295,-0.533202841731096,-0.65847709954688
2.61643364465571,-0.525603078972677,1.18555406906488,-0.09271750846603
-1.64610948865855,-1.65550135003426,1.08839428816526,-0.177632865569687
-0.776982013934696,-1.05060230690396,-0.410750355296548,-0.373915758536069
4.32985744045184,0.179633902730946,1.60458968888788,1.54602433952583
9.62960915948088,0.841427223482275,1.30443980818651,1.70865145962239
-0.0482428176684522,-1.74500451687307,-0.747418198858257,-1.0707352248113
3.52069391456041,0.797335005917378,0.0201984829860937,-0.0180399364832944
2.36149479511087,0.776705133958603,-0.457220089470769,-1.09708965989066
-1.72109017366313,-1.5735230522828,-1.2981724152598,-0.280833703311092
7.75888785920976,1.71233153283713,1.42581366886005,-0.264446244716582
0.237134079431175,-0.189437652283529,-1.24472009476882,0.385560749309093
0.0547891346638533,0.0195888138871648,-1.33786146816545,-1.05459292383443
6.14147054572338,0.0490527553302269,2.54947021586453,1.23615400929686
1.31231430386646,-0.389192027725773,0.550486744869663,-0.134246097621044
-0.466210039371824,0.0768413999737402,-0.981982256404311,-1.12158215768516
1.57157244401243,-0.371644885539375,-0.167298413382616,0.834950010540283
7.11078058968578,0.655276919553332,1.18657988086669,0.186822847571796
3.13425018660864,-0.0208434060669209,-0.630786095388917,-1.12873557102707
11.0662100679863,1.25829172611607,1.84978458126222,1.3994238851873
4.42184872385732,0.624728967519946,0.730419998735396,0.378956817754464
1.67040384094676,-0.321264694453211,-0.592406590116684,-0.872140796644813
2.36008488419265,0.398601015615749,-0.780621434283066,0.889733961716808
-2.065974405418,-1.79872294232587,-1.76306081090702,-1.41908980951624
-0.273692263526062,-0.663781625360022,-0.653238449935596,-0.435916042895051
0.806266499610243,0.0489080345388747,-0.726054754455348,0.769770032577998
0.727190787363434,0.414707548243751,-1.56035591544769,-0.549838042618676
8.03415136325843,0.734339647936803,0.296741319062496,1.54582024713221
3.35441003753465,1.1082359436114,-0.387614629028066,-1.1387851436037
1.57106713295365,-1.26360285702758,-0.208478213922513,-0.92817448437593
-2.70276368035028,-0.900814301182773,-0.874974200233127,-0.145888848760198
-2.66305780866868,-1.19695993928849,-1.84891726197898,-1.10855567376071
0.604703763767184,-0.678237197273857,-0.606594928717528,-0.875566351732963
0.431183193236275,-0.823356971746819,0.519274297374886,0.392095167505554
0.905671862141921,-1.31665354284858,-2.30605995493134,-2.39454725675805
11.6696981094219,1.54540687879627,1.00363870522226,1.61106623092131
3.57388243492229,0.472779945687748,-0.179927202562464,0.699568007745495
9.42028873038005,0.857929006129745,0.869018718831365,1.33189372289703
1.00578899982291,-0.499633361817392,0.0254747544332032,-0.980555769753757
0.611752796384132,-0.288857107410312,-0.388201244738618,-0.245705606702027
5.58137152701098,1.01308009965782,-0.255866160030518,-0.0687076206884009
4.93486405787722,0.2970606896607,1.04153286422426,1.64852934014533
3.44979821299871,1.76203339626894,0.0406347132150225,-1.02830461711135
0.715668719294298,-0.422015485307445,-0.876677758755676,-0.813083259462664
8.1368895477524,1.38442266544954,0.787481134380898,-0.0318211051256234
-1.2103043857197,-0.803567629666213,-0.139619292780181,-0.0897939112273582
2.40078252276548,-0.0552943059686171,0.63321347836742,0.188890068690479
0.270075229596835,0.042603916158611,-0.693791440636357,0.253238456698094
0.580619169777891,-0.410870662946552,-0.524416323014027,-0.0833208822903348
10.6260797581084,1.42423949306399,1.16378590711942,1.13122627764883
12.4886634009828,1.12466291478409,0.978321316736259,1.96009760387606
8.57560075263959,1.71034856391882,-0.0389752100734109,-0.0181477872680001
5.60657191532639,1.01055448849276,-0.0552097459461375,-0.209901670767633
5.82037187504929,1.15734810831687,-0.111281799877796,0.686388003398678
-1.8775967744214,-0.846136995666477,0.33050250807896,0.259972442845657
3.3609419800272,-0.0135269825540129,0.947469628126435,1.52885577853337
9.17598937275991,1.92548406271389,0.0806689030470113,0.104454688201813
2.90367083293085,-0.929588751346037,-0.987753591771187,-1.55209446920529
3.30186346732557,1.23151652081879,-0.581470862794007,-0.201567000539278
4.35762210931786,0.0266791603681466,0.76074960287983,1.06952342174772
7.34273195051926,1.17926775513948,-0.0347699130746175,0.774754873880689
-2.9519199271075,-1.10443295856649,0.0558009249337614,0.296210435543965
3.60135056591124,-1.01776373028249,-1.46496615468126,-2.07847825169278
-0.210469575414273,0.144904515134651,-1.57842684662198,0.181793243360273
-0.751799097868005,-1.37435251652252,-2.53890965128386,-2.28692337547183
3.61682221370085,0.431553859490768,0.741232022349016,0.112376540970568
-0.436513675064806,-0.819086757735106,-0.0179122097958028,-0.485331529341987
5.2724257793988,0.288191470118887,1.68804083876937,0.322375945328109
-3.8889127456924,-1.37875195626384,-0.209042271092146,0.812366806729615
-1.06385018130306,-1.48412202979595,-0.364343876482018,-0.105466214314345
5.91521133185981,0.882052616610715,0.0451474152629331,0.778115528715946
1.86330946621075,-0.964347666354481,-0.795592384876502,-1.89918423057934
-2.08846881951622,-2.15568592032861,-1.1737833369764,-0.807247273069575
6.90138285259582,0.266242749647058,0.704098688228562,1.49450101416789
4.76451926935362,-2.54692480618168,-1.17661987326176,-2.13871487521198
19.3678795300782,1.99082173575328,2.53430202112205,2.32294837804105
1.95169830061204,-0.194037029048054,-0.414782154196086,-0.945078397522085
1.96172941364398,-0.0292964953397462,-0.213620166766143,0.604233107007573
7.9764965787035,0.573758235504764,1.34684528666382,1.67371948544508
0.628886846077846,0.00604781323655046,-0.991033254832834,-0.0744695244866216
12.5173702351307,1.02078028727642,0.906845560204269,2.2669907733219
3.27062190295156,0.199304216252676,-0.52702685007823,0.179249180297919
-0.702423749426127,-0.512879337384375,0.134690225164292,0.281565719766174
3.13751037110643,-0.172389889265757,1.02478947325342,0.0883682718605273
0.0206557201253824,0.0801823910075896,-1.60227308700382,-1.43178767543766
-0.203729733724785,-0.561828340508609,0.353398062123357,-0.178274405141874
13.4351361114757,1.55413212487202,0.782963256916253,2.01456097743861
2.39199787224303,0.587114229703689,-0.534597751638012,-1.31446316851766
3.61916734559254,0.558363018199278,-0.274705004665615,0.558370586620224
-1.28822824099303,-0.80416737307709,0.161284252140511,0.0595079247474726
1.02034478201812,-0.563236918454812,0.32293039150172,-0.484046966073451
4.7329772357534,1.11772201734558,0.5747385893472,-0.00320451903878027
0.839701803297844,-1.70502447071943,-0.46492564366613,-1.89694867786973
3.34999053296187,-1.05878463113998,0.695839010924494,-0.32296167635713
9.35991306430457,1.65855616823229,0.661110691109648,0.234520884007744
0.347131233079069,0.299495415721504,-1.38029870977662,-1.30628948717398
-2.04545929936127,-2.38254036568977,-1.5901059256138,-1.4229334930941
-1.75825101375895,1.39656834091062,-2.53488510892241,-1.07993767385705
2.99299511320252,0.7512329632163,-1.49769134606285,-0.297198828654263
8.48417023991427,1.16124667612726,0.609855861926132,0.188267443671565
5.67667973436629,0.283172142698868,0.667990415967982,2.57511347720138
2.04662132902678,0.134089057531166,-0.815184477531943,-0.534715598441151
21.7274252633196,2.12332080609196,1.96931469061211,2.52132892167921
0.916892583927932,-0.792011498372187,-0.646460617218126,-1.08970861076392
0.270986643906048,1.19875249112393,-2.22616724214398,-0.578247098508386
0.835712341255871,-0.431307134788157,0.17588470618184,-0.728910648644719
2.87108493152688,0.128988768567055,0.972276618077434,0.148298263638376
-6.13938333328867,-1.62524930498336,-0.45577768486604,0.458418119280024
-4.12569019432459,-0.846055912323016,-0.922163595914408,1.01172558036475
6.73187763872551,0.968747316513756,0.00913091615269368,1.00172367879849
4.86515384180621,0.593739472284443,1.10226309885233,0.385404133118608
6.12432391609586,1.17846485932074,-0.701562727080346,0.112453122141702
4.16121222859749,0.454453481694144,0.0491020550237909,0.500880062551009
-0.321575593506465,-1.29242536194212,-1.40311573531305,-1.9816976401647
14.6445209920982,1.79262590429846,1.232757895235,1.61450772929087
0.0224058797814339,-0.613566828028675,0.195193805168969,0.771473503914309
-0.750582994737296,-0.594052720425731,-1.02985777868506,-0.0772984862184998
5.67699938809024,0.596727986162248,0.686797667901127,0.748247844612809
2.86366088552378,0.0158146677611968,0.499763611188587,1.02982827477848
2.73679845064604,0.185455010215576,-0.399346189111033,0.975830540434759
13.9665090657624,1.22466062333775,2.51239324212399,1.90328139547004
4.60363765544133,1.48673545185744,-0.0511827424335886,-0.509418864606697
2.42714550858624,-0.605628680665793,0.925766558506621,0.535513989811497
-1.1751479872746,-0.119671849834147,-1.57226158424774,-0.872932084235476
1.75256262724826,0.601308259638444,-0.437501860647222,-0.698256868764767
-1.72281521363494,-1.38533829435477,-1.06639188077707,-0.749183458948904
0.877971785861177,-0.924661957959188,-1.51347495049668,-1.20656655619424
1.60387148522798,-0.831164791963797,-1.08548180323091,-1.5585676333379
-1.83491742453523,-1.09878290880865,-0.232222038550887,-0.419943326235885
1.66887658963358,-1.25822266273673,-1.58663821751204,-2.51031746529693
3.05850527182924,0.171869967832734,0.161531099079593,1.04427764646348
0.206849814137431,-1.18481249942477,0.329725747441435,-0.958047016011592
13.3019574493788,1.73311756300543,1.51879851657738,1.05060970594809
2.2185535913754,0.145687124671588,-0.380941780845079,0.871768846418231
-1.60733230663687,-0.636456352314458,-2.34365869804236,-1.39934040635438
2.72792068400863,-0.159273764546719,0.137335911264273,0.769494125555042
1.8753504636057,-0.423466923358729,0.51533843014262,-0.0593524249885724
2.20685129386001,0.438355882192582,-0.83018649953088,-1.05228553255292
-0.419322582395421,-0.389590820640873,-0.966525603055354,-0.196595941522249
1.55101729763573,-0.119359657786614,0.463431916637118,0.185841093592311
21.144881030991,2.83479737511324,0.250014563815419,1.91406244770771
-1.33611940626107,0.137851400461474,-1.57964601485125,-0.883021536272045
0.04487719569641,-0.0699227211540714,-1.69930553330242,-0.196089448092371
2.39978336407911,-0.0888515435828778,0.298718198364938,-0.793784803387483
2.14590726939837,-0.0797564417176216,0.155452039417118,0.221310252911844
-0.0549295138487454,-0.42953623538372,-0.690848501303047,-1.00266746016367
11.0580867588141,1.30391162174388,1.54744294078827,1.55801449545363
16.7393375468697,1.64890515409104,1.27129987209559,2.3808852120721
-1.11907713147959,-0.916221016053245,-1.04355091045165,-0.69724287532533
0.129762719920943,-0.417384588739774,-0.985038418431825,-0.721221995221638
-1.43953377647852,-0.89248594642779,0.825456507680601,-0.233705768812365
-2.49920341468767,-1.0938033876648,-0.367926117977646,0.264849529019677
5.03043448819825,0.642400481011271,0.719477689531183,0.702028658631851
2.23000028164577,-1.37552844009262,-0.123259149996586,-1.3458165390169
-0.995414459613079,-0.688945592057253,-1.02488057949116,-1.1266789111254
8.01979829838785,-2.63334630717926,-0.738493621265317,-2.99059493013416
2.98444734291792,0.606474772894523,-0.698922780658413,0.532242079938787
-1.04316075158307,-1.58393852158736,-0.132745936466924,-0.374152814429413
13.8828561726404,1.42647132864138,1.92967219646895,1.53441107647176
0.393202922507129,-0.151434097347607,-1.16863930463804,-1.06940629307503
3.06833520405214,-0.234232957770582,1.17693277299767,1.37091413170367
3.61618063942962,-0.142044729544288,1.56271672432789,-1.00859366987087
11.3286432010986,2.27383975118423,0.740654367424762,0.301564924616794
-0.0542980857128109,-0.0457227230807448,-0.736115135394994,0.401859507128924
1.56938706959715,-2.05501463537332,-1.66441975810551,-2.13002011033163
0.849571564180906,-0.520571758238579,0.637832801049754,-0.8878661096753
0.0468588070011324,-0.0178620175215925,-0.346127409582637,0.877942622234095
-2.24113009387579,-1.74644151320468,-1.45417751862216,-0.234165998578104
2.11165620742704,-0.764075680073805,1.52127410972822,-0.364356701755798
11.723523497454,1.59440768609005,0.998590999323436,1.02126303726185
4.89834678770843,0.873937819433674,1.05309335931781,-0.419915806700821
-1.74960970516813,-0.512196369378777,-0.392878458078297,1.26658069415782
0.319154007660084,-0.167757553400362,-0.941821818874272,-0.536602312187901
1.35766673367515,-0.0346417766516341,0.0310450105629892,-0.381373801541812
12.2110339241316,1.34008346255964,1.62917650199407,1.02930826053799
1.51952940818032,-0.215620678886281,0.625186454436727,0.531780506061271
1.33497229431656,0.126716400979373,-0.972665371536361,-0.943140389332439
0.799371502150851,-1.85132304517095,-1.1475756016628,-1.71878930880103
-3.6947885056594,-0.555229193589341,-0.695413103661045,0.377090838949217
5.79413028988458,1.04200665706232,0.128980909401001,0.943779149823171
0.333768826274181,0.577639809929459,-1.41411185590992,-0.658533492304744
1.81317575751109,-1.30908903780351,-0.562392055093823,-1.28458124124368
-1.51919960695174,-0.96083687129991,-0.242772464225967,-0.52374446940424
0.259214005939985,-0.243572801296878,-0.451346930199599,0.444763365726897
3.17737151674044,1.10261120437799,-0.178693768849588,-0.447859182123205
-1.19422230796418,0.012226397806264,-2.41122448518364,-1.23640222498735
2.7084050452839,0.124396477885846,-0.869553156212565,0.0736383520603526
2.92251797820276,0.348255218595427,-0.15879656716325,0.613026899223234
2.64477733322163,-0.042572118470252,0.218531265804861,0.821257546638253
-0.429392961890212,-1.5804147473448,-0.544899594708896,-0.570547737019878
6.87389702629484,0.687445777515445,0.975649586426586,1.39103882230529
4.17181553272971,0.36319186748956,0.709712780390357,0.137211851609579
-2.52157916266542,-0.0443349135596012,-2.46178823916496,-0.920385830994053
3.88329245714411,0.83593492932065,-0.635317315569529,-0.087405897204248
2.57251867742279,-0.314329517317312,0.453105353974862,0.548583888887419
-4.39569421237389,-1.22470945054076,-1.53684836373331,-0.307418360631726
2.44582876283718,-1.15779736655374,-0.594024169367628,-1.49447666321193
2.78383587586735,0.271252156140399,-0.588803799584749,0.422463568250569
0.661676606628842,-0.261097232477627,0.136027444489075,-0.607091200772658
0.870401900069638,-0.138673906834773,-1.70748782809369,-2.29968229546671
1.02407224011507,-0.302586711516123,-0.994486872480948,-0.855439180944942
0.738923164823464,-1.22964160431499,0.039834104831899,-0.771676958577229
1.79858510573929,-1.02453315391553,-0.723862595025721,-1.50809205519442
12.2265962169195,1.07302784987948,2.28140713453371,1.31598345138718
-1.27186000224256,-2.75735679870006,-2.38467366746663,-1.54747588505852
4.78426084975471,0.808834488866166,-0.4604110165226,0.391792066295739
-0.486933478558968,-1.31839636117624,-0.72055796622405,-0.77017515702134
3.41128122422055,0.392455076408421,0.0962742527674612,1.56075501482372
-1.65002484387194,-0.899138596589984,-0.091160040126577,0.381795984260371
12.4877272633906,1.76826538614474,1.23584875785177,1.13172175425423
2.43934637964006,0.22207229367063,-0.538130083888909,0.811555180033891
0.1408737475459,-0.188077296366448,-0.17669440607888,0.215832768964306
0.0854464468435865,-1.05266928760269,-1.72681040134282,-1.4191330947226
2.69906649967897,-2.19913703739602,-2.73536652924617,-2.11255868727694
-1.39715337118466,-0.732477918608223,-0.794839399100063,0.055947530401968
3.50928238096174,1.06977123246138,0.22547871362243,-0.642438079918269
5.20605016750543,0.280168928755882,0.811686994630818,-0.080309537522441
4.90263367071778,0.415024546198999,-0.0325525504273451,-0.442025222634615
-0.409684780279155,-1.20000296260455,-0.0472412698912477,0.00692583834432936
7.87153911775115,1.41104565828594,0.0691337984611104,1.321497989258
-0.109563261330793,-0.241505208346609,0.180359709870486,0.459281605040619
-0.404472193837014,-1.72121342342759,1.01240297268455,-0.108495742626032
-0.112671938372273,-1.00805992648484,0.616954660000589,-0.25273150633388
1.513160312574,-0.115377228604395,0.12200569256859,-0.0302678013026385
19.7640876130212,2.8950109667739,1.06928038397945,1.11136921703625
2.50379080666318,0.938408653805172,-0.259852596046421,-0.905088972503703
7.24262473564473,0.781941740915206,1.65222305849167,0.774102592673766
-3.17277644499565,-1.04477491437084,-1.02784654102259,-0.0581415986224377
19.8969411626753,2.59514498154279,1.52994444565012,1.65287212176651
19.7902069072039,2.37724859405238,1.73500827417422,1.56551262794271
1.63830397516845,-0.152462069795414,-0.405463516200071,-0.247590522518779
-0.749365195904918,-0.524709120646736,-0.775353681919535,-0.337687314321976
19.1563907611218,2.20587574606465,1.18331008212051,1.65811946760276
6.45868225637998,1.1099793356493,-1.04019410460906,1.08312937411962
6.18539992010027,0.706590471109794,0.183896377217636,0.144822857960317
1.83237928952987,-0.454781439033624,0.442528894947929,-0.563690179371802
-1.12722926210193,-1.62915942631368,-0.628299774244505,-0.471296043538916
0.223421418583282,-0.619923882868809,-0.700828853396716,0.101266528412998
-0.704531806042769,-0.260934871801311,-1.48783127358793,-1.56327070875424
-3.41447441177175,-1.40066929667304,-1.78249213101375,-1.09341400862941
4.87980440943315,0.64513303075873,0.23327629207946,0.159995722250279
-0.180657355759137,-1.10166626811924,-1.23080868806379,-1.5564327273036
-0.517108283981005,-1.40452549805503,-0.535069411446897,-0.943845859259058
-6.22288041803856,-1.61355369653069,0.76172015092366,1.35611269050344
0.997590719624152,-2.02881075625054,-0.767764545195729,-1.52840688174338
6.73332412335974,1.95877098960575,-1.3300392159809,0.702098397990556
2.24563423487436,0.14741874927678,-0.916464090345315,-1.14614107883445
1.84215633130207,0.914518958300989,-0.824580892728588,-1.58093539759538
-7.52297172235165,-2.28425234949248,-0.425076645083416,0.323152218246513
2.34113283692054,0.117832904027302,-0.360472218848107,-0.346393949962258
1.47585577937502,-0.989514937945306,-1.46133415228129,-2.28231842994757
0.102344467016983,-1.38946462178715,-1.08369148878175,-0.558153898978242
1.29701452134906,-1.58442925819282,-0.755371840214577,-1.73320329083014
4.51292412887695,0.959820339548693,0.849129553327448,-0.0899485279796011
1.94489588024599,0.277415394270302,0.0502848819511013,-0.475990598731164
3.57595036899129,0.0179160157885664,0.129079818038,-1.06747827978647
14.3668548169016,1.72968599277268,0.991760186534395,1.57967082743077
1.74217811243862,-2.134254900939,-0.4708095722531,-2.11953828654902
2.25801184022844,-0.238187046679034,0.509737118911198,1.04018806741789
6.38283062269672,0.941384560131007,0.856789924140329,-0.112047260681263
0.59939066731198,-1.06264558100795,-0.522479375862891,-1.64819953566568
-1.86196752000986,-1.33366959649092,0.346918655959256,0.147919483191081
0.684961730914182,-0.285309762584174,-0.629075283345781,-0.19998754534897
-0.645808315594683,-1.30169506469501,-1.65966609824064,-1.70775379228723
2.96452510217701,0.36541642730333,-0.231932055510916,0.0572550618371297
4.54502976255086,0.428029756350423,0.322721804316205,0.7638591258059
0.114001339166231,-0.750191141266377,-0.989238486589292,-0.604003028120438
-0.967728322627087,0.397401128222888,-1.08638150178966,-1.51472425817157
13.4550326192798,1.29166545155202,2.63223622470447,1.9541157962353
-1.1225307974232,-0.60363583318857,-1.4861302503176,-1.77805367030011
5.23577509351771,0.662033887876783,0.701069836732275,0.601386726105812
-1.29778292622827,-1.66791691382627,-0.807664751658052,-1.02722354864463
-0.576079330081346,-0.300340244435025,-0.719195729894385,-1.05576397952636
-0.107573424697901,0.138722653273188,-0.789514652588843,0.581576656803528
-1.40765856106845,-0.18267786283479,-2.01068705170349,0.057413235058662
0.136776302785074,-0.423642301401159,-0.509749065474751,0.375510606695306
9.25313801819785,1.23680639937599,1.13060410055589,0.917765947101146
1.64871193484876,-0.269030446146019,-0.67137949837444,-1.04433984033744
6.88526026547606,0.927862692599624,0.828658620282624,0.381785767759619
10.2060213650067,1.21523803929262,1.87974372270024,0.859087278860586
1.60739130203235,0.61132654835535,-1.29027103892711,-1.34772365281415
1.28616300538516,0.0580780633858846,-0.842246976085867,-0.730521786096045
8.73536258390106,1.11570127965427,0.82594715363876,-0.549430492573018
2.65987374783691,-0.543520946260402,0.705781251225312,0.136305872614528
-0.315184900435053,-0.517918111317466,-0.474868403990324,-0.150238172848764
0.594250294022124,-1.05034057561889,-1.03026986933955,-1.61156259867793
-0.530491662209528,-1.19213952024247,-1.84393685345911,-1.54775858283096
0.0625944645827626,-0.103767077802823,-1.02471642832167,-0.933998034390448
26.0728452601274,3.20385444447734,2.17018121949512,1.57951857817549
0.424942486137589,-0.453217447327782,-1.9563580006589,-2.22502366170835
1.71693146166779,-0.149959495152082,0.907982356017215,0.884425510770801
-0.694249241508451,-0.718032894883077,-1.02219106826036,0.323339195265187
11.158676360552,2.49439750777453,0.513093155720383,0.20234876733795
-1.09140547033285,-0.889098000880276,-1.74453081110318,-0.698876525674003
-0.532914785376551,-1.92146874276696,-0.107446519586393,-1.11064006961481
1.09538413586573,-0.419511977812048,-0.310436459098541,0.830513569885099
7.35282702611277,1.12393046722343,0.522021513711044,0.226924272868006
6.29153604950133,0.821432893690116,-0.221392497591688,0.908968523815046
0.609609784726028,-0.541649044371683,-0.484334234164085,0.379015479013548
5.89537346999031,0.743827160857964,0.799605958568602,0.531366595745148
2.31494629015808,0.0345209135346265,0.547072248110319,-0.364534818318113
-0.442362570816759,-1.75874012496402,1.17748862645947,-0.285273042522031
1.27641033754528,-1.80068522259505,-0.338030553125849,-0.817031228838217
3.05307564759507,-0.0379102286149513,0.689331134319278,0.715400099057701
-0.31343851094465,-0.108930652754136,-0.41709019292641,-0.376370527639248
-0.413785344460865,-0.59131064074302,-0.292990876565744,-0.456859187618101
3.10372297336074,0.348131555783141,0.184731146586428,0.250358966745614
3.60160779039825,1.11010554883336,0.405191380791355,-0.291348628926467
5.1095099415886,-2.14684175062152,-1.36435565333595,-2.72263231428229
4.61940578076292,0.523173580538682,0.05954986371142,0.656548294311029
0.205317053152087,-0.31888112367744,-0.0968228976884284,-0.343942659659579
4.6017738449413,0.213332553154459,0.00462057419918296,0.955922953480001
2.11579752893422,-1.95133742018125,-1.13772338449813,-1.81974301388696
-1.95749479632082,-0.878372198148502,-0.101463280696238,0.56049538145719
1.83575209964544,0.263630134320494,-0.642269704594615,-0.594351904305268
2.7111279845248,0.575439295594419,-0.0877277237822203,-0.339155036183718
10.820821801618,1.33349816503324,1.42158065742798,0.526466961369347
2.67667019711863,0.893728252087391,-0.354994421917916,-1.27482706464956
3.02047769810134,-0.809171219961301,0.358945388177237,-0.497566695722687
12.1207768031723,1.81076882066462,-0.0857146466281498,1.0650022858089
-0.507257365361306,-0.863039353027581,1.5773666130117,1.04847800925129
4.19673283882006,0.307211073451916,1.46316164470067,1.00600357909218
3.43226721863466,0.00420448127438927,0.836615409834647,2.00425336502117
3.1695826066993,0.293512659894679,-0.218354947381595,0.677205675867825
2.28167495827295,-0.130322673234811,0.0311001384463908,0.526267681095154
3.17176262517212,0.76988040481758,-0.218675456371502,0.174771785017378
6.88649079527048,1.24548260770328,-0.175434646036243,0.172625224823746
-0.381151323504726,-1.43535098615621,-1.01501846135767,-1.29083484080385
6.30167594821664,0.0417390842460206,2.11547063538696,0.0130378574004755
0.687785963047085,-0.180493040146644,-0.602093243790276,-1.04627263312822
-0.168181450747157,-0.335479909014754,0.912216436465083,0.451632566610396
-0.0777811065437051,-0.125779055100428,-0.914021451979677,-0.840736993476488
3.1653796938603,0.389578550986637,-0.379605090427521,-1.04201379303774
13.6883725786051,1.41273462482743,0.483378273902494,1.84011289255611
0.230271529837669,0.440779518593394,-1.14380173827909,0.634100238727231
1.36000424569555,-0.501903004328173,-1.3537413008796,-1.89422574855925
12.0371340712074,1.25179895903337,1.42256635422076,1.12897208622399
-1.54254815813168,-0.656973113777528,-0.867797509636961,0.0236734899298908
-4.08487123726854,-0.790796061421231,-1.61274402721291,-0.62024185059595
4.00857729095425,0.149874328625545,-0.12635797454485,-0.166665534751633
2.14023336739711,-0.30894365493992,-0.0162848415807201,-0.646338754510358
11.1898546222286,1.74515004608633,1.30781549052638,0.789678337345223
12.2888687908156,1.04622221672585,1.77780133690463,2.10395136364707
5.59501412472002,0.892961423964351,-0.695501746802124,0.453896641183778
3.62183017890444,-1.68679113990891,-0.343399999003728,-1.68238770643665
-2.22390779991112,-1.48772701361343,-0.957074036544743,-0.870709585025521
0.121260909263694,-1.18349774981711,0.303313864872265,-0.395309214945577
-1.12738728808153,-0.588691893563126,-0.557966014395144,-0.930688737758245
2.0295286405123,-0.576134449601971,0.217401752664235,-0.524355192478926
0.544753782809044,-0.517893801801914,-0.347942086542203,-0.459427282361662
0.930267742596104,-0.519243271775422,-0.317580209822213,-0.625847432939311
2.54436526577452,0.574522280553358,-1.27086290161912,-1.04157603931787
4.55921978708312,-0.219342831607388,1.13419302794275,-0.29865102001099
1.29850238411041,0.569246185876739,-2.34532571867291,-0.931745286937792
8.19572563458885,1.27150083153769,0.387127164629383,0.337340925637732
-1.34464170632327,-0.912995003468409,1.22638936949421,0.497788653962104
-2.61552566858228,-0.606739942911656,-0.156060323177134,0.538528153391606
1.45649120970601,-0.323210505962893,0.0977439729948819,-0.468733115529509
0.115587824260666,-0.406514105973991,0.024616721455462,1.01370362861707
2.16133649479054,-0.150312772308758,1.19286047160024,1.26667221878335
7.86370532141546,1.07058443742487,0.284415538776141,0.2634906881894
-0.343884395528661,-1.42026418504601,0.257850342773688,-0.369789247857214
-3.25361874218352,-2.09791829644247,-1.51076015971701,-0.771510776042361
-0.120681261320239,-0.237898304683289,-0.476886168265737,-0.194346084733951
2.54370174861959,0.227572309211217,0.0980374086969745,1.12220037445143
3.03864853386331,0.48902166822048,0.264043697875632,0.821555540614811
1.8889104105437,-0.10055720930187,0.502741326319211,0.26304073214414
5.96548723724368,0.713152739064544,0.812971238899992,0.830880342995123
-0.706289468401248,-0.832747536644572,1.27420235476966,0.0183691096829989
-0.901240536170563,-1.10316312188377,-0.0949146928977259,-0.0982711149020771
-0.87129603661022,-0.576855050040241,-1.21047862604511,-0.947211893412613
7.32430900812037,0.315831577313272,1.70522159766962,2.11303987334908
13.7013955564109,1.4508341119154,0.63048904873916,1.98877702847914
-1.26986818343429,-1.29018586039367,0.801293290953921,-0.534288334580565
2.44148219023497,-1.440404558905,0.377188443059556,-1.22006611866935
3.12650519550494,0.107524523330492,0.697322769964048,-0.145319952809041
5.70846135951562,0.375515963216401,1.96995291161418,0.524738461486051
1.83770396698927,-1.25210844806754,-1.05525232699766,-1.67963515527846
2.65111432389298,-0.165865650261272,-0.123211332892289,-1.49180303730891
-5.88828257449084,-1.95381100274072,-1.26302395913854,-0.4760948721129
0.644951875744965,-0.295761502124959,-0.227112442563406,-0.140090310611412
-0.725789560857405,-0.832184369572162,0.293265566580313,-0.471617521364096
3.31435746294041,-0.385798227204047,0.38970512342266,-0.72198038655651
14.9564835110386,2.95707722451066,0.648991602725059,0.61726131819617
2.3070259594466,-0.297183540278224,0.454662248859157,1.10989586301797
2.65415080822827,-1.69744388528186,-1.08785879295442,-2.16051903647722
0.792355729155129,-0.0586989135064714,-0.00100057477985146,-0.213639617717593
3.93875471705726,0.150762723717567,0.768252656215488,0.219722090969439
1.44898200926038,0.827140628815913,-1.27798823174171,-0.780955472708695
-1.73273784253028,-0.963937063787019,-0.68914471887547,-0.54112202464718
5.58976854316167,1.17046963275547,0.198012775118512,0.00796906145742338
-2.24660467917071,-1.33491745771183,-1.2698915554173,-0.29323195347202
8.89027758351089,0.78138297119212,1.48267792744904,1.89914624616475
2.09283213285976,-0.230133489394432,0.11042946959288,0.590063604262854
1.1687386929727,-0.167247413035106,-1.35815555389524,-1.11687923483429
4.82565086384635,0.434592572338523,0.523153797281196,0.0463711175085672
-3.66595511081087,-1.69254254754042,0.610537081660337,0.192514892796218
6.06965669346804,1.29050223399629,0.11216376385059,0.363124231107495
-0.291033320831099,-0.793860257892277,-1.90267573459414,-1.56998040696059
-5.28415646189199,-2.02300553267875,-1.58039758551521,-0.255969069177208
3.94284045839577,0.885050429097417,0.377924735607024,0.058457070654994
1.36336807794826,-0.1138957271837,0.449503768790214,0.430893603770662
2.84154439461739,-0.00102907154841521,-0.118570438985653,0.428291137934314
0.188287173507111,-1.66376546889851,0.861857660782642,-0.419303035525865
16.137190059079,1.90930827647042,1.44839793200454,1.67339467267426
6.81331715597138,0.436266490098042,0.688088202864234,2.54353948646211
-0.0490771810644182,-0.269090547315195,0.299158997688754,0.861275129973285
7.94100893953147,0.533828278140758,2.10399557855226,1.39480844480769
1.30545220974847,-0.461599020947849,-0.547308849611796,-0.859392352801987
-0.28572705888206,-0.808549478748482,-1.18857469206995,-1.05831608760004
0.738995171043976,0.463799227898161,-0.800521325356445,-1.27159574963868
-0.47442980510865,0.13688649348922,-0.193799159264338,-0.94471493997607
2.47409495009175,0.294164120633779,-0.629584041772517,-0.0306074301189646
4.10128496393882,0.169762436558926,0.413210837772747,-0.31610258997028
2.87505352104396,-0.0902018186785675,0.746182116704985,1.80061616412605
12.0081755063595,1.16765243138843,2.31914568700588,0.620772444922731
0.488837914156213,-0.716917132813718,-0.263563291424896,0.10883054508092
0.291850318647551,-0.46331886715893,-0.72922579258379,-1.25858630951014
1.14931167726891,-0.0285002889718492,-0.633406068791849,0.45738807809377
1.86976274406651,-0.70410011006319,0.169955326789237,-0.0776870057520795
0.707287340650359,-1.10836258738427,1.42371230613813,0.321960658079292
5.75525339371614,0.702998801441472,0.757777456988747,0.372149294254776
1.63607192152796,0.0655144602141791,0.10905794452279,-0.0504965201122756
1.71026340013567,0.392235138583483,-0.141332180645252,-0.022201189614749
-1.21070907145027,-0.791106502992016,1.0838772963681,0.851235240325843
4.89830637582783,0.720931949072113,0.800904513230606,0.366613474354067
0.899271165995633,-1.67105277276322,-1.71614639274129,-1.74197908886855
2.4537145581448,0.837352062752498,-1.22641081617894,-0.151212897492618
-1.67202991313668,-1.37147050624141,-0.331664844899527,-0.0133673448219114
2.11181366405302,-0.773552551924326,1.02110538123395,0.393194342988547
0.134985453737158,-0.0183004062490207,0.226146473349787,-0.33686403788228
2.39400721310234,-0.249160432521093,0.25289852729422,0.0531976922112798
6.61247909016385,0.602302256338908,-0.10254867134524,0.851481780350731
14.1490497439972,1.86443110596086,1.24004359090142,1.31155717478771
1.49098556257365,-0.714171885070827,1.21983216164511,-0.846096443274953
3.71776349542158,1.17984908276936,-0.4880202595742,-0.27963930206393
-0.800900240903415,-1.44989698962156,-1.5124534439924,-0.995366646371809
-2.09686154518914,-0.830429528161564,-0.193276189388,-0.116201050431291
2.31990809810181,0.582852941585158,-0.305878414771015,0.170529709066188
-0.677490565787665,-0.12675937719554,-1.20410775362523,-0.191357402450067
2.55873840507638,0.169119136544342,-0.513510225116956,-0.211693858928496
0.656839905472786,-0.236737945489412,-0.970572125438981,-1.35146159739269
3.47023718688891,-0.183224562705381,1.91963326852818,0.403614731892744
2.00912705919913,-1.00434144120382,-0.743174009104398,-1.6011328003163
5.78725766511333,0.525501491701469,0.547573644008635,0.598360991400283
1.86948083830483,-0.164925523676433,0.408142209358667,0.298580163772135
2.57790078449126,0.269448978556293,0.391363786349975,0.312270175495233
22.9209345687849,1.94287393089309,2.13772173917108,2.86151523627824
-1.95293528598083,-1.5568721453804,1.81381616734665,0.42390079323932
8.67771488686567,1.102805380089,0.409085248459718,1.29576935776915
-0.27606555723549,-1.11343190872663,-0.598699449962494,-0.471962252141095
2.45231606146741,0.70003214319667,-0.746470361854752,0.244441693133366
2.7168456245824,0.355638808694191,0.761347830848981,0.819310804826223
-0.485568038262465,-0.756829041795605,-1.45212588357307,-1.58123116901383
-2.12638266946246,-1.61417848408881,-0.566857776777108,-0.491450261044704
-0.305066238545666,-1.06752956238542,0.964847538580493,0.0563098301265783
7.57373267542686,1.37367948233509,-0.137514455780352,0.386769012247134
10.9520338506083,1.81033071307392,0.788771753699743,0.755153176378576
0.0221344407399346,-0.341967623944711,-0.978015069640474,-0.125431654895882
1.59406564774502,-0.101633506053855,0.749922635992275,1.30039966034993
6.83617052632688,1.47807600057746,-0.145632232675771,-0.393813689142237
-0.403817752585129,-0.327545426117894,-0.494647553034067,0.89609998040388
-1.54758377542308,-0.483675671306401,-0.907296701382903,0.284838617271203
1.50001436208786,-0.0403032368532177,-0.19812471690721,0.093651721493884
-5.33845692496591,-1.55043570136508,-0.83704124780026,0.311738711846713
11.8327356381475,1.63348230111631,0.582613943090665,0.725570407862433
6.70719473559963,0.39581255957386,0.929486380350252,1.49107824301699
2.78167150842091,-0.933151681142231,-0.146369125646674,-0.845984862654506
-6.37347747573434,-1.60577186515949,-0.485041587673067,-0.163781037906607
1.04407957521433,-0.0415942567317687,-0.365059994891176,-1.27899649008334
5.18579066297242,0.262022027319515,1.68245254420116,1.50331477120863
7.06369684205546,1.71474374409645,-0.279335842835365,0.067900623184416
8.21533437198992,0.767284810830518,1.19559703576541,1.18487777834358
5.37659391906377,0.245416780245393,1.09623893779323,1.69976171869484
7.7710054972637,0.482579321099375,1.33011462525889,2.01806321685611
7.40156591905189,1.0350451987445,-0.899176094568383,1.36327334281582
0.370087400541839,-0.371809920450981,-0.389255550678894,-1.00948846121512
3.49663536732076,0.367648213787669,-0.347770739708489,-0.401380768689208
6.26454016793966,0.811394838741141,1.14336619854897,1.22138315697164
6.10390342677558,2.49574494621939,-0.358787158936265,-0.821687358676666
3.88422404312941,-0.0989066199320352,0.592263441860661,-0.713689292215611
-1.25720901545997,-0.664618649981573,-1.53448108537918,-0.165636103955015
1.57116651861777,-0.489520489030517,0.462624947208268,-0.129405660970239
1.93260452165022,-0.138700701090357,-0.341853087461062,-0.882300347965662
-0.994143327467386,-0.565738416105095,-0.812183555035077,-0.39865239272996
-4.19029049593435,-1.15909541235227,-1.62504236393024,0.16375671621379
11.2306901004849,1.59139049195998,0.589363166375855,1.04328469155964
1.26280414962245,0.0315347037955343,-0.725654531267267,-0.349775199414638
7.18739392414298,0.486449416935803,1.27820409446791,2.21907720778533
17.1920805236356,2.49939264916857,1.28154229082672,1.11947014797911
0.151690486660091,-1.00003050873587,0.242110586087616,0.168809948397789
-5.76919024541777,-1.22772180683079,0.797858526419814,1.60511239935563
-0.931051635288483,-1.9137120911807,-1.01711178241456,-1.12037791934512
10.9325737971911,2.30944231912058,0.366506799490771,0.502427940035436
6.47092179729414,1.12573143758549,0.989629285837367,-0.153637747030239
-0.60974445174454,-1.452700415871,-0.795869192602765,-1.45072841878082
0.623101274770753,-0.0786805287206665,0.0355633327118265,-0.21507425808948
0.273244427084354,-0.157182545129409,-1.34123098423535,-1.24967005105796
1.74157913464318,-0.54455252407446,-0.354963059908244,-0.612163458970153
40.3060876490456,3.10594483031325,3.84162114033777,4.0272210265211
1.26952734666019,-1.69418785664698,-1.73109106934151,-1.99318702644513
-4.12410327279262,-1.73181777799284,-2.43193593867062,-1.1997079385405
10.8789526388333,2.31681946993137,-0.442775999920404,0.766108440186455
5.29620739988978,0.400319496570803,0.423065497548291,0.726075984555148
14.4672423338457,1.48414034501872,2.17726239950091,1.35822399685257
0.904857830584853,-0.371007360481468,0.487765824360537,0.824859621822066
0.307745584961169,-0.934887698679871,-0.0388443034930538,-0.267640790223101
-0.446907780781679,-2.26965743990513,-0.252160907025698,-0.653724780854847
2.47847293375254,-0.330628571623387,2.20256150822353,1.25348835419239
-2.1087956057177,-0.648182203271592,-0.483945861205498,0.84676474704677
17.1247771905732,2.19779814652375,0.907877236386191,1.58555361607195
11.1354483879941,1.04666178898358,1.33381415008025,1.45979984822009
3.00435181348649,0.540890994326991,-0.362135360211712,-0.206712240997425
1.73755582924956,0.547426350402695,-0.304996572558627,-0.510016085120539
6.20838036081882,1.16197434712964,0.358202680618822,0.133124599469311
-1.27375893605786,-1.11107081771015,-1.57624762661733,-2.07007252145676
0.686735738860996,-0.890690545865932,-0.00804314478767404,-0.0896386918750639
-2.37947445095777,-0.790385663178119,-0.856808356673596,-0.805699446209652
2.8609860490232,-0.221448356152445,-0.129324803457298,-1.2443732183918
8.90711726746531,1.95341461510628,1.51842062759737,-0.0141795881773481
11.4783034767902,1.0608176407127,1.78295314481001,1.65481673941543
-2.18378843842617,-1.83432000601107,-1.90511626608607,-1.41217675991763
3.43883740444171,0.54975018550713,0.425311345323494,0.514374532885494
-0.818823278106824,-0.798698854870653,-1.46663452286606,-1.01702680786063
-4.95061456060015,-1.33242454715408,0.20336868644971,1.47145262009536
-2.30766674159819,-1.59233429321869,1.84466254771065,0.429284556817401
11.2686199467911,0.873288370880509,1.30453524488971,2.58985539155018
-0.481636914812605,-0.873569500729808,-0.265107900453842,-0.384848395793423
17.0173653006085,2.30212472734578,0.64186581647023,1.41636428418047
1.82693671080327,-0.101693570322213,-0.462098839281034,0.989957145580302
10.0043357478938,2.33838537725358,-0.337174664135756,0.0142667581740698
-2.07617630203913,-0.170199838739233,-2.95284792882632,-2.24149410143756
6.15050167352928,-1.90270330510019,-0.590857327880193,-2.70624098147137
1.38054259935773,-1.06068815968947,-1.55534487913932,-1.58194282020059
3.85524694717892,0.538497906368373,-0.197408254709308,-0.0392888931702054
-1.69749356079611,-0.566653095925447,-0.531280200431578,-0.534083450964791
3.05198828387381,0.200248326854039,0.127178804316636,0.676201926453158
7.52565630520498,0.69528175699146,1.62606768098799,2.52600771115916
3.92669633379995,0.000384183194628074,1.17301606199669,1.80182842834366
9.02316821228906,1.70643749468922,0.560440392210562,0.362318974372835
2.08632985611081,0.850061187158144,-0.300810268177795,-0.6883555337863
5.065105400159,0.705598790006991,-0.257571978782795,0.583791940139501
3.91622999839743,1.09393657827848,-0.464319244136202,-0.514036733557935
14.9865207295728,1.88265991784245,0.879354872040855,1.28228213696565
7.33796471661911,1.29628665705554,0.203098355976753,0.652915422370109
0.144175470382376,-0.538392461539751,0.304045622235664,0.426528663853621
4.05922450985333,-0.0566463418627028,1.10441519322503,0.507154685686858
-0.638396842854761,-1.38711956605736,-0.854824573811132,-1.24066590439037
-0.165303371573798,-0.722605300242806,-0.786822200786528,-1.45122352056904
-0.963907312942754,-1.0464292904683,-1.08165703225861,-0.694278234435395
3.20647921064689,-2.65544063799778,-1.12638672843275,-2.05871392066659
3.22963611083121,0.617543389872006,-0.21069720706256,0.137789326633974
6.47419846887084,0.488078210711023,1.04683386843237,0.479612943070906
7.08244397486818,1.28759477823913,0.0971765704256648,0.368898434558884
12.7579744936439,1.89035378978947,0.550398383447724,0.820741881065388
20.0049227755531,2.17789620300076,2.85579210851369,1.44427406936825
-3.16693635938035,-1.28402704309237,-1.60587854237531,-0.338880557023156
2.5500302419198,-0.0752257388715018,0.860709498977062,1.36337293647816
-2.24604130611633,0.489418474076314,-1.46539079610562,-1.94297232807348
7.1917582419496,1.15771309408337,-1.2377232640081,0.922397302088034
5.42888260349943,-1.91931403409194,-1.69744177735892,-2.84639639443384
-0.466765118198374,-0.273634090852613,-1.02454162527389,-2.27342151584078
1.35787405376002,0.00694334605207897,-0.654339161350423,-0.124606558231951
0.663591936813767,-0.83111566670265,0.265837490573092,-0.523434702609199
1.93462416921487,-0.124127930335934,0.0945875979761057,-0.406061150266528
2.62017169221664,-0.0781545207121471,0.55202028556925,1.00349008416524
7.03674261272836,0.717899912106993,0.680311222605977,1.75466414365887
2.32330347834089,0.532742866005099,0.321947492817909,0.426039999066723
1.71033652211956,-0.383090933680576,0.226856095093337,0.204194319841033
2.34289573411321,1.49985250497726,0.333268640248628,-1.92112037108626
3.97875730380512,0.834510572525624,0.121913820489075,-0.9474568162927
1.69291306602043,-0.633963188222342,-0.595804752576366,-1.31924834745372
1.24447271300241,-0.827695063933657,0.0448202281420677,-0.32801223116588
3.84518292379732,0.39040848705229,1.31495787991897,0.213368019850588
-0.913126403333086,0.331434337779043,-0.65831034588729,-1.21848410047074
4.28310852133556,0.565415775633543,-0.0578919957810517,0.662310013680613
5.34147660613356,0.867733025369342,0.256692169164972,0.114142173913577
1.20029821326129,-0.0787421357442185,-0.459732036092558,-0.00707421832733848
-0.0849168434570677,-0.128070306907221,-1.3814367089036,-1.35714973013562
0.976665298720516,0.275346539444321,-1.00292655365795,-0.0544795102407309
16.2673611120438,1.81590750850007,1.59284007972879,1.51689858689724
3.53224661075853,-0.0631282543506821,0.364925305874768,0.646916292223884
3.57476678901428,0.337275441097791,0.254559173086767,-0.0119520234831362
-0.00634085810787477,0.410398898957726,-1.32136881924185,-0.382123214425811
3.67734925454219,1.3854559170003,0.264200973570219,-0.752185815611512
1.12157616983227,-1.51576982014407,-0.779901823235422,-1.44310952431076
5.87492350312807,0.33148688264356,1.2409336091463,0.388137917332803
8.29855678300115,0.556019133615028,1.5694117494034,1.46893041867477
1.3336582874522,-0.132031199839795,-0.251610663258164,-0.711666590274774
11.538851825013,0.885205227745307,1.90128295201243,1.55997858766327
-3.17965222190357,-1.16651069665946,0.0337768486870532,0.288684560879653
-1.6789635530971,-0.786740454939552,-0.690171474085659,0.905953227537528
7.10538037813378,0.87604537521169,1.35959502082744,0.382216383291588
2.30073109258959,-0.955179362275423,1.1018233958523,-0.131476001209241
0.14108588635957,-1.39011772882109,0.652334886598148,-0.604524622628863
4.87574649856314,1.06210450000403,0.153646489288664,0.0822093626789481
1.35170809784196,-0.478183910979641,0.148614268654992,0.526351901199724
-0.481768207994556,-0.637898553251064,0.56349228326964,0.459186717668478
-1.53691077052242,-0.709545569093251,0.132686687486302,0.866659002437629
4.11856957616127,0.297898481539303,-0.153468929805596,-0.779494242191744
9.97422777580562,1.79995047581353,-0.124641171912476,0.985339508242644
-0.811160978194677,-1.81962110967231,-0.714118102612265,-0.929384535423024
4.59733499656362,0.566121565858588,0.708160021563497,-1.19944940449549
6.18969876113783,1.13463384664892,-0.853688226972898,0.448371694527504
11.3849326304292,2.06888514360914,1.35695030900097,0.567688504456642
3.76665522907462,0.0647889139420184,0.776740035959335,1.41831948979119
4.57230844128594,-1.79276668880038,-1.09455815507365,-2.24523785511331
-0.279216927237208,-0.510002775542884,-0.696744322550406,-0.331956420312499
14.0428116972422,2.04886750596409,1.47928344810715,0.625337551722449
1.08939701689501,-0.784935798873859,0.108011032331758,-0.697983378788478
3.96205021525029,0.500105170150148,1.2620787137055,0.979896169940608
0.293947220259439,-0.66832164833762,-0.163260149943637,0.287147219680359
-2.64683721113614,-0.890407268915999,-0.747120914445071,0.314740185931428
6.54252901173975,0.627549882899104,0.463382126537479,1.37218359145806
4.63884691544055,0.94103340420734,0.328735976667636,-0.0975364258324167
3.47623256478973,0.453470730664362,0.564505041005873,0.631386104615501
1.85180993429036,-0.4877907771043,-1.0545206928413,-1.69155572467028
15.8019252032642,2.01717401581734,0.866567487445887,1.45290687833434
-1.12938324046221,-0.7355775913572,-0.951938687789915,-1.04248604827961
6.52236923822002,0.921785688230345,0.330511472894226,1.01865563588242
-1.08929686461074,0.0901407381895627,-1.16867536862165,-1.51697549025974
0.449172879285335,-0.138891392716106,1.31275776768593,0.801099443898623
-2.95616159750447,-0.725291617612666,-0.989417412900829,-0.304110310459714
0.110044018907183,-0.713002318307384,-1.10668437299157,-1.15077798794431
2.02669783846072,0.700153696129008,-0.291240452958239,-0.557321796965728
0.584630322434203,-0.0471984935496346,0.138151336743774,-0.428423830877732
19.121195728277,2.30943758538657,2.10200220230324,1.45805721109824
-0.590731304999706,-0.68063311650401,-1.30362265910957,-1.13174416313438
3.74887365985852,-1.09616220577598,-2.02891598511944,-3.10463224287008
2.13441303031987,-0.575037680790226,2.76117251199998,1.5061528469552
-0.137664960615538,-0.864300316598866,0.315799046847282,-0.135658341854648
-3.76253545200789,-1.77449459158858,-2.4849417292791,-0.738058811111347
0.663011370442262,-0.763941845532249,-0.189575312117024,-0.717643601167629
2.11051409972394,-0.559390729891262,0.665891101993,-0.611280551021285
12.347439204597,1.39917064029014,1.12580782891693,1.81991012180852
-0.369120277730517,-1.28399213564352,1.84814206237204,0.4318027088477
1.1106441968841,-0.368752498502493,-0.953342083360558,-0.927238674993546
3.16390344030332,0.0318683709679015,0.497500346963902,0.481914705425088
5.65932179212967,0.45623861370756,0.437250531113215,0.576544332921136
1.46476453225809,-0.379448127855515,0.34879138465717,0.0768835012172341
5.37883180664669,0.868008596263963,0.433829528709379,0.00669325892655231
-0.358482590694791,-0.868321248750235,-0.885594136540673,-0.964769424152073
6.79311606287258,0.581699445016729,0.424427417802038,1.72731657685891
7.48078945688419,0.706388026441601,1.59668984267549,0.99697377356969
-1.13971046689949,-1.11245296619246,-0.732340474211478,-0.871129751324507
-0.0335795468214346,-0.491715948132594,0.105976957045389,0.200875703396464
0.740384186720704,-0.733160870101595,1.07684265811702,0.130364379669422
0.865885857754482,-0.83312689220216,-1.44433233091887,-1.44261580184639
1.02916817003032,0.187187569861907,-1.19260431773463,-0.954820250458049
5.10882865330996,0.601520542024628,0.870689543991763,-0.378662331355819
-0.0747422546490779,-0.577290434298956,0.0909764900102508,-0.569694950995761
-5.96765823594206,-1.87762685759235,-1.27960512764871,0.021022487593499
1.61323844267877,0.451633966266579,0.948518634033758,-0.289051981553263
3.5555573293894,0.640010662214177,-0.156873362397877,0.0925371656073895
2.79523363602508,1.27007277569717,-1.1858268263525,0.0512063407166922
5.64116914379456,0.281097167168309,0.893293325853941,1.32114428702225
0.440386179956822,-0.826110478057838,0.168720053929044,-0.76299209758399
-0.212663698985705,-1.05482267117632,-1.54267404760298,-1.69052012401864
1.08623956244677,0.186820804221666,-0.256180057444782,-0.216663907560665
-1.42531560849442,-0.276923504468845,-0.559912393667893,-0.703251406048893
3.66982600125964,0.539373150866947,-0.184422501276048,0.742519522568322
8.07225708540016,1.49053422812378,1.51722515828285,0.24735768250012
7.69296048172152,0.757047723370589,0.374281025825609,1.83848748824435
3.89144630516705,0.38548942506698,1.22030556891531,0.419517556870342
-0.694923209469814,-1.58502536303432,-0.432228624854392,-0.313146195720093
0.963978255845747,-0.119557164444352,-0.333632363498161,0.377252855800006
0.160912158260193,0.184006642174702,-1.50977923132411,-0.501793368818559
3.47626029025567,-0.0486834395254488,0.451999767522949,-0.611461518713078
-0.624609424564494,-0.991544449981464,-0.98298553102638,-0.502988714482446
-4.91292608295104,-2.22983635643973,-0.968029548672156,-0.693066796344254
7.29120247505508,0.659739279209579,0.83834350970968,2.04758597114955
8.74618750496458,0.891453181419257,1.29969878756878,1.75568199848783
12.3966201849395,1.9074006193016,0.658718004590454,1.01545510863931
-2.8593754705038,-1.55294463376768,-1.89151599092849,-0.940727556289575
2.41876067306837,0.176206864405086,-0.0132824465909538,-0.516485810576321
-1.76046620738997,-3.03104422904435,-1.13507227300433,-1.4311663050728
-0.719809690724888,-1.83251619153906,-1.09870432261547,-1.67620961244289
5.13260148579582,0.0560966038167443,2.75377586739848,1.12980862568937
3.74586250340438,0.200908128210906,1.07994410699128,0.301291257102452
-0.553827562972959,0.244253162607837,-0.640226116659585,-0.461285829224003
2.30235457847742,0.38120544753225,-0.615225242204622,-0.343331657562508
3.44739795894757,0.0535868070581527,-0.35756625837576,-0.355983948045495
1.44238103171805,-2.00462214916009,-2.1393207469497,-2.38299976011891
6.13422656266596,0.438423230930766,1.20930697120142,1.22582033741231
-3.52559271362673,-1.34471450771971,-0.412960920606214,0.0113723560238658
5.32430028147199,0.379065518797331,1.34940876837223,-0.144300739720479
-1.4986274303538,-0.713190601620539,-1.03993877113005,-0.591565391712055
-2.58570415611425,-0.863194580129727,0.0653711858932017,0.110984164632281
-0.677931015017259,-0.418004661431187,-0.153401110090533,1.25659149498546
-3.00220637798311,-1.84681437036761,-1.44596314851789,-0.902673871443295
0.797847616393982,-0.349611835243703,-1.32908860555139,-1.55129019613759
2.82902608619041,0.379179902470568,-0.0325469318311973,-0.0377195534670417
13.3278574254524,1.10198271929597,1.27218378921097,2.64948075144695
8.87955721461094,0.743332249512243,0.873323699797776,2.04233227213198
1.74946817996938,-0.358224720753306,-0.100475818835678,-0.780279083659172
-0.646730438931946,-0.922788967329542,0.497893135415753,-0.354343666761531
4.62808942541926,0.754567772110719,0.588166296234365,0.118332514887227
-4.59388419583808,-1.14149825769464,-1.38416246962908,0.115653484300348
-7.74359426020534,-1.47221229957169,-0.734296564958632,0.834869596796116
-1.03589775928179,-0.770084566076865,-0.257926580453579,0.368451554756749
-2.51271944379411,-0.416923244794097,-1.83197013315868,-0.128921425285114
24.5730329727756,2.74532213235949,1.62559853187477,1.87597770970042
0.0973439903420935,0.210452067278369,-1.15841526963432,-0.230417868236396
4.70204339588678,0.469694652285052,0.0831917034939071,-0.482763847083339
-0.242295133924642,-0.101416016908647,-1.33645428863765,-2.44443657720131
-1.43310501867301,-2.03150438719918,0.865669162208643,0.105222620947415
-2.03864240654063,-1.89666252388437,-1.5311165281688,-0.962092984029887
3.75272545062944,1.34098136237781,-0.15488451638302,-0.670249285976982
2.63945060754498,0.381982322790491,-0.304596520291252,-0.270937690461516
2.40271613761363,-1.71884805823565,-2.73789557839568,-2.17358927663188
2.80446103300501,0.220266217367921,0.830767111238147,0.906318512251759
0.120184511673026,-0.824777015845559,-0.549185843164359,-0.353834335849713
0.198092572357385,-0.457170158049129,-0.510113830634179,-0.595124519168968
6.62696369409051,1.17393867571865,0.12736158225467,0.141745113743984
8.56201586116477,0.765778179141861,1.58833680088233,1.01119623509738
1.14149145001472,-0.576665410880214,-1.54493446387794,-1.8969859734439
3.60039107980646,0.141746393939003,1.47899080234415,-0.931208212024939
10.8807825952656,1.41858043324296,1.64458636462649,0.561258699341766
0.346475671223278,-0.320015585567142,0.035805885791295,-0.303865977637856
-2.47986037998669,-1.07452819333012,-1.07383481898259,-1.09177039482615
2.2339299925232,-0.310334409761956,0.572863586520586,-0.624172809198552
12.5874328548615,1.2042206366458,2.25536574727019,1.54064757898043
-4.91418998715575,-2.51214323565704,-0.224420663200386,-0.269208965686438
2.20080879293157,0.0488663633979728,-0.723736852860263,-1.6611380178425
3.51564346827445,0.215739201639414,0.184262927176452,0.613724722527785
0.224450133217069,-0.528110996686962,0.0621755650748178,-0.207684406654718
-1.17443013121491,-2.33491918046173,-0.889557916477575,-1.39694187696668
0.821238731527992,-0.931621297013016,0.377937706373252,-1.24506444189383
0.741697728074599,-0.226741206968213,0.521048758888474,0.845169520178661
3.1535799042155,1.93016357866926,-1.86313853713109,-0.126276314394485
1.95702222883956,-1.03586405016128,-0.370603765814067,-1.61759882723241
4.2387064329264,0.461680413239484,0.19299261357358,0.719429328325849
5.4971790030143,0.56154100924188,1.06540719553627,1.07000206647088
0.686159229469812,-1.0180115247768,-1.84792662517795,-2.10488167190489
-6.13840132398987,-1.63087292706356,-1.21414587201158,-0.198518256265562
7.79788852945713,0.366740098681124,2.78916100966688,1.34934673525116
2.77350361559158,-1.03055248156223,1.12495504331329,-0.801876675365164
6.59581151883034,1.68751239381224,-0.561188113375206,0.065388312092413
2.37228105383933,0.126071318709048,-0.210221030833722,-0.878205806416056
0.159418155761683,-0.599521601762119,-0.0902445232264832,-0.0209002574400283
0.566423115517748,-2.23518979880725,-0.000770681519248108,-0.876347471684282
15.8540853564285,2.01727628353869,1.0152599866335,1.38705106667472
14.9447231357028,1.51205073367293,0.928567384617827,2.43463782041358
16.3212436952897,2.29972040416703,1.67770286479033,1.12274766868981
-0.931967925200827,0.644145749225305,-2.31492562521198,-0.935749767438173
5.78474256004282,0.892057609993602,0.174126294964505,0.3353408913732
4.43291792333457,0.230869163018876,1.29840561654247,0.60820649977188
7.13533348218094,0.748560902519149,-0.766235767785349,1.09710330966099
3.60961313657466,0.316555659723677,-0.400741252695294,1.52293630079863
-0.0825054127095099,-0.645322427047159,0.147491338774782,0.123665202281328
1.85314704163037,-0.963098403854878,0.559551895200212,-0.961565489024561
4.1487735095936,-3.12257353758302,-1.29424870537389,-2.35832884946017
19.5125023410761,1.76267550518602,1.71777545147538,2.52189302733267
-0.134123858224759,-0.801384376533636,-0.484168177109125,-0.455936000674502
5.88097130632484,1.07907812061338,0.188785220062309,0.0179883286104688
-1.8281255155808,-0.826067979266948,-0.812392344749326,0.935516938613091
8.13855602883109,1.12560018839805,1.71726908224756,-0.056786493436124
0.911785991324333,0.0376551720461152,0.444569816407704,0.943677329586822
22.6559747499671,2.95062171015021,0.759004664177257,1.4471271955973
2.03025205722698,-0.689374729772618,-0.47986771246184,-0.195061082785633
0.112024876352471,-0.848645809090637,0.23311473994773,-0.140392734498794
-5.20237351675279,-1.54071082993174,-1.3171626266832,-0.069858753075545
1.64588484653909,-0.831334079000582,-0.476924095670458,-1.43612637172372
-2.2814576443712,-0.984731542292394,0.374593235797395,0.149672070189171
5.93592301510646,0.440955521051643,-0.0925235124251766,0.446984297162522
-1.12180709550081,-1.25045201854863,-1.16816968037972,-1.07173512970665
-1.10028424455326,-0.545751913563451,-1.45039054464777,0.213868611934142
14.8268227853859,2.66388176880577,0.281849773619591,0.74502392970837
2.48726059768023,-0.20294224636017,0.391800538932802,0.962726739714995
5.5534422075239,0.564114725809641,0.533679873636566,0.819472242998994
5.54136973328109,0.722159809096782,-0.387359920327655,0.534407055549006
-1.08168080702227,-0.601354512196312,-0.70089113769742,-0.704527740834029
3.48919618711972,0.275557760395849,0.526200978073858,0.156533864201043
-1.37202194537999,-1.13606425489184,0.110668503635828,-0.614210290033964
0.384721552646634,-0.411400265709226,-0.669858151423888,-1.39273511668792
1.14458656771485,0.0748418053649881,-0.0215830105941555,0.106067755248713
3.68812360482158,1.26955047940128,-1.02304640209013,0.130360796245987
9.9494630654644,0.943938729215897,0.824194419925969,1.71361226423849
2.98635077065753,0.417011837076945,-0.675217581460215,-0.522278854692355
1.40893720206931,-0.290630212009388,0.17558249152213,0.2045887888274
0.410466053119728,-1.00637225590788,1.34997248802766,0.0702467469637996
6.23526532850799,1.15191295001563,0.164975488786748,0.260043183922103
4.93856773934964,0.866244586350551,-0.425728683450514,0.315133958602703
3.23599103854986,0.647732286352239,-0.610201256442476,-0.778002546467236
9.38318488493616,0.868289832463216,1.71281601418185,1.17028790071846
0.366596872856182,-1.06135124372227,-0.175970443616221,-0.352935281700148
9.54748552923021,1.13525779198978,0.96199389272034,0.692646675188703
1.81786351175079,0.527960013172805,-0.315783414239256,-0.091560533166089
-1.16535664613836,-0.370645068105007,-0.181484924828645,0.512866785957093
-0.077904042236247,-0.632021456198037,0.914892341817813,0.797156383601217
-0.840709706240364,-0.369636607679751,-0.484176281508512,0.79513115099459
7.07326867560759,0.760709542594874,0.844378387300413,1.55389591400627
4.69609171167864,0.825347134849828,0.292386233084225,-0.193111999362106
4.74240881490284,1.15829437550909,-0.200339336415807,-0.123799588853418
5.38550386829748,0.453079397896537,1.17365145786462,0.843169970232447
0.534799956000493,-1.41530818055347,-1.14718167115235,-1.90014194640823
0.731968812357235,0.0102708231375049,-0.782461727115816,-1.57700129799691
30.3413506563783,2.85968609943693,0.0614327604462321,3.1340369221811
6.84226858242577,0.231782382932802,2.0109959299798,0.570764190511994
1.57376148558554,-0.559533973971284,-1.19523136710399,-1.54630817240304
2.74267227551458,-0.296143307045384,1.29916249395353,-0.501796135887018
3.15722172794094,1.36540730983104,-0.522281489958648,0.179203858743513
1.85229426700227,-0.501879574375003,1.16576143029311,0.603569944954169
1.03255543596601,0.186034308827837,-0.176616601068125,1.13832417093582
4.61713695631372,0.721381402440096,-0.580175689124067,0.720115467294937
-0.227390598129838,-0.392940420931657,-0.803226961775275,-0.895739059134993
6.09506704854886,1.04723467657398,0.0847998971155951,0.736881585805756
10.0171687008557,1.71421837365632,0.426889637345527,0.640875160348497
0.447530793929447,0.0288743402387164,-0.908872466537647,1.01196963095677
0.13874460698652,-0.945506900597137,-1.01055848139306,-0.574964778031301
30.8137928442561,2.97113876715452,2.68199772476079,2.80108816126884
7.21830379491804,0.496669392844969,0.615898172707305,1.5140950991415
0.0725383309239529,-0.561309581172422,0.506674881046754,-0.117044486397752
-1.40915302226795,-1.66502516873729,0.509847161778569,-0.357127405002519
3.20162618124477,-0.113634842452022,0.996875770963709,1.09675601498632
2.69685532806605,-1.02069565771034,-0.963609525138455,-1.7082315829876
-0.596438784428504,-0.188443862214343,-0.981470406029707,0.804042383350008
4.22680111810884,1.10974302691711,-1.00823585100596,0.0931808337168739
-1.89553432242788,-1.54540707834744,-1.35877967924255,-0.678957471060698
12.7887534512659,1.30740514693308,0.970959543240456,1.16473399829919
-3.14795501894161,-0.707886104292544,-0.612572564856475,0.644348120135309
-0.471146463318977,-0.79944262321502,0.472313029763567,-0.551322246724693
6.694152493852,0.0976393470747239,1.41823993646041,-0.153533258068039
0.668093690407128,-0.330028292368478,-1.14163162639662,-1.47130090286843
-0.108245295284223,-0.852203083076499,-0.409825671671565,-0.89739129588359
3.72803611158717,-0.0435652415918421,0.415241582052671,1.24711076325328
7.92663930864446,0.845674806002352,0.859186187649471,0.212887574257473
1.24014194707983,0.261222227443263,-0.137400348277046,-0.0682232591838835
-1.36850398852502,-0.807249833403084,-1.04945961919486,-0.130509963431042
-0.692484961501123,-0.864798934482796,-0.481710178616817,-0.731866903816357
0.701941820970045,-0.357930966381078,0.326267945015983,0.0311690612481804
3.40035765430226,-0.0223600618695906,0.734858187486628,0.50479799671343
-0.12818317094604,-0.766861680372248,1.60719186354846,1.66689552140495
3.25917072310409,0.390225976214869,-0.142237323333945,0.544276223887433
26.1446011773424,2.67671174837576,1.52255673852789,2.8662109728784
5.63184963830608,0.954682848765312,0.529434018770501,-0.127574169068429
25.5665598106822,3.03211010642719,1.42540277900541,2.1245697555739
5.02066117273318,0.893459494813174,-0.524761760058218,0.234107661115546
8.38373160190497,1.03273263153962,0.749767898411028,1.23637541453884
-2.5370114476335,-0.748297484974067,-0.278484500512546,-0.186473077255348
-2.64698425717839,-0.94294720103689,-0.550974925457304,-0.475693076472117
3.09586733480716,0.0473905385726361,0.584500466954543,-0.229948879824442
1.37654384954377,-2.04931621158775,-1.63580224947507,-2.29288357969003
1.5425115040753,0.0767141955737793,0.259271509634939,0.388427902156612
8.13406990562183,1.85111517603739,-1.03014991078563,0.520229632768899
8.44538157615457,0.913470882515623,1.19493018847215,0.68704677144958
-1.08079970804042,-0.128870664245506,-0.924187456069806,-0.348681627548592
13.054217175807,1.38932975887206,1.2208864853029,2.05706887349758
3.13608993314211,0.26062458383159,-0.240301642620017,-0.910020500916259
0.977074867552045,-0.712821737710555,-0.34073193934245,0.406245984631428
6.72223201310372,1.20282958067828,0.922839289349023,0.0927885137463566
-0.184238235316447,-0.617700615555511,0.384510397755324,-0.139720954799856
0.756812180044012,-0.68499315794714,-0.303451288506002,-0.253305415320599
1.75509223988562,0.27364588425716,-0.175171916882489,0.274900414565611
7.47678048754374,1.16646206991651,0.460343409165838,0.743153585056546
8.53640429356792,1.50216291794729,0.187891389040071,0.515385790049865
0.658862361944684,-1.35704426803808,-0.200113540668154,-0.213763987230657
3.88044536708919,0.470579222841708,-0.72453387419227,0.0210749303400223
5.96871551843942,0.519845708389554,0.664081466069331,1.53294981537505
-1.93141813844895,-0.890098834121521,-1.25571086430202,1.16189427943364
0.915779840696902,-0.76777045319871,0.32400144234603,-0.373837184515771
6.86654667251857,1.39999069254363,0.136915228818972,0.163629272317823
2.62012883856201,-0.172732537902208,1.15430508656509,1.83617313970117
7.09646735206794,1.05368641832706,0.542060546788814,-0.273770996753737
1.68038474621382,0.409012917712562,-0.470376708940302,-0.117016665900995
10.6943945692736,3.56550242339427,1.20418630784135,-0.463825362443901
-0.822407272429439,-0.265443987423274,-1.34760837979559,-0.605042846433392
-0.748694075596126,-0.537087674489978,-1.05411519339248,-1.53460945465387
0.899217276262592,0.444480939083457,-0.632432936361176,-1.69445047128554
-0.0222084894368465,-1.6553055647044,-0.756654028352352,-1.431485585861
5.29433494331505,0.792981302039777,-0.37532476075066,0.6806089432669
3.59505281766942,-3.12666614327349,-1.40836775090924,-1.9076209368517
2.910614585432,0.487020601447381,-0.561575593552423,-0.156320262287239
4.91568544008647,0.605471759457314,0.671226967886463,0.444602184113458
-0.285823929130937,-2.30388206474981,-1.18098461773858,-1.39328747940194
0.709471336661153,-0.616898799972733,-0.402544307231136,-0.978849064342217
-0.888625142325839,-0.434906071439039,-1.1777678251922,-0.500334541260372
2.38505314815592,0.0493507625467053,-0.293412197264234,0.381596995706096
5.18134178589054,0.440238181430755,0.116283791981316,0.871841185068952
2.33967340031931,0.0160951664779823,0.0753688143087672,0.80405749092315
1.14166101781403,0.0792782910281766,-0.777785688082057,1.12097433818209
5.55071303065893,1.71552006551724,0.334383944596232,-0.785342113460826
2.80498353900587,0.787095528367937,-0.43903154963773,-0.326635076011775
4.50956995680094,-1.15967628441905,-1.4728121869747,-2.69774525199029
-0.582132475487445,-2.59124843257945,-1.82836514563728,-1.58376976650261
-0.862067353109664,0.444676867871616,-2.34429537067926,-0.904781614095386
19.139002352507,1.69068471294273,1.74457567611099,3.11706249540518
7.52023817540373,1.79633897017022,-0.385583368381777,0.565204898732147
-3.78626703906862,-1.92490637166232,-0.340456434048938,-0.532148562081855
11.8660795133677,1.49386910961864,1.16770357189057,1.05923564304941
-0.335740500268081,-1.33713671899882,-0.507706982568486,-1.05826070255327
3.65572827279941,0.491952203198859,0.0955125733868782,-0.194737267193232
3.88258198661808,0.354223955708979,0.101107827932821,1.14196891619648
4.08182031211948,1.01209701363597,-1.2196695010311,0.27860697001158
0.721149788357575,-0.130739058822102,-0.648540374115687,-0.965248228341616
4.84289389262954,0.80201833980585,0.643626786473503,0.15074523043063
4.45938026312848,0.0974144132848532,0.732919672310533,-0.043565234035259
-0.736789539167771,-0.0120903927380593,-1.02387149745216,-0.362184253625623
2.42254428227808,0.562294036578559,-0.440343178566464,-0.786703840173691
0.950013167200289,-0.0420549881169869,-1.76806672136254,-0.902522480208861
-0.177191345102206,-1.28209921281768,-0.605957992634941,-0.861290820920004
-2.57730411794253,-1.31648346687851,-0.146521802162424,0.058116182921425
-1.68015786351568,-0.643965012217692,-0.89017411996068,0.389420562460908
2.13979027145863,-1.01742062202168,-1.20702602860062,-2.60135748365523
2.94777983604417,-0.860326707348733,0.0743090819778735,-1.67888161087682
2.26845499868112,0.631832959195868,-0.714232532134516,-1.67502819015549
3.05736291811617,0.317229313892288,0.458701307300293,-1.01725111585623
8.31385311413263,0.877282006784688,1.69166967922464,0.488096574265947
-0.745031597454166,-0.584288598850731,-0.636968812129233,0.218369076236093
0.146496647453389,-0.927092650869299,-0.358850935420295,-0.906211122858693
-7.04277768392239,-1.20820730673397,0.22048108438656,1.8574797257505
-8.29824925759721,-1.73946690060842,-0.119818498281298,1.14683257451356
14.0383407421611,1.47153277452956,1.61593247511763,1.7580691265869
10.2283253940346,2.11030773889241,0.260473094668142,0.52993024101034
2.6556939182646,-0.469716711889025,1.48475666647334,0.419725596747527
-2.00955857019977,-0.636875998026223,-0.792193054582232,0.13765205607482
-1.11415874478685,-1.04053673144691,-1.45572045984624,-1.59638321806914
2.59363255014409,1.30242753746628,-1.64058195177251,-0.185134576420813
-5.50610484273672,-2.35304265320793,0.0791536551601719,-0.124520755396213
2.21284255970883,0.0016842574442763,0.615188988273544,0.852260662318046
0.916395619640248,-0.387920955944523,-0.630235459694833,-0.458926361282226
0.000475355726239801,-0.364281598946971,0.241771801393476,-0.982535743418125
1.30934281258632,-0.0551603829007719,-0.384998891750734,-1.41635183432456
-0.0194013000296246,-0.349845016159761,-0.0804949222735062,0.33013452753876
-1.30002327629438,-1.13937560861113,-0.268151123759679,-0.579545669301135
5.5767042070688,1.36290426105898,-0.388116974913431,-0.0426511504397818
2.00676968131492,0.498867078294987,-1.18887917696015,-0.0386992178310415
20.2855301955981,3.08694204228801,1.1358850227127,1.09378741654217
8.156747854321,0.997672784558447,0.715869802511757,0.821471180488545
0.912670639640249,0.166146189711954,-0.734748206031372,0.185604088338351
2.05929272501764,-0.358310770291642,0.343151034529982,-0.0395883924387553
-4.50041525111323,-2.50287254578596,0.69292698149061,-0.0233891411356706
2.64383975929742,-1.26010564574979,-1.38883075505815,-2.14918938606514
2.28203772960932,-0.0884492158550358,-0.630479786829283,0.592915474538305
0.747011721207522,0.0680150679262837,-0.905414777300377,0.207348553294564
7.26502311165605,1.54304004246529,0.269775169326125,0.385337601170452
-1.35956130347195,-1.96998569562819,0.34923622999177,-0.707748370536496
1.46243176143638,-0.222362747116853,0.376696141333947,0.308781991203848
3.33105621092132,0.67265661447974,0.152950203548324,-0.0840603461245348
3.32368252203905,0.350212965835068,0.683443000257478,-0.851405773788961
-1.76632507319541,-0.85646954414209,-0.941841290306525,-1.33653442334952
3.70272196311415,0.263430419588196,0.711099943579518,0.199399643461413
2.12813678668384,-0.208804829287383,0.167613686203972,-0.102235411803414
5.81576070939228,0.506889234536979,0.543258029778704,0.755751793367661
3.99193018185632,0.825443345455712,0.347658199768128,-0.416793674719164
1.86362105050845,0.720036225777477,-0.156749373481226,-1.31058740122711
6.42910136542395,0.625741905863452,0.966733876802295,0.102608977534791
16.4685355373182,2.35809337560355,0.878604637700861,1.07916889269837
1.26575727994582,-0.362346790374055,-0.854677452449523,-1.15852628854753
-3.48077191085287,-0.894727536162177,-1.36505829601674,0.266757819995921
7.70832788944405,1.57532102116356,-0.0187720554743099,0.527912730374636
4.382070692746,0.131284547308816,0.693683689235766,-0.33437246061844
3.12566132314225,0.812650648515613,-1.85395436892398,0.162692125954434
13.9264170227664,1.41938516195072,1.53473359642303,1.72796872901544
9.3781260693119,1.74788437108125,-0.0420891070143479,0.534776095202202
-3.53457150666434,-1.32799854245046,1.10094714322185,1.18860599035621
1.06903820936101,-0.73870288594637,1.15867756942179,0.624152645777283
-0.72502972780701,-0.487817673800571,0.935023833276522,-0.0531698936969461
-1.85764115701403,-0.158398806212532,-1.16131244010411,-0.178849224145015
5.59528627680163,0.436561072336501,0.905824947674683,0.972827991315117
4.77273815723238,0.226455327161896,0.559511907932711,-0.453879423625815
-2.04922721238815,-1.33421634757264,-0.805148967852307,-0.749585491391185
4.50253369489221,1.27306835323508,-0.683041880222638,0.0465705487206807
4.51927832004541,0.0610839019143937,0.520838069872692,0.793553112415218
0.639560977455022,-0.837637647044386,0.655945882433705,0.311807377605569
-0.409682265527711,0.222500823980211,-1.33727250479629,-1.45655788793085
-0.448974602417224,-1.06617727538459,-1.59074755568863,-0.723995526382779
1.53776534295022,-0.136477758641317,-0.354817650676277,-0.169887372018064
-6.00016472591876,-1.81207528812293,0.529892307858009,0.255272395440534
2.71073991609893,0.489410941521096,0.196306478143934,0.71629748778753
-4.31703395432149,-1.07749291252472,-0.420654545749596,0.524459414337698
3.44768992670712,-0.0702241903851794,0.301707825914588,0.643187842410892
-0.207586889086623,-0.630504512170507,-0.689317446047617,-0.955901387366356
0.667616400178064,-1.21986900608274,0.453512922478202,-0.0467518252910126
4.17323408027502,1.26102524255841,0.0292705174863596,-0.0900435806652796
2.10251852152426,-0.381043684162742,0.464672441896326,-0.114838569508314
0.22001826064853,-0.345015508224637,-0.885919893295674,-0.618715466400391
-1.56492212486553,-0.140207421908804,-0.457616166967595,0.540585536982746
5.93138903453963,1.54817937299844,-0.412505920606756,-0.213844465838156
3.62406803928725,-1.26590659882952,-0.678496074022195,-2.46851652348508
-2.80471563046669,-1.43145845857082,-1.5603561743768,-1.10243239875884
4.37132571261094,0.831949702960167,-0.56061975044431,0.223450821168511
1.40381436518689,-0.104575637269816,-0.9802817921425,0.37700351750804
-0.718480375997828,-0.817621382341502,0.62271294319395,1.11187536744906
0.750630878429105,-0.128331653754146,0.0915690812296268,1.67380605102694
1.1734321322353,0.221598450602173,-0.707657512992287,-0.637533041823392
1.92909162630945,-0.663139909049272,0.652570426780959,0.0672936288640226
3.11350659931146,0.0235129385257579,0.774475930139892,0.0139709668676709
14.0352622069955,2.1207523442224,1.61690438149086,0.901631445374756
10.7270115758267,1.26484898012686,0.265915681847545,1.38030880245039
2.33205266305404,1.05351609923618,-0.273777498411311,-0.956230050623456
2.57290365190996,-1.26473450989047,-0.180230597742028,-1.87763397652422
-0.69987906071485,-0.348677120998163,-0.671644811671655,-0.0402851503776043
2.03424303696418,0.631228510078383,-0.0299229972598177,0.176608497338942
1.60391034603358,-0.137321055194209,-0.29809336661402,0.808035356087936
5.16965633020361,0.372131780250846,1.64973280789719,0.562631277621673
2.1601700245437,0.393737537598665,-0.552311401120092,-1.25074155775269
6.24816791683221,0.227398056078647,1.50172643150064,1.7039026300651
4.94407922966521,-2.77301100510681,-1.60180558690263,-2.38878465582146
1.69803006369342,-0.356127948115433,-0.193618760087943,0.0440503427885179
-1.54057662233626,-0.268627891085074,-1.30782031680991,0.331526933221481
2.00364666220223,0.286398544394926,-0.304718564969771,-0.78407933050668
-3.20141380841396,-2.80831118805034,-0.786553099250328,-0.963192416879837
-1.17054368889404,-0.418159310692841,-1.50196719894004,-0.967840719869299
1.1392154690538,-0.271863749293781,-0.518970265328498,-0.581158705527175
27.7620406400938,2.58083398167997,1.43507063552334,2.9466878580866
-4.43638514625809,-1.64123429754798,-0.922932069452445,0.175252717278933
0.678728046525339,0.055112689415898,-0.385996602579127,-0.0439954260215475
7.41239739205844,0.451068741939692,1.06480035536146,0.814872328596026
5.96656360186173,1.35561073837269,-0.0985468594585293,0.208060429248908
0.284197289425178,0.138180665911572,-1.39228226021397,-0.078302623398284
1.51579101276747,-0.141058181086111,-0.149716586349256,-0.113062912863422
3.86910279354844,0.20954467083882,0.256206507047604,0.446151077826106
2.39518855114298,-0.404249775736301,1.6323953045893,0.319691008285716
-3.3326646420233,-1.22243335340069,-0.36542098490047,0.656003501595701
3.38516134411175,0.358486653459552,-0.0899817750809639,0.217115838445664
0.515765530772016,-0.381683136245734,0.0482168338228579,0.217128635444084
12.9867247890606,1.38495529955565,0.94550552822781,1.39957331078929
0.605646891588061,-1.19929915202717,-0.275591143637375,-0.848956633083432
0.480622046994432,-0.832517911442784,0.34830219153487,0.712316573543352
4.9565922768208,0.375679022608464,1.23241704832422,0.690807313696802
14.6407035650314,2.0296257547518,1.43838706273663,1.09982791864204
2.64023953028295,0.603596878934832,0.454085462897916,-0.586024097653337
5.18783760598949,0.273167323038696,0.918097272762183,0.539024860492931
1.10141001397976,0.200071265683166,-1.5815658589809,0.500010843277773
2.12244574850269,-0.0424484267819082,0.729089089157403,-0.222395800634171
6.14623221956214,0.949205469964253,0.699997172667137,0.465163590680055
-1.44985781342726,-1.69640072293608,-0.589911089217607,-0.64005442710819
-2.33484159779833,-0.691913840447412,-0.277653263788544,0.755029496992876
-0.827709766312542,-1.20761737339173,0.123650125672053,-0.160908415893097
2.88795196283557,-1.18131128237107,0.216086237720367,-0.8471593492238
6.33555850408484,0.675059542257751,1.56434189103877,0.137580535222345
5.35897373659665,0.360922356323553,0.568417918628514,-0.372659841124253
1.12473588656218,0.530257061413764,-0.576245689865368,-1.78928988426602
-0.965770837117323,-0.661678916353813,-0.849634076961,-1.11873244632616
3.31747415875468,0.652791034378154,-0.231632835556407,0.089907000413746
2.47180076694413,0.5035642510538,-1.27290084116026,-0.0725362322024681
0.810536273208375,-0.549124449144378,-0.584293648178354,-1.53363570657005
-1.31842847152619,-0.963355485742941,-1.3561956176613,-0.98134692691247
-0.674046023725591,-2.96908326468386,-0.970344885169511,-1.1221031317223
-3.33826454030302,-1.85290444039048,-1.49662903314862,-0.582200974481639
2.31786375286127,-0.463530573481712,1.23666469309707,0.352372213448971
-0.332636468015561,-0.853198690401724,-0.290827056653545,-0.423888536076047
4.19172890252745,0.756417750042899,1.04947947983195,-0.270335680506343
1.792055334422,-0.556171774895844,-0.157488845867002,-1.76768908562755
1.93872070401883,-0.502894839050458,0.916784611630133,0.451577597818177
1.55765476158955,0.832384010911978,-0.714277456807671,-1.11312743579555
1.42267021719147,-0.00276831485436371,-0.354184871825687,-0.302862030529703
7.92726155526674,0.176611278708731,1.69466730144316,1.23353176937558
3.23749556156648,0.388503753562962,-0.175466294907849,0.648784306293055
-0.0629655218587275,-0.316460165949562,0.115655621409145,0.22260456162491
-1.31080667542206,-0.608199792506422,-0.616487115521875,0.456086556024494
-0.083325881097897,-0.361980076230824,0.715173599960486,2.11159191858757
0.200649543008556,-0.752412874630807,0.235482847261923,-0.561903831548069
3.15598131514331,-0.062588845313966,1.03009004811577,0.413314639035318
6.14048753977979,0.244479624200733,1.85252144115963,1.11189416381017
6.70911462540741,1.01688865246042,0.65195243451788,0.394303880465052
4.88121193339347,-2.90234070702156,-1.02383500450871,-2.42100049720583
11.9715434410983,1.43781629675338,1.21556746341375,1.80848256254376
1.37237188462901,-1.27229426055874,-0.894446782272313,-1.55578800755595
1.2766674376663,-1.05211987971318,0.411663995605444,-1.29735841336094
-4.06962387472288,-2.77723287876348,-1.24098027594187,-0.834991601778888
3.07378720344726,0.539694553764061,-0.595912112002008,0.11246482479721
-3.12882774197321,-2.21921022447033,-2.90721900149029,-1.52329981495108
0.331932245275556,-0.790620381870178,0.364291103741947,-0.747317502304784
7.33415309624573,-3.25699664701956,-0.405801441114524,-2.4101870688557
-1.38720362678001,-0.309236752883538,-1.30912522186961,-0.40169072140654
4.00161391749356,0.346875616736481,-0.212763019226427,0.116639852716514
16.4157289680495,2.35215847362469,1.16205934109741,1.33875522703616
10.9123717258425,1.43155507420201,0.706245895893504,1.26241799862141
4.93975246210478,0.215050906535621,-0.0294673485865479,1.28570966942082
0.323350953573128,0.181160087501339,-0.686141905145418,0.78091672726525
1.17732881620478,-0.407217198755204,-0.352098280405233,-0.82683776561416
0.198007393919468,-1.24983387955368,-0.96669637421286,-1.1930490512378
5.79551685461061,0.812279569620234,-0.417653060010286,1.31036870513921
2.24117666539086,0.218824414177317,-1.19105884702445,0.614817824858851
0.0287969349859973,0.193007129860837,-0.881365600052452,-1.22950792238189
9.70169967799036,0.970995838524554,1.02165844843011,1.18005731434477
0.785430023082944,-0.876717578175388,-2.23794620332977,-1.65506383474753
0.42327038421373,-0.478215717755393,-0.0212487932231041,-0.280629116465174
2.07038547706452,-0.531109401151225,0.847724091630365,0.167722293283407
-0.930781476302214,-0.844699807310556,-1.04089424752694,-1.1287147073403
1.06951896135324,-1.07196397971504,-0.586459775648111,-1.33580999356553
-0.126273929385662,-0.210455329509495,-1.25335073507625,-0.924204399434868
-1.12242581367799,0.137350194164069,-1.52210406873752,-1.12405774577982
1.82152400818072,-0.810231296055295,1.4235512147689,1.15490508938752
0.998094346343923,-0.378019478213069,-0.684266198835208,-1.36440517919177
10.0709733510216,0.729226977013463,1.95407735339704,1.32487126497187
0.126623557725622,-0.87033589628907,0.675735380481718,-0.145292086480601
-0.178971323983767,0.124156868728213,-1.74407756416138,-1.11556322692622
0.846759039794859,-0.649674597546567,1.07794956007337,-0.231080334875046
14.557045806216,2.01038949031036,1.49815495131257,0.996490494201027
11.4793646107037,1.14376373350407,0.497877040513082,1.29613057059916
-8.72248921866754,-3.1964060372844,0.868166975536217,0.177915616695082
-0.476191559971682,-1.09331873386973,-1.2517145642198,-0.956846611518979
0.661608822258399,-0.788110116865422,-0.318563951247529,0.275047040480295
-2.77868434179142,-1.51897939526845,-1.26868302174092,-0.673806450578787
4.49017707907587,0.939329006225354,0.0605535397456433,0.505875811730216
1.64915417855569,0.300669431513749,0.549020739630078,-0.839229932233813
7.09720148521716,0.553724707122316,0.875260972594747,1.8627779549183
5.29739931155283,1.26855696073206,-0.409917212541676,0.533989850241563
2.2749749095052,-0.645187908450059,-0.0746059833167729,-0.923639724535488
-1.64794896711293,-1.47149772534047,0.190492877082594,-0.199863431579319
-0.515151847900668,-1.7260153699119,-1.47381594076874,-1.9078846248082
4.28519905313851,-0.152845324525856,-0.345307990972756,-1.29156047687416
7.04739239347467,0.615709017784787,1.32692204855836,1.05889235088953
10.5393337935084,1.4502388959623,1.28292367364882,1.25160847805199
9.75933468907976,1.46223415600714,0.803340102503329,0.892609276327541
3.1008161412794,-0.311472042441577,0.24960894462545,0.863696457997969
0.247224770904806,-0.257450555745214,-0.589852542072482,-0.535330413872954
0.213936190387006,0.40481202847266,-0.0547469159914141,-0.578384620630132
6.65878559460632,0.322448507071329,0.95266084721754,2.26307288568233
2.79067719285792,-0.141145574680174,0.30825703162037,0.3317039478333
14.5381443850794,2.04554570607454,1.21160412723222,1.20772444608059
6.34986357271081,0.253015994857732,1.43770861146642,0.826236275936081
3.04909455099062,0.253672124406161,0.723445536016655,0.282128166617126
1.02670841095858,-2.72466342847131,-0.609965769015057,-1.75873419243446
3.67472967292881,-0.0827972017494223,1.12986958719234,-0.879242621877244
10.6166911276228,1.52101782540798,0.61601223269156,1.50284271384705
-0.53444710687669,-1.83276883007582,-1.21602348813346,-1.4048128028374
3.53671860108206,0.000205709796924913,0.909342947917354,2.12544462467019
1.88956596896827,-0.844449921784926,0.84223259075611,-0.0147552737804735
-1.53383526420594,-1.23090684908709,-2.25766432224276,-1.19491188170624
-0.258310981531438,-0.255479194010041,-1.10112327854281,-1.43925711159594
-2.44907247113612,-0.369057572355538,-0.951455836634447,-0.137931311563466
6.81283620010909,0.289821749183607,1.96477495345447,-0.0450566338725384
4.38584908391473,0.0680247673387186,0.0597529668118076,0.238368133796341
2.23428416490089,-1.68798411166128,-0.128256734899672,-1.59050324477573
0.22672953864244,-0.124986624762786,0.175084462071159,-0.478481294205224
2.15059783106566,-0.655262632099854,0.763557636540425,-0.290697138881265
2.56466206513878,0.589700469267928,-0.789806913812923,-0.434025431979517
2.32865524403746,-0.11787922606166,0.392004968049592,0.791499129522911
6.32762304928163,1.70909667510228,0.220356325329312,-0.500046104505741
1.1799482214954,0.110666245229201,0.442749758570897,-0.0844798603228519
1.12258805037374,-0.112728259344851,-0.959598918541453,-0.0261915056895424
1.71899788962923,-1.35850138928663,-1.5279644162684,-2.24792983063621
3.89549781032396,0.124925756023863,0.472797322776232,-0.0450457567454489
1.82542662237249,0.254964160490712,0.104139316359948,0.73070755659581
16.6279639781035,2.41585064038321,1.22739649340801,0.858434536118903
2.21095209041661,0.120470874177099,0.185693724533209,-0.275010713040486
0.191853953562356,-2.43130949307339,-0.293767935790481,-1.09034375021475
3.54253784463422,-0.307405339029732,1.8756975955687,0.696234704892516
-3.34433211528492,-2.40078171324971,-1.49001775388733,-1.09844320133987
3.18373518548342,0.323653956916342,0.676486672344479,-0.429004831842122
1.00314098908999,0.653475119070961,-0.955513439037903,-0.439509563645498
3.65319831176629,0.165160884847832,-0.0812466996727224,0.0579890739073353
4.76872521224524,1.26445954340558,-0.504118851441638,0.774443637427389
0.368399814551897,-0.423470446863961,0.789328644009758,1.13815160617972
-1.20756822230375,-0.508517422324929,-1.56227897781551,-1.77709292954964
3.73447243694506,0.509228790724385,-0.320389152717621,0.566572348994193
6.85516453075445,1.04609152319324,1.0038377525906,-0.228027342571969
-0.751965208510385,-1.36777399817747,-0.86011058781746,-0.425812390031145
3.36999292439987,0.426608262899854,-0.981907449841488,-0.0470682315128407
0.279999526952777,-0.690061307143437,-0.664411445146804,-0.894822452954626
0.594336305496706,-1.10500422095789,0.233839460743028,-0.78601325157914
3.65706589829537,0.738336425038851,-0.0156809281682245,0.00934403819597954
2.58907573543476,-0.401711700266886,0.702945851587534,0.375173902816425
5.58665296405521,0.816025840055758,1.02422653998966,0.79361633375314
3.8034446113035,0.570734421109319,0.336315145003297,1.33398225125162
1.863288332593,-0.860693199198298,1.54120745030535,0.00570460991578992
15.1304912585453,1.57555319385653,1.01415694907983,2.16975396619443
5.25237725518081,0.324937894140396,0.344841675721195,0.420768571401679
5.57637410046235,0.694680379358401,0.0898138235376318,0.379610971188943
12.1922862267007,1.31858273923326,2.01195739952877,1.09921361159815
0.0899514105507465,0.0647510255003703,-0.726364626936831,-1.15195242504535
2.42409259184095,0.412372142542459,-0.823685744756357,0.0830391774275144
-1.18674926561958,-0.929404790536078,0.551462233781483,1.07995434008125
0.560415666286197,-0.187460203795815,-1.24418049002677,-0.712939273225734
4.93313872346793,1.68805962314628,-0.668574055801952,-0.116021420095928
6.78172459592543,0.794459417468241,0.0238188998941563,0.38465094510413
5.6883492434242,0.17222868385916,1.19974629557413,0.626556638528646
6.2060453924028,0.856852815416544,0.586422734492573,0.521065509561951
2.57293753867747,0.165653513312944,-0.433309840808621,0.722555021395173
10.4125641639605,1.54885268587341,0.708039097488296,0.796654235695836
0.108174353558733,0.0867231212286283,-0.947734197000502,-1.75535021755895
1.37472869172504,-2.82988267533299,-1.60677897602021,-1.87755571106058
3.64715081297988,-0.33573469278944,1.10528833020519,0.649792666171383
3.63718516615568,1.19757422389598,-0.164459310143076,-0.805445781569309
8.75330752913903,1.98081887471572,0.407798086877296,0.181225038458292
0.628692396903961,0.528345665791459,-1.12286318906723,-0.492012153629722
0.796108928353554,-0.372292185984666,-0.264602013670765,-0.191734260730383
3.43296792905229,0.618763002710421,0.00289639499736124,-0.265780408752571
3.55873542287279,0.311170747309407,-0.534034710604454,0.18750052038375
5.32641151740722,0.397792123930558,0.243484256750003,1.07125872376835
6.95047221040644,1.38394606235003,-0.578127331663017,0.350442758726068
4.81963164133105,0.563120748964456,0.496836091293831,0.34618248108132
0.0498957385148162,-0.46858345731717,-1.55198198482179,-0.618696785280112
1.82985255301416,0.391898693099121,-0.510076642950008,-0.874521954413607
-1.66540879758224,-0.799719498553617,-1.15013149735035,0.424471692525145
1.54163084745657,-0.380683718790652,1.65511674388232,0.894681089668923
1.26615742415199,-0.00440209192354321,-0.290680360007544,-0.306672559160669
4.54482671703904,-0.0652299705136475,1.00013770708025,0.49605610453445
2.33375102841253,0.0178685945786898,0.230446919963592,0.491654007815721
9.56631260134089,2.18260545247881,0.279504493005992,0.332796957973504
1.40218195545666,-0.582052231461225,0.185362628361844,-0.555949123338592
3.72790500558863,-0.0708922038235792,1.3243238651678,1.2128027418463
-5.38060044145003,-2.42723508790349,0.548338884806486,0.0168283300586471
1.98489542120389,-0.30467576426454,-0.0506361641482222,-1.49885614100534
-2.21872217130673,0.218115676284899,-2.56537292595071,-1.65403663449915
-0.378410364692458,-1.07057223545817,-0.306006868318166,-0.556950349393263
2.50853195874735,-1.24149262407274,1.57075056713715,-0.631881924537773
8.0241325202056,0.857016873799034,1.82148116919413,1.40802559570859
2.17208507090315,-1.21933166186353,0.481452963041998,-1.24394879682556
2.97349515481189,0.722075598107645,-0.845593290070728,0.618567506487456
-1.11781083298428,-0.857040153916775,-0.889480674512105,-0.724547694298394
-0.139951010266717,-0.650031258750208,-0.891252833077305,-1.62116042909354
-0.420360450113854,-1.84134755005348,-1.0015864756461,-1.6201441324424
10.3682101601944,1.39978993262481,0.919014532035973,0.763214516167717
8.1309158015064,0.778321208734997,1.23761464126835,0.795831985948008
12.5636124781274,1.56768850403146,1.00966558224037,1.11543735176244
2.48105381840406,0.369423136040007,0.599563638173139,0.123632917284757
-0.915397530796659,-1.21884032934478,-1.0606319312841,-2.09227439587277
1.01765109866168,-0.938855704346409,-0.473663260718164,-0.981985489421569
-0.85033178211906,-0.462235696268316,-1.42965253560919,-1.31997220611059
-0.0257951857692771,-0.678465417893252,-1.22781185495918,-0.782160423873208
12.0171641718316,1.42391343177674,1.78022531514074,1.17335918157155
11.2435694828123,1.33050486802869,0.870135746709353,1.90129830553582
-1.60831923875886,-1.6434424863929,-1.80867967950717,-1.31281076350218
12.8968972138337,1.55938282721041,0.36853408686287,1.55706038199848
0.770868026483442,0.280609437883092,-0.507923856811084,0.272310330929718
-1.31039488349113,-0.983320870982579,-1.02033819318536,-0.0783468142886299
-0.213206223271193,-1.31465796805414,-0.19473833220574,-0.38936617636128
6.37887974157447,0.786770885214393,0.100335049242713,1.1051199392522
-2.14199013824088,-0.925580751515491,0.0276952005072135,0.924663289063149
-0.0338829141518321,-0.344169226651625,-0.76114059108482,-0.684019469459411
9.15961797572123,0.554334853605725,2.02167536455564,1.11801353679471
2.82581571997832,0.14395324421905,0.0146698820119652,0.759177165362311
8.81319143930684,1.23487958808853,0.934740019890067,1.0368214922291
-3.26763018001513,-1.85669482551408,-0.89039731514653,0.283860129062575
1.68592658366062,-0.0514863658122258,-0.581953892131605,-1.03216601352491
1.47029371304001,-0.0225763309527043,-0.64296985818714,0.0139003782445994
2.65090213601131,1.49391387597818,-0.90764848566363,-1.15901118931932
3.7679399365398,0.969178646125265,-0.272647682295127,-0.0434661940319053
0.804969002852479,-1.20400771139446,-1.58624297569472,-0.820669702821193
3.09982060818766,0.181838183349433,0.153114681540326,-0.150538441615287
2.08137777140167,-0.733341290639512,-1.11027639769244,-1.05865047935456
5.47825366186502,0.6778854343636,-0.381270466776664,1.02288251267962
0.247169928098953,-0.607766654751949,-0.335631774670725,-0.785277897920742
-0.438093780728592,0.299362334676974,-1.07099598337902,-0.578613145212971
-3.11042302051442,-0.533611489274185,-1.14713111893803,0.34394272999428
4.26379235816254,0.448049688379817,0.0997541127641003,0.125958075517932
-2.56937597662076,-0.460837151837787,-0.908903688384185,-0.594289037264825
-2.28259624725266,-0.0482569754656237,-2.85948946276324,-1.6600778792291
0.193555606115171,-0.23347672069665,0.667973221215281,0.54833099655305
13.1686807259793,1.82643869035978,1.31848533933379,0.833759159922124
3.54416693542466,-1.86386350130839,-0.0466663867179069,-1.61558679341817
7.29269987623892,1.09199373007188,0.0148556185941099,0.763427226966371
-0.203772963988982,-1.01393079138325,-1.0216328889036,-1.83212945907711
-1.33628120076575,0.0539187422027855,-1.73123124387027,-1.24662247824249
4.83050358354914,0.889925585636703,0.489994745919271,0.2647546605944
-2.23042201004518,-0.484811777058785,-1.12697745996739,-0.576582256568952
0.221084724533911,-0.402614234824014,-0.728510974502732,-0.367348992572497
9.1369161566951,1.2729362457266,0.209820359716061,1.2387484878828
13.178165497628,1.62587525062412,0.498628459668221,1.38138173039826
0.211940473672866,-0.617107476152146,-1.83923255518053,-1.43387539419396
2.25369724141066,0.820338470595196,-0.756606764222158,-0.139031986820516
8.35295655116511,1.21707492261832,0.18213730275172,1.47819249422499
1.25283219842614,-0.411092165364835,-0.384016250781774,-0.972880402957841
8.11574696437218,0.531084049097833,1.2688257476528,1.22670115068996
8.98758697466021,0.986958169461715,1.07717718554062,0.96936529457337
8.15593813231382,1.38059366298875,-0.0373388539348756,0.344914594714017
-2.51018109203645,-1.17871501440708,-0.391640796021438,-0.141448793401849
-0.821479781689709,-0.575450973747309,-0.519883737062294,-0.0648520753119317
2.78608840003619,0.128639374779168,0.481138203665888,-0.299754962733783
-4.54942945466715,-1.14035489889526,1.19869726925599,1.68332131860443
-1.88293535942475,-1.23564862013933,-0.18450560496303,-0.131455706797516
1.15626622167762,-0.128139376706395,0.609967082018963,0.384652548438078
-4.84308501149889,-1.26923411983404,-1.58378865280931,-0.0845941243358121
0.302918809723213,-0.0886465746489348,-0.416903492975666,0.661081181975206
1.37838935262078,-0.114907938008009,-0.430878457686115,-0.0739879930320483
-2.66279767759949,-0.85183307300784,-0.863007681500796,0.330918298057096
-0.748560045274628,-0.949119793111395,-0.181498967414977,0.196983454678135
3.01055733081427,-0.462530643368011,1.26306598209098,-0.156686067780838
5.80558879339974,0.133885949545205,0.827516800211582,1.17878164779367
1.60513290874642,-0.186878039217158,0.103836988470325,-0.501041801883038
-0.153929282403145,-0.904789836612743,-3.37331035292722,-2.95383539063983
2.86987794652661,0.836385259471976,0.0336441570878321,-0.545769431254881
-0.707172814851404,-1.30999486061442,-1.2937209325225,-1.05176096640465
15.3105109472606,2.1913098667692,1.76803356084022,0.980200172661487
2.61841591423173,0.950763934230791,-0.389449421443164,-0.468963869848878
0.49240591356032,0.065415131190978,-0.586440155511834,-0.313131635887521
-5.56196631291853,-2.30795004207706,0.579572790372775,0.460968912889175
14.1643553367057,1.96810226858658,1.02274198123723,1.16899485693696
7.40392193219082,1.4320266501002,0.262289916722596,0.626969601267332
-0.260901680329789,0.08445406318698,-0.725950515788545,-1.00459038438148
-2.11262857527352,-0.64131604666764,-0.289381744509361,0.544925630760447
14.9817734775317,2.17142903816056,0.0778125475691762,1.41134924365684
-0.212929013883481,-0.385207370557646,-0.0766748876115105,-0.494251696788793
-0.26573171648562,-1.01773777299525,0.763318376136706,-0.170647529742054
1.38225352166322,-0.409231992755099,-1.02972877738786,-0.889553291464215
6.24055669240367,0.65161865173789,-0.496185559726207,1.06956170679766
-1.52863081667991,-0.270344361540703,-1.96571402299875,-0.0575426154986545
5.42076158101641,0.103809627527704,0.359974882012873,1.22399944922926
2.38290547314414,0.496881627838246,-0.288373249328825,-0.934081708363956
2.10148817205595,0.639716027472375,-0.854193419748597,-0.448580901214002
0.467843356383027,0.0645420817413123,-0.621203346591468,-1.0258673148067
1.86355833195912,-0.0702798867523257,0.139918533533113,0.0509039588268533
8.56965830718012,0.85545097460021,0.492492293169488,0.327291823060183
-1.13705635801415,-1.27608138226397,-0.299365787560298,-0.392176411680042
-0.889601687874987,-0.654419696397375,-0.178797030164946,0.583724293618935
2.63272733848951,-0.0546609139196597,-1.33285968908479,-1.62422362484519
4.18534695273037,0.665144645463006,0.14447953881179,-0.173955355732655
5.07940033800414,0.0986602643952922,1.55785847075487,1.28527943711075
-1.473414963037,-1.81243950047207,0.36855364090378,-0.719310595944954
7.53168150367186,1.52497584403009,1.06659203146083,-0.09083994885235
3.69347166913418,-0.228019540049187,0.409244079558758,-0.0973683855733749
0.00951268583998595,-0.293154801763217,-1.33950998670721,-1.33482851931364
9.27606984537438,1.19506108864055,1.11008837835299,0.873373753827338
-0.303190988186964,-0.191844722944019,0.315282748430711,0.753660109638068
2.99878814626333,-0.0750995151152693,-0.870843210535914,0.868688119617179
2.16540628261561,0.171918549557477,0.217894589841157,0.0645418548825327
-0.428138991977043,-2.3992556268284,-2.55846723139682,-1.69221467452825
-3.56123596190639,-0.781951319469571,-0.320559708669825,-0.156116210191248
4.34637732431169,0.459389645998576,1.27892715168856,0.707342295292419
3.9270445818294,-1.82752414238698,0.134983000483556,-2.02335435508331
-0.256192344160047,0.358792119828519,-0.980550146315054,-0.0199411144072638
-1.21303931462842,-1.20107057486755,-1.05414072243106,-0.793377990126009
0.679693916166659,-0.655558090170184,0.0690258640702863,0.37536721532243
3.26906165787342,-0.0695450919702715,0.624913038610456,0.0322700478361201
7.23524351533026,0.667251668467255,0.513022671185344,1.8003203401209
20.4003481056018,2.67392326592744,1.72192649725314,1.51971481549274
2.02832767375651,-1.48354278613532,0.300736444829874,-1.55512533013766
5.67734368354117,0.813713060791739,-0.431917900245872,0.840631836299326
2.92553111366783,0.827780387645183,-0.701749897324858,-0.429072942612042
7.20604465480299,1.30713085056982,0.851744946090492,0.397293119021454
3.19063431585658,-0.85172033480288,-0.564829547153198,-1.62432166653514
1.26982325721752,-1.38319798683977,-0.453667070088121,-1.16183810096002
-1.39080723156708,-2.40491537050782,-1.65651722269522,-1.50713435258568
-2.86139408898055,-1.7228441193661,-1.03146541806479,-0.538744350626239
10.322154921976,2.55058927907062,-0.588107348766323,0.445773666655505
10.8134953349828,1.48605279427473,2.12565867365801,0.587647304122386
0.0969075580604035,-0.354134734524324,-0.0665311589414199,-0.408428520682287
-1.19268689872571,-1.26302251232739,-1.11147548188406,-0.365975330334911
-3.30508023222754,-1.08984246936615,0.240196078567806,0.627423069973869
0.409857513058828,0.0593975075621127,-0.796871325837773,-0.251463087644566
10.8170929296327,1.58246604035949,-0.348939852035131,1.53721325042162
2.57839456983108,-0.391540173352421,-1.23732608195795,-1.88048314620743
11.4884798701677,1.2352194920371,0.729366849857352,1.60459783193675
-0.156216049278412,0.21745262534112,-0.835451101143395,-1.98987447584216
-0.390732317936061,-0.929726991746579,-0.409203640841377,-0.613838465627394
2.75757054123298,-0.344720305469474,0.707130586608481,-0.515901282423799
2.59523241887392,0.438660056652135,-0.0791280532390467,-0.899981326734526
2.92511518709737,0.579260505353171,-0.815804990498963,0.278264759903299
0.536981166480208,0.0436343171358704,-1.36169909170048,-1.97162185134172
-2.79076115950413,-1.26158532118708,-1.33527785928395,-0.497121990890401
2.66827448838143,-0.0106702915009042,1.25132667802282,-0.317431346255991
0.957468305117684,-2.11040348105154,-0.809854964160083,-1.7347919182611
1.09997768530978,0.5388823077495,-0.953396584806613,0.237463198762861
-0.646666036329457,0.105252046912767,-1.64219517905517,-0.506371844029407
1.75261439388787,0.587450640175198,-0.840902766033329,-0.918173792995675
1.65156596726171,-0.393731619159448,-0.187806049090105,-0.340443438859135
-1.23899388987929,-1.70647022679183,0.248568025803844,-0.563442120790822
-1.22341333759036,0.162845256601435,-2.30678471419015,-2.21195034313996
-6.74769706310737,-2.67414705029762,0.210421942570481,0.246706813805593
11.5396697818592,1.30017238272211,1.57580806105189,1.01684024283747
3.27026993478992,-0.979590928513358,0.887880517305684,-0.882105237052539
13.8800623267715,1.01417922655835,2.86164728907148,1.57812886161541
7.39220557519629,0.626738009771924,1.22666553489259,0.856893291296193
12.1772845751769,1.37092780774663,1.65483660441565,1.39225500802472
4.74360326465419,0.168958164956968,1.06279903812385,0.203621981469209
-0.0315308780449253,0.47188011265373,-1.05225235824149,-0.556491723472041
11.6949169599795,1.02252374177875,1.10342002885153,1.83702008500364
-4.23652699715218,-1.20625425478785,-1.2484664722071,-0.222645154893475
-1.06067392274369,-0.650077125331376,0.391808882779421,-0.282924915172851
8.01755921769175,0.900810169043377,1.67335563733824,0.789445701738958
8.88162789346692,1.85904504573129,0.152983651156668,0.0252569966435597
2.91030134834208,-0.109586490520822,0.546517791322741,1.02334064820243
10.8305717572269,1.35962011595924,1.34103151874946,0.920433478960129
-3.11067696580747,-0.00615461326042111,-1.41290236993469,0.049176518761095
8.3367452834838,2.28649809246659,0.357366971642345,-0.0259050039341755
20.6678714942222,1.91372198404961,2.56499940343138,1.96713268223463
4.15963164398887,-0.212809746953747,1.53675813965208,1.09990597862881
3.47148049001784,0.274909310604275,-0.0154656918134044,-0.338539430870078
-0.248258756547275,-0.0350571416005896,-1.29756867039836,-1.63597327483085
12.2322865834413,2.01776812956725,-0.339345991546215,0.757519786688568
3.58822665585872,0.254396741050677,0.75205470446976,0.341864024511926
-1.49386566088569,-0.866865147823317,-0.674981687926856,-0.445040091092813
7.6490668660903,1.7141943043604,0.861024084029505,0.0284821900458093
7.2918066312824,0.973799989492778,0.516256908621465,0.736880010631314
-0.810596079045713,-1.95287082024977,-1.44220104471637,-1.22451877007388
-0.631787020053355,-1.08001247717868,0.363286141013444,0.0664970102528529
3.32879520532183,0.063958343844897,0.629830291232813,0.130917129033795
-4.71410917173552,-1.8115056163903,-0.800543337382161,0.103442885524388
0.549228337891005,-0.905267325583658,-1.26307857765391,-1.21524373913155
21.10761535718,2.21172122040784,0.80441137647983,2.323109485938
2.26321300395424,-0.172025489202525,0.305793635702582,-0.535567102971204
0.488826588243545,-1.19639091796348,-0.245720328695783,-0.533253739421902
-0.0769545550057651,-1.55660243814817,-1.63882893741785,-2.09821210163594
1.55913703638241,-0.19413091295436,-0.181517652984109,0.468526909136875
10.3634145155265,1.60286861867615,0.482508571858275,1.62195613199689
1.01209673155636,-1.74150076057287,-1.02150332042447,-1.61971137846705
-0.441484746777291,0.375394485073927,-1.41900825605365,-0.0518164702836901
-0.825653160673149,-0.865199809981196,-0.578030312983208,-0.675746987923971
26.6410528679524,2.40231425825346,2.24240862593451,2.68031858553874
-0.53042136281337,-1.54071053326471,-0.156601906933876,0.0116287636684878
0.130127663196825,-0.347868583249989,0.072678733058827,-0.0782992788100788
-1.83252164027058,-0.3436747317008,-1.97781340747603,-1.25812512237781
0.385244076684979,-0.323934568207787,-0.739294883187157,-0.263797374983354
3.41659152650039,0.400234455655209,0.113888815909467,-0.362348804239576
0.743145446506176,-0.731261582761091,-0.775460440072906,-0.757509706917207
1.74483765380988,-0.297908239562782,0.0618987275294169,-0.408576562623143
0.075990122928968,-0.700787057876704,-0.740221391978158,-1.24777090434788
-0.9063946783385,-0.799079973355559,-1.56723342329386,-0.517598971029405
1.75236880196357,-0.979445106597445,-0.785466562994931,-1.53850825849307
3.15804083249567,0.0210333640065603,-0.000965856128560476,0.934483432811294
4.08828449646049,0.131745160970589,1.0035644672868,0.622334920718475
-4.22785216544157,-1.64926612143259,-1.52788709980422,-0.584374480576481
4.71964051669964,0.844514655955545,-0.382184585927358,0.553515011328065
-0.214036288632526,-1.00708108602226,-0.620634679268783,-0.0181865714710189
3.46754669409728,0.182493145670593,0.93420749277186,-0.415645674685247
5.20477123209353,0.228989334048858,1.02289432064119,1.61692539399496
-0.511824474690901,-0.742048462293028,-0.882040656636029,-1.73435040100577
0.120887584077194,-1.13108509444138,-1.64194425280104,-1.15088532257631
0.0775117395710757,-0.387837449881864,-0.221397004703934,-0.372783738419634
-1.902374330174,-0.61128792459062,-0.988353324759568,0.126307982430184
-3.36956540019086,-2.04572544705449,-0.310730683262449,-0.572408350874323
3.22935702902907,0.346297936929514,0.559097059267068,0.393781177078916
2.96790668110981,-0.0804420679418125,0.780966269758091,0.215335724195969
6.83809033135779,1.61501255811977,0.534365745323199,-0.23542956614559
-0.32933098649906,-1.04224407134827,-0.483111087652493,-1.00881709463051
3.21314205033619,-2.19380829658426,-1.54963560028488,-2.04915658534575
-2.67721475725955,-1.08064793047782,-0.648535669671727,0.0402614960788894
-1.22321779960133,-0.719680053413896,0.727532568228039,0.198304416696258
0.921829709486202,-0.371485721962456,1.23866728986261,1.29093497909148
4.46810566015692,0.624943657481397,0.481452143560173,0.119718486962499
5.62923283343035,1.52276440639681,-0.410976356581408,0.0910590294736637
11.7574127633952,1.38617810278303,1.36250886925286,1.01250179344364
2.49592581455578,-0.161449563961163,0.777038739791928,0.178922660420862
2.53379576308678,-0.565056126487238,1.05285898563083,0.140013658059885
7.39535491585652,0.643934029948068,1.94281852692939,0.921657849298254
1.19995946113583,0.0923189919500592,-0.169174026553405,-0.0557121128511078
-2.94459889649011,-1.10459514590475,-1.24215220700839,0.0697485510521279
1.28732385918795,-0.164044666195995,-0.133905533626149,-1.31769664150161
1.38839275473409,0.505380809675447,-0.674733343343229,-0.600582576422243
17.8854973436704,2.54956365842345,1.77134690929026,1.07558193947487
8.11132622655086,0.84203920438764,0.160098815383145,2.24307121433866
-0.789946528658096,0.432314897172702,-0.924043935587574,-1.73399187431174
-1.7641876085897,-1.95157574747532,-2.13453202207695,-1.51952394770458
-1.89475420802322,-0.895497908254131,-1.49453957296333,-1.27920217303934
0.566995829691165,0.00924986852687915,-0.484214372215853,-0.0814163649820369
0.875905814684777,0.172708581318951,0.400454099655382,-0.164223518775907
9.58792834073478,1.25272505190569,-0.236411995119419,1.23635353897215
-0.201912257093347,0.243378007144097,-1.27558683462106,-0.315070326874142
3.83002903147047,0.0291478743336879,0.331860846365499,-0.670781209246547
4.12813540844414,1.31060115702342,-0.875920501328546,-0.244425029148389
4.15165257116192,0.401834102229257,1.37617319947918,0.317597313674581
2.99708218826562,0.445801092571187,0.282379243129071,0.521309063713287
13.0389795582565,1.26351662510099,1.72677035975775,1.9495621636804
0.169320083271676,-1.05676929100391,-0.0945631095261784,-0.813547058025893
0.280333534142105,-0.728774407042201,-0.82000929502003,-0.776317982120946
-3.33234989003186,-0.980427369281679,-1.123882298534,-0.499213863221431
3.11890521200976,0.465259630575486,-0.217137625800861,0.290919110700051
4.41339545407586,0.575789737044963,-0.00738551297929311,0.702658770876836
0.210172750045572,-1.9760284209969,-1.24878491527692,-1.47349741580398
6.25226186763456,0.81849116420703,0.6014712895204,1.02695800389833
-0.507736235887132,-1.66257207441492,-0.362782666174232,-0.895798069541806
-2.11484957905731,-1.03849228909145,0.345786420185976,0.485468419604683
-1.28850012885326,-0.725329269700238,0.291316124336398,0.233877555157066
0.266122286460883,-0.178661722084054,-0.430687212368179,0.338855760975509
2.60059723602117,0.33041289042873,-0.0201896727833015,-0.874635823061509
6.41745418890515,0.612919962728334,0.389713434821728,1.61506588853078
-3.17951100454781,-2.01184990719199,0.61703370116879,-0.345400551091977
0.146467555199014,-0.194412909508491,-1.03295805927942,0.471677604871046
-0.757822514623544,-0.604600388212899,-0.189642960706451,-0.364786841588822
4.15214773847561,-0.688258144869196,0.812366069066226,-1.23344680041662
0.554732342440252,0.0857118267582985,-0.541353802543441,1.04681259724941
4.09112700182956,0.110242311654426,0.267519389010685,1.57740694637499
-1.52465975410414,-1.32213982826227,-0.168537907306998,-0.29153252400106
1.31665066983093,-0.397863320610555,-0.515791496793887,-1.22363882913146
2.89345846729499,-0.414347215202695,1.01459629038571,-0.304952729782131
3.58978756314488,0.411643668776129,0.5021766241344,-0.397535999877473
-3.81452945875078,-1.84415299994518,-0.495929913469646,-0.15397986964213
0.940533542539598,0.314719805267939,-0.288748760276866,-0.359498711699556
4.16133617054842,0.697450110201832,-0.195015472757476,0.661806547936604
-6.710643220647,-1.30161801333052,-0.552663354799886,1.60820799721978
1.99294470334434,-1.36450464080165,0.213692145242191,-1.31271736156
2.10586405740641,-1.043932093437,-1.52455004902935,-2.16385667539719
4.86616444144234,0.75121122443003,-0.0880790422795637,0.406570589121673
2.18380057742047,0.784378364160086,-0.975013477933474,-0.7417114909718
2.78938766318003,0.382289432880083,-0.288217473321492,-0.176425247615101
7.91470034008714,0.388804890065525,0.327057032321489,0.653922080060262
1.64176080569351,0.0260692559432564,0.837382301222891,0.203496834578764
-0.854865864610184,-0.216528469694928,-0.9622011371276,-0.293179394684038
17.0165219658986,2.1987708349162,2.60943909909508,1.09929295696799
-1.17576482492938,-0.933987035389368,-1.94993690087831,-1.49447102770409
-1.90927059560058,-1.59672566245758,-0.404256654416077,-0.130618685642107
0.371875454569151,0.238137160868792,-1.27687398477143,-0.564520867984377
0.140328239520119,-0.330064685449837,-1.64455319443255,-1.6433262643072
-1.91001600951447,-1.57446666340546,-1.79314094465914,-1.02242332639729
-0.581377587038937,-1.02360749365574,-1.00624553023518,-1.60188985658264
6.72385715979186,1.95681425829349,-0.741178746839383,0.430349701551038
-3.52016858982897,-1.38146162069204,-0.0694821168979952,0.605781149261294
0.704241077221757,-0.452185237458608,-0.409775986613069,-0.11025290413538
12.9401939764167,0.88411021820695,2.1340269095604,2.06271941393402
0.798570556343878,-0.717213461449105,-1.43790321646047,-1.23820896371579
7.1397475711632,0.860663212197282,0.540260667570845,0.797686385435048
-4.47024204556127,-1.31209018808937,-0.390549014948865,0.439758674805283
10.7983268281899,1.31572204389292,0.281035284147192,1.96366591733111
0.887685381761584,0.303939877487343,-0.126395594944149,0.0573422353319237
0.925158411708355,-0.506392778300856,-0.748968817444192,-0.260238667453814
13.4907307837351,2.17038046403527,1.30472435184119,0.949503358989658
1.94137126974008,0.411656916789185,-0.142086960674591,-1.21121894563546
-0.982231089452062,-1.85201486495341,0.462865321620426,-0.401782740850121
10.0176025803043,1.06920029997897,1.12572472576862,1.06583029688539
0.0650840474658225,-0.765825253267364,0.771653157932187,-0.284754697906702
-0.135478556700663,0.0040144621909739,-1.11687229001901,-0.879915656266183
0.993135830769143,-0.225708239797527,-0.0395963691121252,-1.25531913731789
-0.478231760504924,-0.36149757799857,-0.474015960540349,0.153225017517477
5.42108241047812,1.12060700698535,0.399050366939719,0.00233719848684755
5.42949142312208,0.955414705613374,0.153585433429918,0.378648903686578
-0.271854630015439,-0.570220551948026,-0.627198538374747,-0.167562999801923
2.00975611339101,-0.00518869047510437,0.130402651819801,1.43831185409361
1.67259471137501,0.726319454963068,-0.943404924159953,-0.383276306623979
-1.52886900094969,-1.48778419071031,-0.864151067657887,-0.641950498482134
6.37449712830326,0.836754689875972,-0.411968348877397,1.20677284020009
5.92561921704814,1.84094434410748,-0.926685169942012,-0.213302277595788
1.28208886105592,0.111157660166696,-0.572075443765574,-1.39149763703522
6.95973658492191,1.17038187925115,0.365660052907847,0.690211401644481
12.9150433965662,1.89759332043925,0.896765127993833,1.22636915873765
0.647423054213688,-0.228449719058068,-0.46140531029093,-0.352651464505177
2.63055339891354,-0.737812125437593,0.23358128813999,-0.972070990675369
-1.62150484959404,-1.54754557328151,1.24947456406206,0.229916486120449
-2.075976937974,-1.3111720763051,-0.232542486395589,-0.240376142952047
2.53422812505589,-0.196370933828241,-0.372327883751906,-1.34886000480308
11.023991585556,2.30534593237368,-0.132066137697799,0.680297755952183
0.635237835261815,-0.154600718836352,0.418550076746076,0.631514071292763
-0.218083703112696,-0.870825194378001,0.945124086129734,0.233496094400835
21.5117980481793,2.59150214896318,1.14392494734054,1.94119180878781
3.94444493855451,0.649746413024902,0.352170744500665,-0.605415304806102
-0.768860771787984,-0.86059327841065,0.126144481021576,1.01667929541743
-3.04222695492793,-1.36502923854997,0.51492308918345,0.692858771432003
-0.184786670273931,0.866214256503095,-0.651294203897176,-1.22167184752136
2.86962291264396,0.0445144767148271,1.06109804504088,-0.180251085540648
5.5746241793643,0.90898441962824,-0.177051684243419,0.12171095753905
3.65210053508283,-1.98098136541931,-0.237153411674635,-1.58424412032618
0.8416707048324,-0.191019136211095,-0.263341085705221,-0.766415564466209
-9.29108298042912,-2.75320851739981,-2.33429986316264,-0.0936783916725073
14.5586041056011,2.39504538594527,1.55955103451513,1.16496713622372
-1.49421558430419,-0.845372725985236,-0.590284611996065,0.0492687318371725
0.0903631639081427,-0.507724265575649,0.158842088546599,0.497116030340473
1.01289803818166,0.351085330113893,-0.395709090674633,-1.31721583424758
3.48776618021646,-1.06663266619038,-0.427423261909924,-2.11801710349751
8.73721538107855,1.44004332070922,-0.641728744838139,1.15004781754091
2.27914530152061,-0.129570291935458,0.0766240315289273,-0.249132060724943
-2.30772404634457,-0.981386065286929,-1.1054287523516,-0.0918942258155562
0.952929929364696,-0.443796242211765,0.0771028976521512,0.813333228429902
-1.17557883178049,0.322304357811705,-1.70003458102105,-0.878064944813108
-0.0567219428568934,-0.652903277642827,1.16764548444134,1.12802803725343
-1.42777709776914,-1.36375489784182,-0.623585745011487,-1.20305537338413
0.465651932578496,-0.319502871259099,-0.812255970654961,-0.0844122281098659
6.0942700837342,0.627023937115187,-0.0447341889521854,1.68420590676701
0.796586991943562,-1.95001104382303,-0.942582430755756,-1.80377247044538
18.6657557739395,2.18543235151778,1.83914211703291,1.6993119132322
2.38808348586874,0.423395174687054,-0.845557630541948,-0.332328195586058
2.91917780587006,0.294705721280659,0.0294455515683422,0.565281574383128
1.04231381023499,0.143895231618136,-0.208294647590178,-0.714526858966044
-0.944165282663718,-1.50722374708334,-1.86004115382759,-1.0650850011176
2.97938984827977,-0.453822959405529,1.30279339969261,-0.17701795676367
1.18326342360298,0.927769622852467,-0.329596810754933,-1.24173456950014
6.30915073103244,1.78381671044376,0.233816413411804,-0.203220088352319
0.276122905418803,0.375633054284945,-1.27894548473939,-1.29150365411193
2.98650621510448,-1.62235760283336,-0.305139242884102,-2.28881992971617
6.66967735392346,0.556063027186007,1.28499302767392,1.20558409877325
0.138812404617797,-0.650854103919124,-1.11718720008072,-1.00154929504433
2.28829805878743,-0.0106482932303465,-0.364664452934254,0.0279797099182032
1.03497668010381,-0.245049338335644,-0.404373867439084,-0.130316103439503
3.10786019869811,0.37865241228142,-0.259375029049649,0.0531579773601522
0.480240326482246,-0.848221320167748,0.626369414742968,0.0195821551426565
6.14507852136368,1.04024802401105,0.719201584107654,0.0558566311313764
22.9897810532618,2.3170353461532,1.06671218338189,2.92494395060352
4.64200656136445,0.616345989023049,1.35605889585018,-0.536775565247338
0.332701919775826,-1.33697690073808,0.779915054132105,-0.88337635572879
5.60981392227375,1.0437769770054,0.474428849229727,-0.286375027823166
20.2735910780481,1.6987901086544,3.14725265599968,2.1896626456793
1.16627406708478,-0.193873191936074,-0.297970871881723,0.334373406269676
1.21961879116534,0.281345294264129,-0.0704283527498765,-0.294223030326061
6.39624534800586,1.65705847616423,0.740225083546169,-0.347264822734792
0.403382401268743,-0.672487128898364,-0.88467370168018,-0.738813881578975
2.08626808545656,-0.0126272135690689,-0.815159046193434,-0.785040665054595
8.92864902438778,2.04651106137482,0.872432408835855,0.0783448985566533
11.4734179738947,2.21678342051119,-0.336235783177753,0.596598244960123
1.94182809793507,0.705428486933025,-0.277390543930663,-0.37284144007122
-1.52217818264006,-0.60078884794386,-0.48157314032871,-0.0705008597102748
-9.28810182174158,-2.0425080611998,-1.09764552320905,0.735527730044036
1.74255383428083,0.40685336634816,0.16252164957154,0.0209853795834807
11.6725460816491,1.73870002312559,1.17967738993294,1.31204594994594
0.663148039067294,-0.20448591346243,-0.663296134376471,-1.07495043844304
6.01188711085085,0.257157634987571,2.12658640749161,0.933903797346503
0.0208419385458215,-0.39049004084433,0.346225315096448,0.874835258576801
0.0439487568869164,-1.18237488117087,-0.160072508421814,-0.401924798586349
1.71656430301618,-0.713142717903371,-0.0369351511187308,-0.297139122338838
-1.05569824208213,0.406257827832926,-0.683000156254097,-0.727963604015869
0.89267920995894,-0.169864415588877,-1.07885552006351,-1.4687870578732
0.711577072350042,-0.337591382987409,0.0679156013471537,-0.574066540958863
-1.38625097662637,-0.55116468412273,-1.96662236329433,-1.65584303344342
4.03391858442474,0.617807107952974,0.104813120491301,0.372402736546071
5.42469210440218,0.904231530775805,0.122340019452381,0.173283216111611
-4.16928173186839,-1.58758399715617,-0.904699349241588,-0.0488144754360861
5.49256601888691,1.10122597984133,-0.859869104283805,0.0198695030398725
5.80155142686503,0.516150942687566,1.04512035409807,0.551608412180279
12.7008498912107,1.14638985422201,2.27043860899298,1.97141715348517
6.33861191324741,0.380467171386502,0.821648015822565,0.183795599343432
5.33565562166777,-0.106105953482393,0.564246969873856,0.452229144723382
7.51874988175374,1.04432107175766,0.422008113852364,0.123184177371153
-1.14953515189879,-0.866220040502338,0.565554901456482,0.651017602801649
-1.90011711829344,-1.61245690303129,-1.68223207148437,-1.76405262553641
1.53740053831366,0.420376652355842,-0.960297971219271,0.296792907041808
-1.49169565476892,-0.885496696054267,0.181268750632405,0.328178057955634
-0.498254787705459,-1.13544016940003,0.188362287538108,0.741380111415917
1.12334756340554,0.476654917317712,-1.73373389219229,-0.0796910061730054
-1.38632219348341,0.181106618505915,-0.782639126295527,-0.498966255259863
6.37702933275955,1.16462800832345,0.205630521188317,0.126956476983182
5.20674128286405,0.351544015535523,1.59452415396059,0.777745077678401
1.31135557699613,-1.64955505993237,-0.146738739934108,-1.20981922357993
11.0338901624737,1.95184586795592,0.948026163198875,0.557563564981464
14.662100460225,1.53719747603763,2.0902306844633,1.6006282131813
16.9604357202232,1.75759695693895,2.04059541330248,1.67945958397107
2.80129679648988,0.314260345692359,0.551674366670688,-0.302151866314385
3.05047324613434,-0.506288420473506,0.167271825202042,-0.659209337804984
9.76514161527252,1.30929949211469,0.856027019766289,0.906357892911731
-2.48221315852431,-1.04721584182364,0.339784888329558,0.623601223994915
9.54752896930849,2.42007702102286,0.244859754767529,0.292266497110902
3.72702304510479,0.0947695883988544,0.374093964937148,0.185864319018211
0.981225177853594,-2.21103188128415,-0.933508313767638,-1.76744620365223
7.67410427566871,0.668500455911857,0.332464243720885,0.679129394918698
-3.45527429508523,-1.17367503497735,0.242744003106471,0.394990334480707
18.9324376631022,2.38276778322386,1.0591295608324,1.87932885672968
3.26244313402409,-0.167022175620708,0.647504523389821,-1.43835004721309
22.0885376101636,1.99525582152712,1.76793882427843,2.79880979498688
3.99224267350455,1.10518839831741,0.147743652154385,-1.03471376804686
0.781301498085054,-0.354591515055838,-0.436140347666434,-0.590580537808543
-2.28132309801891,-1.49573084306088,-0.340199362634173,-0.244258574638437
-0.078294044417297,-1.01031426470154,-0.875653092930322,-1.46630072902023
-0.898699709110805,-0.529059156188198,0.190550958793447,0.623684129030079
2.25577238486548,0.151610125271176,-0.904397937809583,-0.260754455739761
20.4781899128228,1.80795196180252,1.90032593634984,2.90418144501366
7.33435992655965,-0.0384571136487004,2.16011754068086,1.15768044317742
0.0925205071962056,-0.262917916765718,-1.03132210460073,0.460921204729021
3.39818316904298,-1.68387926323249,-0.478729803982054,-2.35497012348563
7.14739556152383,0.351772459431106,0.872874506679001,2.20579774758585
2.31385658286091,-0.0960285508854912,-0.239618645351794,1.26895949075232
4.35286556919554,0.501243345369533,0.344397440917489,0.535264561968906
0.957768157843695,-0.231530476043103,-0.121652151422401,0.807981191599868
10.204052548513,1.60462449133454,0.463090925746083,0.686737277143829
-1.32824112122032,-0.565435369421156,-0.446929045736927,0.706213083483829
2.89826778422365,0.486121765954155,0.639040293678496,-0.199761157633393
-2.45926675667043,-1.73188203216959,-0.544907186292561,-0.810195339823944
3.52202323888078,1.08554084311956,0.438491261777635,0.228503745757155
10.9595350647236,1.42352283408259,2.54970726986633,0.591510920039232
-0.600083025153548,-0.0903631069537211,-1.05039153373643,0.0207613205227287
3.63149722967259,0.149113937332101,0.278886312454693,-0.0160793447046352
1.55011221448664,-0.52195216574284,0.282887939908012,-0.276589563666652
-1.1068495402796,-1.09336155603064,-2.13696216905027,-1.25734044318724
-0.546861350005887,-0.85207241893442,-1.90309903228673,-1.64393074924491
-1.83111383084705,-0.647309496393325,-0.00392093554315527,0.562799860507834
-1.1206824113965,-1.13826293817078,0.520345708915946,0.348240740222325
2.05675941114434,-0.924240413055307,-0.590181156443276,-0.0541171444368724
4.8028843062633,0.481893559234537,0.96876862849113,0.529906724698064
-0.801521660250949,-0.328217943669287,-0.0234591380105625,0.000441387102630725
8.7447165204578,0.573068477435759,1.95641149005413,1.20627188534675
-0.780353175402263,-1.13379675404846,0.437942566177761,-0.132246502780598
0.341648876035637,-0.133145812701049,-0.454896788656489,-0.961320084392835
1.25186889775278,-0.679736793811159,0.574595410691809,1.139123074791
-0.299167685807398,0.143910377569275,-1.07666955457856,-1.94006374584535
1.80465834446545,-0.507896192890487,-0.677970784243568,-1.45129997102815
0.941623933496621,-0.369871992589054,1.07376107625625,1.03943831674184
12.4211000570001,1.70343785362663,0.794378632372229,1.45774091176409
1.03107421614276,-0.854630705789907,0.00621270913614473,-0.697846901959643
2.20993146273817,0.174819601105829,-0.338303888345865,0.799653187942353
1.69918493630095,0.208006570938713,-0.361395058692154,0.00496529360217281
0.762042479879911,-2.8073960084417,-3.49796499324303,-2.14244389754642
0.141371048057686,-0.784370099752232,0.354845555582737,0.440565351457709
5.43836874138784,0.540092974353485,0.759159020043456,-0.03608808895614
7.43083990455262,1.98986197738913,0.259596997516754,-0.397628674969767
-0.492115401518151,-1.07144618060069,0.467474169409942,-0.200645307252425
-3.93154501213856,-1.74857695078257,-0.609964737668658,-0.140467978189972
10.1115032057383,1.85570021099473,1.55057595903243,0.00181628642977971
1.18065523170527,-2.34101941950445,-0.175019277268376,-1.48673435322036
-2.50643055952212,-0.753041318764692,-0.533293651892926,0.0446402099836735
12.4008003213799,0.824346973048932,2.0445412549478,1.84889314565452
1.58434792393638,-0.0842645344260759,-0.110448611401446,-0.157182031580529
-2.4863947608763,-1.565091541017,0.0335114528667086,0.359969376528998
-0.625054766909536,0.378139911131341,-1.07332827970326,0.595605663575336
7.96757283680846,1.67084211785789,0.148538566416109,0.288573975104364
0.0769822043795478,-0.292417294855191,-0.482990172309936,0.299519104354191
8.83008554421326,-2.33751793702059,-0.135423198301585,-2.81499360410332
1.83245412182711,0.162375069394652,-1.58907232548011,-0.26093455304006
-10.4892394453155,-3.30130376085711,0.177377326922121,0.365146955181867
4.04079620762051,-1.14171600078705,-0.131283382003688,-2.01655170333866
-0.551343668568166,-0.0774338709892051,-0.85520899764186,0.36756438409657
-0.495585451002928,-0.588772544285866,-0.89910116256683,-1.11241138217407
6.41256996580176,0.92438681267132,0.958509622971491,1.33202625354017
4.82728439482634,0.360478668926946,0.486239075888567,0.0959321032552767
8.99666539002348,1.86727511946421,-0.429386045202792,0.418638848361422
-1.79744800074311,-1.04550960393743,-0.500876021170215,-0.393003696376762
3.98272374172569,1.40815212191436,0.203531181193417,-0.271272750227284
4.44597651747872,0.139127484176468,1.07750118308962,1.38701247773127
-3.04404498700198,-1.78640140195911,-1.78418126871256,-1.12355068489699
0.177647259686161,0.101330140595393,-2.2288653922549,-1.26288778886972
1.03833591033067,-0.388325019698535,-0.254915381622487,0.356672222320012
-2.13735158088857,-0.901904424589442,-0.299116744295931,-0.479333022234535
4.77257836386996,0.888809078904977,0.392376022891068,-0.536638558092958
0.161781129581426,-0.886077257002234,-1.21342392132974,-1.78299642002525
5.44222606276627,0.736331099777003,0.494412486428442,0.283326894313762
1.37295885835578,-0.378533203853017,0.160566448950165,0.108771821582382
2.79159375829711,0.467886880979098,-0.429409122909683,0.0819725678488773
0.600522138987864,0.393100248825149,-1.63129079001613,-0.934757805884004
2.60135244134641,0.759086842495902,-0.189306149752435,-0.316107267672824
-1.68600454720968,-0.914753702332185,-0.0276882984973891,-0.873137907677275
-0.456785220780992,-1.11189767384818,-0.0185203388131103,-0.535461009898591
-6.25670517695167,-3.58468460497952,-1.26639917395817,-0.666320805860097
0.0591128181170583,-0.645748668448609,-0.317070334525921,-0.520028082971017
1.81033834956881,-0.808302727754628,-0.361475337874305,-1.04417340368714
-2.69078536753872,-1.27831614539236,1.71115832042851,1.00180682699463
5.92211613785457,0.878371751250956,0.208544680781387,0.468666755300692
12.4197705029966,2.07996160800841,0.396294979164938,0.955070384019366
22.8322212330328,2.57705964816073,3.08712493938773,1.39666485116407
2.93301031905861,0.254690944543342,0.632956889749004,0.364244955808778
-0.631618974564923,-0.365975995325479,-0.52687335775952,0.219045542175925
14.632244058858,2.49701891543391,-0.514045044727089,1.29434321364365
1.11867317455961,0.759553033338752,-0.605765124093017,-0.437973383724844
3.01334892758912,0.324639449395117,0.389915448942362,0.594625018560793
5.52332969732527,0.810391197663075,0.174297138985859,0.915743056241359
-3.76535682714814,-0.766343876471094,-0.246899299883311,0.489148977738455
-0.80822927366314,0.0934225938766414,-1.71174761337136,-0.566921855873984
2.66501837447207,-0.455352350844157,1.48392177165466,-0.102689910210464
25.4243285334721,2.50356052946308,2.3320711959427,2.46875592576726
4.34994287669768,0.472253930545842,-0.0322652236048104,0.13141949517879
1.73579238723221,-1.82763034677212,-1.47712723173499,-1.7837271875776
3.10205332181155,-0.0654952350833242,0.826377965975857,0.00784373324195037
-1.679768535064,0.0866922492806104,-2.84095555716259,-0.795619679118585
9.4619154230795,1.2578847562549,0.847683243354275,1.2553180483199
0.275710468884149,-1.01617220747157,0.619762507600576,-0.505113086439885
1.0947273127048,-0.708686516769815,0.695619159118123,0.476207842611387
-4.37132809705076,-1.40958658133748,-1.50790673836918,-0.705406500848673
3.24573455068049,-0.237489958842189,0.388721478597918,-0.099636357834402
6.50723163184955,0.943760565631391,-0.261332459299491,1.31839639886644
5.99358705832093,0.38697389236595,0.0908357047861224,1.15314190065849
1.1409214080168,0.160824384246741,-1.08896101381095,-0.21785772794528
2.89255517083047,-0.37660505197475,1.39462531978332,-0.952193641541092
23.3860610206204,2.787920482679,1.42916814655362,1.7578529465947
3.65928663513028,0.556735145619807,0.887291310715268,-0.285564668180573
4.41849328754022,0.0643679938218459,0.34975841222438,1.03001904829995
7.93264743189189,1.119539495196,1.48660086179152,0.777634876584492
2.19009379355113,0.454544460908955,0.621631334200544,-0.762329528035197
1.59724018572166,-0.401855994960603,-0.327005929535259,-0.459210623080788
-0.652222506490817,0.228615740757265,-1.52198066370203,-1.82146463523813
-1.67095726032064,-0.770755565736255,-0.546129939423626,-0.493847564901738
0.211285329237085,-1.40089488105015,-0.801600998054648,-0.71503201664986
5.81737294521769,0.45465952926166,0.62749503924384,0.70374041440607
1.89178909763002,0.0827447803612676,-0.412176029325964,0.447169689625812
-1.65627165653024,-2.0193669137272,-2.51916390934129,-1.31809396153608
6.75508107406305,1.12944716820924,0.664088099449943,0.468127720473372
1.8806442566543,-0.594595418086593,0.586909413756494,-0.0884633210857435
-1.95673802449409,-0.850033702600882,-1.32847705028146,-1.07740100356661
-0.425874216044235,0.240883691093949,-2.08692657162127,-1.58520562736446
7.92396740690637,0.872463173487928,0.683424262324244,1.31358290930611
11.6847608139084,1.71473700844754,0.931870786084253,1.29969642061561
11.0987172085161,1.28022691178896,0.791233265309639,1.30571227742352
11.2909198092189,2.14681083252584,-0.139734231608884,0.779161539010054
3.85289719141164,0.607721130037326,0.118059140231242,0.504980460432159
5.93042688027556,1.85857542929389,-0.539643829120071,0.104185083301357
5.99199688001643,1.5439764137681,0.221008454693584,0.13140730032368
12.7694366192528,2.54913414171068,0.376646662375912,0.920360914893721
-0.207677110978848,-0.727666412237995,-0.576216605926654,-0.479243946470082
-2.85540496780412,-1.07194827654581,0.421678977485787,0.0591568943262964
-0.166304156358273,-1.75012876627557,-0.621252648448274,-0.828709581046209
18.4343415140376,2.3440396945312,1.58324324784414,1.35368570394863
1.84997531918983,-0.948597082286802,-0.710063699276929,-1.87161735761026
-1.29620094969663,-1.11221746630054,1.37324771585,0.59972219041951
5.97207238984296,0.351179325934455,1.54549706732406,0.311131309706824
0.34277517944958,-0.535855531273598,0.218966915526104,0.11320702529995
3.28358735903643,-0.424743058554142,1.3388973685,0.425144252765196
-5.946453605909,-2.18682035529332,-0.86389233716764,0.0236954939871599
1.65082907630518,-0.0352447037045587,0.0104984337484185,-1.03800416428252
0.619812987605373,-0.876732944545401,-0.701372655056137,-0.655510520405201
-0.57150616281963,-0.154578578881773,-0.99133031550149,-0.808970112819561
1.48906306788682,-0.686242827026739,-0.276733622302683,-1.02896726024547
1.86169362018535,-0.209303904966588,0.686854581125133,-0.744865941269905
-0.79271119718518,-0.587418453511034,-0.185409046999288,0.275204665679153
7.99721938870693,1.21286843565214,-0.0024997470655351,0.504965598155998
-1.21178409532228,-1.84648253204484,-0.101826932106885,-0.255122330793844
3.56078752792699,0.559506986175237,-0.102703209809453,-0.154795295402755
3.98419596990899,0.388322574078157,-0.633795463099525,-0.0892840323907621
0.65959504506752,-0.0526975872278836,-0.556135989289994,0.157454963574368
8.47969005455732,1.02128871240663,1.61911345951874,0.793497764958224
0.173504863178099,-1.83500541844932,-0.946527607429552,-1.40213631589603
0.351610664523981,0.0196690937325796,-0.695469902579291,-1.16673862139096
7.07322149788771,0.677565726449739,0.279774840548752,1.17650902368625
-3.73105144135983,-2.83085919258509,0.042457135549928,-0.665422436618627
-1.51971000846402,-0.305169772207232,-0.642360412104885,-0.684542847124614
12.8975374873858,1.343495696276,1.30933173277636,1.47997322565081
3.96068145197697,1.17914194730831,-0.708791038341675,-1.00578837778404
22.3864394030683,1.93836891813036,1.97407573299845,2.83758519441421
1.20527856063639,0.202315153520884,-0.162410001050534,-0.0822695516008957
2.3449400003631,-0.336597446711656,0.202759652222555,0.236442476255079
4.22578836819859,0.396992718314108,0.286892666744299,-0.456982214783715
-2.48259097492864,-1.22964099127422,0.0837621939555321,0.177253727517305
5.15522453530976,0.189742033036059,1.45367110803182,0.586378323952325
1.06160040043703,-0.127941812560196,0.384013220591392,0.576561284368413
-1.42290418120404,-1.03470316900701,-0.134668863765814,0.0245240665500685
3.23990246436696,0.0175495199418764,0.0242236691916426,-0.704848181178779
-3.11454964433829,-1.06393662843214,0.159584057248553,0.723228000847865
-1.14536906249648,-1.2269032854934,-1.50625906454379,-0.861755474849114
5.99302905792579,0.360252323977322,0.907886025269569,0.310262123046962
4.62180361337295,1.08646978405754,-0.328346493520519,0.255876010990861
1.4232178258466,-0.320964467112155,0.879515589063132,0.215871302822772
10.6907724480273,1.68497050142703,1.09628117817036,0.895345326023353
-0.556319366178159,-0.0577147222631758,-1.37584901707354,-0.502537583654016
6.53964118935649,0.909105634820575,0.330888686021262,0.231539816849157
-0.792887594179815,-0.0760428522564307,-0.826171826667049,-1.42010156691743
-2.05594944986504,-1.45304455458752,-0.614724934163644,-0.748576830587705
6.26620287935439,0.751718252380953,-0.168121736973471,-0.306410116652806
3.08644252382617,0.122451400644113,0.786980656711139,0.400021497843596
2.18139688526389,0.382197001453705,0.183864922889346,0.608929716666076
4.15367249366769,0.873118365653101,0.516911666577509,0.0161977738520375
2.47874885182422,-0.376476001138131,0.142444209410114,-0.337491663008202
0.897407652968002,-0.0549124942485782,0.0272476850273057,-0.959456638460254
1.28318356238781,-0.176353844078448,-0.0504069167104817,-0.0321096460505199
-0.529959664021338,-1.61031153514426,0.0561533069180862,-0.380775996108107
0.756570742376337,-0.367358752504896,-0.0742005805361259,-1.53161750390755
-1.12601236917869,-0.520565518161298,-1.35556192601086,-1.34093565296088
7.38305440777865,1.22229154345096,0.701552732210506,-0.135847109975957
7.48925511596936,1.78436117643878,0.0595763802976889,0.540762510152223
-1.17763408050563,-1.69636012333339,-0.339754262565244,-0.544753209424927
-1.90506975186013,-1.68205114460254,-0.215657856754033,-0.14127252958623
3.10773821698997,-1.01525932577058,-0.334884360299026,-2.07008795315607
2.69700276625672,0.277560969211274,-0.132065619393051,0.999227828966597
0.246068476512364,-0.320882952076523,-0.776856652052788,0.0821073783697859
1.04549327736625,0.0312411299422439,0.177626137553803,-0.643627586222715
-0.272363365074804,-1.29106054563129,-0.509836555103563,-0.554818807165407
2.35618733118977,0.253963212919035,0.0615556848670624,-0.72191055822977
1.89573154618818,0.045942713937375,-0.599346846390831,0.047705778454354
2.2657638380691,-0.569462095925819,1.08207272107254,0.209566452212705
1.27044991095909,-0.259904257361365,-1.4318535099966,-1.36912435767004
-1.1746924747434,-0.697179186333083,-1.10730716395277,-0.890105991783605
6.54224494262012,0.701564553388396,0.545382507608093,-0.152083853332422
-0.177802907164035,-1.02398484879249,-1.43774211396705,-1.20283287201477
0.94350678678352,0.302569639378228,0.243436376850729,-0.115190188604619
2.43453156269535,0.370130620925859,-1.31790084143135,-0.20340211532005
-0.481624984541674,-3.08401519964932,-0.723958833797367,-1.20416833780469
-4.84087948657328,-1.2233053142808,-0.616526791803218,0.999400197270015
-0.0857177981132369,-0.446354658987493,-0.563660429704095,-1.43360743010267
6.96824861368643,0.904749933104048,0.3326223519331,0.730074475149551
7.21428102083522,0.514922086120645,1.34435852389444,0.196271119435214
-1.93511357813361,-1.12181271917111,-1.59422023049151,-1.0445701571822
-0.368237208517014,-0.860836910424366,-0.327738562076263,-0.440130929755581
-0.309765253811591,-0.624385627609418,-1.26137983360685,-0.966998953042364
2.10071278264001,-1.9886059896409,-0.216391870674519,-1.51849583697709
-1.15799795637548,-0.281795084944758,-1.23654444274685,-1.92860158180652
12.2909692740173,1.96673558103391,0.512505149710057,1.30597767410213
5.27039331280796,0.428604824093078,-0.346020742795947,0.0634657634406595
-2.36986258872742,-0.805591344117905,-0.199269841345813,0.771697399093523
6.241314400279,0.537505718814449,1.57510433797348,0.497727758732323
0.848897628577571,0.351831588271452,-0.200112661414668,-0.585933660396553
18.538807500187,2.37378196765564,1.92393882527852,2.11315728550947
-2.75190662786429,-1.97107935674603,-0.37268845806089,-0.754156539514114
-2.11567857519488,-0.642953681024025,-0.480945166463013,-0.56676262960501
9.54110210258906,1.44368004040195,0.778008591730833,0.403744352406314
-2.73338705537101,-1.48281148017387,-0.314730399285079,-0.56416937806681
2.98469526057373,0.427910552336387,0.584040914075232,-0.035412228736771
-0.36508571930008,-0.303370181935631,-1.27518227378107,-1.12447914338108
0.174844215217465,-0.4243415800604,-0.625621249450567,-1.63956448003209
2.18623162265598,-0.08642354571148,-0.476639247089661,-0.411555385482581
3.04911421006143,0.334580719790319,-0.870792730469,-0.120851810905611
1.34390233255951,0.188811891973539,-0.837185619178689,0.445191839259908
5.95008118835927,0.89988721163944,1.05115543006769,0.586512921481551
20.5684687821462,2.32472071469583,3.15915352165737,1.61924930830964
2.53568710286187,0.0484030044421816,0.321354495890771,0.013162674120046
5.91587682046785,1.2360931923069,-1.64070004039632,0.605168942560943
-1.77089399734377,-0.306852607275231,-1.93567117390206,-1.55039566224964
-0.89991115830164,-0.00363833443573414,-1.82207212250569,-1.93109257226297
-1.42721778366712,-0.666954182848514,-0.182811623052178,1.02682933133948
1.60679673522254,0.328129776442942,-0.231879835510675,0.0312543886559645
5.16097791327948,0.357070326923192,0.649391919580418,0.509713738713821
-1.59772614895447,-0.851609982998481,0.657308363737078,0.497392089332748
1.09653135122723,-0.539202908401951,-0.362970135458349,-0.552402396882319
1.51813896549361,-0.0788457662062465,0.298762200977954,1.02279341554033
4.70312024752337,0.29007195157402,1.04910785416879,0.659739645293645
11.4283933364208,1.28522300698057,1.53431432941386,0.977248784607442
-0.920139882448427,-1.06748664897986,-0.701354280577037,-0.943429159779051
3.09349241568804,0.00375888598528151,1.49348843112928,0.00480497657568413
7.21008425391772,0.306022113086833,1.46406319106376,0.589465528182684
5.77480461686017,0.651281961966765,1.25514931413092,0.938399285614087
0.714789238421349,-0.127987797031498,-1.46505334555652,-0.834795382623437
-4.22279578598528,-2.01968142730322,-1.50919475512456,-1.0805144785119
3.68570002435599,1.08849032486931,-0.348502044809267,-0.0407528679361042
-1.30597216760407,-0.521083230326613,-0.120718420166662,0.137211814256544
16.8200626671003,1.78519927988042,2.22919881508965,1.83995399440215
0.663130930972568,0.300266951924049,-1.97514702521295,-1.30574113080224
4.65142987137531,0.458214576150513,0.424611023878243,0.0456488742854521
8.36952912201578,1.16467675437302,0.885097939017073,0.897856496799368
3.57755488788323,0.337461494250646,0.864627364548433,1.61131521904
5.67893250238688,1.12342538414395,0.126488200475821,0.571276125477827
-0.164865669314037,-0.00306477370420621,-0.738171741886935,-0.0026197154826243
2.1457070436842,-0.264015603395616,1.35081663314156,1.12050267786619
5.07530229275765,0.359166498463229,1.11793227913284,-0.00110370821833816
5.02030747903475,0.899058762684371,0.303184851429016,-0.165052707047163
-1.27952839256368,-0.656192338416007,-0.369200401169171,-0.128081353763249
-1.10267272591195,-0.664156643998372,0.174818063233617,0.586087193390906
5.20140748763311,1.60247953758291,0.256791005222912,-0.475446310365482
7.90495961087899,-3.14792482674522,-2.54505832627458,-3.11104806776491
-1.12179651337691,-1.89229236778974,-0.134300166872452,-0.996998482811813
0.0766750469284505,-0.285112790886717,0.0307227558819174,0.151724962214022
0.481571575436841,-0.184778497962755,-0.565909347275657,0.129586547993823
0.0472133682262023,-0.684707204115952,0.181771234967192,0.541277981957016
4.55358885412866,0.532651665729017,0.543055479755657,0.237448928139346
0.65885927627005,-0.598365264108353,0.0699689012054392,0.0424737313875938
1.92910254558274,-0.207940519687696,-0.0997039391737315,0.547161757873941
5.22689126352602,-0.0925982844138401,0.999552582065926,1.41834029508954
1.18652995734589,-0.0322306586461143,-0.633632454763307,0.0303423762037326
6.23337600377918,0.888203822666694,1.50284259686567,0.654195192567042
1.9958419911597,-0.87687980250752,-1.24886670858751,-1.68304635116619
5.45322814403887,-3.32557380536122,-3.63810130677162,-2.87683756386842
2.84804183797374,-0.0709088319946897,0.242065960360093,-0.956189627739405
21.4486963876289,2.93535201088529,1.70446948902834,1.34778522552471
2.31817620007092,0.444724713506885,-0.559113071773341,-0.392347619375576
0.238029915425996,-0.374225558931958,0.621378943813553,0.823930594824375
0.879662088619875,-0.55895915548473,0.244528671577536,0.136566109780963
6.35291392664881,0.319668954755443,1.57299636265588,0.561676033478231
2.69411787970674,-0.0194492682602909,0.32957346316078,0.601584508553491
-2.86201779188487,-0.997943194562333,0.260781875198045,1.19827744947375
0.389478232465349,-0.219497312554163,-0.65990817285368,-0.285560408594639
-0.281295806929496,-1.44245871326456,0.0222199195758235,-0.999967227872587
-0.458927402377023,-0.635817889998743,-1.26324165114489,-1.32423276930746
0.487962466194354,-0.291871420387095,-1.14412592702521,-1.34871158309887
10.009232327926,2.39503721280545,-0.436634967840851,0.383640727564013
2.80492237570399,-0.249987953979604,1.27356678624494,0.897833950494215
4.48147568660841,1.41617316338543,0.19769994149831,-0.719000953789195
0.933230423483086,-2.49170903744442,-1.46661854000846,-1.48416150031076
13.7114523609946,1.99476443163078,1.27352039064153,0.905372596357824
11.2331622335225,1.98538914259145,0.495034438858906,0.613029201834497
-1.01610414897381,-0.528090928074243,-0.720038330302029,-0.0848425962462578
-1.68490241869445,-0.292555721459471,-2.13369995133149,-1.26197510075992
3.66277332987234,-0.839487385314566,1.07836882727276,-0.700390609745701
2.54383460016124,0.150574279138011,0.00602831206408449,-0.24937961150436
2.91632592938949,0.754475457322458,0.131594157639549,-0.868352063936032
-1.53490482076707,-0.746360480251682,0.326260290631416,1.15936850630978
0.0857487276267039,-0.221846514915564,-1.80231970809436,-1.82123195920072
-1.07159256830875,-1.2628447758815,1.16433842087879,0.576417410438828
9.5011870760933,0.637385566456684,1.901480672169,1.71684813836499
3.19694626965273,0.779801439603343,-0.796615690915758,0.5575746102903
2.40401426936224,0.605394102149627,-0.603385760007122,-0.072130924649625
9.53824951068089,1.81090020651161,-0.0423918970110899,0.277593395009745
0.724171238040245,-1.18311862788038,0.502719059368526,-0.39240870352092
5.34146200497718,0.70338091869534,0.299098504493371,0.117363691643581
12.8365502631512,1.96116174789697,1.42276651123138,0.733840336083479
0.92659603912273,-0.143953830707225,-0.143804413207649,-0.591167323291821
0.427699075672717,-2.44032189363109,-1.78831311577733,-1.6760351508006
3.40253600372619,-0.396968227403558,0.942629300229248,0.046791878767845
4.81191138533465,0.606906776575034,-0.183829716736464,0.204894394079494
6.76553172888636,0.873691367607916,0.674391611543382,1.43961810120108
9.00744551867049,0.784927464572935,0.986391240367763,1.75425879863766
-1.80788264535189,-0.880463597215394,-0.608495659323737,-0.74440157178243
1.80785741195737,0.558301763495257,-0.918380012273153,-0.518444384981231
9.24260783768018,0.874534411327273,2.09164832748983,1.9710082301978
1.70485398640715,0.127348684745779,-0.318502046077272,-0.048325454866592
9.93607153626418,0.93541651825898,1.22814234537676,2.12296164083401
-2.22995596844561,-1.70682117830611,-0.329305165326733,-0.995653491223566
8.67811672187783,0.780958422156158,1.95867911645254,1.00142342529403
1.804451981222,-0.863764301063018,-0.00207197090066572,-0.907213853556825
2.4036737815978,-0.349148483032663,0.378558959720283,0.479841351771023
8.28028604517303,1.06697067941331,1.5743409151472,0.374834300432461
5.09074503310527,0.74492318616348,1.47523728084795,-0.20990885623054
6.03685235993181,0.634409759081816,0.278869826506941,1.16677916410567
-4.11204610703566,-0.794879980880715,-1.12824836337247,0.304701119019288
-2.71184452386375,-2.11114488718495,-1.40381572782838,-0.798620960667597
0.535699038491019,-0.578684526051657,-0.0557688239217339,-1.2555164408694
5.404781992758,0.515602980918822,0.426509653991111,0.802807472117832
6.49156113753544,0.638459258268238,0.247573172342754,2.07861717165924
-4.05202116041748,-1.16792336095356,0.015392950610277,0.513654112217097
1.0820269666969,-0.0944570005273228,-0.106296619839165,0.657037555578211
-0.216762749768846,-0.0604358164554843,-0.604121907067831,0.170238067555403
-2.64175086340212,-2.39733705619199,-1.34895991111176,-1.04047069196878
18.7245212240921,1.93691071885037,1.20327062971547,2.3178271715103
5.32445715648977,0.00993814546929706,1.87168877661789,1.71394346540035
19.1392730787712,2.47567756176381,0.790964263336885,1.80962473661868
7.08864655844054,0.639190236585339,0.505927824748235,1.26173781148762
14.9628978474139,1.6443186981303,0.50451169849216,1.98707015606059
1.74904450618002,0.0756639763701172,-0.425737297193532,0.0518588741542311
1.07921270963807,-1.65002238474062,-2.54989835668625,-2.41190881303961
4.90061885614905,-1.83609148798199,-1.40567919377678,-2.99671265173288
9.773598452661,0.813645623370962,1.16213403243934,2.03333432158427
5.06332332399707,1.45337398593011,-0.610758501941081,0.490942330853996
0.283077084490791,-0.567031321153627,-0.52963254150667,-0.749711963824803
8.06954298045228,1.73252786293386,0.080842718187741,0.201378080382445
-3.09683505025626,-1.57899649122515,-0.875048639223248,-0.37696410136181
6.56365618992308,1.95407177978924,-0.329233526041211,0.150462752558717
18.0258833291519,2.07133684657546,1.66206700219685,1.82661767366098
1.98740686872868,0.701221196367674,-1.29208739945286,-0.732144750459916
0.729969373535609,-0.662254309446103,-0.449886254244454,-0.90196409869978
-0.638714636684239,-0.483207969857381,-1.38899059398745,-1.27578849806643
15.2886223374652,1.84686156070952,0.627609617748771,1.79743133335744
4.93867726050157,0.517926491193353,0.727118707612261,0.250287690182092
2.00569856667279,0.465387803801034,-0.363118067892264,-0.675272476064472
0.834911572556618,-1.3650232069557,-1.04227358676043,-0.988928941215204
4.1335104149222,0.570815419155603,0.0923125199321735,0.242699016581287
9.14302499326764,1.14513563018254,-0.375259224246322,1.29581448717615
2.26517174892045,-0.563134353839334,-0.181424124960991,-1.3975272275068
0.443007095056611,-0.929627018463238,-0.777927257007201,-1.64256477768152
2.77096376824232,-2.2970380463523,-0.570017037844215,-1.6561119038501
0.233157597274006,-0.305075112501249,-1.45131090086813,-0.55992379732416
10.7829780754693,1.6931396167584,-0.629860446313992,1.38973304774782
0.22319842749981,0.155738946327546,-1.11665323711038,0.379436067764438
4.95092517897994,0.677929650149437,0.351439705368269,0.254198072701022
1.03182567735583,-0.488497432736674,-0.735678938973708,-1.40668461506498
3.05157787816994,0.597145353767535,-0.216648702163025,-0.277389349561321
1.03308527690296,-0.752145987785776,-0.863350687737569,-1.371612870529
1.2552585720436,-0.16798973144843,-0.418873799192279,-0.0301505755863127
8.57466412259026,1.29826062390492,0.944289310845195,0.771395100521656
0.809965595201041,-0.557290714745682,0.175584500575687,0.355375992928808
0.835296713769359,0.0834345608516809,-0.228228056471372,-0.344314400122572
1.11446177206443,-1.03786819423826,-0.641164721194794,-2.05417909879534
4.16429753227975,0.524591710410897,-1.15302451113841,0.211825134398614
0.256842713828535,1.0359662573734,-0.891862142670562,-1.4940299831853
-2.14302857383824,-0.747868501583634,0.445822038315282,0.334356237692745
2.604393706647,0.294962769487154,0.255854449123879,1.11226286981171
10.4366192766676,1.4936010573386,1.07357110619211,0.456805604162765
-1.88701937015508,-1.33217650040369,-0.118653452065275,0.062884326888354
0.281484887440956,-0.109240777697324,-0.602152403726875,-0.84281348788552
2.27988049496194,-0.470140396752616,0.386611733198987,-0.829604552106919
-0.168657632857491,-0.569766741530209,-0.753538368636875,0.320674653547063
-2.61868897727826,-1.89210271879821,-0.909936890404372,-0.540128761248377
1.84563585257859,-0.806711880876937,-0.554447662983607,-0.492011121450121
1.58201362137858,-0.107627962462405,-0.106073218088563,0.964160226854969
17.5074634984667,1.52234594608958,2.07651739247114,2.89006009218617
1.74538312802508,-0.781163146101447,-0.295977780054592,-1.25531447543793
-3.19683896844432,-1.10969423183419,-0.402795330031369,0.143796938309471
-1.81598055869489,-0.792867455732966,0.64891983558307,0.633569680901602
0.671567060996198,-0.409068349731022,-0.2563829572514,-0.616803341728388
-1.20127132731837,-2.61908566672989,-1.91771642749481,-1.76311273757854
1.55751148312533,-0.218011406055288,0.674744045413744,-0.488426903656946
8.6918305916625,0.86329424810456,1.38886437470255,1.01495424897527
2.03911598020359,-0.503760114856459,-0.0114242297536077,-0.210096461464523
3.12236304828699,0.118688575465194,0.432761160034647,-0.17577574474144
4.45015302691318,0.411445773026994,0.0129355800688221,0.72332745070422
2.59447918194097,0.0615594010505431,0.098526517285572,-1.21783704165623
11.7328415902834,1.87667892316838,0.832029397170247,0.990731961354869
0.289709206402221,-0.953367126478329,0.240953703269952,-0.0796899964268267
13.8694054673822,2.62497315474481,-0.538279809037619,0.699247503211029
12.3683730389896,1.73067873680605,0.598763009192933,1.41298495728431
3.96802586807665,-0.24525931375639,0.95211628753767,0.912489349688301
3.87248500337071,0.308202973644919,0.266955932298736,-0.484760503016862
6.51513266616325,-1.42260355469315,-0.218474772929386,-2.61972563108105
2.01743102661422,-0.714033996965295,0.739526954631762,0.829620588548142
-2.14870029848762,-1.44340877151603,2.43120340779148,1.10655821355797
5.71363446793564,0.396898221712258,1.05978896248435,1.10848027420436
13.1492705428541,1.98537151792902,0.0940582397138557,1.47041813323643
2.9247119952774,0.800265673585278,-0.937254053480092,-0.201065771481937
0.790723718005229,-0.633781681836767,0.543116912881299,-0.401848898102502
11.1409986832477,1.4128662812822,0.669026298349634,1.1274395604549
-1.35779170616029,-1.24381127877043,0.450232796173508,-0.0485967951176275
12.6125521785309,1.41944967995985,2.17416751130493,1.46077375022427
3.1720657106946,-0.338117968284214,0.172648003165972,-1.21894706626134
9.18632542868755,0.983398752034985,2.11224992335867,0.680022465197417
-0.234005646594906,-2.00503820600336,-0.747493887269777,-1.18271004565439
5.38229508972472,0.0356940194390356,2.60140937616713,1.14444370096137
4.66507303485084,0.492395591399786,-0.0837585389855111,-0.196518419082457
9.87478439032545,0.769765818536899,2.31630325087517,1.62681343589253
4.7769819408584,0.0382661351881347,1.4493713614685,0.588581760658371
-7.13183326459154,-2.45900207177248,-2.04807981248808,0.10928918989065
-5.9465160568162,-1.67202025233699,0.344097793041709,0.650163532738749
4.97618430197217,1.00594652970607,-1.03131070569903,1.63525799716595
-0.658051321063917,-0.589331465764605,0.524535460846219,1.04697528700237
2.66256091239741,-0.322233724956027,0.152673787088871,-0.796007427236917
-4.23909274764724,-1.43335572925602,0.111256910640227,0.767695294092415
0.755361263952957,-0.499514204324272,-0.509918476669754,-0.429283848863155
-2.91889245562172,-1.37693807740304,-1.60308232077191,-1.45820673156511
0.485115667037491,-2.01977665239518,-2.62351328249702,-2.19892743990226
1.98131989167477,0.972794428658692,-0.696894127471938,-1.39217879759453
5.45507179270878,0.219948181027174,1.1192616430715,0.887400475209624
-1.85975177619566,-0.124795533245681,-1.05440014130562,-0.53395463430654
7.08438426645826,1.85846797140285,-1.29110980563704,0.437725834957336
1.34994387389837,-0.911925304216735,-0.0314914944077225,-0.714218045980421
-0.312576659365824,-1.14210535905717,-0.5339165440227,-0.958468895997531
-1.52337048213257,-1.1061411368226,-0.30359864920764,-0.384790136245621
-0.456166702401311,-0.896937328598964,-0.249097220155776,-0.284241629736204
3.50932315692534,-0.155800026776187,0.786395656153755,1.14383303403043
6.08515734570189,1.00182357190759,1.05585572637645,0.391242593799309
10.5965188834045,1.26252316650625,1.27614982462523,1.81752378458185
0.704661263104918,-2.23949181786351,-0.730982677947457,-1.69046922211055
-3.62646318895979,-1.62831008651761,-1.10589031961601,0.0476556321485004
0.665086432265426,-0.869056917970152,0.67233699336877,0.544573737791912
-1.56892965323199,-1.61074850268037,-0.36199335501458,-0.065656298321001
-1.17216510327152,-0.91780725085474,-1.44148253395089,-0.787881768140991
0.585543424586413,-2.36767099282497,-1.97332746645645,-1.81949350609885
-0.311983928211802,-0.664763242842678,-1.19117140297529,-1.13670109707852
0.121134625399451,-0.194877911782337,-0.464493084732435,-0.412277236014242
2.54805883005485,0.903735015796243,-0.120459185177776,0.0731736085139607
1.61279316828939,-0.200625606920094,0.103829487384175,-0.310936633887997
6.61395611665157,1.13625164250067,-0.173470643430701,0.237861515525004
22.8585857170154,2.57726805506802,1.44697477755412,2.3760589264224
-0.367928770141414,-0.694384168133276,-0.721833262083076,-1.51527354697197
-2.25446676779649,-1.91633921074458,0.414759973628671,0.0290195946607238
2.2872078384773,-0.394294746213688,0.302531096316103,-0.44177525500219
3.64881915576993,-3.26803913359643,-2.1939749737364,-2.5906121934466
-2.8950899903203,-0.445999031624007,-2.1486605204063,-0.870473976367377
2.87465585794956,0.160310254157644,-0.00665326654366636,1.16675259215884
0.961378974644697,-1.16181404436635,0.75332372267555,-0.575850487030824
5.57053656255744,2.31079099406431,-0.971183255984587,-0.232257259632751
7.04023728698381,0.992107856462164,0.816687326911438,1.37034094552137
0.292429508327981,0.442207188242474,-0.456571097461493,-0.451642095442385
-2.29577888519148,-1.24098472468898,-0.264257856231316,-0.15384689502719
0.231462609827526,-0.41718272412024,-0.794773343523136,-0.375717190500744
-1.08511655133924,-2.96070572352432,-0.511381935534185,-1.38846406820932
4.56142212105678,1.05808822359132,-0.913875862600206,0.177649369563515
5.29773220831361,0.606427950552861,0.85023281742701,0.855432016370507
1.30978818535259,-0.14936197285338,0.674842017514137,-0.0796423103002028
13.1200989281364,1.60908901300739,1.57417538532976,0.572155691233449
-0.326288069408637,0.35121229075365,-0.798667946333058,-0.94437873299947
-0.203833099886553,-1.74697441615756,0.225539513312329,-1.07176614695722
6.75141097647416,0.778674486108622,0.0492521413066588,1.22522947916849
8.97964696900394,0.920257565924174,1.36444094835945,0.76907243956794
2.19429984426691,-1.73161876872242,-0.0756344966257925,-1.53502485157209
-1.90390313791631,-1.69803317189235,-0.607822037532632,-0.439517032178523
1.07187328329303,-1.0227067124574,-0.0641562990560133,-0.69393113381772
2.6939770822393,0.381319012261938,0.421245523169944,-0.134079777614458
-0.0476505288860868,-1.80818128570496,-1.09246138772283,-1.34814768261237
0.808272837995545,-1.28167092250399,-0.936406102557164,-2.24004352583176
-3.9226513349184,-1.36886690234233,-1.94849477100818,-0.778459169831598
1.25291539398164,-0.0553974740569495,-0.632740606584766,-1.08155170615606
-2.91995347806312,-1.30901690150384,-1.84956769534681,-0.600596115317971
0.902611452929543,-0.853285224516898,-0.622981016671232,-0.692859429787089
6.12656456527225,0.71153917609613,1.57698821713091,0.0783312035334357
9.85939462569055,1.3473830170443,1.08711600627909,0.783882204819976
-0.792107745380266,-0.0966107163021007,-0.286074738408489,-0.0421380209150073
2.1990664163979,-1.94939603387037,-0.420720144409723,-1.52721381735613
15.7584237240192,2.06565948570983,0.332882526254065,1.10371309178499
3.16221087682177,-0.272476238291308,0.316315481567955,-1.07256563222899
4.61151533080618,0.0863631925862979,1.67634346524787,1.95605373256242
1.94364171466369,-0.510901720463082,0.181396328855482,-0.465687046516211
1.96410433473927,-0.523408060755132,0.773705846271326,-1.01554753402725
3.45198125201342,0.0643074699921112,0.925754131926837,-0.964009860865749
1.84329591053372,0.874527363007988,-2.31828479857034,0.821824205056736
0.60441014219478,-0.363103971303317,-0.149309047913901,0.782793222515203
0.521551238673459,0.762372680052843,-0.118886653522984,-1.47898398499327
4.5564505980193,-0.109682627121861,0.904409713987027,-0.661125688795185
3.37529955082683,0.292463937182336,-0.069555296048804,0.493779216799414
3.13203350996015,0.026689125133338,0.113097046314278,-0.541012051587972
2.85031033694601,-0.209124317169332,0.528271894884724,-0.0482777886325541
5.50167796164557,0.646077495220309,0.706740048163701,0.376410128203214
14.7064797129071,1.55092727213812,1.97730110417683,1.52764400409615
-5.3006566841287,-2.21188265821891,-0.657735131464025,0.00273168044447492
3.24622051486226,0.486432503740862,-0.577740194827029,0.659526464904008
-0.722757064219027,-0.452680488942015,-1.18897976739963,-1.58559327433752
0.00264899171893096,-0.495985433595842,0.235329029887931,-0.231520834360692
13.0124450717723,1.44922926223608,0.894354991805475,1.29876009460487
9.7554488213285,1.94624237502198,0.402224811403124,0.331847992288191
18.2951664709574,1.99168181969377,1.77113654845821,1.77532633809723
11.8480291014249,2.20445395822449,0.0995451968771206,0.705598951099876
2.04902007576433,-0.193804844337351,0.0196283796812789,-0.830203266019724
0.386791720056533,-0.562160165184431,-1.33539389393984,-0.839516585591758
0.589031286993742,-0.455135619926735,-1.1733446880557,-1.52528459835469
2.15260874673887,-0.434433930987762,-0.834188040534397,-2.14300095481682
-2.54346240370183,-0.927747024316135,-1.06783626129544,-0.193507515366966
0.799800378205904,0.187516528099572,-0.860052328496184,-0.0264423144288058
5.47097635802146,0.891769915540002,0.50577331083536,0.495886380014672
2.62409417312598,0.268257106475384,0.51063126414769,-0.039522894230372
3.45665068315919,0.57295982124016,-1.46853632114407,-0.112963014710574
-0.239988674467688,-1.00098648076443,-1.07260302043657,-1.19834569243126
9.03699001855795,0.694571641889422,1.79196585538094,0.900967104827369
1.41165408431924,0.096958248597558,-0.876550833915056,-0.0804270305637574
9.55480678163056,1.34456185509723,0.0669740239755845,1.4245586948653
0.611555193605518,-0.186425836902569,-0.256339498424108,0.0481229349032197
1.0406142050506,-0.454662433718311,1.20812099276855,0.975352951046812
4.37129286289992,0.324507195931184,0.0194260865508342,0.925111108463866
5.43045951626485,0.359418464814237,0.247568642967372,1.00344489788725
7.51458366455027,0.883064049812174,2.10348844788001,-0.157084646126189
8.184661188084,1.22305975505377,0.753153792018965,0.0680983033178014
1.02074072363931,-0.0355950819584503,0.0126568840131207,-1.38683370116528
5.38075224476436,0.68838708051375,0.211257151275135,-0.650514342638678
0.659605469455197,-0.525356813925271,-0.230077130343502,-0.50397768356443
-4.14404175449098,-1.09096377444041,-0.725986478636623,0.273509072267354
-0.359773968886787,-0.69122415758832,-0.260934469232305,0.634826930529755
3.25503369339297,-0.200972402871213,0.610936879081643,0.291971922284817
1.46501599940051,-0.0329240653748035,0.0713193345766844,-0.550532408523076
-0.557535449755854,0.42895234080222,-1.02841239796094,-0.999828081797112
0.0661976228386382,-0.632458703332923,-0.251976709390372,-0.532660480133144
0.840706234361153,-0.947579884914114,0.0741544188874038,-1.63897724228445
-1.7763350793895,-2.78827275794471,-1.26301111224128,-1.16643098042374
-0.598593089599834,-0.943211849565595,-0.813173284997053,-1.48598301067736
13.9616053570222,1.70237612080152,0.517635752611175,1.81449583556329
4.22496123094662,-0.463747254487928,0.215963898240586,-1.38166940492689
2.83703093226481,-0.348702791569479,1.31552834196329,-0.588285850479377
-4.41442369102456,-2.22331219979297,0.524709237571629,0.23778414965035
11.1562746585136,1.80127581313062,0.428064577006,1.02328381590181
-8.96399146360911,-2.32910163325084,-0.31950721092754,0.467461631783929
-0.173538347676134,-1.16773570792252,-0.147560143765013,-1.0062616513224
0.790429249607249,-2.59438248534058,-1.39359642666823,-1.75791418893442
0.368365530770978,-1.97472584918275,-1.07891362009371,-1.44329652553945
5.52677111180295,0.521383262452502,-0.031913105079576,0.435135637674655
-5.9393858272301,-1.41621191969766,-1.53873925317664,0.706601825844204
10.878541655443,1.29574845244533,0.865277507698808,0.986702918124846
3.35834989761097,0.0384345448569417,-0.00940811605892715,1.45706300173917
2.61752036582103,0.91131569980085,0.423737933260349,-0.282794046913083
1.8067873836323,0.290505030845848,-0.440684383376905,0.875295552243204
5.68109731690069,-0.234821838020061,2.68840198491733,0.948448082708802
0.593126384522215,0.275811910243802,-0.889566362179298,-0.389715037527503
-1.32077023814331,-0.39320980071952,-0.762944102444322,0.570978009947689
16.7945089460688,2.34427728962059,0.692493521619962,1.26460295342458
0.0598713262709005,-1.42942148406331,-0.380436480560918,-0.994719210289577
-1.06709136654744,-0.59369717573046,0.573849663890277,-0.00640454252386184
5.37980867927739,0.431552715076986,1.07320910939023,0.141599453243738
2.82815495466984,0.0407786775167735,-0.100235695750703,-0.01796987039446
1.39815922717552,-0.591649874155003,-0.387246456036852,-1.27782495212708
3.0369787276786,0.489280192739822,0.331621579579349,-0.36674980209284
3.74023074492269,0.0446075766830342,0.865851170697913,1.66386507520266
2.28797190219124,0.478054884782015,0.0975829785457717,-0.356664887081616
6.10175514399643,0.879509365221625,0.972577242158943,0.19567714268872
1.44480328061655,-0.599429990826292,-0.0655577902354688,0.481411557384076
-3.64664355477521,-1.74833963978424,-0.83463815089948,-0.638642852193941
5.60904914640834,0.26395162729447,0.719489490242547,0.769746671556214
2.71928610502591,0.501888637265322,-0.556915956763949,-0.290700870441292
2.77094138882617,-0.202673593300184,0.840505581150754,0.597437202395775
0.449974263123704,-0.554313443716804,0.662892851522641,0.964752771214957
1.40937257780789,-1.92966510466381,-0.297379211078637,-0.783464215891451
10.4099655637333,1.30959554818744,0.941035007590801,1.79777844012263
3.0339228213329,0.113438857894997,-0.400032507170051,0.900183249095821
6.50405999784559,1.22163230533331,0.717564794495183,-0.219085704176564
17.2402416339374,2.09176770291352,1.29378897587532,1.97184478050186
-0.0823759149814544,-1.37677336692637,-0.309503374762262,-0.888721660020833
2.44127222418708,0.133711196169898,0.464492130360515,0.775209546799203
2.98550766572698,0.689228590912944,-0.85802649446042,-0.640979968566833
0.744821543118987,-0.643025871821042,-0.733007956924562,-1.12357081538696
2.68457000392214,0.136240385485993,0.106805843066327,0.201980866904111
3.48347691496715,0.490441097996336,0.21922097976971,-0.500723542184891
0.268708718263855,-0.401019807633409,-0.00807896747220952,-0.185794570320439
-0.301314942441455,-0.190740804951225,-1.09035635749086,-0.334318755890731
5.49973651514738,0.974855202552869,-0.180182073989474,0.786469025955728
6.27633165983753,0.655097384010854,0.0814643710867405,1.02251856714571
3.3667666258144,0.0615147491068522,0.344585608733197,0.31025192377608
29.9100588559792,3.13025839910364,2.6170331446074,2.43376889850218
4.42204470508421,0.732741915492741,-0.0657049916801839,0.486209042058018
-0.376511869741758,-0.433027849559374,-0.840761188046533,-0.52581835482736
-0.891618702356459,-1.40548863640879,0.224825559173155,-0.270532943629387
11.4508363331624,1.79527961508514,0.483957897186593,0.771617225501464
-1.1835754791674,-1.80610542114474,-1.45073005890989,-1.58411836882738
13.6063130437891,1.88731512538148,0.797169672914754,1.09644269506451
1.2209534244923,-0.549845858928713,1.58401949679735,0.380820011491841
6.02366119389984,1.00026870564425,1.03168746471252,0.623290306421495
2.96316029240888,1.25844652300806,-0.147464408596077,-0.411154116522113
0.83130240456134,-1.8865207252877,-1.28247936778941,-1.66454092332373
-1.49585134263014,0.810651880100836,-1.017890655683,-1.7463570853583
-2.30669993189722,0.0761812556867217,-1.84712180006731,-1.34667539851637
1.24013041375374,0.37685981391754,-1.13192076505154,0.0666839144831914
1.39253244602349,0.23988173117543,0.0020432597697739,-0.41791256589675
9.57544724892787,0.912291630832838,1.87770561883982,1.73675368304896
12.6409768717517,1.3881378783775,1.26967920933442,1.4017943674921
-4.42957707328491,-1.52737193753713,0.587261427234311,1.11135240395466
14.2863020098628,1.65343373732777,0.831449997921811,1.53906254133335
17.009602991587,1.81980259926627,1.80558930537207,1.73224410351979
2.91106158042891,0.0306562106701288,-0.327260210443302,-0.0629371461096774
1.75346272527077,-0.129733641581525,-0.379507254899242,0.242115862473735
-0.777988164930995,-1.8184919440006,-1.61237632666395,-1.38714312185722
1.66848329352067,0.336272591401023,0.0277231655213761,-1.10169909193887
4.29609612864274,0.846653004856927,0.3370373828165,-0.171041243853014
5.91955794403228,0.751720640119534,0.158472980146524,1.52996800401391
2.43365622430203,-1.62981220958629,-0.215734301470396,-1.46287129643829
3.78935997406971,-0.0534524511571799,1.98225148023094,1.34357267212369
-0.180912730183686,-1.45223965671477,-0.156898171277399,-0.536298716124073
11.15216271829,1.88675070738101,0.592917942338873,0.553285036528548
9.47647948048011,1.35563323419341,0.107395746027498,0.899937986281447
12.8167685999625,0.849367798797549,1.90851853949679,2.80866695748303
4.14284275059665,0.556213986684038,0.469103258366868,0.839112758693888
-1.90792709622354,-0.963276910225358,-0.382361409108217,-0.129819980376052
4.1587898806337,1.46743162019351,-1.00164053348285,-0.122999353548785
-3.00541419237135,-1.07198463752816,-1.51979620787606,-1.11152206043075
6.95339129632391,0.88206697943326,0.786932536509317,-0.131130645283012
-0.914463089291717,-3.45851871705322,-0.930392252542801,-1.23109116347226
0.737482443329675,-2.85400973083919,-1.15589536986579,-1.36073885563475
10.3108219269974,0.717389225173438,1.56047489396762,2.04223356812363
1.67983800501721,0.159051243563936,-0.5980943503631,0.244683703520818
5.39561099393583,1.01412749642305,0.69073818752318,-0.237280355858748
2.12350566403429,-0.655642284672597,-0.887982720149072,-0.579847493376171
0.969878949461048,0.383257320158007,-1.04285527573415,-0.462651839724372
0.395128938006016,-1.19367941512253,-0.323971968181275,-0.528728333267674
-3.18069442127266,-0.544138483421965,-0.817400910072658,1.00097516704223
15.3416661995828,2.51735014456439,-0.0225973603937959,1.11762459081552
5.79159093714696,0.693062890211195,0.798275602281576,0.977176606554954
8.76743921484523,2.18443536196826,-0.385196429037608,0.1902342952794
3.86228302904319,-0.195154642268806,1.95146658883656,0.876592898312349
1.54352455848085,-0.681266097435418,-1.08465999646215,-1.88910214337512
1.25908245183242,0.568718098436491,-0.693913293695773,-0.279068520891125
22.2024758871522,3.24385640979214,1.8567505845065,1.14689999699182
2.27006953400774,-1.19469852225821,-1.37963021563853,-2.29070133147037
-0.527577925695405,-2.34166073594569,-0.304626984408102,-1.51492636287298
1.31158846484462,-0.681740334176322,-0.907927777505198,-1.53388548994322
17.7158719316841,2.00326404151416,1.04658023406287,1.97624465263475
12.4053129841578,1.33666601681566,0.714305025412177,1.60061833501281
2.19348510277098,0.310550675001407,0.230587440861365,0.185715568843719
-1.91761882250273,0.137720181817637,-1.09340953880841,-0.170892336076271
3.70007950616554,0.415217121166366,-0.32465147494531,0.831072072184807
1.19019843933571,-0.190824360529784,0.106631707639584,0.525638149919252
7.51134188294337,1.27545618069076,1.01806062295274,0.110868345091976
-0.613901997314528,-0.772009058905385,-1.52294062784508,-1.71315463693335
10.8997818626335,1.13357594938325,0.938995432394884,1.11446332115014
6.96152629969418,1.47679222890611,-0.323086059907284,0.252517414642284
12.0480235347163,1.66699151145968,1.09123769062408,1.12688486254294
8.30262098164432,1.91149807794207,0.475695561483487,0.100802372679697
0.0260796481718662,0.398050608715223,-1.1429724164979,-2.11970744925648
1.10036874627514,-0.152839213048759,0.353816876708966,0.591049628933007
4.07412349725093,-0.161548169056342,1.15117420490781,-0.36595722933476
6.52869633013273,1.06906512754255,0.168847604123446,0.252352414515026
4.7432122793869,0.284188738903858,0.766570965389466,0.0885394916727917
2.55358563757121,0.251276386645445,-0.1131611730551,0.502893053673618
-1.56469735618051,-0.956797881063095,-0.426715188099315,0.27403620116695
-2.68567003526588,-1.84069471957609,-1.10316659051662,-0.699582598084943
6.54370076381546,0.815534005181994,0.658577552239701,0.303852578774004
0.765161895353274,-0.683064474638434,-0.158176493153323,0.565516871662269
7.07426932424329,0.618531147691164,1.60141647132669,0.662038306706525
0.78130348841426,0.633066943148226,-2.20371779824319,0.314418028286095
7.76024194992877,1.13626509246311,0.296065333563399,0.466644508305229
3.62628167854249,0.993806649079821,0.54332897835282,-0.901310948504155
7.37201098663998,0.873937278201747,1.01760492034246,0.81935009495148
6.47480929075132,0.362569995660075,1.50112227678159,0.204854548019239
22.7486518888511,2.52445711332451,1.29224426613727,1.78609196577423
7.43382595395799,0.82904197094027,1.2729354433676,0.67239236199644
1.63434478809048,0.404109243733196,-1.11460444395742,0.0849877568808132
1.84102450756917,-0.104754779751526,-0.328043638421817,0.961335952383287
11.3904046925848,0.822445572426736,1.76252363362902,2.46964190793987
3.66559976698239,0.594301342817309,-0.791521883663999,0.309171838046213
9.60055832027855,1.17297246809015,0.0353058419209634,1.61736282312275
37.3078052505112,3.13606063561585,3.23590148555922,3.54352838426676
10.6055182613264,1.38369799636844,1.31716641090461,0.258663669701992
8.52262073000502,0.816684959967465,0.155236729647942,0.626249051169733
-1.68191268813629,-1.02201735366436,0.948244981997047,0.463723035337261
-4.92191546277777,-1.93917905321535,0.79257375332286,0.692321286774418
1.2468950405439,-0.432223015610581,0.385595651622199,0.613946202363272
-1.47942460420649,-1.11119224591915,-0.271503448754768,0.0284776415350696
-0.463604541515801,-1.1680179350951,-0.901316502809412,-0.907599534980095
0.724876417992121,0.30091772272286,-1.87480609378394,-0.256671151875191
20.8318338402354,3.02321536638767,0.307464124599871,1.26179234781255
-6.04254103920939,-2.05002667827216,-1.09412387402576,-0.511443848739069
-1.85190610966045,-0.85922849163641,-1.23665393435461,0.000294774948855325
1.20267113862823,-0.0776037359406669,0.0375705117565127,-0.0422730204906515
-1.57638421776486,-0.404407418478795,-0.947744714089229,0.449380128256844
0.142971886488752,-0.574898929255608,0.342467046981999,1.23176548672813
6.54363979355213,1.27390161893805,0.946718944399298,-0.181121250261397
2.093263530397,-0.0642692507009374,0.648872306159681,0.838584956757703
19.9092091440133,2.7093164644027,1.78075000516599,1.64125118606699
7.83423120615334,1.14954704443176,0.833298544834094,1.17281654105481
-4.55024537410441,-1.73321359948128,-0.0471182396503598,0.295103349677891
3.4098222788111,0.124810373278704,0.32024773776149,0.250150337561123
-1.99382318697736,-2.60027277335246,-1.12746046725657,-0.850774857408134
0.151723555467998,-0.777617021462674,-0.183274096503672,-0.421504265664714
11.1087234991759,1.6172903934867,1.54507754148297,0.658117485775447
16.4912131694092,1.7508208709109,1.21522455214155,1.68941283053296
7.7648005186311,1.04436994163358,1.20668943203836,0.374370339012325
-1.52040130114865,-0.416668102185687,-1.30905279786564,-0.216228955967437
25.0965343704523,3.60435685509112,1.49201305063,1.35375866279108
8.1750895907312,0.900609374247054,0.33928092116021,0.713519877652477
0.0924232061115362,-0.4201019693143,-1.60846861128426,-0.247946763290535
2.75126711277913,-0.319048546979912,0.657206243706467,0.736556900612622
-0.923279582913429,-1.30302893741614,-1.64216544783887,-1.33429306091535
5.27862031236864,1.45694555896755,-1.04727632518605,0.193178439739307
-0.628370586555776,-0.648588295274729,-0.475984671324177,-0.256705841774874
-0.562487186958621,-0.322194132300792,-0.636319589221723,0.342398522638409
10.9977343165203,1.91825688444472,-0.272004831371379,0.924302270281662
21.4399853341806,2.70930296189603,0.696056379131762,1.71399163664716
3.73241805349257,0.629259958330921,0.184966653512535,0.764881280787476
7.32488324516465,0.793949208423688,-0.231652590183511,1.49953859067914
-3.22415064118461,-1.07335920957727,-2.26811408429836,-0.307036569591544
1.89748525719034,-0.37404269241707,-0.199179051975734,-1.02322497807448
4.46111762694217,0.743169980575596,1.54154544316442,-0.453534253764134
13.263514836632,1.9773915061501,-0.00976903924196954,1.73211530615167
0.941891144625489,-0.382135940760182,-0.4883653748768,0.924910388474107
1.48738857640495,-0.71022252050093,1.45695700135347,1.29364001109346
2.69916069025767,0.27903009120972,0.1826393472034,-0.00908178261857184
3.8665550057356,-0.141990302744146,0.0258769064694157,-0.800504494535863
0.860966131910187,-0.00855138992767707,-0.4696724485703,-0.129769875375867
1.33473429999436,-0.533816635992446,0.353823660083165,-0.245065853620747
5.29322423250356,1.43676119801322,-0.00903516638851387,-0.107899751940716
2.85409527970228,-0.485302180938334,-0.204957172964568,-1.60030282307124
0.959132950718024,0.402514115509263,-1.1593766610419,-1.01057264413928
0.0988309203585131,-1.40779158184371,-1.45257378037099,-1.51336087670026
0.97497826022988,-0.719281200661645,1.08577023545703,0.788587460486758
3.88243802300194,0.773434370968737,0.30687885572413,-0.333689858663522
5.38640139446036,0.6786457442112,0.742363858611416,-0.172519107355121
-3.81895399056078,-2.55824467745496,0.358825510486365,0.00151739299960929
1.24817596671739,-0.971041445573664,-0.502478285713475,-1.52691871415019
-4.81085194898407,-2.36001185049118,-0.378258725375241,-0.589416709507552
5.16519734646902,0.0307115009748505,1.78204491574041,0.994031635814476
0.521341078766348,-0.691709732950589,0.0884502742414179,0.29890159496256
-0.258844633655863,-1.01391643760374,-1.15526161139983,-1.15098950668239
1.31202212233631,0.0781653418515995,0.0895230549185056,-1.0294499926938
12.2126228283658,2.43028110865922,0.0953506063736522,0.629778082488656
3.98042550166218,0.356634958535911,0.219386472326718,-0.34893761735358
10.3746706729851,1.33878254334847,1.6515262143259,0.442292409070299
3.48686310761276,1.61017262760837,-0.25988929731234,-0.500635833267591
4.76716274896207,0.936061420071093,-0.812499111154663,0.712413798624472
3.65582253818687,0.138988889779398,-0.294929332590349,0.820996654396839
1.15624569861143,-1.26549414546073,-0.423355668241554,-1.74095987925467
8.10987198526215,0.411882728423576,2.29111587551278,0.365059395055005
8.87232084484866,1.38499822181499,0.170968805422779,0.301152923399755
9.27215935034437,1.19758728710778,0.909770950776155,0.921660843320546
5.13727208384214,0.848386748405286,0.731073844246635,0.343373421529936
2.66249297374229,-0.287900149379212,0.867627899713881,-0.141807931414763
-1.06988386966158,-0.311713601713533,-1.65298297499179,-1.04577919516593
7.2368557428181,0.904343133624766,0.688032094649646,0.842454252440127
4.7732186926743,0.852866793456041,-0.214766901170132,0.998808693903735
11.4991133539272,1.43829872870905,1.31122776698891,0.338344561566857
9.97135534693374,1.7269052766571,-0.476362980587212,0.363939744368675
2.55035324709247,0.206415096735558,0.0415616501859427,-0.184419022529047
7.21325471962261,1.31252775204962,-0.140116741700659,0.390989962493694
-1.69122763556428,-2.71881184307751,0.0157554802078672,-0.860226935956637
4.20207241997172,0.357641260400994,0.941411862572333,1.11248487437128
4.37716529212788,0.319555197143669,1.18271112654854,0.239089731224201
12.4030085063538,1.61817249983009,0.567810673803805,1.34024281614723
2.64852798141309,-0.799376863816172,0.994060175984995,0.362622247378794
8.96411013927895,1.03328855886193,1.31490532861488,0.460559426188072
8.68087058746084,2.10567056621343,-0.0254932813940298,0.1236236663663
2.43738519015917,0.0594624310794189,-0.307529367757562,0.298344805822917
-1.86638101600084,-2.20723974337425,-0.320824041759934,-0.757010573411439
1.8105089678665,0.206391117443454,-0.184055798161267,0.370499172158994
10.6325183934879,1.02742713526566,1.18769201606786,1.23908122180398
21.9561162696503,3.21691333169429,0.632385843102611,1.12407211410733
7.82500537871713,0.285025579937056,2.19754193685109,1.18846198157672
-1.06356028209493,-0.906138653968803,-1.97953482869712,-0.224706980085138
3.40455155098889,-0.37125359106499,0.704719156016582,0.0161386426666101
1.14784111787508,0.555850889902648,-1.20950374032476,-0.0285752378101695
-0.385457497832157,-0.657401955699415,-0.762888892282297,-1.31859110478622
1.33906930461831,0.994422316206,-0.425810463980595,-0.760172018161366
5.41779364146909,1.81252382817185,-0.821945719187561,-0.106742534091689
4.12921134740148,0.380612276587646,1.03279135062486,0.19333735911442
-0.174145126729978,0.825273194797143,-2.73512374930639,-0.289254593977245
0.813265734442229,-0.565246954232429,-0.502097528729161,-0.53525267236301
1.92219855310023,-0.374795050773955,-0.328481577066179,0.762759057617017
0.0397702051497909,-2.27266337790054,0.83682622694229,-0.581488175019573
-0.16133234718412,-0.380054283705434,0.566314186279074,0.57423175911481
8.91919389945625,1.43911989029133,0.0809422967264468,0.633857991525571
-0.308816908201334,-0.674236222604499,-0.850576801770152,-0.574988062690979
2.04685495067018,0.934470184773555,-0.944370175319832,-0.848483045799963
1.04346431493232,-0.644029785367168,1.22460415190438,0.301107390337274
2.20320910802848,0.0283869681145977,1.23047194990665,-0.384087823131283
6.87243138435728,1.40539805268183,0.530946350841591,-0.313071460550645
5.16559810200074,0.535465221663164,-0.204186481378034,0.812136469194655
1.73217633801876,0.185733559991303,-0.410737550202565,-0.570389696570395
6.16748384476811,0.210931933782598,2.18228483963861,0.497698689506357
5.36006519215623,0.660513389095259,0.269702832674853,0.426067566547395
3.30213915966475,-0.157002607554886,1.17610837413126,0.493949510290948
0.211817809501411,-0.719383887836271,-0.292869656547885,0.10737087070138
1.77972741488453,0.213193655740712,-1.02379689723549,-0.614962199147541
-4.98039022401848,-1.81702232564527,-0.787063043704392,-0.222505737758361
15.3964462744273,2.26782924055354,0.162685513367784,1.47641750935624
7.30376412743628,0.685312325056771,0.951089169689521,0.691066091704137
5.29557768792327,1.26807495257686,0.164359006025608,-0.40706742976112
0.103799159012788,-0.959986831560879,-0.722732681289884,-1.07788131898607
2.54951412787938,0.0532115536054613,0.12261995232517,0.214546484026185
2.32596143699983,-0.0304793656331354,0.512787327708232,1.20622129752324
-0.81651324927219,0.119789118041581,-0.269804955784614,-0.905328017780614
5.64791290227228,0.834794515480643,0.953636472953939,0.644681537032905
0.0651082958311153,-0.602694956918175,-0.052694157453616,0.97895580478067
-0.157172581916019,-0.536784464640211,-1.2214333899897,-1.93346167550452
5.94723385384906,0.655387436158121,0.569785988911467,0.459486000878594
-1.63088011942803,-0.0720315383279586,-1.12886774586502,-0.88321947564117
2.9054446032069,-1.18874467317061,-1.29585922679527,-2.11874305499666
-2.13619629177543,-0.875918791278983,-0.579831267306822,1.01217739225546
1.13544587847178,0.65017578070219,-0.34216424895435,-0.646744037983706
13.75487372468,1.26146823851242,0.706744705035528,2.23796451529064
-0.292878266558258,0.237598477598915,-1.4683154454877,-0.578380636861737
-1.06905953846883,-0.834847741885601,-1.89057474757005,-1.31300391830062
2.43473909830897,0.0205318927869068,0.800769143220838,1.39159270241007
4.42639701072413,-0.143471149265585,1.93692121116576,0.953883564193285
2.69513594928015,0.155768203518554,-0.604355044094413,-2.11505200768591
2.28094050359137,0.181354862301676,-0.820750418184075,0.528393116600221
10.3425983036468,1.53321563162583,0.156949031226328,0.863074777080432
2.03621471347292,-0.425007850796718,1.01058502320121,-0.0372421262309539
5.58146630828175,0.95008234726153,-0.0832971429134286,0.0916609121903525
-0.25352263844097,-0.686108539250991,-0.683663263997911,-0.48705124498406
-3.38313857976053,-1.77916762781741,-0.600723669066493,-0.1863149828975
1.65720712680627,-1.51868056466613,0.821920859162139,-1.06047817099349
-0.481135965995701,-0.781745704171789,0.257125860892663,0.341775261892936
10.5312003537158,0.982466816111806,0.931043935322115,1.17495780649335
2.53711048680275,-1.00285178351385,-1.55049411003327,-2.1334216217075
-4.02035672060614,-1.05655552218009,-0.852207372439602,1.01880152834489
1.5720055380035,-0.114707861062093,1.02742394778394,1.96950312489141
0.708510002000106,-0.845478076691622,-0.172944222116998,-0.933321734980469
0.101575421700745,-0.375284777835253,0.303589992479284,0.0459350110670193
9.3750371842857,1.66600805323308,1.68200852848426,0.125522539354849
3.58775754884795,0.41815889111587,0.241032837064766,-1.35761312534535
0.05713462050042,0.335987099939255,-2.18426937472939,0.586089870026745
4.08739836296062,1.44953490061456,0.0277951640410804,-0.294938320916399
7.22291520210282,0.879708072528122,1.3275152069093,1.10549730589718
6.50228578327843,1.03686707531628,-0.372526531286961,0.786124648070984
5.0710309930356,1.48461271527241,0.222110625374116,-0.576066503138691
1.52828828948876,-1.11290193790583,-0.175455157196708,-1.95903287366358
0.834407265404226,-0.521304339541465,-0.361654101246936,-0.884073566520373
-0.445550211557424,-0.747831307287968,1.34171753717892,-0.0336473451448333
0.665052285590325,-1.15953674975289,-0.541645276444917,-0.893783871563947
8.1893277675041,1.42292167475576,0.40237117389696,0.675362189857175
16.4307958750558,2.58775815397093,1.86986805734226,1.24545372534392
0.929125256182605,-0.454315273334027,0.0531648141630205,-0.648678773088957
3.89822368269968,0.188926939844829,0.450769652610229,-0.169663311408741
5.70219685519181,-3.5307030916172,-2.07662268692879,-2.48499145291283
-2.31261285019026,-1.54099058716001,-1.10894095099769,-0.366062018112641
-2.22058181621414,-1.72367284602857,-0.176617562564814,-0.569303784219905
2.92776115367203,0.168949988014872,0.151273279500191,0.189164677404287
9.03357631311834,0.84396152264087,1.84248897883192,1.06683386331824
4.89606626130091,0.63624040261068,0.887836156576892,1.47893492155934
1.42197068243811,-0.283933919452644,-0.368982771596035,-1.78465055760536
5.41312344671073,0.741562536952112,0.493550718804954,0.536827308162958
0.457137372293241,-0.71493900233612,0.522277678854532,-0.201755963919903
3.29986185580303,0.961227676628931,-0.424144079845314,-0.761223141851854
-4.1649747813706,-1.05073891684229,-0.900048418374411,0.29848360325499
-3.04497364193431,-1.10360442210699,0.026519513881767,0.606237979297696
-3.02287416728111,-1.77023561162585,-0.734246230294009,-0.688172327617618
0.336050113786099,-0.430830606922855,0.415807677236663,-0.170866149348704
3.27486825807127,0.268926290770124,1.90283175922996,1.28065884706146
11.3412519679018,1.44413255562502,0.349378628076266,1.28544432472695
1.45328642568038,-0.669267538290578,0.66692144360832,-0.61052583891309
1.77588331941743,-0.674525292612282,0.24366910710445,-1.16433159606961
5.46002522694262,0.963208713802599,-0.290052873520494,0.918291544657829
0.631487077623757,-0.874676840224342,-0.510709006314948,-1.50845085423207
1.75838975255631,0.249516436875532,-0.103111191060978,-2.13872591482601
10.4243940755647,1.51806080880957,0.0913265058704568,0.860686701771871
4.61045291337251,1.28671930551694,0.671503720562695,0.0229244372889483
0.339292237860003,-1.00855515201408,-1.42815898243748,-1.63087819472996
-0.790718767055305,-0.114815583775203,-1.57258687821948,-1.19064086543597
-1.98694192091195,-1.20230213337614,-0.845413835763375,-0.708455434086704
5.22673409823354,0.227896473663897,0.394603122839753,0.0887001491610605
1.15698766998724,-0.838047474734908,-0.458076216487637,-1.56884734393043
2.07336122878516,-3.44623139577518,-1.11604980176849,-1.58109948225783
4.49284722177335,0.313458856084844,-0.00457944849622299,0.0918715838363053
3.66606356555725,0.260990387844341,0.463480111049152,0.484647026746316
6.26750689626344,1.42589807252378,0.231817888134203,-0.11268987236881
0.564549346771409,0.198031293245318,0.0674581197803386,0.238959891943052
3.40649195768871,-0.194979471398377,-0.630085047606908,-0.66216763997217
2.32170345391989,-0.474395192845088,0.72992702562818,0.300356650914126
4.68193357719064,0.44253074478623,-0.0502430882553065,1.10778403822501
-1.61732673794225,-1.50772301769072,-0.665477040721075,-0.470317713000591
4.31403693583606,0.577904404642753,0.562197263242778,-0.818872613949507
-0.545777698134367,0.496222352970603,-0.581621662421127,-1.05071510836372
7.81890344534783,1.21143637773084,0.47947623167982,0.718164950842268
7.19515015928114,0.836012496965178,0.481249978764265,1.26056126465018
5.97982733168541,0.219812114194558,2.88799565602861,0.907648403500595
1.44164640689525,-2.07596729464059,-0.35877417331477,-1.14678502862309
-1.4562332375166,-1.96923163902997,-0.305713141756159,-0.74142380614409
-1.54754898782406,-1.18773867592855,-0.0880182597995868,-0.373331968590753
-0.143185348541215,-0.0973869033457866,-1.19926958782304,-2.3271832228788
5.56210328484355,0.588555984479863,1.13568599101872,0.696392887527325
7.36841331131415,0.729088781146825,1.16950349200628,0.307346240990094
9.74853525283791,0.915349390479464,2.18400283090099,1.34258019715009
3.98305936220349,0.101389356122506,0.561395034178426,0.536025911658631
1.26631467146689,-3.33107748056304,-0.346647936032381,-1.42402502376563
4.74240065252346,0.37168948698359,0.442105665741354,0.621301327232273
0.429578260726487,0.0633484445842513,0.643576037454627,-0.215282724924704
1.70612179474705,-1.09828387511464,-1.5722640964081,-1.89361459849603
0.998819662935316,-0.661805010634057,0.508010158734568,0.577167975190733
4.12622650957847,0.580297418671257,0.93759590693269,0.66655963854985
7.04620919725221,0.268396272395904,1.22253145926351,1.19991145542083
8.94875325856099,0.99185439751595,1.11757549314701,0.728895034992032
4.53672259124125,-0.147119610450155,1.15444837528318,0.935415952296767
-1.4357606012629,-0.92144910895373,0.514656389629717,0.143899655065222
6.01906238663598,0.854901866615008,0.0522639699184447,1.208597457109
8.51820561970892,1.17777066241179,0.270302992084728,1.13027560040015
21.8537405624852,2.37875680932532,1.41379898771121,2.15033457877234
0.738040675737129,-1.40616016485234,-1.9303931338883,-2.54471956973327
23.764720314217,2.62120846745578,2.08115575919298,2.29813181698813
-4.23947572557894,-1.37732952612766,-0.400495251450695,0.502918911054348
2.72901756848625,-0.00520565755919344,0.608272157618466,1.70374297823111
-3.7652190520596,-1.67171014939408,-0.634498836220629,-0.226672447063731
7.91974263190445,0.359773656976325,2.16668201573817,0.854306152725826
-0.665545268660154,-1.23041215163393,-0.209645482189507,-0.130541896469254
10.0057919310884,1.78177524092569,0.109282380316705,1.00010509643966
-1.43497217332439,-0.874860794603306,-0.740880098427002,-0.15023713460716
3.39734688414637,-0.375588151138767,1.89297243903407,0.53579668197908
7.25819093543953,0.448913265078352,0.746664823336521,1.17161328903258
12.5181208322472,1.7466925834635,1.26443122313328,0.744793402476367
1.64779441905445,0.083435179597306,-0.99875541118527,-0.910003367701303
-5.05975073821494,-1.52941138380871,-0.276696024641109,0.321543979086959
1.47870042404723,0.665416116640463,-0.441794352452284,-0.0539572685866391
-3.76531030646476,-1.36409304831589,-0.526091229748628,0.151398799812435
10.0837462619606,1.07558675543653,1.34513311123258,0.859494513380956
0.455171535053518,-0.346916274397626,0.733666913007129,0.183469203318859
-0.914672143181794,-1.00987034212046,-0.232578670751007,-0.357443782965246
-2.66785359444,-0.718817556693879,-1.79003560993321,-1.42226928989582
4.98341844537396,0.554884235317201,0.75959962312737,-0.741642715218717
6.2623572825575,1.55813401257687,-0.516836777434594,0.0505985838617946
-0.599474148230182,-0.341958785343567,0.0198403092119449,-0.904044341147923
2.2904743207755,0.376917333910889,-0.687639450206604,-0.595027320231503
-1.68025750115886,-1.52400180932971,-1.44613367771791,-0.682394622251176
2.44197908634403,-2.47967007995195,0.14582452717145,-1.49037766838163
9.92638387357412,0.891633086464491,1.47116676097688,0.822885097403236
-1.90208342137442,-0.963739939812742,0.410558949344025,0.583633889348581
-0.520290948892625,-1.14156951267817,-0.017809896148552,-1.07006856232096
0.573008480186206,-0.294179283557028,-0.0445006288143342,-0.476476847390628
2.48171463568403,0.261148785938388,0.0895147795656182,0.252022310995464
-1.29750701767626,-0.426660550578758,-0.862854311620645,-0.434677971859968
6.64325665831083,0.886322361786385,0.806316354901836,0.306095963403706
1.00468461349447,-0.428612797014895,-0.825432336221091,-1.72698769541717
2.41770519553254,0.190185297829479,-0.511027524665775,-0.924863225428674
1.97408679789964,0.0117007204798436,-0.64948971004725,-0.0764282803749841
0.509918592703644,-0.444245801746563,-0.634410703749375,-0.804183727006987
3.79285884607039,0.010916057475179,1.48907464775686,0.697267584651966
-2.63323180434874,-1.44617743637186,-1.50067926137994,-0.305985133437853
-1.61600210405837,-2.06555345126871,-1.81242784284197,-1.51018274885444
-0.825765711704816,-0.874276431793646,1.14657292267036,0.634614662320366
-4.3012151587907,-1.04673000621209,-1.9567736613971,-0.331626091628828
2.38260004245125,0.0199050319595589,0.383618004303776,1.50688098231761
13.5747943414553,1.73727545878099,-0.203789343481102,1.62641342080077
-1.22910754407957,-1.52644926741775,-1.58932190050737,-1.36841130401816
-1.51507571428591,-0.285700822543362,-1.31599636385208,-0.648016702311061
8.0184861045744,0.623534535855862,0.589018995392747,2.02641166527392
19.9110213126729,2.19912160069577,2.04311944644328,1.7531183285508
-0.17502918037877,-0.7440094884738,-0.81656285784395,-1.10242620716696
2.57655561833303,0.674227999463373,-0.350380700168705,-0.65295696787216
2.5866262453512,0.243261967390535,-0.0240259476336352,-0.339408231186915
12.3918651399883,1.5635838566563,0.4389942424579,1.76209433083206
3.66073462254327,0.47038486815052,-1.23852210598354,-0.854902158478346
-1.00822258397034,-1.22826091758924,-0.788013268553225,-1.31297882319233
6.27429501218021,0.534702712115504,0.774834670363305,0.555558904021418
-0.271351247609697,1.22218863279008,-0.863753217583553,-1.07902792854208
1.68183720643908,0.162912337509034,-0.325192974325562,0.0713141196420469
4.1424956258694,0.840865697077557,0.158252051272869,-0.00921712520264972
11.5160174163207,1.75339101959651,1.52152998690705,0.314573311267246
-1.28672386673871,-1.72086757733736,-0.886072624322371,-1.02264174914383
-3.29718610840038,-1.17877914168202,-2.14345967975475,-0.91301489136624
-0.125114832416749,-0.440070029683319,0.0298162715488977,-0.0416674822780006
12.8906422201223,1.37360894791381,2.3772097043281,0.872272535749085
-0.0449470936356684,0.33259671297005,-1.60123134126781,-0.815858705185157
6.68895370713448,1.67520394704005,0.172201900823763,-0.0300313912110773
13.8011834190637,2.40340859741502,0.837763626492359,0.801218295341701
3.03950496762986,0.396061871570458,0.35483823200688,0.800577311568688
1.20538467528658,-0.136746580097584,0.82225891507647,1.08607652179748
5.45155415000721,-1.59562048959858,-1.18282586809862,-2.96920935493633
0.689270708646975,-0.475276273954569,-0.89623819005524,-0.288239049118626
-0.608465607763785,-0.230600745587941,-1.33628031864399,-0.23644927787167
9.2379720071842,0.850642050446492,1.23785813031982,1.0153964404687
1.53231744233027,-0.271783414119924,0.765713640825288,-0.258015903414003
6.14214838685718,-0.332859098391958,2.73308407136669,0.364738570628611
4.1660223826948,0.619013283284855,-0.149782473917344,0.933586583264565
0.00765304423307689,-0.742157794017467,1.22438177946815,0.694737108479178
-1.12880327624175,-0.862853624497293,-0.682688868752696,-0.500848639856858
0.831592813757068,-0.27369322585168,-0.0939079379055755,-0.0469354881643197
7.88469050139389,0.911088544877332,0.457788446032288,1.4620672669875
9.06099656109322,0.766179768453385,1.5563038532196,0.591956464996687
1.6133386528826,-0.264890198515749,-0.646280218599302,-0.0803393712727742
2.07588013028745,-0.162945299363184,-0.424552043926294,0.0555725788386078
0.506156623492126,-0.41800500644395,-0.522446640853872,-1.87172561902268
0.48222221569116,0.0587090566584455,-1.10021435617899,-0.684932293538278
2.91792445787751,0.251585623345415,-0.548344223446627,-0.147035154662151
15.9728800011335,1.87040433158965,0.723731490179036,1.71499883452983
4.19231786687414,0.981600792997379,0.145143241489804,-0.34249170699946
-4.18050726166154,-1.6601180087657,0.0408589288117165,0.469098863928742
-3.57902284604876,-1.87575610447857,0.689002639583657,0.370080970665464
4.22122264294752,0.635799609494503,0.471278164389565,0.348194521280138
3.15122250465433,-0.63274346057549,-0.0819784153398667,-0.54750348608383
5.697565275899,1.11204274633918,0.0503497486796544,0.595524903807396
5.39076435134445,0.638726973554242,0.429382232797204,0.596002427668803
2.13359391267725,-0.135598121362427,-0.49307391662884,0.649771779781666
-0.0537851396613001,-1.00660282085237,-2.81794537427758,-2.2578508479977
-1.32745413211279,-0.0268989299081108,-1.03997172120755,0.182268725929142
2.83320389256401,0.653898890688911,-0.721628731744687,-0.884750232729947
13.0333435066345,1.47965976542642,1.28334234464049,0.935265973967584
6.80675309624383,0.498210095829088,1.0748667920628,1.31658968479535
14.1825787489754,1.67008149341893,1.40252534480741,1.89318296258284
0.74384500110831,-0.419131087939786,-0.799375352605457,-1.05313421777992
0.560523727933696,-0.267049380166308,0.499694100755477,0.509644627513924
6.90678649610136,0.526247302046297,0.930703894526077,0.416981663029194
-0.878163574190062,-0.690659188668058,0.34697623726245,0.265890878601396
-0.0720336796412374,-0.354729947943811,-0.301675597111718,-0.0201281602848505
-0.575484890311793,-1.412280623008,-0.67284908460513,-0.951622206583525
-0.307486030366857,-0.231769758526831,-0.706969736949368,0.903774854249123
-1.12440616725245,-1.66855383539432,0.398549519819543,-0.502835804980639
-1.33973688407777,-1.94367774015985,-1.17636277536183,-0.955615679169387
-1.66065133857246,-2.0425150441658,-1.14775788496554,-1.0371125477326
-2.27086616329121,-1.29590336865596,-0.721724543814768,-0.613442285355594
4.15142488900158,1.05136914419346,0.357580836021924,-0.294811112276448
-4.67588351303246,-1.88670307194251,-0.197834074427091,0.0742883163549343
8.49501697188555,1.59984023713997,0.915982581199538,-0.0273935082696978
2.21479647485643,0.817659530342583,-0.443355310953709,-0.480065661526198
7.90514038802725,1.27545634438196,1.11885791454742,0.179157268788373
4.57217240760688,0.499451834497643,0.833377616461961,0.516508952215482
4.82367848611559,0.883726659537193,0.570780818784992,-0.480755051763806
1.7480467156435,-0.299400056574993,1.08675425010449,0.163994207425936
-1.83178873415654,-1.22388023213362,-1.60920460756719,-0.793835005362176
10.0834642415086,1.19412778798763,1.24304374487168,1.01632237519096
-0.954679823423621,-0.363385334247578,-0.285035756337681,1.850998469183
12.6227195758651,1.53078700248253,1.14353403758213,1.5517926184486
-0.0514495091490422,-0.962283414386667,-0.0188924563941697,-0.722388168670737
0.638370883192183,-0.0725283427520156,-0.595055998369518,-0.838512294988455
1.87058177272528,0.25626422226937,-0.56421007403776,0.715547090391762
2.90658615526436,-1.50987481376051,-0.334106983177124,-2.05280920224962
0.158639351453555,-0.929797059310422,-0.308749444911682,0.0411556010348603
4.1282210542779,-1.89844726832889,0.869885165239934,-1.43453114039988
2.3032014895084,-0.970576339563076,-1.49764642852355,-2.98279919318796
8.21124759560955,1.61675379921126,-0.440008139964739,0.713959880372457
-0.103874684468109,-0.603291184211353,0.0196113166942492,-0.803766492796681
18.8392506133778,2.1046107774512,1.57635449794811,1.78124294358
1.13153232701009,-0.27592940040153,-0.789013151015264,-0.589533665369107
7.58929245584267,1.21603762789053,1.25827722102373,-0.263156398888313
1.74827505042836,0.34598092966433,-0.0833825616883944,-0.659479346996033
-2.14710302814254,-2.25988674412958,-0.362468490529746,-0.960957560025157
6.95895906813876,0.678503543380666,0.862655153731038,0.165978407418741
9.60367966992626,1.63547700191026,0.194428880512363,0.265345834891184
-0.0225633195431165,-1.28179831102526,-1.37974525752889,-0.962972304222046
-3.62978538491109,-1.71260295128105,-2.22354447530949,-1.21245844655907
6.09283708664828,1.11775226461317,0.397919645300882,0.689763291702813
1.00713119268634,-1.43978739311787,0.834678798399641,-0.645860153403433
4.3172986988683,0.303977753190853,0.204910047869889,0.628456930583892
6.86325354374299,0.724194473109721,0.868580646948718,0.75464733161739
-2.92965198205569,-2.5601713453595,-0.520685275335171,-0.851825210411774
3.21494343497442,0.99169562375,-0.138365362613998,-0.54828889303602
16.0764276339027,2.81734709374842,0.15191001625993,1.29119874186944
0.609452699221373,0.0626153297762216,-0.889329775543408,0.921019689664594
-3.01666887954544,-1.43378865174205,-1.21356532721815,-1.05762242554498
2.95651311216266,0.261859410825058,0.483647801670381,1.26976232351374
6.41530579697185,0.671720197758027,0.14275858391826,0.775445385982965
2.96953630330976,0.416153001190959,0.0317776903293052,-0.732967594101985
-0.753721240530562,-1.53524650539129,1.04400626021404,0.293906976450489
14.6902586755902,1.54183252923005,1.31065275610544,1.58577209349018
-6.11452822854822,-2.29025147714878,-0.667886111721589,-0.26474433928938
-2.67407824666384,-1.44067088059745,-0.487791988692951,-0.238827207112102
2.14055640399909,-0.275822173245512,1.10882063019709,0.337710397867094
3.12439002807569,0.273330695267524,0.116690697087238,0.420197117805788
3.98333369708872,-1.4121172280466,-1.30161904097463,-2.51068023857134
-1.67036564506065,-1.08930656771216,-1.08110174804496,-0.133410105978282
1.78461052304863,-0.743549501800067,-0.985316328813323,-1.27269856330984
-0.377255277085008,-1.08464183435853,-0.564821713454381,-1.0404970375824
7.69192520474108,0.58362268082598,1.08048990347038,2.12235796555053
4.8754854624497,0.229258107249264,0.756728046519335,1.04823599902401
6.07071809280397,0.576571780191334,1.30336264584757,0.642035326789592
-2.3239970246108,-1.46736741816716,-1.57616564697215,-1.32997625869723
1.64978146562582,-0.119006393026781,0.283195495795277,1.07778747413043
0.81829807497076,-0.782747602511176,0.127342052219593,-0.56085582935543
5.7474950082082,0.857197553732924,-0.509281675487928,0.222865988055652
4.11521399892435,0.04398899049735,-0.175983191978379,0.617675723738092
0.0564888570720759,-1.58832999243263,-1.40121442825732,-1.96079864551142
-2.89513121408654,-2.049581543359,-0.890227938735738,-0.317556830217932
1.71258614312354,0.22059333468771,-0.935161050595565,-1.21921321217654
4.90330932657735,0.887782776147242,0.704666376862354,-0.0637992029025755
1.11645723021342,-0.151556801455309,-0.570650509802743,0.153261420778247
-9.25568898966135,-1.55497530286196,1.52015844347622,2.06822145503645
4.07994201376515,0.490965969830201,-0.0648127193725324,1.0706837427468
0.0920647007603437,-0.562075877703588,0.518581980738286,-0.820672124260794
-1.78652851087093,-1.15811886153735,0.443375088839793,-0.0814373856568836
3.68794576905621,-1.59639585239987,-0.872095030953785,-2.35269072518715
14.5240191688973,2.66634320531288,0.677122855114626,0.512211105484152
-2.55523926949581,-0.791981325033442,-1.00762700685719,0.344243204769796
0.0993973222924666,-0.37214395838241,0.113986821527354,0.974074682096233
0.0596156861798526,-0.499248274705163,-0.89650052811582,-0.69263171619419
5.99348676028051,0.999878369387713,-0.634305332360609,0.624887381184675
-3.42050517814807,-2.84208167543405,-0.397866191998663,-0.67517939087538
4.91937872554257,0.337252759277959,1.06102393720175,0.448523796396031
0.174028072356879,-0.749989939154693,-1.3904979566682,-1.97547264622525
0.669729383700467,0.200262744943599,-1.54776017500109,0.108292043687127
-0.244827874428299,-1.75762333394336,-0.0583046713941148,-0.796832537863026
9.85606679391646,0.8681237478903,2.39313615074071,1.04131860531718
0.447419109966476,-0.339357807052273,-0.352928819562748,0.497542240967728
9.81984785685658,1.27020146169714,0.774135588647118,1.01147974264589
4.53616355517372,1.43305246558509,-0.185513581861159,-0.0901006024387114
0.276862828833576,0.711415980521757,-1.58731592841821,0.558972259337344
2.83931400770989,-1.49592257364381,-0.551387142568128,-1.6224015484381
-0.515250785920393,-0.553085200558637,-1.393246196225,-1.01405935821948
5.20562899733486,0.205980049160464,0.91325487502158,0.98771276560045
4.78726150044994,-0.154813897194487,0.945111558304934,0.0805152529867596
6.62031628273648,0.0764694712011194,1.85254291409449,1.01657666704343
12.0489342007405,1.67340105505301,0.340068702803693,1.58455629386196
-0.0477158141499249,-1.2830405486995,-0.653423189540952,-0.755544575497832
1.41945369783191,0.340426930548832,-0.602709378656183,-0.152081022221511
3.09397542350561,0.277343036201336,-0.310230003700953,-1.1515449737069
6.48917646419081,0.735507340447797,0.22830512252036,0.208405758484979
3.83274766252912,0.975793859671924,-1.03174505014346,-0.305524492593199
1.71144246978643,-0.396824500522447,-0.408617299025296,-0.130763700653855
3.94279636723043,-2.48197537919968,-0.920227267631506,-2.22105779722202
12.072153415883,1.79803680513905,1.44782762342964,0.818818011668331
0.643397495529916,-2.10253577010275,-0.887426497210382,-1.38728124653925
3.34032854600791,-0.202508236453062,1.48859266115986,1.52774516018277
5.10278019643434,0.769397304283314,0.695693952823401,-0.149980014306968
2.47120980335571,0.800383318024793,-0.23050643867903,-0.51603249575287
6.34883501213729,0.546376669996687,0.187606842977388,0.978811062775323
7.18475396478434,0.935509056767392,-0.308975621457827,1.12707502052222
-2.32560713464453,-0.955778725348598,-0.25353159337474,0.133610820695536
7.25454966880314,1.23027442824666,0.576526714049132,0.705084242101506
1.02417116030296,-0.575077880997347,0.538797344467852,0.251059202324716
3.89247710613561,0.0557874600682878,1.25946736511874,1.0708268347513
2.02515013749299,-0.605852680273883,-0.449459623931526,-0.410244555208446
1.90324298149882,0.0403771425482791,-0.348206778421482,-0.616349931187474
-2.66418182778998,-1.26766926610356,-0.761618251789412,-0.557715320394292
-1.49998294060869,0.274058722804206,-1.43672314854385,-0.13483537876999
4.82032186200583,0.715811442039613,1.06371657321674,-0.547319212696786
-1.07349696280775,-0.854323814799325,0.234255038561165,0.869216442713726
2.72445788530468,0.464163554146757,-0.834279029117416,0.0718286817242564
-1.15038500476105,-0.52026266436374,0.191157395139422,-1.053007282931
4.99836734711625,0.208698247021447,1.48886730135958,0.322483147667574
4.06109329779205,0.853037670390108,1.62317140833909,-1.39949798959791
-0.230935373933069,-0.0940517964644173,-0.905293434581935,-0.699577559786673
10.8122249945644,2.57157949083871,-0.0193708372443589,0.238965673200991
-0.38453394671503,-0.257709946745084,-2.39560197047774,-2.27681008815157
1.6349223934327,-0.0441315685199246,-0.494671555176588,-1.2026940987506
4.10974717816884,-0.0272737083086408,0.886568265746869,0.986777171475184
2.82001400481136,-0.0484549222329215,0.795857886591099,1.54302840695344
4.24848084301628,0.765838349571298,-0.0510407655672137,0.480905214987239
-1.59518290595029,-0.281204202433683,-1.44953442396976,-0.12795821948365
2.13133857903991,0.158495860223044,0.126078187547679,-0.155274806204745
-0.673132972821669,-1.16397701118943,-0.873584316085008,-0.691576048695541
3.24604621976586,-0.469449380205246,1.5212418514564,1.62523614946771
5.0452044650509,0.296520693540323,0.541212489848975,0.743381674361623
1.06636375318155,1.07264250437469,-1.12753972629785,-1.95497699057303
2.30908583931717,0.157812561196741,-0.233916966935114,0.0254564860758798
4.87480265009641,0.460380508922181,-0.208956916580209,0.196377767468713
6.27618868796018,0.503780541869649,1.93541496303416,0.696914432185527
-0.894032491335391,-1.45567971044099,-0.801615386008287,-1.49855702243161
-2.77544116799607,-2.25141278584648,-0.616949867924727,-0.639709150064168
1.50305817888872,-1.58894212431769,1.50041173781761,-0.9700973549177
-3.60597182099191,-1.70568854670729,0.232417687106352,0.392608640307256
3.08847350559471,-3.38534300684016,-1.19667335480812,-2.08389114163365
1.81547960648047,0.998732092024912,-1.61504944451965,-0.343326046965521
-1.13514649325833,-1.22723726463095,-0.339011649958725,-0.576781751128978
0.903176184841264,-0.557814149875909,-0.0646624089146627,-0.885155265497304
7.70209631446094,1.47720449984978,0.0592401462773444,0.0291717930356873
2.79192005301325,0.143012918884144,0.260118296719732,1.56082050909287
1.60199014310503,-0.748819416680655,0.0377393056467614,-1.09195201121426
2.66820799616913,0.159546141066153,-0.542075336878753,-1.9029163746651
8.64412744070069,0.777407439796707,1.94093151708843,1.32616122384944
-0.650952038290033,-0.398513834404001,-0.836606292086871,-0.0212209745820942
-0.624547969414232,-0.494756796334746,-0.283460933728515,0.934949657444103
-4.68495057293745,-0.647860974674555,-1.98874862430217,-0.783279740554232
-0.518460940252366,-1.39629222266746,-0.377252932309193,0.0425724025905406
1.49011082388202,0.705131688587396,-0.99895368816339,-0.187481879805496
-0.550755639839074,-0.156236042133828,-1.58006605206054,-2.36372035897827
1.61248371419176,-0.560741447257558,-0.911571100039088,-0.980707671648157
0.569938983136096,-0.992376761159182,-1.23524460610154,-1.51485808569828
10.1065817291995,1.17540529904058,1.01435960458816,1.4668838695712
10.7973052574608,1.38250233229828,0.485452682404422,1.09314742630356
0.508642802012364,-0.826105144566384,0.292075063497298,-0.183490023353393
8.23761764820009,1.22676674730397,0.534308252780248,0.250766708824136
15.016330796944,2.51144112202308,0.867090411613321,1.05004950447594
-2.42118693751014,-0.24796744821937,-1.5621229746628,-0.51119808947009
2.10132087894114,0.596485341685831,-0.305290389875516,-0.0121467343037295
0.517102019984678,-1.34230139658953,-0.313200755195318,-1.24462822382307
-0.0900996787772932,-0.929682415796386,-0.682955981805022,-0.712895594796239
-2.02627109075252,-0.94499410160375,-0.033374031731633,0.267956955014304
-1.88989579193019,-1.74030834687916,-0.996747245827885,-0.405702039813595
4.17381032304653,0.487719406819617,0.541604549942991,0.140586922551301
11.3062034067851,2.03570545488402,0.646458474633407,0.40289881130488
4.62195950014653,-1.73641093661978,-2.41008450863378,-3.55157183847203
-1.24577160058274,-0.671043260457978,-0.54600602870786,-0.527037266202826
1.16185863621021,-0.722959157644008,-0.810588655234704,-0.617386879855898
1.15790542810814,-0.46805926780074,-0.439174466622705,-0.491702546551177
16.9472531611099,2.23754883411477,1.70092409749341,0.896522793794967
8.96040466606079,1.18206996271509,0.358829882492582,1.43270225591461
1.2388283787582,-0.115117760059885,-0.41363343705856,-0.211176804748222
11.5316685494153,1.63975950666143,1.21228009384259,0.669294158917967
2.78642936412015,-0.0980423126904584,1.50315852464882,0.199945454397649
5.84546797885986,0.332093263137614,1.40403142590944,0.782271481646424
9.2540650931655,1.29597627362712,0.373031702800231,0.441284506868038
1.43297675081705,-0.743975987066056,-0.676512695841883,-1.07582300841833
15.654170295344,2.45793441734099,1.55660533467235,0.912384774855044
0.262823847828914,0.177939942646362,-0.580197147508105,-0.713475799608141
6.57174593657218,0.200963345505851,1.41752361607625,1.65764859676905
1.22216304572629,-0.742913926987888,0.27313774114201,-0.068067348032764
0.0297369570517445,-0.779645896773427,0.213173614458745,-0.279013147628521
1.72981148821793,-2.26795644681994,-0.925952621610902,-1.56654793799429
-0.647742408241042,-0.936241485349515,-0.860318003404483,-0.222827369458475
3.66412583893845,-0.176996362797828,0.616917645039143,-0.315354602671915
5.19022939765921,-3.21526204103587,-2.26915249793722,-2.37458575691849
1.06547710355208,-0.333898353735501,-0.296547590746776,-0.943720724800382
1.73074592091691,-0.470661020929628,0.433662907818512,-0.0690274243322066
-1.20769933766149,-0.38888128803652,-0.00419295298342079,0.554145322920123
0.433802216533771,-0.712916143741031,0.352486329738562,-0.663220202106468
-0.760214555947585,-1.4627992732174,-0.887032256680346,-0.892672852711533
6.64899512941759,0.727138544849263,0.118855564029439,0.639217923648927
3.24068508212833,0.607946803350241,-0.976827045066796,0.420497291806285
7.67594037679034,1.05628246258061,1.08129151459993,0.246573369986251
-0.853387504012036,-0.190986700551656,-1.33874951840332,-0.620430334471999
-1.13911699126045,-1.52487127286729,-0.521643897461801,-0.161960451348596
4.71307781348071,0.192970014612058,0.305428963350649,1.01926833372064
4.6743060222312,0.598690278591576,0.0301079329499402,0.378093717578205
-1.01429713128393,-1.15906677256651,0.389513031131265,-0.300234899374435
27.6146452257248,2.88598533305434,1.66015680266572,2.29782680033374
1.56197312763502,-0.499494424312325,0.798311431001067,-0.772801297973863
-0.757320316972388,-1.18438170871906,-1.40941160669074,-1.3227361623834
-3.94227227387706,-1.11005441806639,-1.80717770878414,0.242489928836207
8.03779028944362,0.641350282580646,2.60260810138312,1.5400928383702
-1.0858564282959,-1.94844534247026,-1.81357412137632,-1.2106527553717
4.78773763216159,0.715890009713144,-0.38682154933799,0.274489501215187
-1.79648570030667,-0.61772869398697,-1.78452467356674,-0.16107097493957
-0.925081655562047,-1.10246628594686,-0.282509653472406,-0.480445288967363
3.31483956824302,0.291157053865339,-0.431409748936091,0.789941753300329
2.67145688174712,-1.65609914002959,-0.35525564391067,-1.61163285882916
-0.936449182010227,-1.66817376946861,-0.793672679754163,-0.935812120400865
1.72298714782734,0.45170773918508,-0.530631643878036,0.039555031920391
5.11227620652397,0.796552872412288,0.714289474776223,-0.325006063294577
0.0187189847855583,-0.187371932555834,-0.506563949324594,-0.89634619198588
4.47534733760648,0.327976194786203,0.866653335920271,0.394550804333929
8.08425697867556,0.699415065368137,0.838701123624542,1.92417401222109
3.47217080111745,0.707449148263917,0.536855015457041,-0.627893657850992
3.12359871987519,0.344615769172561,0.0525439835294525,-0.0517198276933458
-5.34051130841913,-0.982299662962149,1.11389456244483,1.49116730701965
-0.593845499525268,-0.557803210598813,0.128326109756042,0.0756110464956922
0.54860051161933,0.5841769407208,-1.69208986835996,0.701811869407003
-1.09711990074661,-1.00330043571528,0.700967732386962,0.384202252374936
3.85993532468284,-0.48005838411991,1.61376188000391,0.69291652147206
2.14995095726353,0.0914502193260111,0.386439482566031,0.305827729685349
-0.37811354504267,-1.045158428803,-0.683541029935793,-0.956237907450254
-4.16993753953488,-1.26684031468414,0.0404448424104206,0.883154857757464
5.34834949675864,0.982690525542028,-0.607029016983735,0.438535926437145
14.2557229378654,2.41711082954171,-0.236692706325659,0.956922124595961
2.87061291390023,-0.220804511427547,0.422460883461889,0.67020953792535
0.216022313440231,-1.12833812139492,-1.6142007735011,-2.38717381188853
6.38627993321325,2.00445235170142,-0.432993686816007,0.308564992594733
7.87168679785931,1.6257383258144,-1.08464778592656,0.846696793207398
-1.86404205587118,-0.727657663088719,-0.0685039259585419,-0.187359153580201
2.49846629713027,0.244949951533113,0.885341517867444,-0.0669751518248997
-2.47270828250347,-1.80146386114967,-0.432468546314169,-0.876115307649675
1.2855588118829,0.0694127485562035,0.270360427319034,-0.77424148860369
0.0489387244485013,-0.777338291924668,-0.649556414560287,-0.686083510962742
5.82800159585405,0.563969769780041,0.752247948608032,1.03919311877465
0.506411465490665,0.73832594173572,-1.42676901413382,-0.840172976946814
-0.732036232177992,-1.23858454443782,-0.271908578662313,-0.420503772497673
2.6038254287018,-0.127745449490213,0.722282321524577,-0.751451830063341
-0.393194764796478,-0.445736070706519,-1.40702453382818,0.296987876754741
2.24750091136645,0.0318053755230808,-0.866978228553482,0.5083043412604
-4.55647115068167,-1.45453576464077,-0.067589203855952,0.676903167290955
-0.709002332543227,-0.583722436239046,0.246731570620513,0.165837589546413
1.8022679698093,-0.899069526985178,-1.15298589387372,-1.47980336457657
-6.46328676301649,-2.11806141088366,-0.368785764671747,-0.0153588907803471
0.870646503267177,0.0151566965796192,-0.15524232090104,0.369163367404815
-1.03047070015082,-1.21641813894632,-1.15470964207609,-0.793640268341208
4.72810981474341,0.198440031462202,1.20356459891249,-0.0170112882787604
-0.209255683680933,-0.56007728331663,-2.27754064797024,-1.99554402651151
-0.555717742947524,-0.902877391849476,-0.0201901284337778,-0.409774486124265
0.496088417237722,-0.402086630868107,-0.148183254404519,-0.0121527405866183
-5.45163763101789,-1.48405897670657,-0.902009581792914,-0.0653074898375484
2.47185249985919,-0.148058010436954,0.327130168975371,-0.479747632869814
-0.783527640051749,-0.67764405521553,-0.560856060673229,-0.199451007694879
1.82517411051229,-0.20287159377374,0.666860354223493,-0.939037153152619
3.32804958608904,-0.343735980498164,1.48829471498946,1.0728045363491
6.68076748785621,0.594121085935196,2.03814735804426,1.22866731754906
-2.31332584004595,0.908049979630066,-2.82658791960892,-1.37792003181859
11.5108192631774,1.41994138497332,0.995076230727285,1.48680238846909
13.0690702148224,1.07909495112989,1.83123620104386,2.52772706162727
-2.9481451311817,-2.24737587403078,0.560136289327198,-0.414264257440411
-0.740426157634279,-0.765046116225562,0.042347428526269,0.769635108984792
1.14133124724502,0.414601765555433,-0.0323241536612371,-1.04758553801273
2.46204542662397,-0.323846538745008,0.358265999025188,-0.194694872651789
7.40586027696844,0.274157106395954,2.91694877605563,0.863521312037038
6.90861331713114,1.92156042818951,-0.411831349232294,-0.430481581469507
8.67371563338435,0.913774839474426,1.40031443243694,1.11778916731094
0.378469490737718,-0.329769391648553,-0.269988746070666,-0.538499490424754
1.16751637188476,-0.249360451844016,0.469995376232007,1.68664032812907
0.40228728714416,0.0469825032068783,-1.02241080624173,-0.843310977463885
-0.66860049484051,0.43624907928793,-1.56531367201399,0.26223026670323
-1.5125839335437,-1.62126331847865,-2.67105877699449,-1.4558863354972
0.613815130523645,-0.326776865986839,-1.51142201246972,-1.76432231298741
0.696324009704042,-0.240716712395143,0.068806121834306,-0.631625528624914
1.74898232999966,-0.369089667974717,0.819623093827245,-0.255425344513447
3.38862575786652,1.19034005157413,-0.646214228690535,-0.867164247636545
6.82734656688763,1.05770429141495,1.08752204585132,0.413274202081971
-0.756947128236373,-1.13506718191451,0.0471359898351254,-0.695314200023934
10.4970002118028,1.56674225064957,1.1958651922444,0.530158606851364
1.57685140891457,0.446716798769575,-0.0482572948749631,0.479622606489798
5.24231133705155,0.0464640784629847,0.269762000275094,1.13313184054551
-3.80654438891436,-1.88687205857192,-2.05298552090485,-0.984828382539771
3.62822099382416,-2.54557517292473,-2.80436172843575,-2.5407284575197
7.40905200813488,1.33012705466787,0.624966516235794,0.59225174497034
-2.78228883738975,-2.24618430557925,-0.924286085116054,-0.765489677487596
-2.62472884932423,-1.10424328693898,-0.482502201610004,-0.130169600020996
0.498844206427371,-0.342313046780161,-0.151046551632726,0.558514668285903
3.13647604226346,-0.00369678613690955,0.331318925776144,0.745905128824106
-1.4391881764191,-0.332251607041402,-0.862362144917988,-0.427297075251192
0.0438534705175213,-0.270962867492288,-0.556841063858056,0.100412586078714
27.2131922566837,3.30124035814519,1.82485852047236,1.83084330640612
-1.89991051487354,-1.61662375851581,-0.587697535945749,0.00456109767745827
2.90711964084032,0.316934619470426,-0.133612071871295,-0.0963582499184636
1.82121584993454,-0.258215802115053,0.260339999421348,0.50046380542174
7.17574893628096,0.650937869968248,1.00316591643672,1.36087995420031
0.194030247404449,-0.663405378962136,-1.07040730976451,-0.762650050184705
1.4519005459737,-0.505152006157192,-0.0189270231492174,-0.280502474551466
0.447651753783597,-1.02913838572039,-0.117392777538176,-1.14267420120836
2.35093137802305,-0.759085886182576,0.0856201144532953,-1.00661893235678
1.75853612131848,1.53841598820306,-0.138989671355723,-0.693539784438042
-1.06257590373119,-0.34854756573429,-1.61925910208336,-0.890781523021655
4.54404846773239,0.254423963367413,1.00828823759293,1.25224788716095
-0.70916879951247,-0.805191776118762,0.53176631000199,0.56753343508998
3.86958874185131,-0.268869048478635,1.95409566406711,1.48969651656503
1.02279521180798,0.41967120713041,-0.612717161409386,-0.89564191127142
12.4252933803277,1.57544532930061,1.11880817361223,1.2165486352545
-3.28811482611283,-1.55544870594884,-0.567059524774128,-0.094711359035039
-0.0413998407911838,-0.707510991839172,0.492581012426639,1.3082694211325
9.16604691494277,1.12073368901877,1.83760258396214,0.534008749843726
-0.861700699382571,-0.380658166659142,-0.693367654901791,0.0473232145870082
19.1003003120151,3.07844776344135,0.809526301542373,1.11176297463236
-0.0549536004722359,0.19163753958549,-1.13258595867978,-0.152761623662874
8.66915158737698,1.26444732568791,1.36827932134284,0.290828834371486
-0.471173957977282,-1.14222665822278,-0.708979239596893,-1.09990322576982
2.64215242836299,0.215635942456369,-0.705930082225161,-0.0830845896390341
1.91092102455023,0.199460484787828,-1.51200121656788,0.017716945914568
3.45653798734628,0.378842109597494,0.609989760790652,0.962109059782133
-0.670932257536864,0.130508301101613,-0.837370402080972,-0.20528699304849
-0.181944407793375,-0.462505336065577,-0.825498011084336,0.00976224683195226
6.0253604429276,0.609590597245114,0.0429979356869038,1.13069904332827
9.68137647379186,1.40285125866804,1.42185144970436,0.76922067573173
4.72010717980925,0.410820246544806,0.157010510394614,0.37287649168631
0.165946795151893,-0.0335800939250713,-0.927807112934235,0.286013972277702
-0.201261269991473,-0.608665266397385,-1.05035271395527,-0.997755121306092
21.652180517114,2.51635504204309,0.663669154011874,2.25521330930524
-2.03552622969334,-0.725280970144041,0.613376887303974,1.00123945185921
2.11058597053176,-0.28098701986829,0.477764966041041,0.464688090029001
9.29631663304485,0.942299608657716,1.32895354611789,0.833632148795196
5.04336026906757,0.216993580414319,1.54220579463632,0.466239705013921
13.395649575075,2.13155503921769,0.809356019955876,0.873482930535923
0.929813783080754,0.26626301217731,-0.940275047019895,0.367282012719113
1.44354908557949,0.159668690715334,-0.112468982146438,-0.70455163050577
-0.285201484924175,-1.61591705643532,-0.0507560143220746,-0.500965087595742
1.03610554889046,0.71074531620639,-1.02786106976544,-0.763249326832455
2.39368740718079,-0.523445212701034,0.419366595362676,-1.02580901134221
7.0316081254397,1.02405492448084,0.5787868469602,-0.221014915335632
5.87277931983354,0.368433610456932,1.77861044070781,1.28819711302534
1.0092889046346,0.0200693370499292,-1.00152455776453,-0.884506326187669
-0.106867744197432,-0.792144180897383,0.243239419783125,0.694590980110288
9.95913161583567,1.57998721961723,-0.344616007516912,0.800534294027323
-0.82243043002611,-0.481036310301937,-0.943526729044217,0.217809504609579
1.52843251916182,-1.03150465211726,-0.671647236028596,-0.653098060312608
8.74485767059083,0.752589233198525,1.03011104252354,2.08625620618992
28.0476351622566,2.73131614194657,2.13851296137243,2.77636208317097
-0.123027235317801,-0.444677193687923,-1.31653336712291,0.297876068202154
-1.65146669575147,-0.965486955804331,-0.0950456308909864,1.02949273926609
2.51811208268525,0.522229903068949,0.253752908938417,-1.13196950531573
-1.65038764678813,-1.05575477093151,0.23662801127158,0.181042900637558
3.2133089477164,-1.73109766110087,2.31564211734464,-0.298059641500621
2.28239853629449,0.199598404118376,-0.00637791093579286,-0.228739444378191
-0.810930034056364,-0.722154331897745,0.979699675515398,0.848247681430802
5.17380259576073,0.817505279046808,-0.172166775389526,-0.142638300368769
-0.0756175889121781,-0.186046230607378,-1.68488122819204,-1.8879078549666
6.48839324442616,0.612431816247241,1.13227488013134,-0.0464549014749869
11.5895105729803,1.26676430999632,2.19145036833402,1.07546386052995
3.5009957950779,-1.33083494412725,1.05768653208349,-1.16714821813361
0.298392958527244,-1.31571468249623,-1.06157333565463,-1.6362860474608
4.84408095996205,0.707488645180141,0.583736211006204,0.601990824301854
1.88066871242086,-0.0819912288490839,0.143935642285578,-0.407985883357018
3.8684885534456,0.518885549235084,0.857516136608593,-0.418861560307612
0.860845234593596,-0.0292017812751704,0.976924668123395,-0.516281628972721
0.0134300240328959,-0.426713366944475,-0.377148318425061,-0.993632019100216
6.45687236845984,1.48073072840365,1.02080995347615,-0.00450700310105301
0.245731526023411,-0.331530300902694,-0.381684758746958,-0.610598702996624
7.27391719343448,-2.0552413713599,-0.963875843690333,-3.31543800332767
1.25968353123613,0.156770215715851,0.412413170992939,0.210751755827361
-2.21622751672142,-0.86824390990985,-0.592135641749096,0.471088157170314
-3.0413450514066,-1.49375108062897,-0.404250282314501,0.227675802809998
-4.7547393430946,-1.64962679947848,-1.1964100558688,-0.157088097106721
10.8995708072352,1.62005802717932,0.597718101568324,0.865524882273949
0.676062923508447,-0.951122397157144,-0.862769235841423,-1.04663552054025
-0.3090112289935,-0.75472480626086,-1.12016669931555,-0.753306829269425
-6.28212716477168,-2.17006809592806,-1.58627255802712,-0.142201966612657
0.0670034607943104,0.0641990054185835,0.0193068164645537,0.853034176319208
3.3037698570885,0.438202271684589,-0.0481783092567927,0.308113052583078
-6.16427440124643,-1.10022733642036,-0.945198905694561,0.696670033350783
3.67946226804972,0.253731115951549,0.731332917763218,0.4494430931598
-2.4226846086737,-1.54851781898248,0.486401702366953,0.101430828785948
-0.337321685219768,-0.660216304059971,-1.3080692964705,-1.11917445477072
0.892707416839589,0.0818063433228852,-0.942542623718443,-0.0223804727771721
3.91773249864247,0.613873676117934,0.802572302618749,-0.222623478899195
1.83146930192269,0.119598482744323,-0.862126575361224,-1.55549774152605
3.83018407356679,-0.145191004809417,0.148456824426613,-0.935731902924707
1.94883893048551,-0.295402179247225,0.323247890593995,0.802690615514812
4.47083716817492,1.36910071466785,-1.44168414572045,0.212981480051936
20.8994307818664,2.07061354573602,2.1451357264369,1.78738179290289
5.34086060015668,0.311219899720658,0.870858900565992,1.57452472963415
0.125279636600837,-0.9932685112005,1.21091265979231,-0.126526470976089
4.65374319495164,0.857693230337881,0.281598287788265,-0.139179090370647
-2.38246649123733,-1.17713807564986,-0.921826773297293,-1.10630207363404
1.67614296671258,0.622090949853221,-1.19888055330856,-0.18599709956324
6.99995110289807,0.872216770567323,0.74773826425426,1.45243725439562
2.26628245329388,-0.852294087702283,0.482670249970593,-0.686344515411975
-1.54466041596368,-0.947248257088956,-2.29543841318731,-0.702157239162891
1.05190281673615,-2.04760426492964,-0.532952537882195,-1.18698938792213
1.06090198728909,-0.0240489864052855,0.113777112184802,-0.201381008011917
-1.06389572420023,-1.41007702369849,-1.19102699198458,-1.23508764187289
32.5934572854452,2.96532763983466,2.39513219552761,3.08897191191539
8.97487350406611,1.34207146200224,1.43703285505301,0.783340597255726
7.44666257193043,1.27816338718121,0.987153501062148,0.213353248338872
-2.38213659221507,-1.00087856143317,0.785013751557604,0.756761856301805
-0.733854467155749,0.387731174154898,-1.441702637243,-0.601009482522373
12.2043640767482,2.56081921377471,0.735454702751809,0.390191288022954
1.81564910507925,0.12399740045588,-0.265423707398588,-0.987622464877966
-6.90973229683722,-1.89876952718271,-2.37673107058679,0.178492635802368
-1.19725834996741,-0.904906184823497,-1.56220601559909,-0.863828285410133
2.32699221515725,0.210544512989113,0.419725738706867,0.0383056548349517
3.95784788510163,0.366950751579017,0.156741782454872,-0.113488640080569
1.173386350023,0.281960956089772,0.0670957485054042,0.215435440173492
-4.99473484174809,-0.92035171980585,1.10547905715972,2.0052370892523
1.11359000522622,-0.434913251485328,0.964029119767761,0.454155285934931
5.36707218637469,1.46151003291875,-0.310462301939248,-0.427009248616246
0.399538273430189,-1.45542033169673,2.27077548647781,0.33851182717248
1.15559024486602,-0.712803793552249,-0.00296576000003925,-1.73307602161466
3.53430897504747,0.135885084532068,0.535613492262006,0.435385560703645
2.51372844375468,-0.859163168068962,0.911496193943712,-1.52279115225095
9.36684107455301,1.81718730711708,0.276017668409982,0.326359042052667
4.25646935456251,0.90686346805487,0.241446202909862,0.031336212723983
3.82190961507912,-0.00194105001509792,0.97340663746533,-0.429576970693333
2.48847182674574,0.203715711285329,-0.250008918325535,-0.575066128503956
2.09314878460527,-0.236132325530783,0.813501423996989,-0.0193895419147281
1.69047164057692,-0.0610389305999373,0.468939550679425,0.2544589299324
2.9424906401559,-0.344095148840165,0.910071202341902,0.612610528563256
11.3328286297344,1.42284295199559,0.715031251432211,1.54365164554324
0.690229770140642,-2.05384224426788,0.578290985833231,-1.09681218411276
4.8294583670673,0.817964370027616,0.616003405421779,-0.015551058814848
10.7336142142702,1.01616265857698,0.898968815193964,2.15085353810997
11.5378976684719,2.61021515164952,-0.355936342941741,0.324179547429577
1.8995798282207,-0.895820286845164,0.763196547243452,-1.12009734859154
11.2239248085023,1.48725214837549,1.51627061770516,0.666223380206393
3.00957123374845,0.269463024810892,0.441892212520269,0.149231090065915
1.13022790489393,-0.0897049076742503,-0.0349838059060041,-0.380387559340923
0.172520226277871,-1.8729262813963,-0.360949514214597,-1.06426307917863
1.62013529342575,0.154022777200827,-0.461366999636835,-1.75288896879999
13.0493358482492,2.18890084487863,0.320230262445488,0.995142546476999
4.76084529831294,0.7520816870384,0.36291230091796,0.640827154377417
-1.46284337038106,-2.44460565446621,0.514174572185247,-0.576211225169248
3.05414298106187,0.496537324342399,-0.238338424654448,0.0448457520861204
2.25009267938505,-0.7193681341746,-0.384883104040776,-0.749747160171315
2.75907388120789,0.785371330962762,-0.451081114472365,0.60280193557147
1.93362174446565,0.816893125711962,-0.549878753850519,0.131699868202277
4.29653418167002,0.177696596063424,1.34952310800761,-0.0298993761795729
-1.35442520494764,-0.00534115204911512,-1.28990470680146,-0.92793642917772
-0.835330926006719,-1.14193796547924,0.51791724812248,-0.162564109394636
1.57001713927783,-0.311921667760372,0.120643724790658,-0.474392658177821
-1.45483579155818,-1.00503366338841,-1.05832812192193,-1.41756715204695
9.63857482897162,1.48193839458227,0.627536801755676,1.15669263744682
-1.14008421910442,-2.24862143641353,-1.84297844074111,-1.41527424599599
19.2056380051702,2.86375348487531,0.291103657552002,1.11033924036717
1.15197959037625,-0.00700262942930713,0.333631682675356,0.916604766303247
0.614871210321874,-2.58306241012086,-1.48532440791857,-1.78624667167228
2.67252868158143,-0.331426134759065,0.606791423049611,0.606076346709695
3.72749373805472,0.90244185694288,0.00590937433631441,-0.625763691941163
7.88257067477169,0.995568269339426,0.558031284884629,0.922726445217483
-0.389872379963831,0.0616780948000056,-1.62226942110549,0.603813208450933
-4.05572442736877,-1.64918288709597,-0.0804467489057327,0.137447075672452
2.39575961752645,0.173889128129205,0.603881388640927,0.317822004605658
6.04831026979815,0.487850558097451,1.07515276606383,1.17405111752099
19.6096867174603,1.84641728844155,3.06719910909219,2.21026178239584
0.97397833660219,-0.529624393307323,0.350609302566584,0.744245378649285
4.33877169873573,-1.5833694456795,-2.36020043191221,-3.00027804527235
9.7693672103062,0.938598861135242,1.80074534071478,0.759227700174344
11.1120991860221,1.29704130518488,1.36802196652788,0.694888066980753
3.72833798686675,0.79045995266432,-0.441361429015281,-1.03357735570357
-0.929605830771682,-1.27729709304667,-2.08987502967831,-1.87480382758232
-0.186376613061022,-0.923661656027232,-1.04100106443569,-0.850617134138278
4.34399218511406,1.39852060102454,-0.813161266522612,0.624622833354166
-2.66993938360963,-1.41371507033887,-0.238444845834255,-0.259899998207426
0.351221444098058,-0.620286040394566,-0.230781849002504,-0.529269503326419
13.5858479015513,2.21275592579508,0.111913221501342,0.781643481524385
-2.43136376003623,-1.90731232359322,-1.18786599725127,-0.416049902644661
10.5868630276022,1.9285632263203,0.974646772075209,0.296549511868573
1.8554320867195,0.495895881584456,-1.00478167930946,-0.432213096769081
0.412380935865599,-0.403781601896829,-0.418136446906723,0.186016353103182
1.08827796981294,-0.212057819645854,0.103581721944471,0.537270398407623
1.54077664315431,0.474988405438351,-0.388174085120706,0.323971066990275
-1.78269015898681,-2.07445562874256,-0.722018919467697,-1.12050172895737
6.50526020003181,0.509919281159192,1.56289525559316,0.7564346594844
1.16055816467137,-0.487660585061809,-0.034241345079154,0.112308882646953
2.70331980244334,0.301314254611925,0.255067083303093,-0.128122376941705
13.4634736714068,1.5655896316825,1.44329801338278,1.43304931218366
2.6258269286284,-0.293224859501667,0.876492821162796,0.0919089018788314
1.85407529310336,-0.658859835317587,0.134873213598242,-0.773231852735403
15.601109471056,1.91169619290895,1.38407000616856,1.19392604384784
-1.64600231723393,-1.11037252394322,0.809164501981717,0.312395484119598
3.43412089928467,0.0819381429325006,0.162899659429398,-0.830097405661472
4.00690688753023,1.13454675236747,-1.38512475643838,-0.49045513828341
8.24345476389505,1.14668792664379,0.526678802553046,0.502390235179806
1.09061116371079,-0.242352003745309,-1.89864482888631,-0.992918339887851
7.22022869998587,0.591875235236769,0.663060236024041,0.959240880517247
-0.02199359021782,-0.665902613554133,0.506825713261621,-0.145364051116811
21.0242520093521,3.45738686360837,0.693448226052164,1.08843427338635
-2.68429529453536,-0.369207664960596,-2.60476519606758,-1.42822837797129
-2.43317943749647,-1.05787900905153,-0.0357149705385537,-0.0295748740165263
5.69219961648711,0.890459835832337,-0.224537363007768,0.761456904620859
1.137727025851,-0.0627957410715876,0.250647067217981,0.908044143104043
0.757596645469419,-0.92430282037934,-0.756529047330549,-1.76475666345774
-5.40735969554496,-2.64104212366318,-1.11491162459462,-0.560060924327963
14.9746242776336,1.56283354203593,0.708597968212377,1.65623470918144
5.6576387641222,0.450924543552664,0.468932329145569,1.64700155197054
0.855407537502864,-0.775322937734366,-0.288700156676829,-1.47037639238485
-0.123166536890288,-0.469407606886741,-0.69886744303147,-1.25379782909733
2.14822486655961,-0.456379981659398,0.383859891960604,-1.29935278975364
8.42458499003636,1.35608378209937,-1.05355638132854,1.17576343338885
-0.766637984197052,-1.09930877813584,1.36218228658064,0.916603889375534
2.79111268713775,-1.02179575460685,-1.01719634666398,-2.1729326761945
-2.13236722084495,-1.34891500313316,-1.00023507716922,-0.981129352428876
1.45678048646425,0.0627536781583936,-1.3861846000694,-2.11193462959173
0.0528017379292383,-0.796429503138749,-1.00860954218725,-0.612197708161278
3.91797752279847,-0.0235768069404646,0.190566550840921,0.973453492931858
-1.20756094925483,-0.661870636822051,-0.476768546255006,0.048741613056249
0.279544370743543,-0.932781431742878,-1.22920849953178,-0.366214695764201
-6.06360586688233,-1.30621352023413,-0.681230926178658,0.699266835592716
4.93414356653201,1.24988275005257,0.00788128713372266,-0.207899249624299
7.70115764704583,0.696070230646534,0.968431746049966,0.351015901408184
-5.09482664298904,-1.92673488105632,0.137308294124724,0.675461277356857
1.5176157559418,-0.0741497872999733,0.0765880458382546,-0.357110902753413
10.2129593233911,1.18849360520999,1.11111785486276,1.33441684402475
1.79389114697115,-0.341099057154553,0.956129063644027,0.201861973482462
0.838916391833226,-1.1186155389256,-1.71052303649974,-1.44976970091222
16.4213253985071,2.33927876730134,1.84838579519673,0.991402646745578
0.0510787813415393,-0.765319054231135,0.459244764512732,-0.201484058828284
3.71804278713801,0.945396451098762,-0.216540571853705,-0.336376332337595
1.73275511843593,-0.418350655468745,0.579858458091866,-0.20157916601209
0.6018231606528,-2.08263934034868,-0.689223885450273,-1.58374140977877
1.6454349432324,-0.788406286120957,0.526628005768496,-0.542633707015726
0.222935190820436,-0.423473268818738,-1.32511686619568,-1.72942729615913
1.74983344214046,-1.32305857822557,-1.27897913084251,-1.72489112551088
2.20716965252023,0.0735979416503789,-1.06805957840684,0.0691106699561768
10.2909109330637,1.93008651753889,0.745682011931731,0.432674508860882
11.7656900332546,2.24844637224536,-0.402871668565783,0.83839760087662
0.320005623707,-0.194464043135585,-1.04072052598462,-1.75702232407401
-2.65707963518778,-0.38425529245854,-1.89634940762078,-1.14712191767238
1.5291869987875,-0.971926414168006,-2.60579293158296,-2.76179905989804
3.16623551078823,0.179255174022419,-0.450389741676409,-0.347039456281436
-2.53591898346824,-0.76279620197346,-1.508382513138,-0.500284732695551
8.73377885739572,2.11010855760277,-0.318676073311776,0.112356443292476
3.84758634243702,0.134000482464886,0.691418403414797,0.432308072815157
7.490813995152,0.608078651916837,1.43849034934633,0.696179850573369
2.59275789606003,-0.0711990595006841,1.00903522160564,-0.0906872655420939
6.27577931886798,1.0937208604513,1.06784326370805,0.402902544701622
-3.10472369448425,-1.25087115396998,-1.48400147308008,-0.51482539799356
1.29690214244383,-0.154608944126919,0.217980724430775,-0.827614760209269
-0.0302448695764779,0.136126687598323,-0.870700431890806,-0.830369009941627
3.75525700183158,0.352412645662846,-1.28955726162115,1.55061883019383
2.97286002331038,0.385365155699518,-0.802150701968854,0.0876959598239007
4.08993116134088,0.273174910824707,0.409981542955467,0.917891867437852
-3.81421808765344,-1.92198081596979,-1.56656001229112,-0.327156459023622
2.86018504865733,0.232958732582337,-0.220609858934811,0.928663554323769
3.72615930606859,-0.285908359100637,-0.0707967450448989,-1.67324772609541
6.97047966053062,0.349057846160614,1.40814393784895,1.12951611854787
2.0414718072422,-2.00557405828414,0.222743058031403,-1.93969387896066
4.09848297100435,-0.164838418209422,-0.457018377150188,0.439401251584963
-2.60869717652401,-0.992452828690704,-0.950160495151957,0.0143468174726488
0.800839883368357,-1.36839716015391,-0.107012315043258,-1.21559813018526
0.917227545477091,-1.52049021112611,-0.156895231532657,-1.38494987008637
2.52998667447134,0.124534939740375,-0.620372971574956,-0.116653148919143
5.41755474593293,0.571456643760474,0.763720208185431,0.996782096999923
4.24808911471823,0.571614347687946,0.567843392934349,0.278163916050524
9.61268081205424,1.24352226626087,0.220793656835407,1.56695577719837
1.26499571100267,-0.133429562482619,0.303147499849267,-0.476873808015042
-4.00424112338632,-1.50210810146948,-1.14206303018006,-0.610562971116476
5.05023469950737,0.403355643901542,1.25304890778223,0.114794279758998
0.2478136116653,-0.495294143317603,-2.22086864211058,-1.85752401351143
-3.51990505346385,-1.6799511774323,-0.171099318865533,-0.143214048115308
-1.02714432111705,-0.787043311196732,0.305828172761428,0.737283287373044
-1.65374802986987,-1.28831032363296,-0.649918870354516,-0.6017654560397
5.10383261143277,0.45160567393387,0.833241229044134,0.227737833610743
1.0536492667614,-2.5352252228615,-0.809612219828404,-1.0695207316886
0.652829870893034,-0.337993532608603,0.14980112211101,1.50743284619912
1.49981428391321,0.349695435219552,-0.242942080527448,-2.08948987344737
4.74104910473905,-2.0836740050997,-2.60749652710438,-2.60633194304763
1.331348980706,-0.204768335485303,-0.107078013480691,-0.0124166436014282
14.257511628532,2.18828640142176,-0.424993877779771,1.37263116258093
2.44055776900606,-0.158847408890829,1.03529132051077,0.86442303516728
0.00282401006622313,-0.471597609788743,-1.2834259966017,-1.47336780272679
0.345505009821252,0.131487610627397,-0.915465688973291,0.587722524553585
3.89798837341893,0.204094123081168,0.996219266674139,1.09698802095681
7.1475911064329,1.36954185507904,-0.767401720400222,0.332171092353307
3.73605466443367,0.897200107339075,-0.488139867861047,-0.55291378151219
-0.167886252268062,-0.660690863522077,-0.643526010912819,0.142622079607784
4.49359734371946,0.780529337985415,0.818615699451987,0.112802450713024
6.07937848841673,0.875714230509504,-0.408008161280687,0.740198369534842
7.46734822430659,0.64868716153183,0.90479804045497,1.58749611864712
1.30177116019938,-1.13226089389022,0.302796233176528,-0.770883981466026
0.701777430025423,-0.282003591351235,-0.0990692693988141,0.675794543417149
5.32914448850242,0.281140638553144,1.04355257968999,0.823068685033841
2.43165331032306,0.0990905028561072,-0.406821037132879,0.678057790489529
13.2396222898624,1.16811408191393,1.08949962144298,2.57516028410318
0.763908393771536,0.183526129966443,-0.805935304501858,-1.21135985567187
19.7461717602593,2.29729953678701,1.09451325725796,2.18916264649598
2.37716392748496,0.476242981942999,-0.571749854343574,-0.730419496134527
-1.90913645269182,-1.52217810830674,-1.27018503011289,-0.889008023589121
-0.012621822386932,-0.853074552481318,-0.249425233979754,-0.216418698412376
6.67440667281196,0.417463348097139,1.39657657503389,0.920547690909399
4.78938181717437,0.437521300081052,-0.348710571612403,0.0673378886958545
-0.234339631380305,-0.161250307510934,-1.14849287373561,-0.605958226208405
4.26062411918682,0.213306117466477,0.781692971571909,0.477132544448223
7.25058847062845,1.21258712499486,0.784709529498275,0.650566743107539
3.18917498390775,-0.241904816207871,-0.137852361084535,-0.996944591239016
1.53950243272369,-0.0803694223356368,-0.957624007051755,-0.628195225405404
-0.629052215600428,-1.82062955475316,0.0118464677739664,-0.915817166822121
2.55461566246475,-0.379392665909889,0.0427687889407148,-1.2383795940261
3.42422882513664,0.9015772925546,-0.803501093723923,0.640956842840921
-0.776816230809158,-0.792534887692813,-0.701828540805677,0.170343209934989
6.38031931047675,0.669858090627008,0.871910615414265,0.652012999484908
3.14996047706602,0.801681268165171,-0.216062406583213,-0.316442519635807
1.9326471010859,0.150243540280939,-0.200680428836465,-0.195444146172375
2.22103028338029,-0.277107297295068,0.769245344292368,-0.251769715502606
3.90469668085354,0.647814178106152,0.0229247685370956,0.77807388710101
17.9491292659497,1.9305834914294,2.60169648401396,1.6814873368109
4.43656695932672,0.623829274247658,-0.380775662320424,0.250571974084776
24.6297829377223,2.81429938586583,1.24358819023797,1.97907052473224
3.04012512888925,-1.64377838803926,-1.09097424646251,-2.36540353866625
2.92298374919318,-0.0186625696552232,0.44139718167616,-0.183498454388263
4.47290139370221,1.17011434694694,-0.0441554060865246,-0.768641769002343
-0.918069003466865,-1.44908993727583,0.278757183590453,-0.274846410498213
-6.68827574907113,-2.32923335606583,2.26286993426255,1.12560431384378
-2.1228613660661,-1.35535043018981,-0.938853268220061,-0.538465270286748
1.97026868007736,-0.0774893790563396,0.518238860779406,-0.386469972919957
6.4425292805101,0.913436970571537,0.519708805439252,0.441849902827087
3.403924848085,0.165602558976745,0.553258835685868,-0.490777989090637
-0.598578648242549,-1.85729289130189,-0.506061741921132,-0.803314434253358
17.9601530749486,2.32760478581853,1.13592805519025,1.77356420319904
-1.54527104773094,-1.01870822982,-0.0831898905030219,-0.345980125949808
-2.80503787597694,-1.42723713093965,-1.00013032563081,-0.382138430384258
2.79218037253276,1.37504011029495,-1.29927857072568,-0.914559554580945
0.818460916229507,-2.02671862307358,-0.704506304877075,-1.55024097815633
11.2230447723575,1.59405528607992,0.691404925146341,0.762539974637618
2.1784117627399,-0.283152913198809,0.643333812187348,-0.522345553510242
-0.0370061540830557,-2.35174216903771,0.727603191568876,-0.708180307574831
1.75594559209941,-0.458100673631875,-0.146222480700734,-0.495173731811705
3.31485307697332,0.253753470132224,0.881880921221527,0.0853234111255867
3.78490708287147,0.573420969844299,0.889827045699949,-0.634944525931968
-1.62126415555646,-1.07451338181754,-1.21043841328336,-1.12840800546129
-0.210862578773905,-0.664606396400254,0.254012690867173,0.270453719262411
13.5165524423629,1.03085158461432,2.22896184825409,2.17461175075472
14.9572459361639,1.42985075392526,2.98499976137522,1.29016429684704
8.13879469455375,0.954431914107761,1.77875841176334,0.998024341118677
3.90834123492871,0.517083406372888,0.887582471693801,0.923183934067478
14.3449869962696,2.28581229576968,0.406711522487521,0.886770621800631
-1.3900371376669,-0.838066307833347,0.121128817716401,-0.0931682121480975
6.57197877097468,1.64108709952225,0.0262979029980198,0.0103058558221351
0.461850039953441,-0.540321941272025,1.01603793016358,0.304280866168092
3.82806891812594,0.409320233796829,0.0623266505519651,0.246406401119365
-1.21514914838746,-1.02604941499939,0.642979075660613,-0.108553853438679
5.38790338361435,0.806923219302049,0.117132716113311,-0.0715666859459607
12.1304316679659,1.22968383708718,1.95871578637357,1.3303221429749
2.29276190831727,-0.404827917022121,1.57948135755169,-0.103749588516259
0.567006209280101,-1.524331774619,-0.0280988566635522,-1.38325037050707
-0.982609390936726,-0.769984994505038,-0.529745520554265,-0.741233055800761
-0.840106602560367,-0.720938289496343,-0.733122709437726,-0.41485960592156
-1.45509782245622,-0.894127332086104,-0.120859026037688,-0.0760920013559482
2.23257173761549,0.17885515561046,0.694620568326005,0.326396818719928
-2.3799776848283,-0.707330275007365,-0.932318967749282,-0.545325210424583
16.7139103699447,1.84249489442321,0.843533271663487,2.26490809371413
-4.8045384982836,-1.17165703832674,-0.0661604668198228,0.637031670780817
1.54706953426536,0.16542784115372,-0.450271254384642,-0.87641433720149
5.36930096347276,0.675197359708612,1.51922603885826,1.1390455408214
9.85548125932283,1.45701989534569,0.390174797325086,1.24777719119525
4.38452602239287,1.06213958587477,-1.08411281622494,0.12869106791911
2.88243389336089,0.589421353790095,-0.719883179421996,-0.27248311844837
0.153222343423849,-0.587156494829433,-0.717303171322126,-0.78098177647919
-2.29881718016582,-1.72151168041712,-0.958932571435502,-0.831597753678214
1.40033381928701,-1.69644378216541,-0.740625510308519,-1.29523008741324
0.7340757886245,-0.43966041080318,-0.442647431605736,-0.449198510217096
4.85481295729085,0.606265486131783,0.580161044969638,-0.0950143491620942
-6.49904786996771,-1.61574676243851,0.0383914403575452,0.663052673346639
14.0120195903634,2.20993975039255,1.49456484031745,0.344552550643583
2.43952163293366,-0.5372466061787,0.532702019282044,-0.597567897597694
0.245910075452502,-3.41579184914813,-0.0825443680825771,-1.31595636554535
3.34340891707991,0.030209520256523,0.448899697044182,0.51431806637485
-0.0163935819914519,-1.19566871398344,0.385908656004058,-0.480758295609958
-0.0342749574040893,-0.405246263246222,0.172410558760122,-0.686939811736349
13.4950371009778,1.61961676413164,0.618597043281637,1.41319051180966
-6.22516051042368,-2.36893541058735,-1.59807294848384,-0.206923767478796
12.9192223055032,1.75714091252401,0.361969520633394,1.08226139982907
14.2287417945277,2.61423199400172,0.63806361380749,0.559306216095609
-2.61123214651431,-1.62201795523296,-0.307640830988209,0.189495267646176
-2.65606527626539,-1.8552084202493,-0.9074126477826,-0.613378332816018
7.54383584311987,1.00280543349856,0.679526001547358,1.66488437716716
1.36198131511932,0.499848656039839,-1.14390652398047,0.84226219993731
0.734360911981257,0.21718698294385,-1.01425729431425,-1.02339390885765
1.6592938976833,-1.27205887911508,-0.155415401683568,-1.20884702335356
7.96145216833792,0.772354372044935,0.969825082359491,0.943897331576396
3.01018727752121,0.284094757517942,0.811848424709753,0.261889679463462
-0.392633265909497,-2.30644048460101,-0.558060775583373,-1.2994154196791
3.31313502911713,-1.70455134309831,-2.32047400149129,-2.80256594443228
18.7479186627889,2.20318442109962,1.4947545640935,1.86419311790214
1.39416128669346,-0.314925236485329,-0.16402552896359,-0.679425439830818
8.96828625889101,1.3714906718865,1.45460285839989,0.606886259354521
0.406516795836568,-0.203350873814058,-1.64474219319242,-1.07928559667843
8.70692160130574,2.43679898721996,0.345883547804768,-0.130621938618987
-2.56284284634855,-1.56266701410042,-0.459557169173639,-0.131418720281966
5.66386012094989,1.45450674833761,-0.517012185267554,0.452484909494254
2.80311977856013,-0.674892032969748,-0.370299202162261,-1.63782805552285
-0.872172232065809,-1.27962029546079,-0.317056089278113,-0.14765312092223
1.85354675409269,0.298896380860807,-1.2109917468001,0.932417205445713
-2.33006447540498,-0.319572342285952,-1.66825613683863,0.363939133078281
0.368914538607762,-0.284817254457801,-0.508199392720506,0.159995202989164
3.48946113515949,0.110497376224932,0.150492381233294,0.0498243839959964
4.45429893823761,0.304294292927529,1.3058023017685,0.363946095699937
2.03404276443397,-0.769368927734395,-0.295183643668321,-0.529633641132078
-0.0758980530983412,-0.554464651289802,-0.463823570316137,-0.233593657596388
0.0056875725583434,-0.728363785911935,-0.601797388994182,-1.43838883257002
5.05837845272168,0.980549450050799,-0.263966682736965,0.177669443355513
5.54014131001138,0.865471931077216,0.516738797552476,1.00482208083356
4.58790603815859,-2.29335849140921,-1.47910592287346,-2.24342463448896
3.37715063183443,-0.895068029271276,1.26417429718587,-0.166809782024872
8.7373558696886,1.77010377297575,0.030921904895979,0.825667452677922
3.9872529564895,0.183114793505686,0.2340819819496,0.0784095810567037
2.90397588807666,0.926003349832614,-0.51685873633612,-0.559562522508328
11.7070146031785,2.02770181268724,1.28966881367468,0.397556960485367
5.70295526322423,0.774811972013489,0.243874451363661,0.34418748058933
19.7971643693842,2.72079414314617,0.402469663118721,1.44938251298417
13.4048301635303,1.66246906922984,0.928291228043045,1.43562779437047
-2.19224865627815,-0.86299547946045,-0.422241208302929,-0.0698193255507925
4.38893152587217,0.614343799429914,-0.0995395790195771,-0.810400062283649
4.18392185952142,-0.0373772563344207,1.81177968557564,1.47246719531317
-6.17660047818395,-1.5025554535966,-1.51124791452795,0.0765455713868963
1.34470328620982,-0.205292885859199,0.085245629789368,-0.275384016179744
5.52151476449312,0.221481256117111,1.42084760751424,1.26250923330724
-2.08751439274345,-1.53114696733624,-0.525941570328566,-0.473177902950833
2.85418931414606,-0.151284965857378,0.707603300771247,-0.592085443985745
-2.85717001308184,-1.67201155375416,0.288278659236987,0.0580647143608004
1.14421891234159,-0.018297266164867,-0.000416520489309324,0.127009143109132
1.7348014111712,-0.51769552272513,0.773354466278511,1.81420866165623
5.92389820918647,0.428316272185312,0.0466367898372678,0.7683647779074
-0.999640690576385,0.36099527468769,-1.86627960026212,0.0742943155048069
6.15552119255913,1.47475649835973,0.248527112080909,0.0951416324727109
0.833760089430166,-0.393159416716288,0.0134949245589012,0.487137408722731
3.90745420640822,0.831145683124069,-0.0844661605443924,0.173668760321599
0.741037275499732,-0.202820066341328,0.850121598538241,0.714696872676882
3.89204665192232,0.0777644150216193,0.271225345473425,-0.0221755277532611
1.19539910817462,-0.453549685669337,-0.362977179877737,-0.847741541946088
0.995687329359149,-0.386754484817266,-0.556844108009582,-0.451984553458745
1.71869049308874,-0.0706333665626505,-0.0539725900506667,0.162726619666294
0.927707569845778,0.266526798092508,-0.393417091106108,0.113054899129788
4.61683617624673,0.787960298389004,0.820534238896928,0.380659909337681
5.70567656347314,0.290049992195271,1.04911310395044,0.215733150437616
-2.57811420507638,-1.0217483704694,-1.30653772897697,-0.846478849734011
1.65991687152946,-1.25588040811038,-0.390461258236647,-1.45145847476876
-1.45770564116644,-0.550153086681436,-0.517324701119792,-0.428190559970562
1.70957346022517,0.228233700688935,-0.561720483898687,-0.245788378175517
0.330725407147614,-0.113568556973672,0.0933257570868632,1.35708732083506
1.63741356778445,0.199953618896245,-0.428352240092298,-0.806458031128549
-9.13979645838304,-2.27134730515157,1.18986113155854,1.76515830285014
-0.864191501794268,-0.155776607263149,-1.92629475015048,-2.53226240854112
-0.238588542176733,-1.61359628549399,-1.81246187487218,-1.59256661498088
7.43789896725322,0.597479235041823,1.53498666013871,0.930189657246105
-1.75734474445418,-0.593574579024273,-3.40772116511724,-1.95225650989982
0.849759171300361,-0.330006227691507,0.590137123553692,0.997696389023698
12.5569672676496,2.14623320520395,0.577565518778959,0.698949183065087
20.5609102897191,3.07565784890955,1.19561720765627,1.16423945989046
1.96739848093838,0.42957267394247,-0.0509686474489906,0.756651935852618
23.4722883983985,2.6017132451792,0.88285930444901,2.61951045666689
0.194196450452419,-0.208510916845165,-0.200164908826912,0.908077845446316
0.0602313314408243,-1.33215340081149,-1.24535622453074,-0.90201578837537
-6.09967653416654,-2.91014588740712,-0.339774667120129,-0.360346513444072
4.41339908065162,0.5113646253289,0.230429174033296,-0.358551380711156
8.5972106710581,0.935471953371072,1.15830351051711,1.12343661034761
-1.24223684222325,-1.08384856067973,0.122280010165408,0.280172205387781
0.0357244990704684,-1.23599971846672,0.491341782044311,-0.591822671440079
2.26737156900282,0.150443171150828,-0.424779425340459,0.244272693366884
1.03786325253846,-0.371642128407931,-0.22135845619877,-1.12699898644176
0.241015274581368,-1.21142403302525,-0.371160588693456,-0.90106811879504
2.69356023430212,0.2344613348159,-0.362810464131525,-0.0195122042413885
-3.12541709413839,-1.43938142069947,-1.31350173185018,-0.720988665634283
1.29891437423069,0.446869689289804,-1.01972817283441,-0.100104203698537
5.72386589253115,0.387232518661366,1.09876132430475,1.35099638700284
6.44980204618275,0.517973061114292,2.02296219017562,-0.833922784646258
-1.39122358264948,-1.36580782144472,0.957598800860135,0.772445687696468
-0.0966944545565225,-0.723397388038234,0.288378798816336,0.170262021114385
15.9133403570347,1.90008902108037,1.44024657008505,1.84893037577887
1.88051462944362,-1.53126862294171,-0.183533539508828,-0.997631615611305
11.6579725436289,2.05711249527632,-0.274467752775837,0.887672072105601
-0.105715201301834,-1.3860960282925,-0.92672926219664,-1.42766156428613
7.11019773822081,1.18719286746116,-0.0387028324785392,0.835029451485066
-5.61291881526046,-3.01920610477998,-1.15040589528162,-0.909037386872738
-2.7162658058036,-0.921397926158578,-0.714235689665176,-0.225709416563774
0.111074592590458,-0.915107254243526,-0.459697725097008,-1.6245001746554
3.6259814133282,0.142487220960666,0.423409858182222,0.216826872928941
-1.41295252327138,-0.735063793832508,-1.01263657408212,0.139873388811885
0.314299984054815,0.170154968157348,-1.45087242761762,-0.227990664853403
2.20391153893463,-0.426023052770026,-0.386371989922772,-1.23698516598235
11.2625948422268,1.99537154040287,0.470181499604727,1.02581808307326
2.74256323142504,0.170699739848268,-0.198226408186985,-0.612004118795085
6.26463936862227,0.914226832509233,0.635962998970771,0.739303631211673
-1.66656191628557,-0.792938069528623,-1.69212758744953,-0.671400048485982
-0.937549115402941,-1.3824893963712,-0.878675760698415,-0.865938878548657
2.67585501661847,0.329537636653549,-0.549360648459734,-0.997937867542001
10.9272294124375,0.950329464631661,1.86297618132118,1.15976913709568
12.1006070466823,1.11825365262627,1.09543875260141,1.37371602304926
7.87604152942301,1.01735364546316,0.579490624841366,0.444445504559904
3.68791574566151,-0.0155614264706716,1.4086870278244,0.0780495619991978
-6.33442879154311,-2.95220003075563,-0.209049578631364,-0.260405591300942
3.37632802465407,0.0913051017512461,0.938579833822471,0.547919412581927
0.07479613845214,0.101896087722342,-1.23738526064508,-0.751011692330198
4.93847207209683,0.712040579610049,0.585620292959801,1.47453515787985
6.89208702356307,1.28905026737958,-0.337414166179007,0.800518722854555
3.64096783917037,0.424457682495072,1.12446931781773,0.113086750710824
5.76017328307013,0.677059843331858,0.0708944008342497,0.517498961838211
17.2557875143927,1.50578164352496,1.64524537174022,2.74300343459928
25.6469798531675,3.23955439152311,0.989092379349047,1.70793914746317
3.78218839315903,0.229323849462165,-0.0460048348557096,-0.878489107263746
3.60684209502598,0.314327658043963,1.38434597439027,0.969435402378436
2.54802539545987,0.649123306683849,0.0891280513479199,-0.801055302544506
2.11050722770146,1.23935739274898,0.481950005032846,-0.987792968731025
-0.638471717915475,-1.45932944948756,-1.79890193198717,-1.694503209921
0.215354924091455,-0.737769114289913,1.02555716374795,0.699759021005888
7.41120682864886,0.448243798148726,0.996072531655746,2.27842827710536
-2.47529041687055,-1.17471445320608,-0.407719988781701,0.0344220471121059
2.10561795878674,-0.165205265099942,0.713776033168188,0.487037936389738
4.14053187306022,0.261502767824529,0.314764302318913,0.190693096076599
2.4306954567906,1.27696161343501,-0.781862290038621,-0.321070533669889
-1.20279011400103,-0.101866325604625,-1.12794038191529,-0.0663816398724492
2.57499865581731,0.478472485010108,-1.5339888994225,0.48076757474185
-1.48017081145678,-0.969004749801278,-0.067768341259854,-0.0891996189060117
18.6781371878673,2.61118479985865,2.18536237882727,0.872671487752241
3.41598833860651,0.0510458829929933,1.06262795227279,-0.747038681098924
4.43479968261693,0.39553337734293,-0.503767211578018,0.535064683210603
0.571172786408882,-0.532189559619893,-0.692035289616556,-0.0770474812940288
3.46586244328909,-0.731704420880536,-0.0748328763569484,-1.92864969824638
7.51813467605299,1.40372255130903,0.366392913497451,0.20918274164579
-0.850220983307952,-0.441709617991599,-1.65666907650807,-1.2254511680614
-0.811636777794167,-0.716391130876188,-0.24294075441345,-0.0728350829698866
3.11500075498176,-0.361448140860524,1.85520014084633,0.9698700682934
2.84011529545871,-1.15484713856647,-0.995620560221852,-2.5840265732857
2.63085062504302,0.897744500557056,-0.268362774041397,-0.993061874472065
24.1586806587913,1.89060515896444,2.00676469714035,3.06369071572922
4.4620527115263,0.183386039030465,0.222966003224747,-0.299624854694291
3.9140991532183,0.414818089436633,0.128316712387114,0.654540283672668
0.653777507713881,0.0751789262502817,-0.875662710618564,0.0274295862959931
10.0480696640485,1.34421339886787,0.223834923607542,1.25100722171909
0.762810761996136,-0.148198225408251,-1.47372741492281,-0.905740162297791
-4.0181435018721,-1.36153772709293,-2.0163847784951,-0.269323612452142
0.360013339376924,-0.209550495128799,-0.453817703938842,-0.93351146517135
11.2887523705861,1.31016081312815,1.62285601956486,1.18376895376215
-0.865268678817066,0.051315070987118,-0.182036960436161,0.616976989403805
1.92667851289007,0.26023172752708,-0.539123682324945,0.298888279287101
4.33324396630004,-2.70213616912291,-1.79070875703066,-2.4782775328368
-1.78779890257709,-1.11409363972711,0.272872452032052,0.395618827974463
-2.78191991158093,-1.95341059984789,-2.07346165584611,-1.03709955034915
0.0468432424780716,-0.811641556633103,0.890518327056001,0.686195285044824
0.28494764003261,-0.6539037520233,-0.37179824948651,-0.645356873643911
1.42287286639332,-0.557873485296522,0.817945198032508,0.639296684544581
1.5939943447157,-1.07620898838242,1.36528356045432,0.655418258679584
4.97794048495528,0.377301163703517,0.935373509829861,0.278780745548713
1.98911817881222,-0.63839373881525,1.72464459321708,-0.240434670975368
4.27988921739926,0.335155560075328,-0.114597419740028,0.412169050630547
9.08398598727358,1.54897383824029,0.370884308649115,0.820585594986471
-0.548718088744351,-2.46538375893535,-0.626858477225368,-1.24865405167023
-0.351790828713932,-0.0105556189114296,-1.61708212182244,-0.155487072021899
5.56035981342702,0.744684756590596,1.26945078642452,-0.306014883111479
2.26253029260689,0.253267544878716,-0.47453572520409,-0.153148186259618
-0.853004520361864,-2.03958425221209,-1.16145949448643,-1.2863757683026
6.55104873207235,0.405464614875283,1.38999084911875,0.777677976634708
2.7774112036855,0.414108643176769,0.108299160465403,-0.526794889463035
10.1467606545627,1.4106255277728,2.4527492387817,0.211234114122805
3.33599708161795,1.40839712611861,-0.0620815574720714,-0.934432466874465
0.752986974045276,0.381851827990235,-0.573096702420839,-1.3003724054793
13.0501595517794,1.70416320053756,0.389368357652073,1.35990386753007
-0.414749248724253,-0.692987123450143,-1.09302929057816,-1.17191916650009
5.300831153206,0.247359499223606,0.796583062088125,-0.147546571909696
-2.45965645807439,-1.35368137345095,-0.770284452711373,-0.251888344150771
-5.0668284151479,-2.04388579836271,-0.708312656562872,-0.0961781367538738
-0.537739951916903,0.75725225406332,-0.886914989485069,-1.2174694853047
-0.711185950453303,-0.979836510566235,0.151461699616836,-1.09277987823012
-5.8256961627493,-2.02379147306232,0.210415323309822,0.209289005593795
10.1805855502196,0.905590263812237,1.43811921303836,0.80573237978888
-0.056953730035215,0.334669038012661,-1.27786968815399,-0.770831361368924
1.22629769911738,0.385428891644302,-0.240114507921795,-0.645466146594307
9.18141944509695,0.759587384331415,1.53335214401325,0.96327099976168
1.84704723419778,-0.0478873835302802,-0.606345606945095,-0.438744194142409
2.30426341840741,-0.488977725073513,-0.425528631740383,-0.549486398810482
0.793851368871828,-0.272766628924122,0.0263926631898972,-0.025833805880115
1.63477319363711,0.0168734945717582,-0.645579780543041,-0.32864201043235
4.76941016979366,0.472981171370452,1.22420540184132,-0.230577972757133
13.8178227355054,2.14923596953758,1.62306252330662,1.07988459152844
-3.26005224096359,-1.75233302620511,-0.35336487433697,-0.451839535002594
3.01600870865591,0.253865054762691,0.962991314957478,-0.479343314143054
-0.736219815297937,-0.8095831260692,-0.507226779529956,-0.256664569802614
13.9705611833807,2.00622137343637,1.22312957208936,1.18156194490514
0.421430747171221,0.351478897680636,-0.218005959426137,-1.02347476128751
2.58039577879322,-0.596117538973612,-0.951451846890156,-1.45235792412698
-2.39721384673411,-0.711663933942198,0.159968635781202,0.76175832717539
3.66765594949057,0.193821452808067,0.396178064742843,0.313048671793671
9.45617176864172,1.74294690367436,0.431538052108852,0.561345098918584
15.9899568363091,1.90555578781676,0.54641389553324,1.6212064612929
5.74683474213215,0.876320963746325,1.45361538706762,0.143657111967764
6.49719514137552,1.31092056014916,0.321917055798433,0.115928427558429
2.96523634007036,0.641361013267869,-0.608412317259434,0.724052226012923
4.06095894534248,0.454720426017126,-0.0588768533641923,-0.992832972813269
0.197870312117036,-0.441683805113006,-0.420440455466647,-1.349079988189
3.28508790357146,0.66703685540442,-0.419340656323069,0.643916983888288
1.4002520949569,0.314101703735869,-0.17983968929717,-0.765456673638322
7.31057987711052,1.44177955100273,0.0281948651993653,0.23398216945924
0.240549687087267,-1.64614034401847,0.940254851095728,-0.136800904302762
-2.99356716050379,-1.5423674065803,0.190002895576535,0.0175626932280251
12.1491654252987,1.63791618143422,1.23245774159095,0.581767155418066
1.75283114999134,0.120186864063567,-0.602316421643591,0.827101483397103
4.93644249918879,0.579531991256919,0.829411190348201,0.534412887272953
4.97142177003624,0.793131646955158,-0.210769860470848,0.736448668398371
-3.21829831216136,-0.826847223814793,-0.280088043006006,1.09357804624425
-0.508768218302443,-2.85479258461964,-1.23216203690711,-1.40481844798907
-0.331263291999262,0.364791567924154,-1.69376004752068,0.317691105231492
-1.1017618440133,-0.522590873041164,0.081086339310323,1.78682352035676
11.712216424961,1.01935949735275,2.14406053135253,1.62113007563811
0.53922848293711,-0.44884639351358,0.268118949372708,-0.898124178422367
2.75864647589143,-0.5177814672927,0.103770883489743,-1.06987702153823
8.29527032200847,1.6941005126324,1.23098403549744,0.107973507766576
1.3967495166437,0.750666410635627,-1.31309052204025,-0.936980655230376
1.675408782221,-0.930355977562621,0.117048470941828,-0.731521774043885
0.738176940702352,-0.0611175305149834,-0.853358508984444,-0.561838977902745
1.85218317187838,-0.0546496010668951,-0.252940732054746,-0.153748738887826
-0.621806248535215,-0.655233582361413,-1.10514856965856,-0.0250011274246473
12.3330553755933,1.96929116113603,1.272917453656,0.121283485854334
1.63299196645609,0.98605043509001,-1.15783360080506,-1.35293841365149
-0.910662013823526,-0.760859605567347,-0.243378983207516,-0.0974795783859615
-0.461448552612433,-0.88410384422615,-0.279523908752403,-0.874065409615511
3.96669576382227,-0.83753365744617,0.58703899222665,-1.38115487185588
6.56076945580157,0.642115563290561,0.794515543989812,1.36920073320147
-2.16082013234167,-1.16579035079648,-1.03180963959948,-0.543482931039608
-3.41538034410797,-0.940178535676311,-1.08088096521689,0.11819510053226
1.35475088385508,-0.377081801401989,-0.500690956540673,-0.629707194977981
2.60296949025641,-0.256702317974354,0.100595464766202,-1.72022885339214
4.82407393161851,0.847084532940102,-0.208247885459528,0.457381641001521
15.794292640498,2.35027413422592,1.29109306113125,0.976851646649692
1.95341759706432,-0.54171085383298,-0.422477607700727,-1.04477537733716
1.10238005921574,-2.30885193515375,-2.43134684956956,-1.82333690373525
2.96476620251716,-0.121981344075054,1.02118876057832,0.28307204008793
1.12928206651039,-0.533028936523088,-0.0438859931651239,0.101652921315032
11.1346176898171,1.3784302449355,1.29524398077799,0.94321406274482
0.605148779232151,-0.270464708969427,-0.408532553322286,0.133388856017259
2.50231735760554,0.62073685852752,-0.0354293450889363,-0.704523870430104
4.78819932726346,1.12285090432206,-0.0480624200629672,-0.779008244769167
9.16740863680465,2.4106640104231,-0.459163063360235,0.220278448447007
5.14396532374016,0.946302021517343,0.490668413926761,0.235686024641873
0.611542269687849,-0.126070242725034,0.231300078944075,0.113261715141592
5.39242398704338,1.31329938253674,1.19399577304812,-0.242806513325996
-0.193337449144099,-0.414504170560469,-0.375977722646493,0.925157133270106
1.55908653701298,0.00686903660693483,-0.852640950494171,-1.41953592447625
3.01656348899271,-0.0464042726036393,0.799181171920057,0.628733179425787
20.1880848223663,2.55398118025884,1.39991563317973,1.53068634988862
3.98415752180023,0.961222870429201,-0.463221234734691,-0.513830470650941
3.57272832163265,-1.06063611314668,1.43193369591177,0.11040906201125
0.491989647482756,0.277571053916477,0.26329729783266,-0.177013222569734
2.61891894015622,0.154233919596004,-1.19574038769155,0.788355414607197
12.8423741376203,1.47575440771032,1.08461187196353,1.29481178839611
5.59921175211088,0.994773902556251,0.953340024874839,0.26313383286013
3.46523141922465,0.484820164611038,-0.0105405637324276,-0.329496742364038
1.84655038737595,0.291411305534408,-0.46638980231962,-0.513311381953727
5.1199107668359,-0.193544148073543,1.07521672209657,0.832926281596837
1.00538113345742,-0.982226512940501,1.09356418692943,0.509265050193767
8.41859271767947,0.985174785957054,0.772849580742663,0.66657565927245
-0.669284453136988,-0.366517431744776,-1.41857476214442,-0.900794774345565
0.0960182336412255,0.104022818018282,-1.15901443190177,0.330271014222647
1.07219482992052,-0.555987581844816,-2.09959993216506,-2.12183471960417
2.31790689338957,-0.408386640760415,0.838206182662465,0.612739568738363
-2.35810083780122,-1.04024541597048,-1.61925076604035,-0.15181887199656
8.29004805981213,1.3438480676353,0.506165616803716,0.871707633291741
0.00815765185710066,-0.86300137435023,-0.264437127549415,-0.392588674300901
-0.656419046029718,-0.506245813812182,-1.49332674997393,-0.641337312054074
1.62921095791135,-0.77552493899561,1.92956224894552,0.37533782824775
0.357612674603433,-0.333023587297932,0.328973134043405,0.466154545861592
0.367227657922388,-0.528959106080725,-1.06083886991923,-0.977585217444408
7.7597064997927,0.806308799531385,-0.146599066174964,1.9922241017645
0.670618842470287,0.743935822384148,-1.42072327939477,-0.420366003811778
3.05012696875618,-0.311961515985302,0.85390437825234,0.772090292480621
2.87654598567955,0.203171140552495,-0.532892178763881,0.864753334947901
8.51381707724997,0.860576920397764,0.99342044746358,0.884635927999062
4.434256285438,-2.49984732639328,-1.69325966816152,-2.35857897054687
5.00629613487616,0.0842132354917188,2.15388793355585,2.07930884072221
16.8763876735607,3.43907051769743,1.2838195952552,0.66178753989068
-2.83062456502075,-1.29031503205399,-0.870040084869472,-0.808955921373501
15.3196814885596,2.08539109072192,1.18497102823607,1.52293831624444
-0.120884095789466,-0.543794270152224,0.349956945615497,0.354698608106174
2.89343665370767,1.35402681876144,-0.552152870709447,-0.847299805327707
1.24218785867623,0.0233470941897567,-0.542213597705405,1.88165610725806
4.95443925896059,0.866545115458749,0.763436225582747,0.735677635747363
4.73284790775746,1.4827996730657,-0.00178608559493498,0.109669672389507
15.1752342071879,1.66455029832612,2.83550126472197,1.47013910655399
1.60061925879022,0.150441018418081,-1.20674001740069,-0.162528083003036
11.682421204396,1.95362013369096,1.0644193531817,1.01512893861533
1.88487608034826,0.570848284969516,0.000810206951470962,-0.520622393640026
1.01791232858517,-1.56895003783456,-0.843860494870483,-1.50477986280362
8.85458461658336,0.859069009608308,1.31739927459501,1.38980619582996
4.52796139746163,0.337849630311916,0.732025786289692,0.437273098386156
0.711582407800973,-2.29737228608993,-1.31144978602634,-1.79155200055625
5.67795450953379,0.806485482048129,0.418405296547544,1.08845307298252
-6.51654539741088,-2.86529753209793,-1.84492052082731,-0.556822600712789
7.15138079134311,0.702729702540808,0.0359893743763495,0.441228592905535
-0.898070511945316,-0.217123017401412,-1.32233608611815,0.00865917389175874
6.6874432866483,2.0352746440444,0.329708268836417,-0.769051986315108
-0.459723763297592,-0.882292343111018,0.214245086695673,0.0984665609234199
3.10015182561204,-0.0708508629641801,-0.0113106520853187,-0.0411196058224931
2.03510517702096,-0.786288000355444,0.289961533558802,-1.48813326981916
-0.903162119596764,-0.844905953760321,0.335246868901228,0.0997775894752898
5.96615428799391,0.559646743922575,1.44487590891742,1.16232968621608
1.54363758176681,-0.604560396651363,1.45948482267876,0.418696699559847
2.50508613545527,-0.29965142967128,-0.598332559093851,-0.686244633487093
-1.15277130824074,-1.0940694319659,-0.779310021784618,-0.670714349787628
2.9763272291115,0.930251243656216,-0.285112201698191,0.0277274567766951
11.5385110401112,0.910632419934698,2.00418698088415,1.13377361528505
8.15032723341473,1.6175305266116,0.502872946258724,0.304587033436125
1.65666960975128,0.219319000287706,-0.809791603596613,-0.663625212188579
3.60375186298537,-0.20892125851558,0.913104422310772,0.520366084719741
4.08360097439808,0.813193640415413,0.198604897353096,-0.150256718749069
4.10920027077497,-0.757662002368824,0.177920444013845,-0.921892897070629
0.445907877726697,-0.797521620856446,1.58735180092093,1.81898390512928
10.6357743285901,1.84026189955798,0.689381314205553,0.40601174442832
20.8004342950826,2.16924148456421,1.76026244399361,1.95523732197069
0.231493831911854,-1.01838051883183,0.555290226332287,-0.107746664243844
10.9498276768701,1.35240329061527,0.0821207876602798,2.08704965139693
2.39509571583106,0.677585992158226,-0.469347346955544,-0.581567428250866
1.98005491457967,-1.44704256002446,-0.191548907181058,-1.44082537997616
3.07806410151717,-0.123591297125784,1.1156386278461,1.15401118920784
-0.902523321290354,-0.266337955238604,-0.787988657936717,-0.043195914702268
1.31668058201771,-0.569916963062393,1.13738066008745,0.650877423724485
28.1763948428758,3.0829203474535,1.27417293755668,2.46375924230799
2.16734864387502,-1.07402654326238,-0.167604626069132,-1.56168582989467
-1.89814047514743,-0.312805760292967,-1.90523432861,0.169414346595208
1.11476038739882,0.0232793451535742,-0.925867472565786,-1.61670098000887
2.23412908672939,-0.511343354911927,-0.00435100069027048,-0.742482146282156
0.824489228519145,-1.05097102209046,-0.634050619870729,-0.911617612305577
-0.9916208300176,-1.22708028731844,-0.337922554667178,-0.0784026693846412
0.266895681133023,-0.265223966656958,-0.205148869238283,0.0234214730882568
1.49428018729212,0.0900678742563564,0.103692552146612,0.211368452726668
3.56910239268367,0.921400338581115,0.444100255436292,-0.660147996415756
1.92500443744875,0.0880625926184648,-0.851343682223969,-0.0783205096221506
1.76291233139129,-0.210357424467875,0.306038900462322,0.188032004142958
7.42439034633359,1.46047338261426,0.608446645392362,0.34892618096699
-1.3139893153487,-0.716682780799682,-0.771521380981598,-1.05714499437093
3.14574197970408,0.50966896737699,0.0760755763648925,-0.0451272911082753
0.0360284197283169,-0.419586885263429,-0.104160725946871,-1.14849962542329
6.11884828374514,0.7670712244961,-0.528576890791883,1.23523246136208
1.79924253714006,0.0788788491640425,-0.434695392373231,0.487919344255862
5.51721357982626,0.286958668628904,0.811920265297916,0.855506396031514
-4.31021602938452,-0.977805978976933,-1.75324195120564,-0.632506153650466
4.02521648356316,0.273787458939616,0.872223381387416,-0.366334863126623
9.49719930698223,1.29800477109677,1.18049205694941,0.498965702870553
2.54783107275533,0.104300361258316,0.98722680622991,-0.366957360072732
10.0037580587874,1.87238354255042,0.202323284146074,0.736371121920778
0.204943542696837,-0.31136486159249,-0.488531683292014,-0.252268806954514
0.207112092294609,-1.03246845613595,0.151226762634842,-0.100552012888909
-2.53592645802021,-0.753313240766305,-1.59108274204197,-1.22749891706217
-2.25714566442611,-2.66246861814324,-0.457793517634221,-0.672046735172631
-2.02610807135646,-1.52786406607688,-1.15107312313854,-0.805220922821743
-1.9431066939349,-1.73590150524794,-1.50108559296185,-1.69571068219329
1.03558495382177,-0.0968692858530793,-0.500208655499657,-0.0731388188293078
5.94306804550633,0.555220446116268,-0.160639264699396,1.42906355476487
3.57518440896668,0.198481976890951,0.617072599594983,0.190251240521068
1.92318965794913,-0.885904105317257,-0.729151789230389,-0.80477691727051
10.1131984064673,1.97725100420201,0.623896008299225,0.351501205273453
2.47462524904761,-0.0532259040182086,0.0477858223169267,0.368644168019165
3.42057760300012,1.66663790474161,-0.638976463815207,-0.386526222443326
2.87660446877575,-0.0394421843674105,0.573061964391525,1.26186046286295
2.81258675350631,-0.953218824691773,0.881132936675334,-0.668042279390989
0.724440051345357,-0.186950455037489,-0.487579529463233,-0.684844545814887
1.20595385418917,0.104703603266308,-0.365291723892135,-0.34402062069823
16.6686145620259,1.74901726827026,1.41268965033428,2.31942560712508
2.22125217303128,-0.17834560410027,0.815393089090512,0.404667827930179
-3.04884793112566,-1.57841187562316,0.786443673443866,-0.208691133886454
7.04339390488602,0.753682348152144,0.963366355617085,0.329669082486455
3.02618771571467,-0.186082379421928,-0.6738370377251,-0.754480906092677
6.31580722685984,1.58599289753845,0.126552244924433,0.317344609230795
6.76785017702352,0.954561822509924,-0.0683623986390223,0.799588780204356
2.29435532129063,-0.829714322089929,0.487706197869074,-0.377434650437379
8.38296728668228,0.859668626549597,1.20698445867764,1.37635991779149
7.29745510976175,0.882174987780136,0.332359963266926,0.211546014971556
0.564498646200235,-0.0045390745464024,-0.54869732473105,-0.712299970819579
6.32507062827786,0.927588669524701,0.165824714459392,0.292152440645994
3.67838906535769,0.920360622224958,-0.31484428772973,-0.573281850931451
0.22911325878426,-0.965090766768876,-1.61168138592617,-2.41693428339539
-0.0266228428408603,-0.307237665889093,-0.700666888110171,-0.383380419661165
9.13573047286013,1.31178281568291,1.3465288107552,1.41611383108846
2.94883536392253,-0.258979605044781,-0.118903761009227,-0.681833681132936
20.0916643522012,2.55861141385041,0.662204106444985,1.7959464509759
-1.47892982855796,-1.74864520852981,0.278214244736459,-0.26321503531406
-1.34046014320963,-1.33778768786079,-0.981987238804803,-0.973871985804974
-1.82366595390978,-0.854828499051458,-1.42216293971344,-0.655300132960542
1.00958219673141,-0.67539616397173,-0.00799081988638439,-0.90796195017073
0.105965185126706,-0.408531492484919,1.37405039580633,1.67688246155439
1.74737265145262,-0.709837061304481,-0.381735476124314,-1.11299762940279
0.664690520067091,-0.33599438789822,-0.562192521552143,-0.812254147670737
1.16905403346782,-1.15643613889764,0.340622445146153,-0.817937663850688
2.5502121941148,-0.0705119424597746,0.109326131846168,-0.746675171652853
0.0544957657379472,-0.262144207024006,-0.0301547442166857,1.44935891399454
0.363100764048889,-1.36276837869081,0.786617421023761,0.00310330300964506
3.53908129887881,-0.024829120122974,0.883251872718696,1.25643839104263
3.24823378221351,-0.37995638894653,0.165047296452841,-0.594129818443284
5.94297389881081,0.209032606597106,2.40242604489974,1.60687193613762
2.04051935356384,-0.411340815559753,-0.174332835596519,-0.0759708505268069
0.63749257800936,-0.645257833548814,-0.296756941105175,-0.316994633717275
3.05665237026566,0.145057373208803,0.565634912102917,1.03240590976438
2.36807190828095,0.342517260780014,-0.269445626306851,0.864453730602149
10.0413469083406,1.37797700635587,1.30653656152573,0.587573444552779
5.96821592601212,0.641854966806131,0.83821250670897,-0.835854769734088
11.6311721658103,1.70885300254789,0.267777808231097,1.26707881548272
4.71484576448802,0.242056869606713,0.935233679467092,1.84109537528184
3.90993715471277,0.34607333169034,0.163332423694255,1.05689346332133
0.253682996122671,-2.43932226470803,-0.448562196145872,-0.935457746587902
1.89732076312178,0.283062287681395,-1.24031335886572,0.0361296133389865
6.17514960770959,1.75073686228506,-0.583352328630105,-0.218263382179043
1.72308153647851,0.220652869109046,-0.876493988305136,0.000116723723530776
2.42415674546322,0.105320320073204,-0.257600033932757,-0.26041483397262
1.78729185074949,-0.0453802099230078,-0.272261583196956,-1.08356251770048
2.7787066557085,0.091627907614461,0.364264671941938,0.346499477462341
2.13590094513769,0.643400768308088,-0.177755696237931,0.107238434284069
0.0742497694377965,0.979586268242178,-1.7077225794107,-0.739991160483121
5.6996641961607,0.281742574967692,0.546738877687962,0.665523158771709
3.64173339035928,0.130131886119678,0.884877710092572,0.95842255676411
11.969593968467,1.27769027506909,1.18841399135294,1.64578512266732
22.8913600363944,2.64781570160141,1.18616633230154,2.2246203575505
2.16502188968605,0.138835073558865,0.512672167566721,1.91846625925671
4.83130640840713,0.534935617019971,0.248161840455835,0.93007230874717
0.362065576930443,-0.930639393976001,0.699778255349735,0.347667651571396
7.0316503919225,0.628933736163151,1.01354754610243,1.13375980967161
-0.0562180694569754,-1.27897242952511,-0.330962066488631,-1.13951208653384
-1.21118649333382,-0.853191313823528,-2.45089844449546,-2.3102315364737
4.40053200618676,0.0744611395822518,1.81976355225238,0.639712186003051
2.65063772190629,-1.06213960143679,0.587700943993971,-1.22406528871496
2.76015940437804,-0.760980995775103,0.679044422801047,-0.364080602223726
4.81125939717803,0.832372091735271,0.33539622342475,-0.44252745432663
6.61366573788805,0.997729104267636,-0.423011591147077,0.240197013716889
-1.60711211072111,-1.07038529727829,0.541612323302686,0.268013967904879
3.95697190354758,0.106016936600004,0.458154431916487,0.754343382774251
-1.42693340620315,-0.800904637887365,0.340251719632881,0.978037746723033
2.15463868955466,-0.0138037036589297,0.657146533462787,0.228882109052433
1.81643591592036,0.0347448118662046,-0.129628460604394,-0.660829596630506
8.08874002637464,1.26952186360401,0.611047688291745,-0.129187426532337
-0.504995463396277,0.25702645146512,-1.52934223123024,-0.511810156031845
2.74322872169556,0.382367317397278,0.257756350047267,-0.737053330701304
5.20642532116676,0.407893415153408,0.429132534923834,0.270380316338272
1.96131496909339,-0.207611396528199,0.603171035228035,0.504760712883631
0.688181684722993,-0.435743122229609,-0.912985441703049,-1.68940650841333
2.87047410491142,0.0498461943280106,0.515589608206495,-1.42978260577819
5.54709699542531,-0.00290902599909471,0.695113106011402,-0.767863215677417
15.3261535966895,1.68047633777113,1.07012847030816,1.80172994608936
7.1420369872099,1.308125296275,0.439721125507778,0.743571244688493
-0.173174369250078,0.027559743302524,-0.0646704719308409,1.63214576275938
-0.200798397967877,-0.573970117573423,-0.0324982361015047,0.998226241898086
3.80430358343835,-0.19707700422301,0.987587798146926,0.455837130913182
10.8483617370188,1.28936765220686,0.744876302924916,1.51384858452102
14.4256899872465,2.08257889111096,1.32443310310279,0.789402122181684
1.07784107492661,0.82997733539918,-0.714453258274197,-0.91134343867248
11.0860946099845,0.818053868686047,1.81868010949528,1.57424287044219
6.13472601295766,0.624393775873909,0.345084913134341,0.835114712221085
3.55434153541261,-0.24849557068336,0.374197808415338,-1.35114602168179
7.10592340719947,0.650304891500407,1.28474174218186,0.385236127644733
1.60032353443682,0.12264899202581,0.0857116149164474,0.522994239683793
0.993297940813656,-0.128820768152648,-0.0626063909261351,-0.79147924146302
1.76031909087772,0.524652394212658,-0.969081485915555,-0.761558162963892
1.93858321389862,0.163025810554204,0.189329574709059,0.0222814263465095
10.2896341819603,1.54303857448434,0.77360222922961,0.471804223377989
-0.986440426604207,-1.37429831688721,1.23117096726479,0.689936149039857
17.3298692339419,2.14435554916478,1.91896362456983,1.52998031682332
2.66873565899859,1.30810726089299,-0.56184906895778,-1.13784160063631
4.18814992859168,0.266399232429097,0.423636496388201,1.37522975881564
18.4756095640372,1.78796675998261,0.995968295675252,2.46884118621381
10.5145528014156,1.85234243949118,0.305553526887453,0.602467342915957
9.75637432818108,0.992213371370475,0.896684368510834,1.34537474211526
2.77551801198399,-0.364213637509743,0.994367316097286,0.623925898547591
1.46407337908443,-0.03589466113144,-0.579332396545675,-0.951594459390193
7.71199721626761,2.62859449408781,0.423181363597203,-0.22200925066881
-5.19597329171623,-1.67430223919126,-0.826375928912759,0.828807948172794
15.6776175306848,2.06899914414395,1.26204771365498,1.09434356585343
6.48060556484859,0.645619145934108,1.02800584102833,0.372159600489212
0.894871470439634,-0.194902229254846,-0.7064822795043,-0.478467591593725
1.52442594863442,0.642253781635557,-0.236789684755709,-0.814217607229841
1.7694889966554,-0.106373581673027,-0.00764109369397974,-0.0132247785177657
5.20362001138212,-0.126855313631776,1.89850600832796,0.53789618212909
4.79931563464796,-0.287723581939858,1.46836462776547,-0.420916325051682
8.59485018210842,2.06096011047874,0.358288735276396,0.116539922495007
7.04367154138633,0.855406237371208,0.39907052403037,1.26997073046679
3.45314371580568,0.344913490115794,1.0612030058476,1.16044873647561
18.6593379186653,2.23380700396254,1.89880045008293,1.72144575569737
10.9286033459259,1.08459371068871,1.49410994902877,1.80398948887544
3.62436909241437,-0.102538985370924,0.180625887335376,0.99879684929719
2.25244322054732,-0.471193608792126,1.39151443143127,0.258375263799434
12.3351378148268,1.59129267362878,1.70655558242198,0.676637742636116
-2.59062065850161,-1.71334984574626,0.2849624365474,0.220631984591658
-3.03718029768469,-0.989115313732117,-0.1581106569892,-0.0344421884516575
2.74148118797773,0.436857163661193,-1.00560617260279,0.250337126744833
3.77138333117037,0.0865693526746425,0.138580082801582,0.997247513261175
12.626564345615,2.62903725364361,0.928702771421583,0.153583880999852
4.42760645974935,0.977456807469675,-0.0889887808815914,-0.325759175217662
7.41893676795425,0.352400706193925,0.963190633709065,0.985770392529525
0.206971822727138,-0.921787245889813,-0.607712705617352,-0.548313603130716
-0.66056612747113,-1.29427658868666,-1.12709919640286,-1.419070744801
10.2817696971958,0.934980680057877,1.20662492628188,1.33251318130875
10.6812084728956,0.829610209840713,1.43158401504969,1.40716174778303
1.29975739509874,-0.615268198388814,-0.0521741907268063,0.65409982279478
11.1054739059528,1.37277331733762,0.953130257770315,1.08190022474026
-1.7105985362301,-0.497205450558847,-0.657676308699614,-0.31817116823634
0.37096389615276,-1.81411316149702,-0.00889288755838212,-1.03837061695558
5.85845476756961,1.11232357107649,0.64917549269431,0.013059084648041
2.13098410829825,-0.315148096775822,-1.26697753167659,-1.46287511397512
6.23938887710534,0.435233396709465,0.847286792857345,1.77232770156919
4.95672763041748,0.40091755965228,0.291260948787194,0.421993463173329
0.175452601041303,-0.498574266647274,0.682937090854194,0.393473198810851
5.08413316972352,0.713723463691005,0.196162930460748,-0.122496251055936
2.66304883242167,0.969957549675739,-1.58136721514189,-0.468841310488864
1.22139435613129,-1.94421767069378,-1.56740141256509,-1.69618078351979
0.693163458411975,-1.18565973608067,-0.541943995979287,-0.663360658662805
4.13955427515349,0.576922720170344,-0.000101203087948906,0.254506285578647
1.68438262948769,-0.155853579892769,0.415270156322437,-0.389052963259743
4.89736370757034,0.44265462923921,0.55807524811075,0.194094643454674
-2.7473310289716,-2.52979560399316,-1.74077171297091,-1.17872315147025
17.6496867155158,1.88031821415918,1.88775597008729,2.01804539469397
2.27712862924839,0.247604449080522,-0.525332496753401,-0.0679042163645146
1.46772857505582,-0.795896495598671,-1.01629247128025,-0.845720900634698
7.20234784480132,0.141234537896497,0.934912477467347,1.71592113969199
6.40248197397549,1.04531269542973,0.946247106273375,-0.547279696994022
3.7782462916654,-2.65442641544886,-0.387088148244977,-2.01600033483339
2.13160508974129,0.239392478949645,-0.623409126641012,0.11879664592438
2.64116126163753,-2.11350365600873,-0.401241368158131,-1.50122970835058
13.4912560965622,1.90942552100991,0.536169243091901,0.8221199929651
4.196343706765,-0.285979467185431,0.584529290044041,-0.0826415107117999
1.76317940719142,0.921630979622338,-0.535210709356328,-1.64550245548694
-3.01245889744596,-1.07691737548029,0.216869283490402,0.410697867518467
0.596018553751713,-0.384557438432046,-0.383443821092367,-0.636336119298614
-0.742565440450423,-0.667036965896727,-0.117143533002351,-0.150407916856266
-0.354689194624554,-0.134857895152782,-1.48253726199067,0.0982155981217982
9.11239164382147,1.76485257566527,0.777179902220892,0.260770889563823
0.977555646096033,-0.990016655264301,-1.02002608620532,-1.54088072224533
3.90724677643609,0.233574617870622,0.750404560583876,1.10465427671805
0.152251095343028,-1.53631243465179,0.666441687543183,-0.545392090248767
5.16784345808974,0.908460987119775,0.341155761159849,0.708977737210833
0.747644398165871,-0.274650224070271,-0.579038154092994,-1.17091348448262
-2.41552534914139,-0.843770757490672,-0.577316256496995,0.0966967006582617
2.10392520746136,-0.038466912257362,0.693694451992706,2.02080882026494
0.896314877932955,-0.903732439202646,1.04306532349339,0.0135081351527859
-0.348300865320847,-0.333366926735604,-0.101910236911735,0.030353878404467
1.8255669679747,0.488761557709444,0.647960609348649,-0.37840406421955
-6.09450113186007,-1.8071388921686,0.148604256664681,0.597159910258128
2.05459569947502,-0.10215704218732,-0.417638243427261,-0.109251962993323
0.446808505194354,-0.831190297769386,-0.802423225282785,-0.478187591269868
2.34338993852111,-0.199748249761442,-0.332890614229437,-0.874197675456623
17.3767560359115,1.69622536128122,1.94271152440027,2.00592033479841
6.24739849703773,0.492722644098949,1.27603182012423,0.532194296192852
-1.72071911910889,-0.351864102548322,-1.88683652155916,-1.38225859245632
17.2985693755021,1.81913731544463,1.36578172571693,2.24972233617106
2.34970007916329,-0.0373220633977848,0.191156771133302,-0.110888485238354
7.99871996912032,0.914360745031141,1.43829881953453,0.780084935275892
-0.776461895497426,-1.17551543333992,-1.03724810311634,-0.0827035245076304
1.34873329583655,0.0188276651598522,-0.374207644313691,-0.360076668922837
1.74581280015118,0.0650996030604507,-0.288121223332269,-0.955564027773204
-0.0375047404415763,-0.808980518955701,0.901025538649253,0.846780561591375
2.61106851472594,-0.125298983926011,0.191954665962931,0.970167472480708
4.22985961732495,-3.16276468832732,-1.43990790364743,-1.86272970375192
7.83120449798152,1.29380997791587,-0.175526042135547,0.368733521482069
-3.02163623705615,-1.23194289383161,-0.628421433866341,-0.471493231353293
2.32451459712466,0.681347877489113,0.215165750898588,-0.140263841369926
0.834884404877427,-0.517518828847813,-0.447010754515511,-1.07051888934807
8.03000788140966,1.16548693547704,1.15679229718092,0.84326557950582
-1.51014797905112,-1.73895076498512,0.657572016708449,0.108736807525034
2.49344633360208,0.0413931446914878,-0.456601966742429,-0.362558208389037
-0.319900598912022,-0.929165755197412,-0.39811724805039,-0.619690482304117
4.98637164557231,0.596789517111976,0.0278902191720121,0.0958657127391546
1.19709110781907,-1.11958562500858,-0.418878062572587,-0.858887685982601
6.24490275789594,0.395061313837769,1.36097388807529,1.74692866022823
-0.207323723393048,-0.51424488142658,-0.983147617693566,-0.686878417838859
1.65606908266257,0.125934016794685,0.117268340380792,-0.272810573392681
0.297734006856385,-0.469962750369497,0.0813010937666717,-0.230989741620979
3.19182712030171,0.444486866659847,-0.714640166992837,-0.15716694811747
5.89681979431519,0.385981232008225,1.05939191554562,1.05103620004792
3.83464178977353,0.932219614225483,-0.339527854075757,-0.85137574479127
-2.51530992308458,-1.86434925146832,-0.54922715789669,-0.239768424271384
