Y,A,L,M
3.13277264797121,0,0.323414781892863,0.829898401090068
10.8352833667774,1,1.80771923634869,1.90255472140627
1.26364731271258,1,-1.75703233280341,-1.27697349775588
6.46807277462442,1,0.750221457132227,0.0227205309558985
0.337191132135082,0,-0.952864867554837,-1.88715894697873
3.29536355948319,0,0.0491801275932554,-0.327450332056844
1.38377875559158,0,-1.14938226843082,-0.305802441057425
11.5678336594069,1,1.32611128718643,2.12781977991376
3.9351066932727,0,1.73784608104177,0.818398704864272
2.2128478542887,1,-1.13456359127019,-0.448137566745824
1.24057106884242,0,0.229274816597004,1.14048701422386
6.63481476079546,0,1.37075212445391,1.35830955681283
6.34063859854552,1,0.554318105882539,0.389761200661784
3.24271729237112,0,0.495813215011171,1.47904127238821
4.62863572475106,1,-0.332829122157265,0.590903298012242
7.50795114807763,1,1.18201457388207,0.265609983150674
6.53725216143099,1,0.0323791556416149,0.881509617915648
1.34515514832441,0,0.0196288373534842,0.465113538891442
-0.205106336551779,0,-0.309384886059288,-0.545182166453309
-0.493580076670533,0,-0.522849394007776,-0.346860711986254
8.46496628941338,1,0.99423948656958,0.855958914403117
3.14551501564042,1,-1.08009363152488,-0.320604935607728
1.46940817310688,0,-1.20524692651735,-0.51175270708702
6.11793841335889,1,0.408906386091636,1.1804465291966
-0.370782875378536,0,-0.792620470111019,0.200688260889169
5.40293180806229,1,0.0178361071062236,0.0404411079811223
10.2486774263299,1,1.77521298874975,1.64695356470156
8.57656481312245,1,-0.0700307621427276,0.542822764751052
7.07356403619336,1,0.513934434552363,1.13997550332751
0.46599347872357,0,-0.69193804040194,-0.0671909826184755
7.54657183125728,1,-0.457331499679753,1.94547408760628
0.1582782864389,0,-0.804859395989622,-0.567379181867813
3.73856931105998,0,1.12147950379827,0.526085649390566
5.01194468400905,1,0.0361298114462082,0.254164490028074
5.89004566841029,1,-0.0082458828687992,0.235603227120976
8.4547961899255,1,-0.103085381604228,1.4487457372265
0.770201981457159,0,0.375116883932031,0.177692131271769
0.885241123326439,0,-0.795464234174526,-1.19471570456632
1.20894180644033,0,-1.16328061175932,0.0929426686766118
6.22972593236374,1,0.449555083999397,0.204017943293092
6.96474401549467,1,0.414694622389002,0.813568353930191
6.65683594489991,1,0.50462881651811,0.301776018905446
1.44186939174054,0,-1.00643248406086,-0.476011610924377
3.07213542781153,0,-0.946311892826235,0.160741403113837
-0.954828665516205,1,-1.50018243329968,-1.23385187278525
8.38771843879159,1,0.446456215667151,0.312342899246911
11.9297639826685,1,1.14455311514787,2.03478863124556
10.8882653909999,1,1.78185538817726,2.08844541784796
7.6168732966252,1,0.749959055610746,0.0780657568665473
5.00669732901793,1,0.395430338896404,0.10782672330961
4.67911458343615,1,-0.820898696128756,0.652569249414176
-0.160410295636442,0,-1.70186679988764,-1.15247849412812
9.22174422528303,1,-0.497813779112049,1.39122361868557
1.98332836225859,0,0.62724323559933,0.313016919337029
6.59657448712282,1,0.327098378992932,0.240686280256651
14.3236941770138,1,2.14903380413158,2.8792138345745
1.18544283685378,0,-0.325577364990253,-0.108262320663328
4.02408330244776,1,-0.766568057053327,0.313160936198637
5.96112690948633,1,0.0832310355423081,0.766000577716504
-1.6537409004145,0,-2.01666651221536,-1.76449354242893
7.29155047218624,1,0.716342633031254,0.263966043684701
8.92716208895189,1,0.291809631206214,1.90578940687001
3.34489953218493,0,1.29190378168765,0.128955536961607
7.19435356757819,1,1.10745871946613,0.781219085304238
13.0562269980509,1,0.652771919906675,2.6023319919245
4.358669045402,0,0.706705074792965,0.596796883833416
-0.431451385055788,0,-0.135885979183233,-0.0961398747430726
3.91955709493315,1,-0.0825293826717399,-0.438801550309808
4.65093171293212,0,0.713996288512572,0.59358837085686
5.30785609851557,1,-0.394460258736213,0.144910564283718
2.14648412138297,0,0.20481215112037,0.36707667572189
8.35650191548888,1,0.922756106610867,1.39461678336522
5.9755249828326,1,0.132238858320314,1.13254442337469
0.323822953348677,0,0.299037826037141,0.192061198818506
-1.47405958581145,1,-1.48055465419741,-1.53930877647834
4.98158666043443,1,-0.0308610514260425,-0.138316988533745
2.38837048394403,0,0.613090302707659,-0.348297382430895
8.92449939930313,1,0.0155317112624149,1.51584622032926
7.19600885659882,1,0.402154528637505,1.16692360824901
2.08519191901912,0,-0.0833176573933007,-0.981173292412747
4.95854986941978,1,0.108180592384872,-0.159792660755387
10.9794921029624,1,1.62370816873723,1.41056698110804
5.90500760908846,1,0.856429895475758,0.370493736517092
1.26426162207927,1,-1.34788957522759,-0.382497146627456
12.2249596069385,1,1.54862448986686,2.47629147675427
0.988473681588309,1,-2.01871524636809,-0.289284294624292
10.4142790526966,1,1.21283840893585,1.74537271884459
4.74319396875771,1,-0.415011074459911,0.242959177622424
2.37990131674043,1,-2.19274616465153,0.584431559613132
3.11021603490523,0,0.928944617964773,0.803022282572674
4.62987271946011,1,0.0813725448685895,-0.236668359956072
0.678849591386338,1,-1.90772984377037,-0.759904397793443
4.73118638094048,0,0.485571391459083,0.543287485867016
-1.4991919954732,0,-1.0557484658303,-0.28713850811832
0.824459338189892,0,-0.319586558044174,-1.4487637335177
9.21352813952072,1,0.670982400418945,1.31995406643656
2.77295961918646,0,0.176987685863285,0.164937105116711
-0.431312223268765,0,-1.13789099433489,-0.686098124698898
0.928863780131399,0,-1.30912468051103,-1.71522699451717
13.1051153795144,1,1.0902045492101,1.89419240042938
2.18815146750742,0,-0.320547653210756,-0.244917542293401
9.8538766532059,1,1.25790385628715,1.50310297776128
7.87516763977993,0,2.27399912749713,1.61603776463779
2.94692729773669,0,0.29727929012508,0.193058395645318
0.544364290471994,0,-1.13941464896178,-1.42795345724625
1.77207618572408,0,-0.128817845758867,0.353027247400675
0.861660773371688,0,-1.27533888163461,-0.14759147338461
3.34850791090192,0,0.518399819929575,0.818121962869281
1.0295212927876,0,-1.95421105398305,-2.17057785966235
2.90246362186799,0,-0.661019937321408,-0.227688998030934
1.30412296995299,0,-0.910513062051469,-0.414222902042414
4.00223394189334,1,0.0547909498706512,-0.807098621391605
14.230091747602,1,2.18868609069807,2.62816529169731
6.45295183954203,1,0.093267670747383,0.750728675599878
8.1126600478902,1,0.642234126981554,0.33711467751795
-1.51463456546704,0,-2.23977758683333,-0.348926817998775
-1.04569172082673,0,-1.28907879131647,-0.496327504700601
0.595697172256629,0,-0.651743108791401,0.406801571423978
5.67107074357161,1,-0.1405917621278,0.719238313651323
0.184545783875791,0,-1.08801634807842,-0.0605075945651332
7.4500918726661,1,0.173106030259326,1.12991174063531
2.48237018900063,0,0.505384670760096,-0.0521007534047554
3.98409100478689,1,0.226669028755862,0.0745940793324591
2.8573901018298,0,0.233872852705904,0.314833149692317
2.89921997112396,0,0.365686153522418,0.508678199960518
3.53586702540707,1,-1.12148964219095,-0.798588049494053
2.76025014901466,1,-0.706117237111677,-0.240912238833033
6.58432795439054,1,0.452167688632579,-0.00795813185802841
8.8759551381911,1,2.09695347649312,1.2264168841818
7.48723248749877,1,0.642667175576476,0.918189579690841
3.32007293469931,0,0.586540880419493,1.34015272137695
4.84734234349132,1,-0.36764730301709,-0.026563366120243
4.01095591517632,1,-1.85161953545773,0.681862634058994
0.269663670057325,0,-1.28411397946866,-2.62499784244505
0.811912146949286,0,-1.28338412342856,-1.46382952322408
8.95596502686315,1,0.0362430853038399,1.763499895663
-0.28705157256616,0,-1.36009631568286,-0.478998193963023
3.08342627477164,0,0.947299988637665,0.409482692235533
11.4464694406689,1,2.35348126469872,1.4206143429525
4.14330857631377,0,-0.0430549543795942,0.109562365900336
2.91910717436054,0,-0.278976652508626,-0.824202847009804
6.57593083333018,1,0.250163630567322,0.872895332219833
2.12135181669988,0,0.301973070272276,-0.719187847010295
7.97158383497989,1,0.183851165919405,1.1367770104792
11.0858695460309,1,1.74475028846741,2.31100909814124
2.06437840237241,0,-0.696469602272831,-0.138801882690349
6.92197398196556,1,-0.251743538693119,1.16389451701016
-0.706427782422858,0,0.176044276715017,0.708973375830283
2.15198739081096,0,0.0158923624029594,-0.899286577394736
4.95707167630518,1,-0.252012795817119,0.223608828824839
7.8684532931186,1,0.330982155086267,0.483342296329844
9.22305028356451,1,0.582996116680887,1.82303272099706
6.88952728099014,1,1.03092030892742,0.825435031657942
2.6336659002247,0,0.847076102977722,0.884952252537005
3.28462600148106,0,0.536993885676496,-0.273860043802509
3.79296031547626,1,-0.340976288207682,-0.0868394458034198
2.3804257831212,0,-0.668074009536541,0.165933802339211
3.96907531881841,1,0.024662800315205,-0.422768986189681
-1.11525535260377,0,-2.53054983233056,-1.58584542547243
1.09923930092026,0,-1.16042191012453,-0.929670697027869
1.98058482907154,0,0.20509094943771,-0.911363454835437
2.36501950799607,0,-0.975773866473589,-0.087916505501255
2.9565128585187,0,0.222883023794232,1.01170423231819
0.326652405153692,0,-1.88995509128689,-0.709953350225684
-0.251431472384331,0,-0.479451156955084,-0.350062805998092
2.23548509218776,0,0.106203863384668,0.735302727109499
3.38295341200217,1,0.0780821635444773,-1.04168978850189
13.5215061114549,1,3.19713006579828,1.33039918777495
2.28137717185964,0,-0.0916402574632316,-1.27377015083749
9.72787674059854,1,0.911006868413315,1.08068776467724
10.9379639870003,1,0.702931311381017,2.00625319308419
6.43296716796957,1,0.573315108742427,0.22481330161613
-1.77966194361269,0,-2.52135562047602,-0.326593456704387
9.56057557222824,1,1.12571564281304,1.11807763292226
1.46808372979159,0,-1.11664318253029,-1.64505495264006
0.201432892480189,0,-0.595133083750893,-1.2071208527417
3.11700313883524,0,-0.171888852645523,0.430235146598295
8.99583210669891,1,0.554115482090476,0.418698747239912
4.29313171396984,1,0.5770773650021,-0.162160458537037
4.28626930612638,0,0.0774470429398915,0.64812539896293
2.98434829925007,0,0.363581114523215,-0.0953080060549558
3.54531673764525,0,0.304143184063517,0.294957125523298
1.09643871093329,0,-0.112220247873365,0.890707520656301
1.5417532537719,0,-0.408220511550839,-0.468970783897411
1.89510156807296,1,-0.950623416376769,-0.395901008502105
8.94723576960966,1,0.767262141982076,0.891717685749701
2.66656198621108,0,1.12707289176253,1.21436407819445
7.24354703553993,0,2.37966901361928,0.497324116670729
1.55121719383807,1,-2.06263765296381,-0.329017676181651
1.03276731753569,0,-0.4683080655318,-0.743858540164175
7.79346905924516,1,0.494335005215769,0.956997822115484
4.21208853610975,0,0.952953355267313,-0.248095858757467
4.99004266843551,0,1.37843170215523,1.48774419797279
8.26909657052518,1,1.0176821632762,1.5168374119804
3.9664776378924,0,0.618669752875512,1.52709463983853
1.76494669757998,0,0.08824192669417,-0.445031685619665
7.70142758098331,1,-0.240835822021512,1.19022542938474
4.22206687338399,1,-0.58464533851071,-0.726829868176295
1.86540041763548,0,-0.496649019624468,-0.929603465342847
5.42817105392822,1,0.274832541974685,1.05634239263816
4.87241922434341,1,-0.183351532828537,0.24950929728469
-1.43774786004454,0,-1.2968887008087,-0.0233505239412163
5.44862868327176,1,0.176276911224925,0.216285146036345
2.75422051038295,0,0.56824335331036,1.01202594420974
2.52824168303752,1,-0.816724641201607,-0.356055962111827
3.88974953449986,1,-0.413481477137473,-0.284293005304281
9.14265515254168,1,1.01916075534261,0.902823466798498
5.67528840418095,1,-0.100194267334373,0.155820566108731
1.94091339081781,0,-0.0498372489801156,-0.228556976405818
1.99912673871045,0,-1.00961428008568,-0.561791408751956
0.576087543728643,0,-0.797433306884553,-1.07346306733165
0.4764298037047,0,-0.0144718681586054,-0.886250598841856
4.06101014288176,1,-0.0344574446963157,0.0271633665514245
11.7894686682673,1,1.97350968288606,2.27984607562756
9.20148497354596,1,0.907071658520106,0.903651531293323
10.2960194920336,1,1.35152915822629,1.62432660086481
2.53714675695808,0,-0.320216988449354,0.212337184850706
2.31883566176054,1,-1.02301789260718,-0.629300282854534
5.71586425982853,1,-1.05596349442455,0.635045866024918
0.762814776695171,0,-1.92960167564576,-1.57304670734442
7.23185405627965,1,0.570498692925826,0.717198883893817
8.73573013254916,1,1.39639034215835,0.643264705175159
7.66898212039868,1,0.7752831704591,0.408530196953233
7.6202895386845,1,1.13761912783418,1.05607086349936
0.461128850504978,0,-0.785590251106588,-0.621119294374927
6.56242433071168,1,0.0987838026633353,0.852791105518154
8.1872783565741,1,0.379095191876506,1.24705259896038
4.23156299935389,0,0.85845991613654,-0.208709150834683
3.70138437579313,1,-1.40628921531943,-0.245787669525752
1.11034225763292,0,-0.433736935608574,0.223239591906561
5.00368882843483,1,-0.51719715017101,-0.57304390412131
0.302740179626909,0,-1.26282204998202,-1.33994593467001
-0.0559879856692989,0,-0.539276339871196,-1.55174552356274
0.435225913344088,0,-1.11805980849239,-1.06678871250291
8.82946460373433,1,0.394938381425029,1.95013476048659
1.55331632632101,0,-1.2952534530152,-1.10505905429031
4.64935848197471,1,-0.79815336777945,0.085873943961451
2.65819854612201,0,-1.32038450947713,-0.865080323420116
4.39420209059105,1,-0.551808109032265,0.197654100024116
4.40661955270808,1,-0.210185396596845,0.0940239230926754
3.44731654863267,0,1.14608210112878,0.289542860031155
-0.366489381950109,0,-0.013341211076187,0.0215350450822841
0.361878935959763,0,-1.31487134112366,-0.377134534783998
7.4249042557414,1,0.85330372693828,0.235993763480761
6.79687856485484,1,-0.853157533176589,1.53756142345969
3.16782783932882,0,0.0376017206586857,-0.18405562837201
3.06510391409971,0,-0.526245399468411,-1.29236322320144
11.2082031880265,1,3.06507684200251,1.39838486583274
9.69490826826616,1,1.42498278896013,1.57633285950035
-1.0159782574969,0,-1.38818994456423,-1.47898448251532
1.01118853100524,0,-1.04526835774045,-1.13672449676031
7.18445473307273,1,0.285039883992677,1.11252175526886
1.27094422746362,0,-0.106227676494183,0.616458678562748
6.96335407580984,1,-0.00346528080980126,1.29894420398271
9.35176757298287,1,0.820232931708327,0.935031063758277
3.09276543197472,0,0.556097988510221,-0.594707945763282
2.53849611015642,1,-0.899855245773876,-0.0736447264147706
9.47065939859287,1,1.09076190227838,0.929507101922406
2.93650502397899,0,0.416249569231228,0.531947094154074
-1.17711119353614,0,-1.19757426082714,0.293884523177259
1.58580113777434,0,-0.459189574152556,-0.377192881459407
10.8579259463762,1,2.01925275833868,0.568023790726009
4.16871985290249,1,-0.310679674626014,0.0760443771202066
7.23142584659206,1,1.19798716000898,0.849493451596769
7.58748892634203,1,0.673854395477894,0.921044029274082
-2.22570790448211,0,-2.70432031252209,-2.44991985422948
-1.81955000898296,0,-2.1014122160334,-0.760409938431043
1.63425017494654,0,-0.0946492754134512,0.540053409330524
3.53324785141813,0,1.23663211709755,1.51487751937534
7.53227910465536,1,1.39966250361414,1.02868602761774
-0.52630342266338,0,-1.26022047567269,-1.08009528317744
3.51724636688104,0,0.808561847450658,0.301401953095567
0.765988542868443,0,-1.32221363668504,-1.99511919319943
7.12886733289825,1,0.690363031594093,1.78972742312562
2.23016893508815,1,-1.02098975345422,0.314370948818674
4.59825887763717,1,-0.224750746639095,0.59603424317593
9.34665267381413,1,1.32833109013974,1.47686774617242
1.33836208689316,0,-0.68774895474198,-1.20029393167561
4.5818364260643,1,0.785945851468611,-0.781213880354638
1.54557197350683,0,-1.19048968275089,-0.494586121584355
6.27580808542522,1,-0.675975539905633,0.0915684852187804
-1.67213279908821,0,-1.52502315438066,-0.42718394456886
0.436295505106289,0,-1.81250005964222,-1.40354262848243
6.55947924700194,1,0.442909996454351,0.938284740466454
10.7470321653387,1,1.02485536216459,1.35895601019587
1.39739286177843,0,-0.283375113111275,0.196262663664402
11.4774065432404,1,1.51744393218656,1.65902164702704
9.3541227678382,1,1.49818829278644,0.919189156024675
2.180024012118,0,0.803894077660731,0.876294100736668
9.54795018577572,1,1.41602591443582,0.62052777912045
6.71538727309588,1,0.21618770371029,0.967882983539481
5.24517390103867,1,0.479955850843906,0.168915355199737
-0.56868683063171,0,-1.22946728289633,-0.472686997421775
3.74499681214601,0,1.36980488089564,1.20624945974251
3.85833374801297,0,1.33047678169172,1.44983672452184
0.649696956090167,0,-0.689056143568425,0.798444627897983
3.84788413716743,1,-0.701595127125848,-0.425837722642623
3.96261691460025,0,1.78765518760739,0.128216098600423
5.57153661252174,1,-0.110444352537197,0.800589345431481
2.0656156459872,0,1.02487328505259,1.04746916793088
5.76370659337013,1,0.531173013132677,1.47962850580252
3.43679757938021,0,1.06389213738038,0.124912398126234
5.61644411959077,1,0.457076438293102,-0.684538857039388
0.794899022594635,0,-0.694532541717405,-1.78382943873298
0.859754341408713,0,-1.14690664038396,-1.56176560580987
2.85415299880919,1,-0.870477890373701,-0.269664024630786
-0.300474859193585,0,-1.09203562186683,-0.380442053802955
-0.352282454835065,1,-1.42360277574082,-0.549922947880038
1.04601096472996,0,-0.193447772605417,0.480437963986746
6.17301906656185,1,0.629421825831935,0.163320291014707
4.85132339419327,1,-0.582181538032433,0.334349371319792
5.33198791653695,0,2.58229339424239,0.114935260157065
4.43121908870082,0,1.15733828946605,0.605548960336002
8.21848255320147,1,0.881455653085459,0.85069279981707
4.67547302620655,1,0.0963596303204147,0.105664330759346
9.44495441697232,1,1.52122199500641,1.08864629540383
6.99449956047435,1,-0.327982905645605,1.36814826287925
9.64611691602983,1,1.01903474205062,1.3668985067831
2.8258588058892,0,0.683920324291115,-0.864111694949771
5.3404015962296,0,0.871264783077269,1.5546160721249
1.70842699476671,0,0.387518701559455,-0.254416201667269
2.25085831746243,0,0.127524468187113,0.558644666630197
7.47163819800178,1,0.477834092115674,0.808475517883562
4.06309024121142,0,0.350415204941028,0.735216175732865
5.57235962767227,1,0.173091004464342,0.415896401069223
0.141076028986323,0,-1.10930986056331,-0.669535800384796
-1.66058820315268,0,-1.19670218322395,-1.44438401343915
1.02909965110052,0,-0.0461736796768353,-0.0813761243898865
2.63934028388393,0,0.54873088034761,0.472394130348889
2.15045955017811,0,-0.0390706657087205,-0.213842809972771
1.1020207708191,0,-1.47858907999726,0.207794685918782
-1.21339769345326,0,-1.52651020898385,-1.15544620261217
9.13348598060715,1,0.362828562769975,1.64559801635602
0.325364052809567,0,-1.08886571972497,-0.820725587391334
0.0337091779353969,0,-0.810507487978883,0.210353556233452
8.01695539611766,1,0.290010949818478,1.01760594191554
3.38120447926773,1,-1.13014284689958,-0.522633244804668
1.23125190082307,0,-1.57631459348968,-1.96830005069493
3.32153584076697,1,-0.110698930203364,0.155880224285322
1.16810030910887,0,-1.15576723170925,-0.231554908576605
2.04759869880346,1,-0.562801112175945,-0.936291709382676
5.24762925197671,1,-0.355315593059258,0.308237975431687
10.4345094527556,1,1.31379925950416,1.88274303543811
1.74788395856278,0,0.0973801144305451,-0.369444303141968
1.40740434945054,0,-0.372987977453349,-0.632450402265264
4.81529083375241,1,-0.588175632213758,0.297633643793423
5.50395227559611,1,0.039247258028544,0.523952868612066
8.9302472518707,1,0.522271587018523,0.736805325281933
-1.21098089587211,0,-1.93472758883482,-1.81078379190323
1.99166471280883,0,-0.463857683724864,1.59097147677825
5.21683820479273,1,0.230700709832338,0.131067288696452
10.4170752049853,1,2.34950109221944,1.52068308628195
4.08375507778422,1,-0.415153062189561,-0.328289501578757
4.59510499450204,1,-0.294944932223834,0.35041413843554
5.33197220997803,1,1.56910415955625,-0.792870526927997
3.02412409342618,0,0.986796524674707,0.898469354078759
9.07280979963966,1,1.20531381086706,0.686375753106926
0.801007795291834,0,-0.864641217031467,-1.87148528913311
0.310484232438228,0,-0.927378730234891,-0.301424607712888
6.7856588584486,1,1.35296948248132,0.520512409884693
5.62869810107595,1,0.383931741990057,0.650426429391732
2.97340587329136,0,0.236551455515481,-0.075092141835439
6.58812680711144,1,0.231649839818708,0.762021720627101
0.613960646926569,0,0.314879905852752,-0.706874305649803
2.49577817655649,0,0.363551375758955,0.0955667366704766
1.0938395490402,0,0.145809296937254,0.660936136602677
10.7166369161165,1,2.3177319570496,1.23843004646043
2.13268417306638,0,0.237234355052826,0.866414575130702
8.05941941240963,1,0.805429118233805,0.201966117035897
-1.89206300432377,0,-1.92296261295502,-1.641212011581
2.06628174429505,0,-0.412618059607251,-0.0322281718997735
5.99824803521129,1,0.507480144173877,0.588151235328552
4.04266617244621,1,1.01412989976071,-0.532511590590175
10.4175738157722,1,1.31038633402912,0.578970015812424
-1.35547721548632,0,0.0293394583529018,-0.283552302835588
-1.34856488507101,0,-1.39867196658874,-0.866353827591398
0.546035032516437,0,0.25492060214015,1.8804678271354
11.9362051016631,1,1.47676220963236,1.85923424710801
0.682436892424262,0,0.286548117452338,1.38834537739475
8.91700343168191,1,0.660111862508613,1.61945298562898
8.42270992366026,1,0.680359533303602,0.843356417094177
6.48982901761399,1,-0.537413129119358,1.05678682245962
2.53903203206275,1,-0.771830561578352,-0.585842796705793
2.69292812066389,0,0.270960067061444,0.603707638068665
2.86385015483925,0,-0.282351744561671,0.225342891706218
5.59673056294646,1,0.703063763799571,0.446352616266388
1.10241559272506,1,-1.24754894252581,0.130095493487899
13.5668932657327,1,3.14646834295381,2.08731176622893
8.84658709953832,1,0.912731720674606,0.977264182087186
3.11953564617654,1,-0.49536625686445,0.0162560072924346
6.23443015747498,1,0.758430245823007,0.952120156551573
4.00710730459964,0,0.463112793370916,0.0327892116236427
7.13239078144272,1,0.690725472051754,0.526645262705644
11.7384064105798,1,1.04608312645652,1.77504013454356
-2.03608310916341,0,-2.43602909365817,-0.832563085686548
4.29911289590552,1,-0.894462398330487,0.924549199113119
7.5611082466277,1,0.772282251863153,1.36430098584499
4.22656370741922,1,0.211102848748579,-0.431900248375192
11.4964507954312,1,1.74550846597342,2.36768858844327
3.42145360481376,1,-0.449096872352799,-0.382806530400135
2.14344051272692,0,-0.00533878990140148,-0.243358621708786
3.27808826320789,0,1.22108023307846,1.42131966640561
-0.255328131804755,0,-0.193106468541964,0.729742092777733
10.0556815806484,1,1.40826386257397,1.16660136756397
0.71918216236964,0,-0.640941299145198,-0.401120553081874
2.68405626798322,1,-0.701225120905567,-1.22194262026693
10.8997373537569,1,1.03285128151374,1.98085767584952
4.79936955614914,1,-0.599676668572915,0.801738912366328
-0.830623807628284,0,-0.898067720108245,-1.12475475926561
2.83100304004722,0,-0.295673874928293,1.42716043445296
-0.0938543207978956,0,-1.81441650721942,0.317188946892556
7.93332813734831,1,0.98937444617057,0.169582065611571
10.428001514498,1,1.08070109752907,1.47596897499553
0.191907970351312,0,-0.996025340321353,-2.04453933215484
3.98858935545524,0,0.339402009544565,0.18709057879099
4.78919799544264,1,-0.840322844267658,-0.0522438897605578
5.40738628411751,0,2.02099328898947,1.92705031098881
3.58768875526836,1,-1.30263554550128,0.112717609578728
2.56146821966701,0,0.273383112139998,-1.26272882529253
3.1569414509473,1,-1.06355519577833,0.506284922489239
6.58780849626572,1,0.0625556226674215,0.316931045909385
5.07054210720808,1,-0.529239321165888,0.598803185131162
4.62638134685231,1,0.848250499355582,-0.871852973318919
2.57279082226923,0,0.545869560538508,0.134230333216407
3.26774272007586,0,0.900705337205147,1.66864795623708
0.821445489431527,0,-0.221094173169807,-0.75377162472286
11.4382322812154,1,2.66545386492755,1.14852832013524
11.2948845038809,1,1.3631265385054,2.02777212148392
-0.603408566109788,0,-0.844452676647486,-0.668707338686759
8.51655629895926,1,0.941485852610309,1.1354666294306
7.65827482656733,1,-0.0321420926554119,1.11163288426595
3.48073379864476,0,1.10326690788139,0.417068305450877
3.91935724898041,0,0.858886722915898,1.73694455191246
1.61093612349446,0,-0.457982163129125,0.218332748416007
4.51396314250327,1,0.661195797190445,0.158708404068719
0.926034993806105,0,-0.690876188521455,-0.558649314802298
1.06158921574471,0,0.10627279801059,-0.517671793153928
-0.413116570618435,0,-1.28489927400134,-0.51676865420531
1.09250379222163,0,0.312318409146951,0.0885558468012305
4.85711937824089,1,-0.675872568942908,-0.64317337354902
1.46754626847625,0,0.169463809649879,-0.350103017515886
9.08638668878156,1,0.608616374834973,2.23046881386544
8.40153503879611,1,0.380388617493012,1.26572739130672
-1.00184237686105,0,-1.10283695957552,-0.210486085345854
16.295895594814,1,2.84386750318672,3.66897901217572
11.0844072033928,1,1.29182468134139,1.00173402330485
3.6120823249805,1,-1.35924467512472,0.641781739586339
6.18838858008157,1,0.131310623471483,0.51723163954166
1.6250166331213,0,-0.513419850576733,-0.353852994354192
3.71268878717662,0,0.375010308903708,0.678709061741349
3.60801165804226,0,1.43466442715628,0.422836427557845
6.95512317684336,1,1.3378833836662,0.676313000648285
1.28374205101742,0,-0.225272057282644,0.459872009119612
10.6224867779118,1,1.36770440857528,1.61362297573214
2.66363454358325,0,0.0622909033831401,-0.45795573672739
0.444359044608406,0,-1.08706533413923,0.842053173556807
2.83441713440714,0,0.509038656530542,-0.320511655656829
2.31372899015073,0,-0.485728068040847,0.0675647477668451
1.89576120657751,0,0.0556547651726832,0.62241079950809
4.8940905337831,0,2.11462064822799,-1.5068347445014
2.04662847361176,0,-1.15121942425538,-1.66207074627792
0.979818746448461,0,-0.573737122638086,-0.193474596971426
2.99039280088077,0,0.687421056804685,-0.305865992618567
3.55707193980597,0,-0.143141180614168,-2.24913125987576
2.13015301991724,0,-0.0249631768750414,0.556480480369797
0.947505637307209,1,-0.614116273257318,-1.27370153298352
2.31991572468314,0,0.727971071569608,0.869918418666293
1.82964214160282,0,0.418354982954413,0.184780204753632
-0.0575095406053804,0,-1.33608632399625,-0.0775130818993072
8.3016854752066,1,0.629410547904222,0.862489119492571
3.88909338164247,0,1.43328142700202,1.12841602945375
3.24363378894302,0,-0.0886382462866519,0.870341720847968
0.646388306952727,0,-1.49952623536134,-1.5195054352685
-0.511505733642651,0,-0.950937253232916,1.45794585516604
0.209703015578787,0,-1.58404890423436,0.232917199838516
2.06288041967132,0,0.635493609322846,-0.28358665275401
-0.00254825218067023,0,-0.982685851148918,0.800149667233614
11.7598849287432,1,1.75420691768023,1.22414606744415
2.30537473942194,0,0.723865424591956,-0.742643053103348
-4.51558180084523,0,-3.75033345056032,-1.72580516715792
3.95100333696274,0,-0.749954982298939,-1.48021383075462
9.66886685192476,1,1.99113846543195,0.684960830302151
1.54303648273652,1,-1.08246047789879,-0.52440230825687
11.6054001465259,1,1.48182759003891,1.4083412041353
15.8512595244394,1,3.18695753996826,3.2605100346282
2.75979391226175,0,0.712433499060714,0.918778838236034
8.15453831468014,1,0.819032410874178,1.06265478597521
11.1942131429887,1,1.68783981021155,0.819224034970829
7.97549402144403,1,0.746835814865174,1.52332338142437
6.05836072785663,1,-0.117166294752812,0.0858685639095707
5.39402784427908,1,0.317963091896817,0.350037909920962
1.04639356153392,0,-0.0827869613401916,-0.134665093942896
3.44418053308769,0,0.471898999454853,-0.418736404857713
8.41542908321708,1,0.225747838816867,0.868736124625699
2.4059736833339,0,0.129304890276435,0.622151298548553
3.08874221345747,0,1.01154661555791,-0.0422283524650601
1.10349114329268,0,-0.707791581184319,-0.235701361762649
5.88032103974406,1,0.481543553782823,-0.343831946521578
3.38252710146646,0,0.345791232873909,-1.51738350193851
-0.524371466656633,0,-2.09646721598354,-0.957004497574247
-0.733891870129456,0,-0.481751992939964,-0.13792997388987
4.23024764263714,1,-0.632229641986889,0.152589626097014
3.2729022284111,0,0.728714896046524,0.484815511928745
9.39069741942784,1,0.946470677832705,1.19502346679859
10.1712990488886,1,1.6078632843335,1.26215041328857
7.92677716492115,1,1.32288862175561,1.67284265896572
0.0786576901495726,0,-1.93900523900206,-0.0632557163409513
2.9624406160153,0,-0.0469024197585109,-0.339221686876019
2.99556998740411,0,0.12420906767134,-0.987374056421208
10.8856279798175,1,1.5110369901271,1.74250986746052
2.95202896594733,0,0.137460428598839,-0.404180935834928
8.3043017202102,1,0.585279234285538,0.960825411856491
1.02085359386521,0,0.0168048818367247,-0.898999550543
4.17663374424783,1,0.128322355880246,0.33301057357111
-0.0139381729239467,0,-0.469618355109791,-0.501882036855527
4.71604816751689,1,0.141055836836661,-0.647232907527999
8.7182802068569,1,0.0208085890181824,2.06464792757749
3.42273926901345,1,0.442228848317097,-0.39769880184145
4.64690758581304,1,-0.0868711318085303,-0.144756314206435
-3.05704311460263,0,-3.06961195133313,-1.53976857588583
3.83544957492668,1,-0.264157352323996,-0.130665623602384
8.51787447058301,1,0.54850365125977,1.4944217118757
7.49650264348755,1,0.605657034452961,0.919170956441807
8.69907303286682,1,0.785337530047664,1.14082184562765
9.6783208147061,1,1.33193886362768,0.942001183171371
8.65700327208554,1,1.20426789678926,0.363706625876061
4.78498818370694,1,0.307259518711964,0.00304297724839797
9.84568786553213,1,0.757708160413338,1.13016375771786
6.17450513792497,1,0.175386630800576,0.206094956776471
2.36694859191184,0,0.335675115121116,1.53109795166757
0.122699743715407,0,-0.876838460801195,-0.641836780132594
6.8106497141945,1,0.434661108506085,1.17965680350599
5.86224664957002,1,0.481790830546976,1.07637026863071
2.06819592029395,0,0.0185458205184091,-0.688551756135771
0.606823974954541,0,0.0568367109120846,-0.842713180293749
4.01635306107617,0,1.56397231740659,0.123974377815504
2.32815056340534,0,-0.284997973390591,-0.383921670030115
1.36514646830024,0,-1.34456914766584,0.0548082484393065
1.03583952345985,0,-0.677022225900632,-1.22708115430079
9.14532862412546,1,1.00696212209803,1.82851934117684
7.25239898127632,1,0.322274207816105,0.395435791104502
2.01192478406696,0,0.589923295042117,0.147041209422662
6.35825150716427,1,0.233636088000784,0.229360650323201
3.22299254992904,1,0.0985512679443155,-0.731150540542469
0.422087995789823,0,-0.821891605146383,0.190990894143839
2.1281387936789,1,-0.052994521814528,-0.787937483492984
3.07391625539768,0,-0.0522144021533196,0.331141360835046
0.0351028031220468,0,-1.41567870406335,-2.40156645881303
6.92397406289039,1,0.913476583726583,0.0171686354093856
0.766353671731037,0,-0.553917242251131,0.315696839469986
7.23490753305118,1,0.447505828026027,0.425240593365298
1.71735733306733,0,0.555604638357881,-0.0272462716916143
10.0850022197877,1,1.83393531408375,1.25710762853196
10.5200719186836,1,0.990023855143316,2.23448508598531
-0.274007521940742,0,-1.08401429332976,-0.47980923734194
3.85544299614915,0,1.50643227820685,0.45073607146795
1.85198813385707,0,-1.11983464775183,-1.05035797669161
-1.52972574479342,0,-1.65795981657066,-1.21362532299757
2.87553542858843,0,0.175462010865017,0.918331887372768
8.70411094231702,1,0.670448009287023,0.578155403172719
10.0694002178924,1,1.33455811935053,0.334666893678183
5.23162900841946,1,-0.180714669645194,0.391852352316846
6.39312232922266,0,1.72776016699738,1.41118055891171
5.67036342095544,1,0.35878571267405,0.647103014685215
-1.45441139503831,0,-2.28436050978678,-0.527430442776271
4.30202319923434,0,1.13036459723341,-0.217670406753421
1.14908267311382,0,-1.08978835827938,-0.767263055535626
3.13901148745948,1,-0.437784930838161,0.245257333922341
8.96418013438401,1,1.47856763916856,0.855535661659659
0.807257282914356,0,-0.306140516696109,0.426018136353691
7.23216540255522,1,0.211981777861611,0.946507366443363
8.4481746297564,1,0.295863534144153,1.57580680217757
2.07853983015377,0,0.973850253107381,-0.40285003233834
6.6505975739937,1,1.33645410525539,0.816503811110044
2.43240994115078,0,1.18566486050162,1.58229250258537
5.6555328826213,0,1.04926727819925,-0.793414251374641
6.59267096968655,0,2.29567004714133,0.728192196731382
1.82990352412271,0,-1.02022468785177,-0.826544241169819
3.69426686211227,0,0.808781680899738,0.409809928022938
4.49272751991012,1,1.21428670861336,-0.781495790962445
13.010282210069,1,2.6825668482267,1.41479580582388
1.60683460980875,0,0.748740252345894,0.537367450103038
1.30387125889649,0,0.453088866779857,-0.374998428233095
-0.999819251700117,0,-1.58840812541639,-0.666539476674748
2.60210739121227,1,-0.408956511004086,-0.438099991838766
8.02287341536848,1,1.39469774966135,0.617014127762375
1.81045754878606,0,0.345028754704768,-0.178844872397959
2.2137437793804,0,0.295231220040575,1.3159047495223
-1.95957425855764,0,-2.24125751951229,-2.04311254316682
1.06521758801572,0,-0.58262987005536,-0.227521035278611
5.40329625811386,1,0.357402411125279,0.496845461781206
10.9477014260191,1,1.97480438456783,1.8251722252757
2.37094814702085,0,0.685330417124089,1.08848660079661
8.67799652123995,1,1.33889232178001,0.540324857048591
2.13495845798845,0,0.966406342770931,0.413345373601176
11.1720551179351,1,0.833342506599241,1.51687922454334
6.07911963818372,1,-0.492006437655569,0.57465090072664
0.324615966265254,0,-1.46674852997867,-0.793144058099733
-0.539536670662548,0,-0.0172312430491171,-0.362448872608413
0.0505512004805802,0,-0.55267536903457,-0.0163076033893963
6.2193100855616,1,0.340995262251291,0.145358746357837
4.3084222809482,1,0.801726577954204,-0.358285174754531
3.14285303648925,0,-0.0251468784406227,-0.250484430825856
0.295594486428459,0,-0.164228437825935,-0.478161619765755
3.17171387757023,0,0.65879793460484,0.916353148021098
0.38017139835186,0,-1.09037066972266,0.889298216083278
5.93251019588279,1,0.706989016807992,0.440322671722524
5.45542068793432,1,0.481353439691744,1.01120422440801
2.75930330611735,0,-0.53950923320027,-0.196983915253575
1.13590192614716,0,-0.189229536626,-0.027679376850396
0.988017639476396,0,-0.790023885833482,-0.102071993328986
3.67487803831374,1,-0.066313495533685,0.690227535513746
6.69863226333615,1,-0.52634259188277,0.814777487534148
2.73157856368591,0,0.200826165263065,0.128691567917231
3.29494504206064,1,-0.760653662356675,-0.266690111487388
3.69843456725805,0,0.78076758283545,1.47247906112824
0.570582767846345,0,-1.14441737377341,-0.782545932865532
-1.63722630883143,0,-1.34843793005654,-0.0701288907918187
8.87740752445643,1,1.03743013488149,1.15642756469758
8.73064105258218,1,1.16174512313721,1.47492773187009
4.30011628011338,1,-0.180986066592174,0.785211550755817
1.30844957399804,0,-1.00507274995631,-0.267866315879696
3.63304939318058,1,-2.41065905887559,0.301842733317215
-0.199415064330302,1,-2.00659107127939,-0.525095132045413
4.51270935575485,0,0.432291790795772,-0.226981564271071
9.22742323825113,1,1.00475509535989,1.24248891710718
1.01281378971664,1,-1.8582364127832,-1.23299366135589
3.65566439408475,0,-0.413073560161777,0.29422139600984
15.6195105006491,1,2.59268114221325,3.75084441546013
2.15884178606989,1,-0.239301392652941,-0.830668527234966
2.6965283883492,0,-0.809866859626703,-1.30871110169861
5.72196733766782,1,0.686070526778198,-0.344033010400336
6.98059171074523,1,-0.0424419952098753,0.72140600552953
7.9106027669169,1,0.405228969799536,0.638512953738767
3.92824061203479,0,1.85622731013752,0.746512410412937
3.10714060529948,0,0.454434336217795,-0.68018111420422
4.12241284590144,1,-0.68131773722951,0.690351026954237
-0.181775082293225,0,-0.872846759220114,-0.934425514690786
3.38383164943929,0,1.33485473102961,0.150909852356417
10.7100321613562,1,1.86344096362138,0.633686571500743
0.417998179193163,1,-2.43441663390559,-1.00392262652233
3.07131393055644,0,0.320687947509384,1.65640764450324
2.57027775785786,0,0.597387295401542,0.72775980806718
7.58265853842093,1,1.11955326693908,0.330661139298228
6.52961275635225,1,-0.464784855911562,0.83311930476527
4.19887533464215,1,-0.996507133722592,-0.244555035725341
6.60789613238744,1,1.2497558925304,0.206966796485152
4.11927665534875,1,-1.09117115993132,0.841371270882147
0.0452189432638795,0,-1.08981938756601,-0.0310392347016323
1.13969662483906,0,-0.966537990836781,-1.23509327171675
1.13267043416088,0,-0.911008927025852,-0.419937771503084
5.96103042473132,1,-0.438768551669859,1.25152271803676
6.60340306190014,1,0.0489749181464629,0.946748781663968
5.60359381252758,1,0.265428957709046,0.738450059360372
5.18579892674295,1,-0.445879829056052,0.398489561232752
8.582549374683,1,0.884112327937203,0.877829178263617
8.23991040216812,1,-0.0639782914658775,1.6450478134604
8.99091568342386,1,1.0997340642134,1.21238011236485
0.907994211868498,1,0.0548154323213078,-1.22696706980513
3.39135380108178,0,0.184909287261751,-0.617061520428335
7.00851773978426,1,0.596973058341921,1.11599829689222
1.09322768137568,0,-0.383701963991267,-0.402888078499423
-0.480460408181959,0,-0.744469240907691,0.494700209212549
2.29530317453054,0,-0.0720282125710629,-1.03476434006389
8.00602092449744,1,0.581139721239646,0.593568968817507
8.64260815081692,1,1.0215152182853,1.204963225004
1.36081841862406,0,-0.736233491929918,-2.17413918763367
7.7953294493827,1,0.397919663602873,1.35585003983056
1.79059092374498,0,0.238351018427787,-0.00858765221191345
10.4591038944683,1,1.14044988927344,1.21865953849108
8.21293409700965,1,-0.267005658214804,1.67271554948695
7.74220943394806,1,0.0170883411968701,0.827678359289046
7.08748188179587,1,-0.156807378294925,0.432494597036593
3.6149322601991,1,-1.90179587426533,0.0519920134192473
1.30714591845416,0,-0.24188875545593,-0.575630341711432
8.85099846044982,1,1.22857583240018,1.09218279489938
-0.509071982979107,0,-1.22119572722943,0.0130253433144069
9.07064912446296,1,1.41805871791878,1.25667306799092
8.25277198328818,1,1.21944741563499,0.421428837871846
5.06250973346759,1,-0.477083760792074,0.566499249010873
3.52324590555169,0,0.868671688676697,1.34292109960663
6.90806833600185,1,0.0962055102534138,0.981275940476551
4.07917469187582,0,-0.647834940999088,-0.62937450415654
9.35368552998886,1,0.486583903854904,1.53241814652789
11.4973147481434,1,1.48003893740109,2.15471943305148
-0.509353967975002,0,-2.047765878506,-1.01552026341355
17.2756788947347,1,3.09105953076382,3.30141781494438
3.10796583387738,0,0.878237481808149,0.201851625334845
3.84669618343645,1,-0.239599979891045,0.270475167917336
2.59037063167583,0,-0.370002583715798,-0.506613992236404
11.1712500067647,1,1.69002092125482,1.56656040639994
-0.888003298157517,0,-1.49870699826589,-0.909703120914654
0.415442487278266,0,0.548276279190052,0.555947953405593
0.0149117070922908,0,-0.54062707932433,-0.222994145103159
-1.39411655285933,0,-1.74786163836376,-0.851850446132394
3.36810377339919,0,0.869882846845801,0.204071331610405
8.13506420882574,1,1.01227485983599,0.913556997525338
5.77608983267928,1,2.10425823399665,0.0982965150678263
7.03155487862048,1,0.8544548812579,0.183085957484557
4.42399929164562,1,-0.423225983419995,-0.0839711826512489
5.22637451331386,1,-0.606286670901964,0.440962109978611
5.05360807334515,1,-0.489692637794386,0.0564258901621284
2.70239767017668,0,0.820069097775867,0.212616694755987
-0.543084859227243,0,-1.32880326096351,-1.63419780678833
0.666958388668772,0,-0.344777664448481,1.06133555995445
2.1388994168195,0,0.291025473786836,-0.032515592479324
1.48686564584296,1,-2.04069067900585,0.123736147756995
3.35150237947753,0,0.947210460794143,-0.276633886104979
8.04755314765189,1,1.71158756271051,0.825746581729982
-2.58902664649585,0,-2.54491958172121,-1.47364531156969
2.73752661695356,0,-0.520254168083462,-0.820909527594691
-0.323855696993151,0,-1.54759058288319,-1.36224573367423
8.13563876600561,1,-0.301553121916674,1.929539678842
0.763131073993399,0,-0.206865558886798,0.237304094488876
10.973745831601,1,0.850633047129931,1.58235032451006
4.13166488585294,0,1.09933800704634,0.118377999574879
0.355640363704165,0,-0.662548729271732,-0.118518275951488
-0.712812669446041,0,-1.90713286048562,-0.51620673465548
-1.02142372633787,0,-1.49366582485605,-1.4395046634826
0.759704626335556,0,-0.576695535375102,-0.118629969928739
9.27661552541412,1,1.00412758792742,1.63260282221558
7.37241544857234,1,-1.14586321097996,1.78904981670584
1.20015727838154,1,-0.851232459359949,-0.762869684158564
8.05656816991935,1,0.136153397199464,0.9587491357818
-0.452303466539767,0,-1.48536819062876,0.146986830869287
-0.0798506895097322,0,-1.18033307646754,0.22243924217173
1.83917624480712,0,-1.63634007832407,0.248298019518828
2.96146916052987,1,-0.207814288504405,-0.924731038034094
1.87725559280684,0,-0.238406331794728,-0.858847654668195
-1.14857316377749,0,-1.84220877304218,-0.518871279950032
12.4434648100027,1,2.16312605852221,1.63883778033556
1.98420395812854,0,0.360959777906953,-0.171191037930694
7.63788959494768,1,1.3744574539724,0.709873944882746
2.80004602377051,0,-0.157348589939218,1.69434719539674
10.235852785769,1,0.19491451853959,2.3103823195293
3.6926681123688,0,0.0481242529453662,-0.615582388740779
2.56013187690074,0,-0.42794297681314,1.7221900887441
2.52670524122358,0,0.62828285890696,-0.0425687847789543
7.6166270237298,1,0.579019092362278,1.09711208658535
2.67280787397764,1,-1.26413772381771,0.016734503883914
8.59067481887197,1,0.757090706741201,0.306274613141465
5.9987313794738,1,-0.320456417866798,0.60045187754176
4.47509344881818,1,-0.129253508004562,0.042138498181518
-0.947765333785499,0,-0.481562304060656,0.0646632005171748
7.42652893833989,1,0.323440391834032,0.876346868267707
7.90791265385922,1,0.596366152938095,0.0476311919039389
0.952167825561591,0,-0.990098531856633,0.762001501317608
-0.405976323851717,0,-1.12208376569386,-0.148854688960215
13.0774249343061,1,2.18915187015313,1.93207188858104
5.82206610561383,0,0.830248632593258,0.499641035790946
4.63512474437259,1,-0.454417611722206,0.626292005541151
5.4056971484741,1,-0.596675843889247,0.586002887337251
3.53815887520844,0,0.965993990783646,-0.981346147339983
0.508614992778246,0,-0.390579080927536,-0.183920222013262
6.84823151242099,1,0.906600040915127,0.282432546216232
1.77958479577085,1,-1.2770709331096,-0.318286738347331
12.7034998754476,1,1.89736984288325,2.10499723587465
-0.218610271125401,0,-0.0973378608922375,0.0397880228451296
4.37836842592649,1,-1.19389921785987,0.0234481045664759
0.348850134165193,0,-1.14320541994094,-1.8399268939482
3.5401160036227,0,1.25429340692503,0.398054461335637
4.46637367236591,0,0.8416753160823,-0.482051848515326
3.24250755600145,0,0.675979909546961,0.167056592596094
1.12993113585656,0,-0.0239378916911426,-1.44125883904432
1.38556278703719,0,-0.309431344358966,0.0238903546776061
6.19023845344832,1,0.166660156263164,0.702509924022971
3.25151269205594,0,-0.330957596803425,0.494128983910473
3.1489484075158,1,-1.13111448508825,0.567519293231228
12.047538472111,1,1.90288717713749,1.91864660886915
6.46636544396588,1,0.0594371329034637,-0.218042296773412
8.34323539290707,1,0.70187077274366,1.89244481417826
8.05188044750202,1,1.81104086790128,0.578470670673515
8.41800272686588,1,0.751038640452662,1.29278106236767
0.998856979847372,0,0.279859627209935,0.8831083164417
7.2782484256544,1,-0.339655611826178,0.767083034860118
4.32575104538559,1,-0.542231427570793,0.268704911226599
2.8738400278977,1,-0.53909087589512,-0.180024714344656
3.72483353233046,0,1.06763175186194,1.00139157102913
4.59232613612063,0,1.09327992428732,1.46904500900576
3.3000087585275,0,-0.2030871040438,-0.757680027335988
3.17400254301488,1,0.575014926219351,-1.08620715135601
3.96831211391014,0,0.0519696555372876,1.18466813222744
0.360592845065012,0,-0.913546422108412,-1.61064675704526
3.84248486679439,1,-0.665142233559646,0.669941967125465
10.1625659888473,1,1.1939724796548,1.62365860891071
0.212091728130291,0,-1.9017409022006,-1.96112821953736
-0.524207646905607,0,-1.1614858065377,-1.61426005534233
4.52963153441776,0,1.30937510102805,0.492461924362322
5.39757683275308,1,-0.192075844550752,0.0795539200404565
6.23896536048614,1,-0.0900321193918909,1.27455262076707
1.52995404712065,0,-0.546247871789149,0.276281400252702
2.43586986413441,1,-0.465304356328574,-0.369742139046906
6.81588970471696,1,2.0645999477503,-0.167260907112222
9.11581630003221,1,1.27399189784575,1.3272500816642
2.06339389903424,0,0.272669192933432,-0.0620573131348653
4.85376426608209,1,-0.716275428596725,-0.262000424539823
1.58221038338041,0,0.230822796289876,-0.335887046638871
1.41499662233239,0,-0.024717809159083,-0.584814798220441
1.21474762935347,0,0.186726640432159,0.290287981690265
1.15512772053888,0,-0.547647071812838,-0.40766668146987
2.95874428447016,1,-1.5853485635105,0.00482229576600457
1.31262087891043,0,-0.20007323158546,0.602290286578284
3.30952012424282,0,1.47531990781164,1.31669616015843
1.91815213686224,0,-1.08675321250219,0.958780896785087
0.424977110585708,0,-0.287820457433841,-0.42389674487752
1.27655004477924,0,-0.992293913635635,-1.01248592470358
-1.39323020874285,0,-1.48190293530942,-0.692496524330908
1.49488215660294,0,-0.212811020168272,1.10335926660399
3.00839801677603,0,0.724707468424645,0.863115757650859
-0.794193793005912,0,-1.88849421404076,-1.66549076060601
9.53755166011958,1,1.54612529923556,1.03752460599125
0.752612198921096,0,-0.601305491749476,-0.35223422985713
10.3641547748803,1,1.15594673332827,1.17250615063341
5.96894901108063,1,-0.288103157166808,0.710892740441756
8.72091722770344,1,0.976142170338754,1.59772355110009
8.32968194933523,1,1.39117221243519,0.50759403710119
11.7942543513073,1,1.13495904040816,1.88646749226161
1.65715168864434,0,-0.785700047304639,0.469105210923823
2.41372356875713,1,-1.15373541910513,-0.812101211432231
-0.0250236080149135,0,-1.19045160550556,0.130822546799533
8.36986313368415,1,1.01228206407649,1.04361895843908
6.05680358578812,1,-0.211277541987331,0.520122916628445
5.2129852068129,1,0.452910516624413,-0.0772306651527383
0.604843118491944,1,-1.14613549234211,-0.36680987342144
7.88669445423288,1,0.320754010920012,0.998180122758922
6.40380756169209,1,-0.591899938453113,1.70065901835265
-1.02426953770012,0,-1.67693328879455,-1.56744839952624
0.79027818840237,0,0.236964275161426,0.211990673269302
1.04535095119827,0,0.387383404866812,0.122325274309199
2.86348886378011,1,-0.00564094930484319,-0.770073679956106
7.06190554377807,1,0.432922015167656,-0.0596485524872193
2.03776615597529,0,-0.3137374976824,-0.748162031395376
3.24018131031212,0,1.41818367844135,0.557080980102567
4.63519300809022,0,0.612290040195927,2.36820546707553
14.8235846949486,1,2.15564728823693,2.70681192416415
1.89431638020334,1,-0.692634886000699,-0.066870115243025
1.4416833848877,0,-1.31980706078661,0.465030638877546
8.85096484631107,1,0.119521659895854,1.62184574329283
10.2297880276296,1,1.85353388527267,1.34227928028138
0.482195369897917,0,-0.148993434517516,0.490745487145773
1.62198982364783,0,0.397265911505657,0.149255292684942
10.4392328719635,1,0.220623021213663,1.95280048876709
7.74523817969108,1,0.0737504585892677,1.16716113924925
5.29954898659206,1,0.0404018646048384,0.763302011138246
5.28124678731732,1,0.612038928291943,0.207541836880371
7.18359203540762,1,0.331068071871505,-0.367117143522142
-1.16621361345698,0,-1.63540001680198,-2.09471507266124
6.51239021099539,1,0.00222391681768955,1.07162756298278
7.99768117310733,1,-0.106969419383548,1.91554629608242
2.16122948603153,0,0.477072278289637,-1.01690100355894
3.94190982464024,0,0.234117018663899,0.706932011091271
1.18386140914955,0,-1.23934433085253,-0.225014084219329
5.09321233929066,1,-0.689968556824041,0.0556032004469986
0.755413134201591,0,0.861238031572437,-0.0582345722888981
12.263877770992,1,2.35656064884288,2.46828076735044
4.99646199895861,1,-0.914649917089713,0.424707761681294
4.63847810924015,0,0.903133293509363,-0.399582363942697
-0.733784958302572,0,-0.245047633135684,-0.18724920975645
15.8876467551907,1,2.71700765359606,2.47729330894637
9.1959634525693,1,0.533478755516513,1.53913999698635
5.9357865881068,1,-0.351728133625147,0.193634605812113
4.58304459189157,1,0.0650262835581064,0.549645324397778
8.11187325079145,1,0.66384758512186,0.025070632404896
6.44939349709808,1,-0.57635784652327,0.738986546200739
-2.25714723783796,0,-2.35143939603843,-1.83053172781375
1.66070668450795,0,-0.618571238845213,-0.885161174866892
5.56661265228463,1,-1.1435782215949,0.591886801758558
0.632728074165802,0,-0.467040908484567,0.022495359991484
2.71476281062872,0,0.0731011518052177,0.441920468752168
-1.37580129026618,0,-4.04020538842205,-1.43691839777479
1.85268500135621,0,-0.104794993699244,0.482106021601923
8.53398756966432,1,1.47023406286822,1.00647429593915
8.75428356571272,1,0.968986243547887,1.68179740444946
7.31322568773866,1,-0.681368059661505,0.635476824272006
1.64602018285647,0,-1.50422399095097,-0.71686212154427
4.59152346910233,1,0.67207718492042,0.468723526170208
3.00082857413255,0,1.01240488513705,-0.136466578968324
1.71614858611345,0,0.942992291328296,0.595348727505853
1.69608314157107,0,-0.824825646455439,-0.794487244339777
7.53012959962521,1,0.625888304149574,0.0857246989582627
-0.492083389622205,0,-1.62157577978718,-0.739688502260437
7.8663148359886,1,0.965322408177998,0.44168447715817
6.99455941712061,1,0.0550663920440636,0.53793040264505
3.61625626074687,0,1.21004484971168,0.393389759840758
3.39168227956369,1,-1.02360761953288,0.0566480725347817
8.32737856494518,1,1.12122010667681,1.09636447707007
9.00332013784628,1,1.48590963617649,0.862922714996123
1.34388902956348,0,-0.344699547408687,-0.211463245194052
0.706228933144529,0,-0.477989220542234,-0.598884804518746
-0.0903092127314524,0,-0.70582596665832,-0.224857073819481
5.20468315123795,0,0.8927782418467,1.03984969502078
1.57655228886453,1,-0.20646454523661,-0.419499986314978
-3.01122157761481,1,-2.50253353854825,-1.82356225801443
1.23922521549643,0,-0.274699198133481,0.977917278625023
-0.820418929499891,0,-1.02687583963004,-0.52141622290048
3.8859272453122,1,-0.447758412250463,-0.933522733431913
8.22032526716028,1,0.813010160926219,0.842252471873255
5.77418721708694,1,-0.0315240687116892,0.607144552603513
5.73013071582922,1,0.273397718998296,0.773580208419449
3.23480584435331,1,-0.103217234119855,-0.79341156738889
2.17712800959542,0,-0.389074454648702,0.380751973265415
1.79249764514898,0,0.326935480769739,0.205798408445828
2.58923822442195,0,0.55887847142422,0.151778323200437
7.22188687271403,1,-0.694775903908455,1.12028514798006
3.70870557066676,0,0.497987852750257,-0.298679312053702
2.89694086913247,0,-0.0607410642290752,1.33360358416911
1.10244981435874,0,-1.2232380594991,-1.23743502004124
-1.26368996522881,0,-2.51920754339078,-2.15370441763917
6.82016985901953,1,-0.951455551783016,1.60968719531045
2.4629981762956,0,-0.258513686618871,-0.873993421463475
1.4999157058734,0,0.645294215953679,0.657979702861441
-0.231904629954552,0,-1.83204664450156,-1.01947558788916
6.73513926964288,0,2.12868926300803,0.556125426853788
9.23318087109019,1,-0.339546581673022,2.18569264902015
6.80679426095906,1,-0.31560556128427,0.76412352254278
5.04973279594308,1,0.0531171826401718,0.205843367260189
0.419571959188824,0,-1.00489362380189,0.799460478733689
7.18241372942057,1,0.24817133800116,0.637965084172845
-0.603589154853464,0,-1.1716405650725,-0.328269801951383
0.641583214783211,0,-0.997755352619412,-1.15741111105316
3.6250865045875,0,-0.679913336068038,-1.10434323339428
3.63769108373205,1,-0.509735669023487,-0.729492361626023
3.97283901942472,1,-0.503897042795125,-0.490771849141002
-0.0123814294901776,0,-0.993883677081915,-1.06966039220567
-0.247604200876132,0,-0.594854161615016,-0.395723539127701
-0.106292851847614,0,-1.18794844565176,-0.0720513373629835
6.37990466881534,1,0.439821879457824,0.503160182325096
2.83304548437633,1,-0.309727598652928,-0.603990587331616
0.457938124804131,0,-0.416821497427741,-0.462308946663287
-0.479276587615387,0,-0.188011457745714,0.499425461254556
6.91267486117301,1,0.915430201380373,0.688790972613291
4.13188233804433,0,1.07799234586052,1.7081711853873
3.26831806895068,0,0.0677348364710703,-0.039162423650225
5.42101126479042,0,0.891618549515356,0.483851873006798
1.93437477878754,0,0.138001813095135,-0.664242877403017
-0.0725988413735297,0,-0.57222506749071,1.18216682548616
5.97400480203958,1,0.10627197901346,0.588680144185622
10.2349235711665,1,0.991031576629052,0.777745524363936
5.12620352348196,1,-0.237300058401454,0.549189313191828
6.65743424489799,1,0.597692646511913,0.336834080775288
11.3621029088234,1,1.33023101868345,1.47268182007671
4.87352678699016,1,0.454263970333881,0.00216291538394464
2.08338343294545,0,0.200215439439319,0.412898961913905
2.17068906291941,0,-0.348654674931173,0.485369396970885
-2.23366306460048,0,-2.02643714495256,-0.674714106177926
9.05532161045513,1,0.89124976142601,0.823919800854661
2.78839358332264,0,0.817538639620023,0.204285671920739
2.29390449748574,0,0.324076760830069,-0.00486012461239654
4.13407623888475,1,0.429817638548118,-0.0483008207249852
1.31343182020954,0,0.828406317328649,0.0139998119912532
5.25157005370271,1,-0.622012158157395,0.894225900120035
1.45668130653256,0,-1.20739101337395,-0.697786685676473
6.36494145753229,1,-0.173380697895023,1.01544870067014
10.8128424028687,1,1.43297395840717,1.58678439821441
8.29067946751266,1,1.08073783867034,0.693308598230122
3.81851422582586,0,0.930934989356559,0.726997571986591
6.62305498346758,1,-0.599216419204117,0.68779676491191
4.00610220206712,0,1.11329258383448,-0.290467416885318
0.766921469804677,0,-0.543249118103322,0.46354853418017
5.19057137612925,0,1.27989855303283,1.30981276366403
-0.0718659694893085,0,-0.230190178594717,-0.307680758250645
4.05430236375463,1,-0.210581656540225,0.0854829446451568
5.25516394122789,1,-0.666260949571628,0.445834181857372
1.66843639513524,0,-0.412979441032056,0.748638691221667
3.3279207501109,0,0.188113110906174,-0.102522048865755
9.26298772186886,1,0.766939894105997,1.08229162582645
2.19757768265078,0,0.482253639810077,0.582317053113344
9.07758516076575,1,1.0572633740604,1.47119540842696
6.58944969863659,1,0.00997668301102806,0.759632009576988
2.21962947000555,0,0.526203704007744,-0.548906158678928
1.82063128860059,0,-0.347027778678644,-1.48258621148012
0.977088766851755,0,-1.38338940963331,0.124871839407269
0.300897530309798,0,-1.33547596898562,-0.0655467581414672
3.62577500481844,0,1.32271150957433,1.56342528628091
2.56120287186934,0,1.28024676005493,-0.0707314695896146
4.02438846212313,0,0.804394559101992,0.650921824733346
0.632319123476483,0,-0.0813061835383431,-0.425068466940456
7.37548164904818,1,1.53748179953324,0.371723483860951
5.00904617998981,1,-0.799815012719012,-0.221605945193379
2.60479832488257,0,0.282552538503124,0.611470827137242
-2.20484994081622,0,-2.63779287024119,-1.99823087876936
2.00542355311029,0,0.0187975616197963,-0.287773922462936
4.7011040808984,1,-0.16650929569409,0.0491299847737262
3.37825722007456,0,0.152907574503763,0.837501374159796
5.37234581387149,1,0.476502711744923,0.116735904695715
2.71882855653056,0,-0.216900655101933,0.353377704996586
7.17774547010021,1,0.518423059824024,0.313658689587374
5.07258340979917,1,-0.135385229971363,-0.355151153352327
8.8896225257949,1,0.217967022000649,1.66768768270735
4.46518504284833,0,1.08360306580382,0.981121503859863
7.83114988194836,1,0.409421564514432,0.457907124800462
4.19014747875631,0,0.450411927502721,-0.00499776255722279
6.2833247871946,1,0.0743383092045773,0.497681694048929
9.13847770631368,1,0.999218966827842,0.818215875497433
6.64062920430082,1,0.73885159422224,0.579297707155564
5.49212897102616,1,-0.375142706699349,0.279055134652739
11.0128947809472,1,1.23291711005103,1.54664749246131
3.32259048706839,0,0.932583532658784,0.351412441690576
4.09538428347689,0,1.49919657470609,1.00111362088697
3.33583192007521,1,-1.55328138248259,0.766195876012444
2.61362750868283,1,-0.925018193427577,0.148738978702515
-0.00995585197527948,0,-0.993834053917118,-0.342969287242915
0.305456455258132,0,-0.44812306862944,-1.1239455026003
8.90963449390504,1,0.950826447368226,1.1670819442822
6.4722083256243,1,0.0377434401739569,0.213695492665374
2.09684402726361,0,0.773793779984983,1.4065093613809
4.49760573931179,1,-1.05687171466919,1.17460918760111
-0.81330133490265,0,-1.51206584610012,0.768338785700129
11.2605202453879,1,2.30982998693978,2.32733126497737
10.8055636455883,1,1.59753731307593,1.72666401606545
6.00450376776102,1,-0.38079876754497,0.492430508434717
2.7416428975779,1,-0.620816088830663,-0.455811366800745
5.16143074620423,0,1.83384304333786,-0.218139329596689
0.745108875150349,0,-0.654749651765725,-0.0500637320985632
2.88065826954428,1,-0.542661413435195,-0.108812603913068
0.861637532083639,1,-1.21419628883108,-0.0112076253972304
6.14921285092913,1,-0.225867270972059,1.06458489097556
2.56922246469285,1,-1.5589162260695,-0.225522074620038
5.78379621005003,1,0.34163219372447,-0.889024774726025
0.486089795911175,0,-0.679901308173962,-0.465988644639732
3.78590200806352,0,1.68772032540215,0.610528644058741
5.18715700791015,1,0.0467681566224787,0.492986519078403
4.86239051994845,1,0.557511514824586,-1.11135974777534
3.41858258240667,1,-0.236450791328537,-0.261039845993134
14.5655429954175,1,1.3984228322094,2.91921815604857
8.8342362572217,1,0.0112970316089393,0.831211024334804
1.96143143194474,0,-0.0648254147622392,-0.00530635424405852
2.85369391507451,0,-0.161418930162739,-0.429187003651373
0.231260635585037,0,-2.0446777924813,-1.08747998080855
4.79373477688823,1,-0.91376319862368,0.132138302407066
2.58592825576508,0,0.664049788828113,-0.594227278002699
5.85043292299166,1,0.400474134516423,0.852792026431455
8.29254113297463,1,0.995767669155208,0.497641955941555
1.76570023653781,0,-0.333850326789241,0.526544128819875
-0.589314012080392,0,-1.19898107413083,-0.454105116421092
-0.35739457052235,0,-1.02791190290557,-1.80817306093986
11.6407142083434,1,0.462911885420614,2.09524927019009
11.1715692883781,1,2.05874364469619,1.51628954481583
1.91661679364968,0,0.3684719528284,0.184268878385822
0.878008696582474,0,-0.582477123717775,0.174280647970035
3.32451885124694,1,-0.140072848561943,-1.24493560184886
1.25796566541241,0,-0.766695721730374,-0.476519292250054
5.7808369285743,1,0.517764778292915,0.541777390472563
6.29044105841305,1,0.396506167109618,0.737775988600415
9.94364276755973,1,0.887212630863066,1.84391240518912
11.1540573774043,1,2.05178940177726,1.31503952512895
5.45476092794341,1,-0.771861723515887,0.700914516288341
2.99159138524272,0,0.441647002237076,-0.0931896376528923
3.22178695152467,1,-0.74456713246452,-0.680232012600371
6.00456976221548,1,0.703338246809182,0.436245938486354
9.6925386561978,1,-0.171298428854068,2.38214597837611
4.87806997755657,1,0.0604893769844331,-0.0643694061506988
-0.661833579635282,0,-0.0336504171175061,-0.149194426895623
6.48296006009116,1,0.466064684610992,0.981170104967097
1.25595562622727,0,-1.50468092330925,-0.459133968689917
8.33588278125745,1,1.77222849182228,0.546836529239235
1.84914529140998,0,-0.421312462493089,0.690925286178715
2.124604027609,0,-1.00121474211586,-1.44221916716322
6.28335670252175,1,0.52949870337755,0.662685449516906
0.25794466406817,0,-1.29756580136481,-1.00299124362133
12.1054051544866,1,1.59728535781314,2.0051682777181
1.95414491363798,0,0.44670023046539,-0.65306377879633
4.21194982103367,1,-0.361816769344506,-0.236315704363744
-1.07973204036931,0,-2.36980243753026,-0.259445248641576
5.85334700376805,1,-0.252173875628363,0.630302459714735
5.46933870979219,1,-0.678267765821256,1.1567086558498
1.28741295944953,0,-0.451618955679949,-1.28133491525242
3.43014669579555,0,0.589879916831133,0.242152908762175
8.30349106394438,1,-0.36839607856345,1.07033949662653
0.123409974484297,0,-0.942974847828128,-0.72037840122092
5.12121714564462,1,-0.0955086787020586,-0.496701080477722
7.60579689419539,1,0.532292134209127,0.794940029294013
3.76706067029632,0,0.370670120592095,0.0259491744817239
3.24301543209305,0,0.686849414806235,1.02169467051047
8.33077826999486,1,-0.761817763666719,1.76457581805273
9.74290496954428,1,1.64761178811593,0.578583312975892
11.4377799269719,1,1.14235615400071,2.38935847069318
4.73878157853502,0,0.948395688548629,0.200735636261631
2.42281923944525,0,0.220154354398124,1.33954441434881
6.47939010554999,1,1.20916564491961,0.457722240724442
-0.177135046824674,0,-1.66816729437159,-0.297586659566379
-0.249072967328948,0,-1.71610463669273,-1.44124076088019
0.542223172524586,0,-0.500016288068147,0.0497342955925804
0.0482258861689088,0,-1.22860761141154,-0.274504914710692
2.40379543114402,0,-0.379561512560484,-0.346340099887341
7.66646468459827,1,0.431723821391509,1.12353062174144
1.95023005241682,0,-0.285932401897348,-0.096073709004893
7.20387319999761,1,0.937602177050901,0.710486860232541
10.8941947927202,1,1.44043184702325,1.57648298878072
7.8243118386103,1,0.0403733695774127,1.32387327994904
4.853355283855,1,-0.211944662429399,-0.171553069818678
6.41685634602766,1,-0.92065272398321,0.686576923148199
9.17469344787617,1,0.665621409788922,0.646353810860416
3.04413441869317,1,-1.1477396063799,-0.779813916680442
7.00291785283719,1,0.634776735828504,0.711945803713892
7.8771443016066,1,0.566906571566198,1.12586514232043
5.29502461736963,1,0.25782727860408,0.328215244554428
-1.22412519208213,0,-1.58281152894914,-0.16027239343387
10.0403924921836,1,0.277656611940479,1.50733089811444
2.62417310737789,0,0.290727300201376,-0.593972289934303
1.57870775108533,0,0.159448633623018,-1.4070256679665
4.89054006909388,1,-0.58257480872453,0.247509550415097
-1.03523113258484,0,-2.03716553640347,-1.36289398973386
8.55686232191459,1,1.75655663706311,0.694336140495277
-0.0844753166625115,1,-2.27315695851423,-0.667614290170036
2.41495006218817,0,-0.194139933037735,-0.516782363508226
3.15163583428257,1,-1.2804271161217,-0.293753670570976
1.73813219227581,0,-0.144475378074087,0.360720130512332
1.34452740503089,0,-1.61816427284737,-0.410723162799955
1.52582241826996,0,0.345566627355347,0.108687988453021
16.2446641777167,1,2.22219612578539,3.26626341227787
3.41704522793264,0,1.20421417056631,0.33248729860602
13.9646663892587,1,1.02663040422373,2.20961821115227
4.18255259868428,0,0.706977561621368,-0.00958207442497561
11.4484292558182,1,0.33094304721301,2.04781000180328
3.92053503366647,0,0.288534895148623,0.245766773518604
5.33286526036151,1,0.023801507622555,-0.257940884376178
2.78890132934805,0,0.355045000164602,0.760387438191594
2.03147136909978,0,0.454242801486612,0.0534419832018992
0.722653673294495,0,-0.837061891401298,-1.53387223594622
7.31097125298305,1,0.51924457307824,1.20041989480158
1.28659724994851,0,0.0283345295958951,1.52454272689325
3.6503026584493,1,0.257287167198662,0.538300189276016
7.10847705577045,1,0.666075555193429,1.12535912408016
1.80139590384038,1,-1.26608938058937,-0.440191357476941
7.88525407928339,1,0.412649814809268,1.34701006173734
-1.70884385101599,0,-2.10783622450627,-2.47804629136443
3.98289279988118,1,-0.568724621330823,-0.706581166073972
1.1906752298185,0,0.93070328906832,0.0773334440452309
6.79223949139572,1,-0.0153493806180579,0.418942041378282
5.80825013530557,1,0.353476516447029,0.103264016388216
9.93781717195607,1,1.60900427462473,1.10720220883088
3.29074007129373,0,0.706282802506477,-0.438547508539798
2.28019798056913,0,0.0976507148752358,0.108223882378294
1.90016108473492,0,-1.0478595418847,-1.24591716430462
5.92345000140216,1,0.35162187750443,0.145516716938976
8.37436607169288,1,0.65096314573111,-0.332421251566795
2.87021320000681,0,1.33499401348143,0.814421401628959
2.19834106383201,0,0.282708135302491,0.956121855458084
1.81209850597582,0,-0.332094706368601,-0.746201956244187
3.97533800390142,0,1.02688718056439,0.788352479062261
1.20434904127934,0,0.0937373183223059,1.06847473048692
0.737910752846812,0,-0.972671724279634,0.320279201427538
6.02687381462871,1,-0.117116896938159,-0.0267248157165095
3.2087178015334,0,-0.299753650057336,-0.347738392353007
1.36159337520762,0,0.191207824172417,0.0394818041528983
2.64025020366711,1,-1.25082923547069,0.135187480299989
7.6478887328638,1,1.31654274683831,0.610474023079811
5.39430770122309,0,1.79027001238366,1.19509798508117
8.12187800183627,1,0.84998015746372,0.887140301248187
3.1080747124585,0,0.321509137652062,0.698111403362517
3.42489493295261,1,0.101326411962294,-0.0984813320451194
10.5341375789097,1,0.67911038552941,2.01471752428979
1.75367694780488,1,-0.959177495078888,-0.3632836531395
3.42905798409508,0,0.529354317461734,0.388475560180978
6.62792471051296,1,-0.0109858759813105,0.881487738083066
3.04994785920023,0,-0.571771378174828,-1.0842162328095
3.16767242272832,0,0.133495845717899,0.67481664760762
6.73313447308293,1,1.2198297717257,0.130284824086435
7.74453175651358,1,0.240186719187307,1.42921814933911
1.72406528812603,0,-0.127339067587178,0.646108962599054
3.89742247336499,1,-0.636296762937607,0.372910704951636
5.41218516590393,1,-0.385298859753853,-0.53575537094486
3.46296898943394,0,-0.0501669050217931,0.727380370747905
9.68997107222947,1,0.446383976771926,1.1292229478332
6.55781125695957,1,0.908595321042199,-0.0756909753835628
1.64186508575423,0,-0.359079784527168,0.507307035642455
5.71195494544022,1,0.658983405098358,0.208133554966072
0.815588322046249,0,-0.225454228138271,-0.309511725719759
6.60392227975564,1,0.794968922724163,0.227188292938509
5.55144444141126,1,0.125106595620624,0.263806566433718
4.99664286298667,1,0.1803468252949,-0.0412749936339811
0.489420216697614,0,-1.07719051797516,-0.823494166782908
3.53719673831785,0,0.243064330978134,-0.751144679718688
4.37216173317166,1,-1.22607921563417,0.295940076427396
2.20293959678078,1,-0.326036007336427,-0.0811411246252441
0.691148345797251,0,-0.890934575804956,-0.252941079930305
1.34036319738693,0,-0.550423455462899,-1.62316930489031
1.40989755264461,0,0.477943386610385,0.619697582125751
10.8457282633339,1,1.26829262057509,1.55167495933692
1.27084374395175,0,-0.155274049694756,0.0451570829344015
5.14100956467942,1,-0.673076545351371,0.147291552154584
8.10424845542689,1,2.15357831266121,0.437836037302619
4.19711320806051,1,-0.106733024521961,-0.466478074044022
5.38922138579068,1,0.63476920712138,0.698986546426169
3.54411410238268,1,-0.464814423308593,-0.0743655833005953
0.46974271273469,0,-0.592005924283573,-0.299102451458373
5.63844091872566,1,0.00129267952867271,0.134067094569171
3.48312045996717,0,0.905009349849537,-0.133034063365283
1.60223839061707,0,-0.328606374575202,0.152452900634236
8.29991252290539,1,1.87074276917888,0.617020620465866
0.22027096133593,0,-0.570731330002316,0.692624247169284
1.45536538168728,0,-1.03284588898216,-0.418400101366436
5.68688496020986,1,-0.325808362811078,-0.490618908343527
3.13935418397012,1,-0.202585874899018,-0.416024703591328
7.02748501701402,1,0.0651555269179406,1.08123929689039
9.18417845398393,1,1.37559039249911,2.0157142364384
8.70250334938807,1,0.504432633410501,1.73628941326828
1.16200513852513,0,-0.0836365301922999,-0.194172222060792
1.3655748232274,0,-0.548651876463683,-0.484254265819298
0.204279271012247,0,-0.839204257806734,-0.92883326071633
1.64958773420216,0,-0.408066696861978,0.46655287376214
4.71326615750437,1,-0.368743107300491,0.541693470139576
5.708918527588,1,-0.838695976719733,0.883360324845921
5.34083688311704,1,-0.240110456814934,0.0353244590944015
8.84979469651598,1,0.953069878961424,1.08778572468621
0.429398545755837,0,-0.0939669272067072,0.517031737254233
8.10581822961442,1,0.709978043141142,0.610848111078554
0.399151119176184,0,-0.733691434778763,0.987218465536633
3.92336106279737,1,-0.515883970546706,-0.80680630262825
1.50229447712966,1,-1.37332146905864,-0.575183146345907
2.57461746843231,1,-1.50834044561291,0.0645078820158324
7.01530820960807,1,0.0232515171015924,1.36700783257454
16.5077875826837,1,2.07815520201688,2.92696718161671
6.34008213118985,1,0.127056346877435,-0.00557078051894222
2.65506555908578,0,-0.554342995475085,0.437624210300685
5.32140870137665,1,-0.312546147230059,0.983597533998312
2.47539423310702,0,0.981282044651319,1.30699424119428
6.57597136959485,1,0.18862907085886,0.435327758655018
6.40202925352727,0,2.05542622837597,1.24210785151581
-1.75071152159688,0,-1.16355960855574,-1.33131353989159
8.6839706169325,1,1.22065546668679,1.05400653097646
10.0751558693187,1,1.28126246596394,1.63094041881374
4.38017330216031,1,-0.92184187083431,0.602909337368232
5.37549527291871,1,0.11710444485536,0.0199157878660967
6.69368791177133,1,1.22411941386314,0.852133660937571
4.61163999386298,1,-0.909908201288861,0.597637075306887
3.30474172169531,1,-0.828250889296831,-0.710515740919769
1.86713450239824,0,-0.379361748918379,-0.478296429855896
1.37762683486477,0,-1.15492057675669,-0.181476657875508
1.37718587211936,0,-0.646277366093393,0.422355821083489
7.45057755362204,1,-0.285337266483787,1.32780138075384
2.27026647606959,1,-1.17326835685726,-0.270771371441362
5.67353284631015,1,0.324097177273773,0.0178287935004448
9.92783497119479,1,0.484414541282657,1.04194671773591
2.00407255430644,0,0.353905489897062,0.330871344329585
6.64768911971297,1,0.453900167604855,1.35427853388193
-0.0484031261833444,0,-0.809681611189695,-0.478376979911993
1.93372328425424,0,-0.201955125948152,0.288528553499616
2.08961048655085,0,0.321582182843868,0.936614805931651
6.13403628963183,1,-0.109506078523586,0.311159665752552
1.43411040172072,0,-0.977249324269939,-0.588399611602189
8.49774085499753,1,0.802369542088719,1.32497120032321
5.88390138713972,1,-0.705751053754945,0.834930391885862
10.0879936202657,1,1.82208044677419,0.912312845539783
0.135449184697745,0,-0.761321835076349,0.0290875304709106
7.95025714058456,1,-0.377098461604355,1.80069865662154
4.39784189318006,0,1.55784593204436,0.947676734130634
0.903204792999962,0,0.0962946907973854,-0.617132440756052
2.77549463263764,1,-0.807321001322708,-0.366551351075944
1.73694181414868,0,-1.23595302218183,-1.19596598955967
2.82701752629638,0,0.304282585274743,-0.260806460438321
8.19937762610831,1,-0.11813122058369,1.8230631213472
1.83482444436812,0,0.609368587300254,-0.734114732411623
1.24784811798626,0,-0.0331017340222797,0.158743790066477
3.31323618633835,0,0.75851998753753,-0.604455620775686
0.178927945595563,0,0.620658291457329,0.280343702136528
6.44502763202119,1,0.61659736440931,-0.160478370265006
-1.14267278499129,0,-2.02977978839406,-1.80592616543487
2.75933136088997,0,0.277466814844253,0.80998041726499
1.32967016144836,0,-0.99431558225393,0.304805810913433
6.40833002625998,1,0.645310888632082,0.668749560982029
2.42342891269797,0,0.813812098179524,0.641278955429796
1.27383570797695,0,-0.457347471642351,-1.70839360921926
2.43017388297449,0,-0.261793915225938,0.0685697734369851
2.47419937844714,0,-0.278199666957185,0.807962272194209
9.90459261161648,1,0.670617106798301,1.04928196067024
10.3123218234054,1,0.671837207202789,1.28254641510563
0.93184482852894,1,-0.911980068117569,-0.393947511736969
1.52302379461406,0,-1.356779806124,-1.15549825337902
3.57784165265591,1,-0.382432051867285,-0.267531661221274
1.61752110504973,0,-0.108520170037772,-0.199916385512999
1.92352015190478,0,0.19929584157542,-1.00573771284633
12.949764534819,1,1.69462508515726,1.74814645083053
5.20736586728286,1,-0.0059863671974947,0.139193749620277
-0.139920435095746,0,-0.435834421564977,0.0327551882361866
1.6758351540678,0,-0.574623969704073,0.151111067060238
5.43816823689745,0,1.53007436965751,0.514117613204342
6.56016605920804,1,0.517023437984833,0.520784793827045
0.558636570918882,0,-0.839411576384656,-0.602968379037945
9.79049470223837,1,1.77175979133477,0.916398591081074
2.40893200333896,0,0.174424269306806,-0.646205846589023
1.5322206804951,0,-0.118116151736678,0.346002262648832
7.02810394052617,1,-0.445910005699171,1.43585485118292
2.29937996471289,0,0.373196277016953,-0.699731279951373
0.913300263290538,0,-0.0289586486042114,-0.201117910234021
2.81492772372216,1,-0.536255784029724,-0.44953746954993
2.20044002690375,0,0.722921782211934,1.62521408522271
4.42545009178293,0,1.19598797159577,0.138032145075107
7.30140054854133,1,0.717867815601379,0.854113667267576
-0.241952853855244,0,-1.73166508239769,-2.78298604214345
0.135784445118753,0,-1.32560454692087,-1.34187730508562
0.408607614614824,0,-0.833156897224887,0.917842777677291
1.04783536221398,0,-1.33068811647244,-0.776417393774597
-2.41972516758511,0,-1.50457212691909,-1.54848972616599
9.02283554147459,1,0.638165061253993,1.05042380999148
1.04170904623768,0,-0.747772719990928,-0.121309661415661
8.41324704260704,1,1.17435385678022,0.933710936861009
3.74430333548159,0,0.648852327807924,-0.0403822665624628
13.9617352375636,1,2.38800191734466,2.43644802143231
5.8778060979114,1,0.0846572882501415,0.608841644864403
8.70434452144059,1,0.366193098132972,0.803548106451837
5.90338716538883,1,0.373235807279813,0.0236941177751311
10.4695165237686,1,2.69441242173301,-0.25354594358846
3.61116132002771,1,-1.24295617258395,0.606376457302338
9.15103889623976,1,1.73937784491302,1.63157553070198
6.25971328933963,1,0.672498831083321,0.195834982317796
9.93107592885335,1,-0.0473869036344031,1.90201426333881
-1.96736918055679,0,-1.34835469041736,-0.500588646837941
11.6650221661445,1,1.12753670537837,2.24009990414685
9.6206652044591,1,0.696972291202961,1.85409884374177
0.85200968183859,0,-1.0216796616741,-0.0676978576579098
3.01642275361083,0,0.568922606869852,-0.156841596260613
7.39057027475969,1,1.30370299818829,0.940173848329186
-0.845750812842979,0,-1.10174243701833,0.212546093157025
6.6885303951052,1,-0.275647966580121,0.993661188197017
8.91828780467995,1,0.5827199495925,1.20038914080967
1.99692765131749,0,-0.776693440460342,-0.925637183232009
2.99976212730476,0,-0.163575661175632,0.849009194489854
0.594793974226457,0,-0.328843227323721,-0.0571421755422717
8.61476189564994,1,0.906672010568212,0.75194161499426
4.80257007264368,0,2.3453044200663,0.045871917422269
4.37892135840289,1,-0.302235447681665,0.108951753818597
2.40056800232383,0,-0.47270436932519,-0.838169882287925
1.44927543157805,0,-0.592255737906429,0.446892052888032
2.48639457391682,0,1.22290385887725,-0.411266638438004
11.9807437649302,1,1.05213722947342,1.63993234293454
3.91098480120028,0,0.735106190687382,-0.228902593390607
2.77725479832747,0,1.00771374882971,0.616875852092675
4.71900962622154,1,-1.02726952523298,0.644147916460451
1.99734397665295,1,-1.2094429857992,-0.782581242178291
7.18416526156105,1,0.502747454976085,0.718266121452355
2.19321580838309,1,-0.773058963399891,-0.432009515460385
3.48590379681556,1,-1.19383104583482,-0.427118611819116
0.697758488745164,0,-0.666065345548702,-0.387291058095989
2.7223438018143,0,1.04634191023463,1.49650647725414
2.05909008575979,0,0.639159402176997,-0.107799356144982
1.55132790194889,0,-0.309738740182086,1.20383228246023
0.827770826877442,0,-0.302911284838308,-0.601193085352981
5.3474228646465,1,-0.651945237201245,0.604902327564574
5.54825968664805,1,-0.00843956705507069,0.0852686508463165
7.46848582696069,1,0.430865411529856,0.655875267556314
4.21845119257399,1,0.140992627634413,-0.172447283673452
0.26957974224718,0,-1.74460204208854,-1.37184965556036
14.2945602619252,1,2.49855234340349,2.5978236622481
0.813999430551331,0,-0.407732211482457,-0.680279262354979
7.62503833865504,1,0.109063858755165,1.58874305791544
9.54025320816793,1,0.727376644266418,1.3672881097836
2.51209558831659,0,-0.637481180006133,-0.0612756151339201
1.00104461590112,0,-0.440792049450739,-0.749044863434116
8.02637109799058,1,0.839720516499194,1.32967385093525
1.93332642890761,0,-0.821327415555557,-0.337917483780603
9.37690369298941,1,0.943761637098361,0.891217520333414
1.92682562481096,0,-0.525095081323019,-0.392354326660596
6.16918577075828,0,2.4162712317863,0.946938657010996
1.3753101209338,0,0.0528025258514269,0.306195270922026
-0.864819808571387,0,-1.83107538822977,-0.361315962066501
2.09667052430039,0,-0.201907424214653,-0.121706173621657
-0.251540117433603,0,-1.39890467479539,-1.67625329317214
1.92474045608478,0,-0.276370673697823,-0.271174882284492
2.77260833356688,0,0.882391167199662,-0.334766239617923
3.03385969615035,0,0.672550904259038,0.274241868762554
10.1084095670049,1,2.1532902334416,0.914444140916961
-0.72651082681116,0,-1.53438742530839,-0.687339659455347
2.95537623499649,1,-0.547656857316508,-0.988182703678986
11.9359604217676,1,2.06772142393661,1.5307464750836
8.76786092677531,1,0.464868797317469,1.29886731184588
5.11407410501647,1,-0.587491611779693,-0.450568944093862
5.19030239597262,1,-0.318457831184698,0.815637266732007
6.47490249697075,1,0.0759421029646612,0.591276335673513
1.05971796590444,0,-0.168578933456796,-0.292727817090008
5.78296782294431,0,1.4476896577991,0.99865550265668
3.99992187623365,0,0.362901270409574,0.154314265886909
10.7074898287233,1,1.6092453714369,1.52481184879943
0.220986894400193,0,-1.18701195568561,-0.256724176762095
6.79039667188708,1,-0.100612286934483,0.908333020516054
3.72877276622721,1,-1.27786929687728,-0.0817359811294583
1.34634524858902,0,0.0747305040138785,0.38705327153083
7.71975825946761,1,1.51440882605738,0.493778293905997
-0.476173046661344,0,-1.78884470868963,-1.99952509631405
0.0661447086796603,1,-0.635437278649692,-1.26437767630277
6.35511874414801,1,-0.22516844171209,0.611681273804677
1.01677695161222,0,-0.441028387045613,-1.17871874850207
-0.0890329469380564,0,-0.624296585069985,-0.965685176702409
1.93971926119764,1,0.0987178434323933,-1.03962761463184
14.033475434729,1,2.36624734052032,2.3761484464366
-2.1622165185718,0,-2.49183307400612,-1.48009898359705
4.82276443248605,1,0.346606411514445,-0.615473898245315
5.62604165142952,1,0.233836486440843,-0.0168077128387856
1.86500349311785,0,-0.750756399548265,-0.421327281170476
4.87035221737583,1,0.299326403454156,-0.0771306503671098
12.4404215815773,1,2.34199098157708,0.95130357983624
4.31588197589537,1,-0.717729305884899,0.687911323489122
-3.22457393341908,0,-1.75649961609057,-1.40094521495111
0.697900601374927,0,1.08660296728998,0.239792499787716
10.4992898228247,1,0.778282766200301,2.35193524654272
6.38788127795344,1,0.703515771255956,0.410997990518441
-0.17895532920559,0,-1.23019304535664,-0.288033632015458
5.97904771704652,1,-0.460584426321007,0.997806053503586
0.124723629371761,0,-1.78149105585723,0.431800015171524
8.68376206032892,1,1.35902436729487,1.47477994771581
2.43996698171937,0,-0.689424047636281,-1.8680517935036
0.850848455049188,0,-0.0977443987630511,0.0993770250438235
6.95789564071533,1,-0.708070284764997,0.868266344339621
2.86011497908486,0,-0.157216691263549,0.634125552253015
0.985021468769124,0,-0.930301332544299,0.146204548876582
5.52110366991063,1,-0.565424760701216,0.652201221538156
2.16861152562188,0,0.7165946975731,-0.0370045862551074
-0.363207012677599,0,-1.05055278384997,-1.12501201989756
2.03289679759436,1,-1.41296067587491,-0.715537703945604
8.66862499144353,1,0.55664504125868,1.66882363550491
8.51592866376488,1,0.730340932724772,1.52931932588679
9.22503848992574,1,0.764255748935688,1.17494315371349
6.8162321599829,1,0.953428732660661,0.560584156728547
8.31582473769184,1,1.10575787864519,0.87352315094834
-2.5602475766043,0,-1.58967879045159,-0.146643674845963
-0.430410859266872,0,-1.28765752940374,-1.00496592933304
5.05280263911208,1,-0.00924755558220718,1.23403163937429
0.795208131066466,0,-0.839999569903691,1.08905124990702
3.42966746398988,0,0.639865226094705,0.0541004925421656
1.99031460848712,0,-0.263678876541648,0.900446038666012
0.560854822371819,0,-0.372365779068906,-0.714350639555152
0.570626863899997,1,-1.78635982704297,-0.205141199481217
5.24781150168618,1,0.678251476608781,-0.299582810140326
1.65965021847037,0,-0.327383554785115,-0.285934141300968
7.975202538068,1,-0.241685433298185,1.19005895757804
1.1432711826767,0,-1.5328240410597,0.132409983272237
11.8671154337265,1,0.866838561315909,2.42925317920099
7.95728547779621,1,0.237885075940584,1.05697845332026
6.40412143851323,1,0.194293196491119,1.28995491007277
7.13954334000014,1,0.483392154084742,0.391334253800728
2.89117085549044,0,-0.443831748753592,-0.269089674457321
5.64998041372236,1,0.388323571255603,1.01668824543116
7.46158061074989,1,-0.873235093676964,1.20947036510338
8.59200051394364,1,0.646129026077208,1.57504291064046
0.483148823290183,0,-1.24950629290114,1.57328825875139
7.40914366394371,1,1.1124221628914,0.825856638480539
11.106736245605,1,1.29929916732243,1.6837915855226
8.05850785270152,1,0.187544103535427,0.0323878232519982
6.69365619666316,1,-0.372868108590509,1.44496912010102
3.84106164212176,0,1.43456530737597,1.01774293424473
2.28717066514234,0,0.00296308715412053,-0.573810171742667
-1.13822755191866,0,-1.80690499264141,0.154788357628843
2.83519687708961,1,-1.73281129753251,-0.492238360970396
2.73160926317402,0,-0.351469582026044,-0.113974342859512
6.81402275885392,1,1.15925958698878,0.214517405378411
2.257436988692,0,0.521296981984555,-0.339972516675468
10.7456624653612,1,0.189967043584871,2.96729810751425
2.56129864682064,1,0.72934649773631,-0.725107531829254
2.64383816381667,1,-0.490693600045408,-0.227436377818936
3.43725092155294,1,-0.746211449192661,-0.378028897174821
-0.3992623046282,0,-2.05167806439947,-1.14910348997644
2.08812980877587,0,-0.201312098521277,-0.283742067381649
-0.623413368147451,0,-0.803584762809563,0.32383890153774
-0.121679249953979,0,-0.0230134363812526,0.404420075660901
8.14583177273294,1,0.186052430674812,1.1691592607519
10.8462844938065,1,1.44051151135514,2.00387674151453
1.130900788054,0,-0.720033911176249,-0.702708408749073
5.78190217293036,1,-0.395716252137453,0.514890853421871
5.11753801558384,0,1.14170010072644,0.988419742900679
-0.00463941907396115,0,-2.08123975486106,-2.23194378784732
1.70413683464512,0,0.186792077764942,1.13752281956866
4.850114099873,0,1.12952779638016,1.56962016083112
3.19820794035002,1,-0.596851226417331,-0.342350024144121
6.9040171392216,1,-0.67421371002141,0.40899686203189
4.93648941994046,1,-0.422319768225544,-0.0828328164361788
9.8655284800085,1,1.46098466604093,0.84157516723894
2.78418069100641,1,-1.52038907409446,0.266283040776213
7.31482631425292,1,-0.162695622987798,0.458572408839916
5.45147823340649,0,0.744199970237404,1.16035271365248
2.44608890285019,0,0.09517475875679,0.340340827382009
0.868591267116726,0,-0.202656361107965,0.271363363332127
1.9206967731386,1,-0.530879533043475,-1.55189620312548
10.266089664379,1,1.42807467893026,1.54859951670646
10.6220739602976,1,1.86139804456424,1.61615873308028
11.1426198036164,1,0.0166830510607079,2.17132238151657
2.21811810580267,1,-0.458683878310992,-0.661398529826054
2.60188687080283,0,-0.136779779108835,0.317446048067392
-0.309933679782868,0,-1.08712507325982,-0.354428367018513
8.45462599513137,1,1.12536382260428,0.784122327375202
0.904521649512079,0,-1.03315456779655,-0.318175677691393
7.73308539976774,1,0.401954091084745,1.16526389994719
4.20136293854679,1,-0.245191150133274,0.311597600643405
7.12291224156065,1,0.744781022994367,1.08184137488355
4.78915724405634,1,-0.613773425296565,0.360899489521576
10.0076749240422,1,1.45720902619683,1.29435890523383
10.8179115215589,1,1.9102786481068,0.747621335949126
0.735577231813081,0,0.102936393739836,0.573034914463486
1.97469484730975,0,-0.497555452012494,0.0747726521360682
0.083760002550447,0,-1.31031341159663,-0.0141798930646835
1.07905726549321,0,-1.14200668285759,1.31638608870584
2.54393702049101,0,0.140084517752723,-1.43480534278847
3.54006719377294,1,-0.859321061371171,-0.211774891091131
-2.591089314897,0,-1.96807582456207,-0.247987594556367
9.15515858035702,1,1.36796993287727,0.342335801502892
2.53637500594297,0,-0.755947726293266,0.320429482306119
2.38378102435085,0,-0.823947684490772,-0.380935688656963
7.93495198537785,1,0.707764042217493,0.84691103136461
7.61674759028221,1,0.613670770193008,1.19645880808608
-0.176368026930165,0,-2.20896115360262,0.02409228228676
11.3066084409893,1,1.37620825072472,2.20684412714833
1.97446533017479,0,0.318856855717285,-0.0169176893011161
1.20130426731817,0,-0.00644301795362046,0.767573487050109
4.99761397748742,1,-0.9258059388672,0.587158078388814
3.79170213225022,1,-0.404655409641952,0.227696216225542
2.14244585245721,0,0.124710797065032,0.118055658086558
-1.67057291113961,0,-1.03410838143073,-0.764766198724756
-0.993427441881168,0,-1.93679057174217,-1.35115715757052
2.94532613798718,0,-0.120556350192628,-0.460544872908274
3.89787927191089,1,-0.319212910985081,-0.165784240913205
2.40509415817397,0,0.736024909037034,0.737864745852991
6.82101671033409,1,-0.524282926798222,1.02214620098935
4.025687108644,0,1.49042564680793,-0.0879426847781396
2.18163122435331,0,-0.495843669203978,-0.699374067586163
2.63728173704646,0,-0.281036248368114,-0.731219930012452
2.01741038601356,1,-1.4115665666717,-0.467591857072813
3.95503768600486,1,-1.07248886264632,0.456054719309285
0.0774023245718006,0,-1.16513959354454,-0.505485383546096
6.86921415091851,1,0.288895268476678,-0.0169670435468643
9.40067396966088,1,1.08846838099714,1.6349998914046
3.52769298688109,0,1.65178624816689,2.21655208473167
2.74232538661533,0,1.55361637094101,0.886258184934861
-1.585916144916,1,-0.89669723341461,-1.68106437095273
1.7558223437183,0,0.264662746985053,-0.0136982437968588
6.7467529245224,1,-0.683837310203914,1.61959145847864
3.12418973632956,0,0.956482835591689,0.546349485464514
1.29478030830061,1,-1.23213818532779,-0.688263869996215
9.94773968265415,1,1.09265841857483,1.53051435759937
3.25717949832951,1,-0.0752684826892707,-0.124651582946359
0.850274344269791,0,-0.81619062799209,-0.293529313238346
5.29709078993177,1,1.40065242862,-0.0335329657815033
8.4579846552697,1,1.36164397788948,1.14000479542859
0.662836435860991,0,-0.857197994522063,-0.690812510474411
2.73010227692788,0,1.23753655824923,0.288227530615785
7.68109833083574,1,0.946064478600855,1.38620643897145
2.29875877830483,0,0.382921126482898,0.175376442153445
1.37465189629754,1,-0.514519473989334,-1.08602093434614
2.32990459574201,0,0.784433243780119,0.391241754395724
3.36485920435287,0,0.592000457270357,0.468310864341635
1.70319976223614,0,0.89105190431396,0.611468306418061
9.32211649306459,1,1.1804500474295,1.73708207375358
10.5037702264194,1,0.652647499962377,2.3598906969445
1.30795099508599,0,0.188771376804242,0.212437235327918
3.04621569711928,0,0.7134279030029,0.29611113155718
2.97975704927688,1,-1.14413454221561,0.474248446960816
8.58495350566401,1,1.097325467886,1.6660092658726
0.571458203484264,0,-1.49467477647283,-0.81891782653237
2.18124041178715,1,-1.4672287339591,0.310467996883696
11.447879088494,1,0.972908618880716,2.18378275047483
5.74790878656402,1,-0.0740651887389578,0.0545125832445201
0.375471872659998,0,-1.35861003165002,-0.741411360496149
-0.115072930812043,0,-1.24218709622679,-1.62013243735192
9.05258919824104,1,0.655075610807184,1.03330485767809
3.90054985291451,0,0.275263432158216,0.0170952471726607
1.09109137874912,0,-1.31680446204088,-0.311498603006264
4.436142312013,1,-0.0705134559431398,0.0805956023403337
9.40806207376675,1,1.57405017351411,1.50924819695928
6.85762867392486,1,0.135945914722946,1.25485012595831
6.64316144202836,1,-0.291143553860418,0.613347436882086
3.54541644446168,0,0.608608393872381,0.202683162158598
1.47997889523944,0,0.893674764607538,-0.639138889147309
11.2755313517595,1,1.94089392765823,1.29433587139361
5.62358521733671,1,1.26342308270843,-0.821329056084083
4.16902226698714,0,0.662520581513879,0.237711511142744
5.8054567315716,1,-0.42747921017973,0.49575101163253
2.01438862180453,0,-0.687174028625674,-0.147809429548668
6.15187568199326,1,0.440270168766567,0.502265184368446
2.72314552047925,0,-1.12340580588701,0.280473790195569
5.38341015292219,1,-1.08077860492303,0.4651688291607
3.69307796301449,1,-0.113692792377935,-0.227560403700709
-0.616405277320263,0,-0.198155407651528,0.609407542124244
2.60653282758214,1,-0.73091950040011,-0.312922306203477
7.20040480992314,0,3.00396644834696,0.901278482919663
6.12260085002941,1,-0.182453220884608,0.0510073300252766
4.70481185651231,1,-1.04596462336804,0.0202287105631512
6.57976464331987,1,-0.141832725001417,1.06985911325916
2.64933730111482,0,0.39772473292676,1.075574196265
3.98567787896919,1,0.815613947123795,-0.409178300449473
3.88782133373978,0,1.79768508911695,0.664728964877449
4.49095499199047,1,-0.186107626685595,0.102322720048258
3.64219763211884,1,-1.28789351097859,-0.222764891177763
3.0568628913858,0,0.982405121954211,0.792341375922837
-0.161216220990513,0,-1.74379363901701,-0.281371945956013
-1.39692797216859,0,-1.93966958309324,-1.68911790418086
2.35729039827169,0,-0.423264407967825,-0.287337253709273
2.8561183557767,0,0.933435864900249,-0.903785605487823
-0.165870806072153,0,-1.11532859504978,0.345144350442973
3.27221667861422,0,-0.214561137680566,-0.204705031792663
3.45900312554839,1,0.694804303892874,-0.608865689264045
5.12902371121468,1,0.313809339157757,0.41302719965905
0.00499761713289892,0,-0.476365058304767,0.589020440804933
0.939718756747352,0,-1.1426326353952,-0.720390587801592
5.39640498081179,1,-0.245489183159694,0.627373935292728
7.12030863067078,1,-0.148283260720852,0.526465486391236
1.67271063830567,1,-0.167631630262898,-1.38313701461389
8.63160439211975,1,-0.11016132031239,1.20422687942597
5.07250979286333,1,0.19639974489594,0.216991680116382
0.60149996063549,0,0.147603731357604,-0.0736702434821311
7.71254445394094,1,0.603575595597471,1.1770069449619
9.15395365232301,1,1.81397910999148,0.488817364109888
2.10847419297985,0,0.534931160779362,0.822737744283432
5.53394956347277,1,-0.0984513310974688,0.432485490645497
5.29944096754671,1,-0.621760155828972,-0.312063653741865
1.79664143465114,0,-0.126437217636713,-1.26758809686555
0.457896304797039,0,-0.896454725740296,0.786680273430121
4.6981161495442,0,2.03781031490477,0.585017570656826
4.25816342403513,1,0.261255682150042,0.0687307451217177
1.96326046652664,0,-0.301353468749383,-0.543920172831537
2.88209691703837,0,0.181829445494394,-0.758014558041121
2.74725347702863,1,-0.860806928213953,-0.391449865555779
6.27683142595919,1,1.84749763150827,-0.137614668340292
1.45316169674997,0,-0.29680974075373,-0.118242090934801
8.20645884461568,1,0.31852966093976,1.93725724555242
7.35928675679621,1,0.671694016615317,0.2807253601391
2.35396899915153,0,0.516976639396002,0.657580662103855
1.49757680198142,0,-0.737808247291387,0.392580804688218
-0.265239242534012,0,-1.04307628061615,-1.88167636294974
10.7605739196028,1,1.32324710163988,1.7996430098676
3.3181617734748,0,0.578507886053517,-1.48208805485009
1.55207810417457,0,0.640574009419534,0.414914343666516
4.71076831064604,1,1.20965292674127,-0.0118159970077343
7.53668644764561,1,0.105132241252609,0.462730925802724
6.8694925105864,1,-0.589682142705989,1.13949055684301
1.44967712922378,0,0.145763552820821,-0.680544486590343
0.122268487868765,0,-1.11147040639261,-0.188029932501626
6.07341722385041,1,-0.265625350634853,0.81297923577022
3.3594781342865,1,-1.10822978219195,-0.300089107487159
3.55003842341056,0,-0.436496832686149,-0.57400348731953
7.21299972809216,1,0.711717871609173,0.934564789852467
3.70283855603455,0,1.07399454893849,0.68763340750427
2.96509565093691,1,-0.13059461070436,0.172177843398897
11.6861780580848,1,1.71574186188225,1.82671625495173
1.37461117254993,0,0.0598712101705382,0.95813364691281
7.55639667652843,1,-0.0347174935009482,1.08063430129872
6.87233297606105,1,1.16025856639328,0.245000851238068
4.55582823046108,0,1.59836704875117,1.03412485105656
9.11913220357792,1,1.65228753846999,0.995001871813586
1.00273534853306,0,-0.30806808145015,0.818028296052086
0.818647262338899,0,-1.00739055986992,-0.588322062052224
2.23286944434041,0,0.0173517646726774,-0.454204852337065
2.71768927959092,0,0.359307914137321,0.286754188417408
3.22952532633266,0,0.897181424718916,1.18845109514175
4.64241728561986,1,0.011929127249915,-0.160550169039453
1.97001002261749,1,-1.13629676865053,-0.334408501540607
4.04513661570075,1,-0.107946196849645,-0.28596365674668
2.93997583194342,0,-0.0054148855292712,0.351243408377857
1.89868977403072,0,0.640628084740343,-0.60737166486188
2.88174898256419,0,0.582722578996315,-0.454970040789604
8.39295706930645,1,0.472083609526118,1.36649696075261
7.38558732781343,1,0.735398722815054,0.349296232746924
-1.61609837922054,0,-0.762883592686381,-0.899893743874005
7.24165639610924,1,0.687891176311573,1.41186785145055
2.64419510244035,1,0.130650452211458,-0.987313953046946
4.81929553270983,0,1.13706943496499,1.19734448462957
1.78437018850315,0,0.871621586067482,0.00499907857445725
8.36219766857435,1,0.748786965511196,0.968377531095761
4.24476968312225,0,1.0887357844119,0.598614648443972
1.98688915944233,0,0.944234713136756,2.19953096365602
-0.182458752789474,0,-1.14307988919716,-1.15006858348602
7.17497657464725,1,-0.367897054395886,0.349875724671582
6.37541725373832,1,-0.756875013687046,1.13628591023787
-3.3778146545987,1,-3.18323626514173,-1.73185822025012
1.17147530335705,0,-0.0951499676810204,-0.160714595543534
10.9875542793072,1,1.66951137993498,1.61424024748678
2.1968796028705,0,-0.35522115835523,-0.0341842535527527
6.01041154439926,1,-0.226995763228205,0.567960457258401
2.37862111458897,0,-1.17230327608673,-1.21123581528339
0.701306292869526,0,-1.07958908478162,1.47038913219684
2.89439586851619,0,0.377967111102443,0.20471842254874
2.03797678469815,0,0.217336704405336,0.188854479100051
11.5634219097014,1,1.33763663112543,1.49837620400837
8.19410447574075,1,0.0697559309755109,1.26311021375595
6.9331693990952,1,0.780486346214945,0.107543449080701
3.6953803587792,0,0.771247866882289,0.60582638302602
7.16011807870454,1,0.49579554990382,1.56478522004222
0.350018748981045,0,-1.13705672535212,-1.03826883960761
3.63546233545031,1,-0.736852307046445,-0.303401227523099
2.90658270263482,0,1.12022282964608,-0.0918587616350278
6.49561736444341,1,-0.834380913977982,1.83228133007575
7.26420701293452,1,0.432564207034719,0.401917801715311
9.35302221535179,1,1.06182873587095,1.65565923747474
6.93851848402579,1,-0.0458145596319803,0.925036651456356
1.43166938570082,0,-0.982732517204986,0.364022887154053
4.23081989141728,1,-0.610529294315751,0.794940144619305
1.13945166004079,0,0.832685423039264,0.019832870773434
6.84900781941147,1,-0.434093396935566,0.46042768663613
3.75927096750192,0,0.171729631761463,0.147699709696267
9.44809938591266,1,0.809012981528111,1.64899334580564
3.5107373903455,0,0.875710347886946,1.04174103720148
6.86047003076049,1,0.209449293587535,1.14098889933209
9.19056484824103,1,0.627209727895703,0.502081263052109
3.3292811572463,0,2.07258813524778,1.45619768517623
2.7621406426606,0,0.70718129746441,0.896091072026088
6.90339650667491,1,0.853573007905158,0.722952087793819
7.43552391341805,1,0.613008561562243,1.01103398976601
1.27972271365265,0,-0.414308030541807,-1.3513255707519
7.623965491144,1,0.772246369460702,0.660584418279793
2.78461702218203,0,-0.558540743643755,-0.674173345855522
4.35995416527521,0,1.58712385156088,0.998930150262056
1.67448939194144,1,-1.73035889355117,-0.0469488424648082
6.87075175526279,1,0.979647889749561,0.833308766938559
5.18243125410611,1,0.397950418740329,0.120091597855517
4.09846477050573,1,-0.654224331333165,-0.167043369150741
3.53956020661264,0,0.673124106319833,1.00288309821763
5.27802255405406,1,0.0547055821823715,-0.675995694072403
2.17428072441191,0,-0.862357249941039,0.361588828972625
0.233449676427363,0,-0.893588844329727,0.159960124505835
-0.197775391300685,0,-2.03476657610863,-2.04895938264897
3.50447181224277,1,0.650083799570839,-1.27026821548188
7.00741461025032,1,-0.197453110658278,1.00173726791916
-0.194847333586837,1,-0.766495027032867,-2.06411449407295
1.34909709776428,1,-0.568919062451257,-0.410319637730361
5.56352301212715,1,-0.910662221577833,0.868273842846049
7.09697492300274,1,-0.94435489715868,1.44840470600481
5.86608543399448,1,-0.383131390308758,0.803401032007461
2.59137491947526,0,0.275240458258025,-0.0306625464488103
10.7641180436292,1,0.359659022944339,2.65356519136569
0.788336488191782,0,-0.445818155115926,-1.72799214127158
7.57263798012262,1,0.131297277829366,1.0083884474238
2.81939627477138,1,-1.48247928808703,-0.14711747725777
10.348413216314,1,2.13649089736955,1.62626015960207
7.05559499671436,1,-0.323861633347109,0.795043840398695
-1.15399328949991,0,-1.45998770551036,0.00419921464575457
6.4887501216595,1,1.01094131830225,0.673941564054352
1.47136165809525,0,0.261982283052816,-0.0220090736599365
4.46184241654258,1,0.786274202665793,-0.317884391721572
2.92811512407855,0,-0.227381295394083,-1.63245612857899
3.41908433887488,0,1.31716063523332,-0.0660382462329519
2.7662407873807,0,0.0415826409085836,1.14502734204421
2.62317535574022,0,0.203609715513514,1.61630460173409
0.274631884177079,0,-0.343367077592125,0.599737403619553
2.43605959806722,0,-0.308273607197691,0.362174212012153
1.51323738679593,1,-2.20810201674318,0.568083840271127
0.566507678049556,0,-0.152736362082956,-1.53141401952636
10.6530256311595,1,1.42849503520741,1.88342625939069
4.77920291474654,1,-1.31478171556865,0.511212199428382
4.55536790030392,1,0.780749951020386,-0.167496234987533
2.97652073796566,0,0.243859530302447,1.40344975367202
2.95131580999281,1,-1.18833806969238,0.227682866341111
8.49652095723994,1,0.516665584665745,1.27007492441623
-0.669925468912676,0,-1.09777729670831,-0.725747937324373
9.40678988331958,1,1.58663314574719,0.911340064720281
0.788163078666994,0,-0.442281726691796,0.824201122430365
0.106656616202587,1,-2.18276361948635,-0.942475060788964
2.66455035083534,0,0.718727481895096,0.466516487602255
1.56854981837842,0,0.477468669714298,-0.233305597116422
-1.9013816201254,1,-1.90880115641127,-0.956284654223511
1.05417532841449,0,-0.493480262640927,-0.319542673165185
-0.58002949944753,0,-1.24071570175631,-0.138930878564799
6.94047834346994,1,0.829743182048994,1.12479718966204
7.05067960477205,1,0.891579924705759,0.433974816820277
8.79792361321676,1,0.882623749592229,0.890354586796799
2.23310822079606,0,0.501038257924938,-0.412959576166532
4.08049558955963,1,-2.10542470951656,-0.275957757216804
6.31208026551029,0,1.61774072787373,0.406185131547373
4.21163472670745,0,1.39135370413465,0.826776784289005
10.2991343205949,1,0.300289136621478,1.22307919047349
6.19733998839302,0,2.40291254803016,2.04571228699016
1.8876082272882,0,0.728719572567648,1.27318541013677
2.13789754280502,0,-0.576653394900109,-1.04182610651345
2.81553028858661,0,0.575507576994981,0.0562330039638456
0.4938416903479,0,-0.665610933899826,0.827211957721778
0.843217937453474,0,0.17273917662293,0.0820066071551406
7.18509646520091,1,0.623482431885279,0.26948032282436
0.106544296288727,0,-1.58939522931825,-0.377905028167352
12.175369990614,1,1.85376975946757,2.2582784896643
-1.37730168878744,0,-1.69076090719012,-0.46063479185546
7.78057360048119,1,1.04533268654616,1.11469472028984
9.17438656330568,1,0.303050425535302,2.22932420912241
10.6563338215163,1,1.08322246017992,1.62113729890764
-0.0164036419449518,0,-0.37279489882534,-1.29611616695905
6.36207341458192,1,0.470295432632502,0.794861786972577
4.47348673937651,0,0.760216999603203,-0.495710660174807
1.0163491834462,0,-0.349529885030624,1.01167242983935
2.97501222056338,0,0.0800478279940578,0.64692496773319
11.6129143585835,1,1.35564841663428,1.3598972444187
1.50329806106349,0,0.319501797464614,0.983241078985839
-1.71203949798841,0,-0.73069330733376,-1.22959718836607
9.70967980833882,1,0.690413109342635,0.89107542871823
5.38486852528848,1,0.57744135570419,-0.0336727203257918
9.45651857702106,1,0.788500944173852,1.53266056847482
6.34494979790117,1,-1.05151778959496,0.402873921867138
3.51796568708136,1,-0.934692278195146,-0.669463417015204
5.97143247746312,1,0.259468351970119,0.848314267481714
-0.631486318675705,0,-1.71849368748529,-0.133426173598754
2.12720847577434,0,1.2354880136839,1.25382164881823
7.03934382187292,1,-0.0976662187466846,0.577076533498583
0.673302625610386,0,-0.797840594415847,-0.225470249730753
1.59210541467584,0,-1.48182865751298,-0.670470100046633
1.09278864716641,1,-1.73333620372489,-0.860010274899073
2.27433076623364,0,0.564816447108055,0.617382299718248
6.17576594774679,1,0.790243820587719,1.10982982748211
8.74286859125734,1,0.563957475845235,1.83140593697579
1.86773622110253,0,-0.708460088585106,0.0131451018803458
12.8076203796702,1,1.08949740796465,2.63491085217447
4.65753238154325,1,0.562498906557209,-0.160044469503647
5.84863366885187,1,0.125899051174899,-0.495690020351193
-2.31844927388592,0,-2.19933587307696,-1.28364620571683
6.35897419257108,1,0.698190496605451,0.309926608048697
3.41182295241773,0,0.819930131144288,0.769469211366168
1.99064188975851,0,-0.669732661132792,-1.45576262122723
7.25593822832764,1,0.514366021895686,0.379776054964679
6.60055200150888,0,2.26187052042972,1.50969131088195
12.2323310480463,1,1.35368493015719,1.15955801685369
2.07130480867733,0,0.730805010525768,0.0763606893925103
5.12761799139567,0,1.60910261868509,0.66031374273884
3.16256713404767,0,0.0447070246322303,-0.317744853015792
-1.65509563358418,1,-2.44202057372812,-0.540418394245056
3.95733297649352,0,-0.214786114926675,-0.326927185451216
8.2659295080059,1,1.11619967575882,1.23387367590927
3.56711285495439,1,-0.417355868968391,-0.0801943300245969
9.42923953604375,1,0.563471875272087,1.64442047318957
1.03002211452418,0,-0.644517442331848,0.580421933298337
5.23320624790908,1,-0.0414173483715588,-0.336621088623276
4.03765443070784,0,1.37934813283996,1.02516268640881
5.49874955890852,1,-0.00184482593667088,0.446216704318976
2.49499237343515,0,-0.391519689566874,0.517135231354404
8.19906840063294,1,0.918244918337232,0.681844326512624
2.46455662078118,0,0.0467169281824771,-0.165223552281427
2.01445531074591,0,-0.362603134084614,0.134411172895925
2.06816487318045,0,0.373153001992933,0.322937699967647
12.5450071111957,1,1.89397886234201,2.68793329049358
9.79949741947732,1,1.49884823673769,1.29203361302458
6.77758202872003,1,1.21394222794042,0.40992169668299
1.57571056153779,0,-0.256713323285544,0.775799862894496
-1.6684853011299,0,-1.80432640394012,-1.03846591677417
4.94717538623024,0,1.4718961632581,0.212183690081346
3.04762989916234,0,0.482245363293157,0.583889630555889
10.2238446003512,1,0.786917732304439,1.31905011935183
7.01749917381138,1,0.723652096876535,0.661298792944984
1.86052493811664,0,-0.732192101529841,0.837087156393656
3.40730441087768,0,0.429255462821064,0.182943335618249
4.48142198296933,0,1.1441117522584,1.55955075119124
6.09170199248875,1,0.69271656557568,-0.0185503567367392
6.89725487334644,0,2.24955596432252,0.907552195341312
4.35260781672172,0,0.771147005888636,0.0557549077344208
1.85721867307613,0,-0.299365023614353,-0.0807181283200837
1.33150746488228,0,0.686339779702606,0.310823927985825
12.2920176186114,1,2.13908215244086,1.56371141754298
3.00422978649617,1,-0.4383673279093,0.262714715331711
11.4282729928659,1,1.1689169789871,1.20803903946093
0.292402844312417,0,-0.926117459767754,-1.32949853267091
2.25196860092921,0,-0.345739411681256,-0.344654703261036
8.04703871681003,1,0.581827357557905,1.34330079386734
-0.552523875954415,0,-2.76804184917405,-1.77482054087963
1.36245775583658,0,-0.17377862293418,-0.573274641581448
6.60305006290925,1,0.447071038577069,0.456057922703115
3.01548679975989,1,0.0953848647666059,-0.954322636979535
1.70967377085921,0,0.46596996971022,0.890559037259579
4.85470931509054,0,0.978421257198909,0.228475160305309
8.06133062863276,1,0.0314232986123494,1.00591377369224
4.85285938596547,1,-0.912587401217469,1.19235711919933
-1.32913606143578,0,-1.21617607874863,0.520765898469052
1.38812767500112,0,-0.576893095972405,-0.529144766192472
3.74935620883915,0,2.27050613721424,1.75906272098464
2.43434332385656,0,0.657794800454793,2.21314668913004
1.56884414676664,0,-0.351627699396843,-0.727962353205006
7.76838985528869,1,0.891621583507547,0.455723010071429
2.89163467136429,0,0.569413580586952,0.157399301177984
-0.0542843144266213,0,-1.13110202021968,0.628258708269173
3.92383262447058,1,-1.3520529749367,-0.410419124377127
4.34520048828096,1,0.0836985278539319,-0.0658773760025004
4.00526224651071,1,-0.0302593066453994,-0.798238496524722
4.8536849583695,1,0.396484061090034,-0.203690796541125
0.520405925847897,0,-0.274459460975138,-0.565591952076125
-1.59587438540736,0,-0.461908240478277,-0.300619833177967
7.14495463640118,1,-0.133126230467518,0.856169236241168
-0.474934110908713,0,-1.11885151529884,0.699732365079395
3.53745105984516,1,-1.09035439234216,0.209525790103183
4.321198546597,0,0.430812737030982,0.013708341752088
6.16488674631107,0,1.63278888673603,0.70585303827459
4.38076732289287,0,1.67473152980661,0.969122135109603
0.982441306138616,0,0.696075348852985,1.5849408872721
7.48883613049663,1,0.178872532406264,0.73873326135704
4.95304110320437,1,0.496484728252632,0.202273987194768
2.75525988360942,1,-0.890427436622133,0.202821243908538
8.78377418379084,1,0.625907957114753,1.18235780156896
4.94783070375021,1,-0.458045384628003,0.313629894993171
8.53051125269317,1,0.465804102865693,0.997981046431494
0.40022852377262,0,-0.67927586155258,-0.157940340492962
7.02395359147555,1,0.276049767919928,0.0472388122264341
5.18629512535929,1,0.0385975721384857,-0.13099226355766
2.1193573696762,0,-0.0867630812437313,0.0818200166412615
3.14749769634325,0,0.238043286085777,0.298591125855403
6.87799174647378,1,0.814998962738104,1.0534777125884
3.85679157802656,1,0.183930293229288,-0.63246981077768
2.70426486046485,0,0.162973503922369,0.166121285141485
8.32084294022508,1,0.389941845914066,2.30968664344254
4.89835126695869,0,1.08924741292095,1.34499738158843
1.27613306936862,1,-1.37586584665439,-0.419905302172073
1.78313979596681,1,-1.36872488063286,-0.36986482636008
9.28598993212201,1,0.110435569425219,0.853874233530121
-0.68400989140996,0,-0.99177061512034,-0.650686313112125
1.4885413181623,0,-0.117415429762176,0.199847832928681
1.6235865870684,0,0.174335636632968,-0.96727808574812
9.45214530985804,1,1.22110127086039,1.02933214700048
0.613364494729801,0,-0.782112883109655,-1.51425663190109
4.32272854270572,0,0.467029651056616,1.61093898545366
1.30869317147081,0,-0.754324568883227,-0.684692885010872
2.26678041021437,0,-0.545878806683861,-0.214429828176319
0.356806765322318,0,-0.546163109446786,-0.250733521456179
0.591235803756089,1,-1.12755494856248,-0.579921083459675
8.00004937380381,1,1.07954791601437,1.69348838387416
7.49731004034366,1,0.84916076310258,0.791977902708012
7.83169967930718,1,1.1988868813964,0.0636700117059923
4.8050676350976,1,-0.718747911605191,-0.046343682416567
4.08204250225779,1,-1.27944254863265,0.320210023983299
0.0490081008328599,1,-1.52777285483356,-1.28972012268681
3.16636871100528,1,-1.79090233055478,0.673339553455573
1.61143989995842,0,0.0502037251103458,0.174173199907212
3.22930604762087,1,-0.557498578436583,0.154336135836798
8.92069654425647,1,0.83711860740213,1.0836476780279
0.388291713136461,1,-0.811173797865452,-1.23301534998928
1.95924765917812,0,-0.383307312567045,-0.140591845653332
1.27183138581029,0,0.424048580342804,-0.071419529968723
1.47925132844028,0,-0.876521192668636,-0.39480659570695
6.76573767231877,1,0.675706484681386,1.15493577472735
1.78335862844582,0,0.172256789272644,0.0970259698477123
10.2265709673103,1,1.29722825880803,1.85866721744375
6.16853137641316,1,1.02887253042746,0.794269282649047
1.98020273820376,0,-0.630289530660398,-1.32381317822419
9.85839003335444,1,1.84957303730461,1.76952706668235
1.93863264351132,0,-1.06819652755533,-0.813606683402137
3.56084836441001,0,1.52195022876085,0.741714615369608
1.49071611940218,0,0.254492953564079,-1.86946415103021
9.25789164803861,1,2.39425409313257,1.03556546071183
7.64236853984083,1,-0.358284537099917,1.55569577439221
7.40814640479898,1,0.939068444083926,0.72311798415955
3.39728651559988,1,-1.08363040527713,-0.186877756398441
-1.86942539977875,0,-2.38050353529127,-1.21833836486827
1.02317860445777,0,-0.785839870953163,-0.277123653271194
5.83369909224646,1,1.10499646008019,-0.11245713865617
-0.52615840112368,0,-0.231793781657796,-0.0611364690698418
8.89935731260188,1,0.603170487177363,1.1012546909457
8.76118777529911,1,0.0185130070701657,0.980911494539977
3.25942741297521,0,-0.0670512516041766,-0.852392453505169
10.8435647801305,1,0.565992934370681,1.8280796032242
9.73999208484747,1,0.18400425328656,1.87331966997852
10.4474684744287,1,0.92601850623557,1.63698456178823
0.513247852964863,1,-1.16780646620434,-1.17694278916398
6.60093062853577,1,0.698029239074742,0.140367975711276
0.932343939515721,0,-0.832198914517355,-1.31397045695769
3.62869977717447,0,0.953788852433319,-0.0325489550915012
0.245001724655782,0,-0.944792669282211,-0.77328189421226
2.43164859123979,1,-0.853290864053551,-0.0776792518701092
1.23485124077727,0,0.425324793088786,-0.0197827468292428
5.0427337154957,1,-0.115857579992609,0.036492279412925
7.27033728129928,1,0.41660177097045,0.803686362682855
0.638272022780215,0,-0.901061564754352,1.07279306319771
2.23513146115272,0,0.28424120275237,0.126208010109798
7.89298436859237,1,2.12152003665978,0.57934340302897
0.103217155976353,0,-1.810068110403,-0.588779179278953
1.48075581264006,0,-0.571216991198719,-0.485265796018649
4.55723143243387,0,1.68271555247843,0.320025867626583
3.16294938054703,0,0.0712583908119173,-0.240590390145886
2.78094835075189,1,-1.08828091250271,-0.262466445184142
-0.36473062870604,0,-1.54246713995779,-0.880887311221428
7.21132124001581,1,1.28151465479633,0.220167274208164
9.34814845846024,1,1.03207879871387,1.41879662158481
2.64919209310117,1,-1.17025935910205,0.210263653877746
7.51439632779204,1,0.212414539807282,1.00169997848162
1.28175404322294,0,-0.753825316926235,-1.49529120039882
5.24755389847485,0,1.65962672057147,1.45813540123061
5.30234301579169,1,0.673391549989475,0.0647899721848702
1.81391815299858,0,0.103768090781736,-1.05284530591929
1.58873712486445,0,0.425409035274436,-0.491981139351412
5.14539149346628,0,1.24948249747658,1.4918414640405
3.08901018487691,0,0.0431161661053038,-0.224169242027995
2.47967543739286,1,-1.1908738948042,-0.480343501807759
1.49449118249988,0,-0.0629300854837999,0.0139576269225993
5.16220929809039,1,-0.62631854862504,0.312682496974028
-1.64176554526872,0,-1.7068746392503,-2.45269555519303
1.63302250025549,0,-0.644017903152832,-0.443778370304577
3.568618579745,1,-0.659758154798647,-0.387774265445318
8.58498647733723,1,0.00709237360697184,0.920152489561237
3.59300004680265,1,-1.50953931158599,0.366637303896109
-0.403703107184159,0,-0.977956619154569,-0.772610558118837
0.647512094967201,0,-0.536051301838726,-0.21789355170559
-1.26366353331341,0,-1.7191852379594,-1.47282288933447
5.08698592004376,1,0.06078387604032,0.390468275010504
-0.171086154037924,0,-1.21112752784186,-1.19760794152035
2.05678819565562,0,-0.750132284577046,-0.0961487667212636
8.50964516936905,1,1.54041174535997,1.00231869958432
1.34024993844767,0,-0.0222439309722038,0.16701486231202
6.84030223186187,1,0.307843111885421,0.6861135686233
5.07355227634082,1,-1.22806532850301,-0.065264916419674
6.00123370806644,1,-0.417614822784393,0.183627343421209
1.56126949116575,0,-0.539483478731296,0.285240822108168
6.2418944435295,1,-0.383859268257113,0.617649053512837
3.45003355836863,0,0.88013324942254,0.0110916644506726
11.1611617361521,1,1.56957431463967,1.32709805529375
0.74800098956018,0,-0.903355352966364,-0.789344858321023
6.29436544363979,1,-0.0365403679029384,0.452492349648031
6.34642299311418,1,1.03426875517812,0.107198592418319
1.99682410963777,1,-0.845639742819152,-1.57092949889294
3.34110299331363,0,0.392361406959054,1.22817232718625
6.42062741502519,1,-0.394185495147341,0.706461241564552
0.807013817780706,0,-2.01809665756438,-0.594433670751027
2.07688284959506,0,-0.374138814925966,0.0777538814516963
6.89125708851867,1,-0.231346136505917,0.841420895970104
0.956469924791364,0,-0.239939236666903,0.287298582739517
6.05305038407749,1,0.134675592322789,0.292605473578133
-0.426190906198399,0,-1.25659156395676,0.10061981907289
2.60858251954781,0,-0.23993169230093,0.651848723544715
2.97569798899918,0,0.202538948735018,-0.121949407295654
1.00503241250311,0,0.715709084226975,0.317239700512396
7.57115589696234,1,0.238567496296625,0.956353749591828
10.9929211639531,1,2.30568329091655,1.67857535809834
0.271406267884336,0,-1.42207668445487,-1.18810727865289
-1.37289714328587,0,-1.62637277152633,-0.429134416723279
7.32283602205182,1,0.239988818957271,-0.0623281544822554
6.55798360254355,1,-0.616809622537442,0.181694165161766
1.61751906029545,0,-0.193340132369852,-0.71599046713328
6.55969897642061,1,-0.218647472766723,0.554128728765501
5.77852536501458,1,-1.06024766038828,0.875794815261466
0.432737016760004,0,-1.79389054620952,-2.20402589999021
2.18290431868506,0,0.237054374642008,0.605304615470335
0.248659102275141,0,-0.842381473369465,-0.502241874705668
4.21526770364315,0,1.65917221262454,0.713085996443225
-0.177087703521099,0,-2.79640375071267,-2.6652231978026
-1.72483969427858,0,-2.92461230721019,-1.5952761474045
0.910418828702222,0,-0.0733215771288336,0.860040294684906
-0.12656035103666,0,-0.887564122993875,-0.408090508824304
6.20964364760533,1,0.733538307908411,-0.575767863597951
3.12719505800409,1,-0.689972094151552,-0.0247454167549267
3.99333437829036,1,0.00454807597855659,0.0433449216567844
2.45797985054795,0,0.873570773124057,0.353831589095101
1.8388745836663,0,0.235570523426045,0.352482785547561
1.4388798414369,0,0.208009286888054,-0.0903950409475892
6.25769637661868,1,0.388051503558079,1.2316104351264
-0.581518029963201,0,-1.28122647396196,-1.24680115881773
6.20260460579946,1,-0.296490562155028,1.31877702080446
2.03770223249128,0,-0.0885110339596129,-0.558871334082106
4.01861655420503,0,-0.66951855591953,0.380386896194161
-1.50721659912947,1,-1.26400792522596,-2.02081151128288
1.5608343072617,0,-0.724714991508701,-0.951249729908627
7.1736242977433,1,1.32226610331486,0.50306540478825
2.30821861003108,0,0.0732576823537593,0.332460689206781
-1.38764007372293,0,-1.39413879275911,-0.650130816952039
3.537111699748,0,0.584124439485627,0.567141577521807
6.1839838831343,1,-0.0576074033737613,0.681010071368643
9.8629669960139,1,1.26517400969052,1.71678974065955
4.72911555656243,1,-0.525313823046104,0.713969429183046
0.129214089873221,0,-1.41952089672186,-0.919865685609085
2.11109159227903,0,-0.638785757900435,-0.0575988937928079
4.62143313596762,1,0.0716133593684089,-0.0693213302285105
2.94267337166556,0,-0.676919785813381,-0.592732181791653
3.75704706391976,1,-0.356012958329611,0.583241614616185
0.165565779004214,1,-2.00438223802039,-0.607363099223324
3.21416127534034,0,0.78461202201097,-0.00266064593684345
4.03955702381618,0,0.230885438775119,-0.872980763495307
1.10797127009839,0,0.751146092229375,-0.220809995580822
1.68715142332338,0,-0.17370376814727,0.919195083292049
2.00513606984176,0,-1.06049590576027,-0.709520844959229
0.794230823307342,0,-0.181573884176958,0.216210178369413
-0.0606335171250512,0,-1.49416697975638,-0.921225248071168
9.25490271983885,1,1.19909416049002,1.36583204548145
3.33167978735648,0,1.44692408011396,1.17972015317703
1.53394614559266,0,-0.564479250226635,-0.0448370610674606
5.60473383601227,0,1.23407170744777,-0.792723398995682
5.92443316695486,1,0.0978501302781933,0.589961248442261
3.41240544252588,1,-0.976083144294605,-0.427266519811985
3.93208688396582,1,-0.188280028604882,0.0911203925422611
1.90333622503662,0,0.133990663137147,0.247374574578561
5.76701028268214,1,1.41908502209473,0.2647674360074
9.31733069613451,1,1.45165654093084,1.70328952396469
7.73698958406167,1,0.61729767668682,0.911822610287937
9.48741955161695,1,0.0288865460422409,1.64758299924604
8.79910743002063,1,1.18122752357816,1.36020405624001
1.88387706132741,1,-0.532557896221908,-1.3973295139167
3.84811659986872,1,-0.138485135200892,-0.123515769331105
9.9717692671828,1,1.35471051988275,1.46151668291019
2.71331091023849,1,-0.824509666339936,-0.650656335828503
4.2646255439535,1,0.380351796087484,-0.264831635177444
3.68085677070007,0,0.295415280575013,-0.103237573563522
8.75593877676225,1,0.804725184666791,0.901703043577608
2.85946627006186,0,0.8768689807777,-0.889251095258959
4.03807895574921,0,1.76787404145465,0.834765331960772
-0.0341552447422483,0,-0.723964830704527,-0.955294697776002
0.748238901614108,0,-0.828113325892517,0.285597220700184
2.29746224986722,0,0.452414229471465,0.206488000683656
9.32441878293412,1,0.545617984247485,1.78281413556479
2.33541537344418,0,0.129242422271937,-0.386132100874779
4.72135618480744,1,0.335642854886954,-0.514635876157623
0.618302385630788,0,-0.92796943048353,-1.34962251082355
-0.556413163781484,0,-1.93520117085208,-1.32946377059644
6.35412463822551,1,0.0112155946530831,0.556440610702471
1.33321936816963,0,0.174622567980325,-0.177905480792688
14.223812590444,1,1.42510117425471,2.88521172588819
10.7416203205217,1,1.80013492034348,2.16358728144707
4.96799399474969,1,0.00314201386866227,0.365402711944419
3.2891045065077,1,-0.856120404253594,-0.777095282398204
1.60957618180274,0,-0.122819201605876,0.125382439419472
10.6794268467817,1,0.971401869287675,1.444709220169
1.22513987036932,0,-0.789121664779657,0.301917508749028
0.894689255042628,0,0.0794215609719788,-0.476472261867561
4.04198082750851,0,0.424762746719411,0.709770418955559
2.42054448580124,0,0.233209874839791,1.04568720753683
3.74714850773362,1,-1.33669716819583,0.143783690015481
2.93512681996012,1,-0.578464901143946,0.217355698841061
7.74534569953888,1,0.271716898330897,1.11353381134517
3.20505035562047,0,0.710453767755052,0.847666448466731
2.08886847994498,0,-0.117770438863897,-1.04163804135233
2.03572470169623,0,0.196606520749815,0.126109579243991
6.51666604755455,1,0.0168714336358262,0.237490140187287
2.43508558223441,0,-0.00173182817619077,0.748804048377976
4.40631420265785,1,-0.425991594174417,0.797571739158951
2.68158421930601,0,-0.142326136457328,-0.0466489994859857
2.50133519134804,1,-0.458440474373763,-0.0346154180114652
6.11351600178024,1,0.529154985995071,0.0302908359904619
8.00860396477394,1,0.25572596232149,1.44583710754492
2.63230554688835,0,-1.04920789240637,-0.571150227142311
6.88486726529366,1,-0.697783384158143,0.877518896367327
1.50269467188301,1,-1.2093201214175,-0.978979249494851
0.784163991024542,0,-2.16652696860728,0.325191475882976
-2.29946308194263,0,-2.33506222656491,-0.823552277408406
5.08202539877241,1,0.00439125800946441,1.00342601319586
5.80729510232867,1,0.554092646629726,0.305563493821125
3.27515125753703,0,1.43455420055558,1.32104833646199
1.71683880313518,0,-0.0889649690650586,0.650444240546976
8.43042044683194,1,0.148287874417571,1.63816118323461
7.80967412366969,1,0.0988403724043779,0.398873083212304
1.13625543831495,0,-0.152397413950824,1.17729917587942
1.60252483961325,0,-0.419344986773099,-2.00071227008576
4.62008434377206,1,0.0173566705679452,0.312450739588818
8.79141404045952,1,1.23057232919232,0.821256244712529
1.97253641233259,0,-0.0792467689519906,0.946305422949384
4.42967161675474,0,0.970117576286707,1.72058134427216
5.13429234582757,0,1.04783144106234,0.493201224862777
6.94866671589863,1,0.119112063824212,0.68941535349088
-2.19309037707988,0,-2.87097227412005,-1.92278207636156
0.793852246507311,0,-0.944956692204783,0.857674346285311
7.20635527596866,1,-0.269517653722808,0.85608375830976
1.42214115118052,0,-0.319250326019061,0.78204073727427
-1.62544366035857,0,-1.9485883782244,0.113367513098911
2.85348892830143,1,-1.12156611982502,0.42583082431444
2.56872972744705,0,0.308349007902189,-0.409318141291772
8.17054787250742,1,0.573841300328446,0.994666154144024
4.61188491776414,1,0.0445156451406167,-0.767266410866725
4.91679115802116,1,-1.28545430463542,0.310785628700962
1.7597052195336,0,0.639982971310898,-0.436100736539253
3.37095397248105,1,-1.3929865083336,-0.00652661612831168
2.58925840223297,0,0.258736309327336,0.120292498955597
13.0897768444957,1,1.16752152207957,2.57323755765091
6.17472566676272,1,-0.824250507419858,0.533191538085796
11.0799032035071,1,1.05795178423253,1.63543755517778
4.21828370654112,0,0.91575533789445,0.346407672655788
1.01701934577754,0,-0.275287910410301,0.969254148417487
9.61177447350543,1,1.23550174780536,1.01148379239511
-0.827740421656487,1,-0.928359493259821,-1.78897349077749
0.667269612997881,0,-0.660416244243537,-0.1915780355371
-1.11872205787786,1,-0.903262070526316,-1.61062212121331
11.3244947812832,1,1.01293965229352,1.65633026866547
7.57276832234395,1,0.509623074906483,0.937686061228537
4.37744573670305,0,2.24759968878998,0.346033532038469
5.48488344012858,1,-0.281942273399087,0.360802878206189
-1.12113492136893,0,-1.97566531851067,-0.971336162584505
5.43879959550479,1,-0.205049395423513,0.702958612914747
3.78805499250302,1,0.763915781740593,-0.150526350596507
7.70968223824326,1,0.591233020514796,0.753972435037902
-0.248511179328699,0,-1.18142277708681,-1.3681692375152
0.0285634306521125,0,-0.641761925591046,0.600731244012166
7.98360254544344,1,1.87310160115327,0.752924768604808
5.8185547837174,1,0.121437960409017,0.425232918457732
0.761250709462658,0,-0.761088210212582,-0.657255324418279
-0.00693726426808616,0,-1.51750097528115,-1.87866498975165
1.36921808864887,0,0.137173026736081,-1.03118183754447
6.91974721525299,1,-0.441301445454759,1.41260624283833
6.9828262407942,1,-0.263263856445754,0.0611083743407945
9.35354862516852,1,1.14159935332026,1.04404515685211
2.16650723900547,0,-0.406719712300912,-0.379442675651896
2.21356253282081,0,-0.364855425291002,0.21250085818547
5.56781534853857,0,2.50995508514941,2.66091782750087
1.06746436600198,0,-0.298365636090048,-0.0822705808353569
0.488394379903874,0,-0.770434746934442,-1.68843353095227
7.45918441973309,1,1.25684192160891,0.974347903026535
2.27301538775718,0,0.521575176303643,-0.284545240749351
7.7293408343635,1,1.22345955442958,0.845123894271711
8.15387660383335,1,-0.326206257893325,1.14514194414313
7.17560596328543,1,1.83786233197103,1.19564222599506
2.49947203532285,0,0.289115737190732,0.312186028989005
2.76269378757788,1,-0.579799352035144,0.141512441622506
0.532297023110103,0,-0.685019552730299,0.0180770064356883
2.17681284839767,0,-0.0100553138511962,-0.581810515994756
2.55486528933661,0,-0.454740763683707,-1.01806336584689
2.58057544916759,0,0.520156199332225,-0.388193878439875
7.54491171229204,1,-0.162172106940491,0.462974518903898
7.38297618474378,1,1.07065227702626,0.795236946060352
5.5490752220114,1,-0.80510792507316,0.375934241578607
1.71038153792782,0,-0.51839948350906,-0.236297316274723
7.3425787716283,1,0.978360560366962,1.00477872085946
2.05675579958186,0,0.521847944931176,0.0193785934998198
2.04610048638203,1,-1.24944531737662,-0.0866492537428495
2.97742983093468,0,0.0876085680316771,0.419489033714973
13.4733236326379,1,2.49274799949516,2.34170354259068
1.63034704680571,0,0.396250828602668,-0.758461748048764
3.00792533908389,0,0.949985441902496,-0.411551624682103
9.80673146045987,1,0.127519549207224,1.63832527265842
8.68552978052155,1,1.85437213470546,1.05169544833187
0.988970806825528,0,-0.513519402278769,-0.991549298737172
8.94420470627728,1,0.358814052211492,0.998724133504461
0.736648089359474,0,-0.545295567954115,-0.567141231196921
-0.753371752176224,0,-0.948161888379055,0.686142895579798
3.91476393885382,1,-0.509707591614245,0.492195382782928
1.95199203315345,0,0.00438667129512096,-0.733926113885848
4.79294261851606,1,0.0138584350613329,-0.341870853005467
10.6522948375279,1,1.15695997238867,2.31249891786821
0.0977138453056294,0,-1.12103815956691,0.205053102309406
6.41942030169885,1,0.164455924461431,0.893997271409428
3.34905193247639,1,-0.825068179844321,0.20533017400335
7.50508637469343,1,1.46321618913883,0.842488284794438
10.526343379736,1,1.75097399418052,2.05362997284322
10.867687629477,1,1.5293131246,1.44209149477861
4.27925774578822,0,0.830024446018893,0.0139690521926344
4.98752700330581,1,0.543078836638357,-0.715978340854947
3.17721088812443,0,0.108466958648753,-0.253342422272374
4.58946167176405,0,1.55114364321842,-0.450369901426571
5.13442729224081,1,0.424742633086379,-0.183511342908924
4.87487328755651,1,-0.675063085771128,-0.104632044353813
1.46037110735886,1,-2.0257070301167,0.240033301556255
2.54111592715537,0,-1.37720253389634,-2.05870608574236
5.6743148145916,0,2.2554315093979,1.39612458354037
6.79486464187019,1,0.0817214447160778,1.3206945212388
10.1396548216294,1,0.50426296137917,1.73064810628011
2.72793089987358,0,0.994562854649485,0.837200322060589
9.06478907158901,1,0.906444551501649,1.57028736090233
4.08384159220924,0,0.885660564804298,0.626217669814282
2.22034369329632,0,0.0422293971575509,0.240832266048019
6.54465518948656,1,0.83426182301277,0.92455663772844
3.16195867474753,0,-0.291675283653184,-0.397782832850612
-1.99664318017303,0,-2.60549179043269,-1.35116200402892
-0.501954253448406,0,-1.80389139840082,-0.432594821712127
-0.518170953833648,0,-1.12989901257279,0.304567353363401
0.988062504703854,0,-0.688547615407865,-0.316605142284173
4.97890950541927,1,-1.520673239837,0.906954924434173
6.51174588643988,1,0.453773416454782,0.538207148296026
4.93032806691339,1,-0.370661307314112,0.217591688103466
9.65581556354274,1,1.83895712794202,0.932840397158427
6.60604382898138,1,0.658321479878473,0.339969826481101
7.6988203253459,1,0.399716262751225,0.758628730313846
7.21019534460534,1,0.659311239963191,1.35566833733969
1.49162278574544,0,-0.806520258731503,0.472666723943477
1.45697950749967,0,-0.529909764069405,-0.924358187760202
10.0011845199502,1,1.40660921422975,1.57087219047535
8.56138867778128,1,-0.514077153236468,2.01855756769225
1.58836401730629,0,-0.15005474887601,0.571482568176719
8.41560720013079,1,0.911218708847503,0.965069227999615
8.71380624845505,1,-0.182620849528586,1.33524368911125
1.87328166136972,1,-2.24458965300347,-0.0393415077859712
2.8785103407122,0,-0.857522667684603,-1.18241574430721
4.51146206587822,0,0.37821163364846,-1.05370402422053
5.89475936440654,1,-0.249492656728054,0.9741199983424
1.65231753847605,0,-0.211636398543958,-0.999512771781878
1.63362214311668,0,-0.831688776871917,-0.345830673672053
10.0049364351756,1,1.02581917962355,1.77657530090368
-1.18914760530396,0,-1.14406286102718,0.287942175528145
7.38730400592099,1,0.275679647154316,0.887990781565149
9.34891816053092,1,1.94106419059752,0.708267806021885
2.09513792363429,1,-0.492458646182663,-1.09256575264895
-0.81484717678459,0,-0.577848104840577,0.32384856064466
4.94055529390545,0,1.39836827562296,0.110457761010912
7.58718803297035,1,1.08545961937113,0.560959265639125
1.73551249519056,0,0.429983713167619,0.972575843205645
1.4411443527189,0,0.534886220068015,-0.100300255216305
3.82285639805832,0,-0.220662495900193,-0.339773632254569
7.83771079885108,1,0.180936078798914,1.39783775838562
2.52040002717909,0,-0.603710529906828,0.270626143779943
5.33790379625553,1,0.203093165991703,-0.20057439086865
3.69205016337682,0,0.546897953747353,0.515477694613091
-0.69241138543448,0,-0.0994620002077152,0.864189745526545
8.51167587000951,1,0.082546237559531,1.41156313157938
7.63745590648485,1,0.964841258900564,0.884239913678519
2.74821630221814,1,-0.746163553441533,-0.162746773488537
9.89107385524892,1,0.434145935866934,1.61786410162762
-1.98620328310183,0,-2.14718868331245,-2.34505856210496
2.15366108826009,0,0.309035966269781,-0.950003601023526
6.73789884591224,1,-0.771863495080623,0.930731807467486
10.599745336471,1,1.48164327818014,1.71525647390986
7.25106293548758,1,1.22940467572942,0.922612806042981
1.77512375823488,0,-0.674891259883583,-0.680573960393652
2.25618571686268,1,-1.35828711361627,-0.677643443600513
6.37920066287053,1,-0.710370554276016,0.887353512193988
9.2219377619411,1,0.4137166820098,1.0958397438896
2.59400496573437,1,-1.22851029946798,-0.525355788281563
4.58396576134235,0,1.61903892795169,1.87279020877632
-2.02107629862138,0,-2.27911273271574,-0.43011298355436
3.69778855392347,0,0.871926650850945,1.03562441288401
10.9067699856288,1,1.48695489291169,1.29052336964445
4.50387512055885,0,0.791864485379285,0.829758400170744
2.84016701458787,0,0.580845090093379,1.14773274460451
1.11530814831,1,-1.04920861926376,-1.06089868233167
3.96845831854226,0,1.34635668201572,0.975604251322069
3.11345288406547,1,0.286483355085975,-0.132430872872816
3.96088899133553,0,0.757009473843196,0.315085751612545
1.56483747602711,0,-0.312354007887606,0.217180612502885
1.17298214716701,0,-0.71141849313506,-0.714648408640706
7.91646428310909,1,0.953133277794097,0.633655633853044
2.4093118427899,1,-0.473790788326413,-0.530411182181936
3.54412199902897,1,-0.333376441760942,-0.434860901898849
7.9994709866411,1,0.519004587915782,0.867712921610982
10.5832805912718,1,1.55917641033868,2.34271012348946
1.86699520309697,0,-0.869931282501012,-1.67286878749316
3.01064124549461,0,0.90278212621351,0.922300243015971
6.2225460758163,1,-0.611867095833552,0.996099955325958
0.711357871798869,0,-0.0705988783567026,-0.764987573457905
0.552946333993091,0,-1.6022218219383,-1.07023772622758
-0.8661061661446,0,-1.29602701507866,-0.618814429334675
11.2843015865259,1,0.927667061044936,2.32956391904079
-0.115187582998593,0,-0.952149718794599,-0.478385075076444
-2.89768628700208,0,-1.38943058953227,-0.384946840207104
11.2831354095281,1,2.38954103749932,2.13823387566992
6.25855656293004,0,1.54331213757986,0.384782193866016
-0.377533561745603,0,-1.89093810234352,-1.15007307129411
4.96485713501103,1,-0.62469542881051,0.226417276242303
8.54823476042071,1,0.538003205194175,0.886197203171504
9.23117009612938,1,0.635132754818249,0.952559149041923
15.4566399358453,1,2.69891123821786,2.33334438217253
12.8588624166573,1,2.26355022666456,2.37330690168015
7.30977839565898,1,0.630027974980914,0.709585113748743
7.97266498795621,1,0.64301427288017,1.13383925780795
6.65679315072718,1,0.808624489492393,0.642356039496859
8.33362670121383,1,0.429396949375279,0.975409211235249
2.88102417173734,0,-0.0930019873674091,-0.68763393098509
1.10050313775616,0,-0.120226171098034,-0.111337757489312
-0.621365358341288,0,-0.850585510511833,-0.0985250267045602
2.90900427605626,0,0.855781702691427,0.685083828581469
-0.265401323735288,0,-1.57153752830092,-0.533955572076118
8.60580708631912,1,1.54021903844975,1.93403550427964
7.85981954924604,1,-0.627914904211139,0.816200791239794
2.6647035114308,0,-0.467890433001933,0.0840515649657295
11.2596725149005,1,1.71569437179622,2.04430403998479
4.58296510100616,1,-0.1149962843337,1.44610468699149
0.942875772892726,0,0.343088486872356,0.462725848695053
0.883498294496683,1,-1.66956293475289,-0.0354894643851645
9.47090141627568,1,1.05088909195755,0.983228565718991
6.94791246437004,1,0.78721624424049,0.569652590837976
3.07537970625733,0,-0.26196402330429,-0.899385021807207
6.16775827724868,1,0.974508787030815,0.0659643928419356
7.25735498149127,1,-0.0552793027161335,1.25130627646994
0.185012537659198,0,-2.12239118890484,-1.05237226066437
3.72850144985697,1,-0.4490326315123,0.0915130748215341
2.12086364333821,0,-0.240320150804314,0.319178183056404
4.07868732491786,0,1.68683310389262,1.34432154265131
2.20141809693301,1,-1.05765605347438,-0.434292050807508
5.40695088383552,1,0.025203653391706,0.809397645037181
1.40475313177847,1,-0.326764699069063,-0.421000246925839
6.46895668354003,1,-0.0748645544834603,1.00237949410468
5.97214050915555,1,0.833547035037411,0.115340853095396
1.99572038440688,1,0.0453506601850455,-1.29167664884186
1.96952035184251,1,-1.13320906881416,-0.385541102403528
0.713640740514869,0,-0.570341142225128,-1.3703875685142
8.52035091981147,1,1.31031261791635,1.47667509016655
5.26540900268444,0,0.351140568842439,-0.200733592382332
4.65518454665176,1,0.516860006310991,-0.555061768218326
8.1761204205902,1,0.0388287639504652,0.971205814421125
0.42821871214321,0,-0.15794363189313,-0.976763372891392
3.31507031384347,0,-0.0804673813329552,0.650230163393261
5.82850823842673,1,0.209156819094973,-0.0108197940168981
1.478928314224,1,-0.684426569358548,-0.0636453249488739
3.9370020934408,0,0.319135173766063,-0.593824959818138
-0.469588169171281,0,-0.99635143771945,0.131519960917011
4.52700874908691,0,0.521646061105593,0.153533614982296
4.94666073920428,0,1.08883048897523,0.803436668973198
0.132588364996059,0,-0.71268701230987,-0.264755638085535
3.18588029291554,0,0.645765061277171,-0.167371118992713
7.26131175947591,1,0.37249308585621,1.35152866922285
-0.245063888099552,0,-0.353595598580215,-0.986991081758918
5.20476694605459,1,-0.498349711014504,0.572292746503672
6.97390614692557,1,0.0567401247871008,0.583173043140378
1.55830116189104,0,-0.293296299596151,-0.240671197156689
6.84434663425865,1,0.356531682957757,0.893798308575923
11.4767180174231,1,1.34203569570648,1.77363062561278
9.32756677423482,1,0.269781216443606,1.44101063605665
0.582352955853516,0,-0.652088101084066,-0.119518328916533
3.21610641995385,0,0.996835127053164,0.418882568157546
13.0860379390717,1,2.83671676314783,2.1826925723258
8.26653835477076,1,-0.305517222647923,1.17214209965968
2.22502773077872,0,-0.317843492151114,-0.616062908024649
4.61160895561645,1,-0.976539199427778,0.785540023797959
1.89317165174757,0,0.329971512638617,-0.397714314848415
8.73998634681064,1,0.821043777725299,1.55681442673289
3.98923213296015,1,-0.891057182577848,-0.785380267614126
-1.28496638130041,0,-1.46313509820764,-0.861913807057654
0.389774819149912,0,-0.180579685816064,0.140703899521031
5.77087270488951,0,1.47606421646546,0.774546542308569
3.53057607986008,1,0.187681850646884,-0.454724000867748
-0.838095660402595,1,-0.939837965467747,-1.38227857781881
2.81680765907524,1,-0.111866743192781,-0.773303450815982
4.35593730623357,1,-1.36831981832027,0.920722081264674
2.48591111946434,0,1.66912731587965,1.4810739069559
5.98648915142392,0,1.53539491460172,0.168787158341093
0.837319050843605,0,0.474024818456795,0.900284523802731
-0.644360739947148,0,-2.01318038578564,-0.881149726657374
2.34631057477724,0,0.28277128691336,0.39606743043653
-0.850162626544419,0,-1.34670338287337,-1.60154206360236
5.15123294931889,1,-0.451849840577798,0.928263270596391
6.03011969924519,1,0.3429102406022,0.363829989387042
10.3985003821731,1,2.31964038971874,0.725358630846611
0.806180161199032,0,-0.558136584642131,-0.267189556268598
4.28335548243081,0,0.917794798622835,1.51261996130475
3.67600227282919,0,0.964401971079765,1.41469913981897
6.30313956149854,1,1.53935359796049,0.372983458780525
9.87711709767021,1,2.17053712658222,0.901177176483291
-1.68333290348304,0,-1.71463848093893,-1.83551007345781
6.76725326225577,1,-1.36233089194415,0.715617947311267
1.02028641527182,0,-0.0852070597062344,-0.285253284667446
1.8909400171815,0,0.17155884518139,0.644832399599387
1.16731258328831,0,-0.255876665395405,-0.305486691845715
12.2496886931743,1,2.17588931809767,2.10585051228059
1.08157480200937,1,-1.431191416067,-1.09709262929624
6.13211338224761,1,0.0328685820585295,1.0512093925633
2.18910351253447,1,-1.08227800234094,-0.0170550864156227
6.04425934616887,1,1.1856270085313,0.204599615741316
7.81567418483876,1,0.768648675383381,0.866096879334785
0.664633218858866,0,-0.76004642470574,0.00351783056172594
1.39007684653387,0,-0.04580191001777,-0.0190559785975871
5.37225063746413,1,0.986869587230684,0.281321949645963
9.86747491438287,1,1.33561095242935,1.60360956153827
2.54987730212832,0,0.207671566768622,-0.22371518099151
4.57443106814845,0,1.32649280086283,0.773850056529826
5.56472001741298,1,-0.973688240455402,0.308643477972644
1.84243914858202,0,0.0330159133937679,-0.673041462634758
3.82926314264173,0,0.118731554863629,0.30940043940759
2.70669109255506,0,1.13712228752445,0.468147122970256
14.2792298826342,1,1.86208229885961,2.06328879813067
-1.24660166042689,0,-1.49823245212138,-1.0046096486171
5.88770282536506,1,0.192686580643713,0.954793466018706
4.45337741176365,1,-1.26643823049044,0.129285204586308
6.38598300933936,1,-1.38299167051269,1.39439482239263
1.51343021907598,0,0.266392687994127,1.34562913242168
9.31086046995377,1,1.16245510857227,1.02204309757981
9.15943384512449,1,0.849173835176203,0.761435404642869
8.95233524620004,1,1.07494648672321,1.23340394604019
2.47984734006965,0,-0.580645783219112,-1.74103914189401
-1.12822815256676,0,-1.34110625176014,-1.05097753064536
2.62204718542381,0,0.0595271260289269,0.919632047615571
2.78939040008809,1,-1.37246956906941,-0.172575846181386
5.61294384933379,0,1.62968488407093,0.479417908622661
5.88814650703891,1,0.0560080709773263,0.140815079658702
3.17483982542019,1,-0.758455625550378,0.650137524281491
4.53859061892703,0,0.671301255778658,0.72448867896638
2.48257066603176,0,0.0365963782791966,1.1879003471875
1.90923100760934,0,-0.316359544723931,0.708268388642377
5.04992543963141,1,0.626339407339818,-0.232935646118591
-0.554303299463867,0,-1.43155108355755,-0.82161780840764
1.81115504583768,0,-0.516182321350733,0.709300592327897
9.73892901227623,1,1.11278989634944,1.51278182898195
4.507835817529,0,1.26697845933611,-0.400525166077892
0.321465151580469,0,-1.07846100539606,-0.349201991799729
1.95059276920831,0,-0.731878882744609,-0.126584704105049
0.00142725412486161,0,-1.01054516218826,0.626725882447066
-0.132741362964314,0,-0.77943629595198,-0.611157116187047
2.66480787602316,0,0.877172935859651,1.54263152718131
6.11424841763665,1,0.418148150290587,0.674452188829359
4.40109480283366,0,0.52745015681458,0.0654623456751958
2.41100441059234,0,1.28626044574076,1.42172076482525
6.35257429620499,1,-0.285083208226465,0.373374660980701
1.06066700251616,0,-0.0886708770727656,-0.253780425153891
5.41328930723253,1,-0.195168639303765,0.352078728492808
2.71284784045685,1,-0.755649286995363,-0.304282503684439
-0.783983587976096,0,-2.970162745248,-0.80420960595266
5.55976421497921,1,0.274162358135811,0.0704804408467617
1.48845849344352,0,-0.0203181893528439,0.241984594114915
3.10336367420728,0,0.985569792357345,-0.101230798042128
9.19351451805862,1,1.22667746187534,1.22878700252061
0.778185437353662,1,-1.51986842332502,-1.40452180413642
-0.576500833876256,0,-0.689424692322115,0.731027188469706
9.86160572365636,1,1.47419116780063,1.53639227592334
0.164650742934854,0,-0.897314111543672,0.10036592363304
3.09187694521129,0,-0.0247657982229598,0.454201473225919
12.6729650638564,1,1.28214758902032,2.64675546942862
7.36365306832605,1,0.376900867117917,1.09868526517836
2.80525342706674,0,0.238619994561594,0.107485342263911
7.73707752501194,1,0.715696226498923,0.782890253332012
4.57166382369165,0,0.266604247243185,0.0900884815272534
1.59964678478804,0,-0.868440298235187,-0.428821549977133
7.80203243775217,1,0.740251813632447,0.607089052404187
2.96121523472324,0,1.14541157021867,0.546629918452493
2.74334675631729,1,-0.764327865290654,-0.305579694821124
5.24401912269064,1,-0.709653719454291,0.470429626695977
2.39519903514568,0,-0.716921531520953,-0.219280959639833
-1.31242635903625,0,-0.973801132896736,-0.0764065288577979
2.11222404896924,0,-0.102409493858963,-0.100783485045389
2.02260657002621,0,-0.146216450554776,0.271320840215346
-0.594876817483277,0,-0.193150618302716,0.621919895872665
11.1992849033925,1,2.21669868317423,1.59755970677978
4.18030723737171,0,0.463295297586898,-0.558586360768051
1.14825557172299,0,-0.613851058952285,-0.952360373319633
-1.55382685411281,1,-1.67316350376527,-0.942756160784221
7.58425792715026,1,0.746850302320866,0.449647254822631
0.245969364798333,0,-0.458919434245377,-0.278096390530124
3.62622515012289,0,0.309610112392858,-0.297077830924834
4.77580644128298,1,-0.0944810250457126,-0.0473579161378293
4.25561138879017,1,-1.36410242326704,0.621450863260023
4.56624050721879,0,1.34452686679484,0.105181723517494
-0.540872787020072,0,-1.29408210091169,0.150453582555591
0.491600700995747,1,-1.22714062366629,-1.09437134087992
2.49220495629039,1,-0.57628670672082,0.0117084083847575
6.41576843116097,1,1.03296600625215,0.143477426800898
-0.854003877751338,0,-2.42247068219589,-1.18704157298173
6.12041062616768,1,-0.706238915039331,0.522113294200354
8.24805596865986,1,1.01961697011357,1.34380240139257
5.3006178204792,1,-0.919392346236723,1.11480082463907
9.07956395310493,1,2.07223022274192,1.03343659515848
3.81684470707717,1,-1.06036418721992,0.564903339131218
0.161330894586563,1,-1.94965505077947,-0.678476114595805
-0.39930326202291,0,-1.47546055468117,0.0767464546939235
1.02891474564674,0,0.292153413697117,0.349118859097967
2.98313556514894,1,-1.17266214840598,-0.202448316251246
2.55387338853154,0,0.497145809805605,0.394723662128673
1.86925698699876,0,-0.242777986597789,-0.979966071055259
3.28580907953657,0,0.894931619224648,0.308435226339437
4.89404014849647,0,1.44013416556579,0.304250328300637
4.01813989243885,0,0.179983400043102,-0.190218940423415
6.57177715746058,1,0.593572493714029,1.08217274847205
0.914456408791061,0,-1.1851221923149,-0.637419516889868
4.71566046247989,1,-0.112457384719275,-0.266813106260863
0.10172775456149,0,-0.633318487766566,-1.04033551432453
1.64380822697677,1,-1.54083306479209,0.0479289188734318
2.63709578422543,0,-0.906486008154305,0.806746174722711
-0.260407965886083,0,-1.87874410374197,-1.38718688800744
2.99483883691967,0,-0.459509803222458,-0.358053748618016
7.59991403098071,1,1.30032430871701,0.920514282372693
-0.334890235334664,0,-0.731126706876151,-1.66698079587263
0.72973095382341,0,-0.900156711715969,-0.480893500761092
-0.399202595857449,0,-0.84784691842433,0.334089588389757
0.890380869843864,0,-1.13451276356612,-0.82988812689178
2.99104833727969,0,0.304944974302058,-0.0667169814805113
6.03817741395285,1,-1.05539814408534,0.445038696034818
1.50664656495416,0,-0.918383595849921,-0.569214512681439
-2.84677370059912,0,-1.35415056372598,-0.951021910266436
1.02152204197517,1,-0.834297259856719,-0.0344094414886726
5.63690372677086,1,-1.12835675533508,0.42585640854962
2.64483995067793,0,0.188986997876223,-1.32330546173333
0.195790767651002,0,-0.763043097973595,-0.259300799237911
3.51022292217361,0,0.097575501405658,-0.0572650376924673
9.21895826903134,1,0.781552328456796,1.4499578835958
6.53881452717509,1,1.67347317518191,-0.0781093047634436
6.72923481418253,1,-0.661252858235617,1.40649664999275
2.98474301670219,0,0.435603197692728,1.02104879695396
3.78502991110247,0,0.158464964328932,0.454081163337367
-0.0192293217591278,1,-2.52417046699139,-0.59555925514035
5.16622956243753,1,-0.880315627749911,0.53401206766248
2.0588000270791,0,-0.27452584904896,-0.498765385715788
1.10821187456581,0,-0.951864410961655,-1.20469317506059
3.15835337524222,1,-1.5861757775617,0.696561267713806
6.37745218975875,1,0.40586787884556,0.846853912223468
0.000911376665379725,0,-1.32810369040604,-1.45336798120352
4.74619580602104,1,0.0542129486243915,-0.28229284036194
0.445748152734769,1,-1.62456657278413,-0.785738819910113
4.87890348226299,1,0.136238815938096,0.45980228413111
9.3114686637332,1,0.445149995543211,-0.0728747756353246
-0.899597950615297,1,-2.04450926372874,-1.66753506114506
2.93182081130307,0,0.722549125641106,1.04011343100782
9.40247322495543,1,0.883693404402687,0.855764460965266
8.54450725948083,1,0.476365940317536,1.68218914719558
0.615253926105983,0,-1.30921922903672,-1.0937572723033
4.32067956555504,0,1.33642081028797,0.786051035792555
2.70409950364231,0,1.20075985579049,-0.417596720199718
3.40331304474948,1,0.0762156243444025,0.187237775134837
0.689601777890172,0,-0.340372344542667,-1.40597018027034
8.58367386709909,1,-0.070280087703489,2.14474500609125
4.91331956365927,0,0.280753832061088,-0.825311203991363
4.77248717962977,0,0.936091252820425,1.10974487015642
-0.700179051886929,0,-0.0996010286248195,0.544128259044799
0.352690102368115,0,-1.00412391896974,-1.93624379985614
12.2288824913431,1,2.57872832232045,1.4037296616255
-1.04121054335714,0,-1.7206349543073,-0.139134408711303
10.2274753598489,1,1.58547405187737,0.878441011022443
1.12422464143071,0,0.106930313348711,0.254388219136623
7.64518139833778,1,1.12957123330986,0.281379209516784
5.47130200193812,1,0.405815273522397,0.304587828388883
1.23200297510723,0,-0.0851879389927177,-0.161820443290808
4.9867520590201,1,0.471122360857844,-0.0831966623815096
2.43940766312523,0,0.00647982540224877,-0.434251601059621
4.41931825542839,1,-0.15354590822198,0.034706978979449
5.79226649440994,1,-0.209476722046259,0.815027516649783
2.28061313975831,0,0.405172412845854,-0.626875830212688
2.97008183158515,0,-0.181947543467036,-1.01531189588048
-1.9044790852647,0,-1.39764907109496,-0.449200014858192
5.07869472793612,0,0.786448024365102,1.35879673805875
2.20114137157464,0,0.366340927852343,-0.0353005893570716
-0.533004746223227,0,-0.566030962599396,1.11494267599047
0.831543654371724,0,-0.0225808863976826,0.119939193823859
9.94719449768084,1,1.0065027551691,1.12968452962088
3.58244383333716,0,0.321109607142402,0.519992193630494
9.61167048185975,1,1.19319235546727,0.999618332375487
4.47572108574196,0,0.540853948498038,-0.279785154943301
9.32748208869104,1,1.40419876414605,1.05369740434721
7.83119580422535,1,0.54377780571237,0.825137142284325
1.14989254568931,0,-0.0550510631454625,-0.112206537832378
0.784310596379545,0,-1.15428530489527,-0.857140508747408
3.47496361520058,1,0.658085392693316,-0.919053834759278
12.2539821621002,1,2.11891487756108,2.66606746885398
3.6802325454013,0,0.525672901640457,0.434300902909912
2.09949337888002,0,-0.257369624609463,-1.25094020421962
10.1832367860177,1,-0.291915999608344,1.47805133860652
7.1156066528754,1,0.419337199221207,-0.244978526223248
6.15455518876977,1,0.371715485765906,0.165774386686559
9.1317721296405,1,0.251586892123227,2.0245835128179
0.593734418974749,0,0.548883580111386,0.312298709049138
4.91545109934135,1,-0.166644477336151,0.549793832554265
6.84887905167205,1,1.00961785857345,-0.116765098247895
6.74093052779607,1,-0.373612584344746,0.248276194127346
1.87857626625614,1,-0.913190904225895,-0.448353486111573
1.79847262725885,0,-0.544029157016658,0.268190767645822
5.6827942943624,1,0.44496137566474,0.00140070153865135
10.3380350577235,1,1.1710461516736,1.4226342205041
5.90867677470643,1,0.193798156024115,-0.209757903676769
8.24766757131841,1,0.239806490541292,1.26672499501544
3.99898634826467,0,0.853830626292364,-0.0900050227807573
3.71989022675994,1,-1.36851016305765,0.705276265161333
5.27927304245162,0,1.82499401188559,0.787064479585591
2.48100594240853,0,0.575752923244581,0.360052866791914
1.48511903160998,0,-0.731415156712911,-0.951767101425121
0.514375328869271,0,-0.894085471635458,-0.0431341861558461
11.4347076046245,1,1.21584862639696,2.60674539057185
2.85527715493446,0,-1.21176643235712,0.332473216560232
-0.265549962267523,0,-1.42068648046213,-0.633626207849348
-0.0251432013401476,0,-0.521393672345997,0.541216933129614
4.78522181465977,1,-0.70450669637746,-0.240429028203159
6.02206850628324,1,-0.828217214335688,0.956799306210573
6.29062762466883,1,0.0970651100343911,0.465483856382505
7.7021612189017,1,-0.821492948004825,1.95473428044664
6.25230107628648,1,-0.0960573481203079,0.451294885867477
10.9003538830741,1,-0.273444227761625,2.28201700383575
6.84583799479061,1,0.267316917174819,0.953942047158881
6.62096392729521,1,-0.881596951543943,0.479977405153166
0.906980144811443,0,-0.900750791577981,-1.38740289931288
9.59470649291034,1,-0.0934301560030326,1.93386502205767
3.46402081752684,1,-0.89708595531845,0.0127709508193825
8.14595996652693,1,1.09011242367742,0.367855326028124
7.86462118485498,1,0.731525375845512,1.52469893403194
1.57372326081507,0,-0.900718853616115,-0.575262016654226
1.41107627670279,1,-1.66764766180367,-1.00658176062288
3.85326361695688,0,1.06322527163542,0.940318759606075
3.22822363241567,0,0.872980192475581,0.0640130610680759
0.576416782244188,0,-0.557670743509023,0.477761303354748
8.31846171459244,1,1.96226473497262,0.0260242957767651
3.18338089945475,0,1.38529907881623,0.358351746577345
3.19715226591501,1,-0.2578933224316,0.417735955290173
6.8075457649143,1,0.393783049398489,1.08678195437387
4.10698821223279,0,0.183895650960062,-0.133119295546817
1.30153684086486,0,-0.942406896770678,-1.69856847302421
1.44781160025747,0,0.110897060624489,0.953975905814035
8.11869230270233,1,1.12717892767648,1.23667060342436
0.0103448874634848,1,-1.35013814122163,-1.11120270047822
3.50041378419713,0,0.874402755920884,0.530987852585347
4.47853515821146,0,1.40582359788827,0.129887267708579
1.50077336520872,0,-0.85995827711603,-0.146082714804493
3.67081062357786,0,0.466137038046093,0.348640223924722
8.97006970802859,1,1.16171156160256,1.18554984359337
2.36124955922889,1,-0.185317813607774,-0.612863827436147
1.89825736035112,0,0.547586416079843,1.17354490157237
1.89823696307082,0,-0.448863683486777,-0.974141305924266
9.98072799463671,1,1.94503330331734,0.935013037728862
6.9753348128474,1,0.873271462007826,0.132677476912339
6.46268739309067,1,0.674854876821545,0.828214647573004
-0.646792571625482,0,-0.803321493660209,-0.730331487633215
1.32480749242372,0,-0.781743844503086,-0.542292292794182
3.10877587644408,1,1.19360678616119,-0.863385752234871
5.73816836579033,1,-0.296520651342063,0.496671170270032
3.21655793156455,0,1.16582695373014,0.278114096423137
0.725563003180442,0,-0.399984965422666,-1.8052446377048
3.88020801354362,0,0.00573682991187739,-0.0467813207346993
0.169605924940508,0,-0.276793651539097,0.092512012972264
3.09132491585604,1,-1.22532218294193,0.100357998916074
11.9991468425385,1,2.68455440566335,1.58190156797918
1.49736985994773,0,-0.901749532559115,-1.08333922069563
9.65593879536557,1,0.666282348632533,1.74728237169575
6.75064093145229,1,-0.649338287668458,0.636287795098348
-0.456281686007424,0,-0.932813517759125,-0.993013075095771
-1.79671671194332,0,-2.19429239499489,-0.387234193919795
3.24500627165581,0,0.572477022266319,-0.336982070277425
5.45365515142195,1,-0.57755586659987,0.802259983529028
5.54047092643553,1,0.424857553910257,0.603499062576701
9.67357428576877,1,0.871938312309512,1.4277245822908
0.126481543627795,1,-2.40721450298345,-0.37745745765948
1.55315787052789,0,0.114724958073432,-0.322785458792978
1.52954882796375,0,-1.01190435352029,-0.10829037549788
7.2047498574869,1,1.15193330121844,0.844206660270931
6.9811937544201,1,0.460157220266238,0.91622063795623
1.00737099147444,0,-0.030606385203533,-0.707068713186785
3.50009777577893,0,0.467635719071164,-0.665062128927902
7.95112401494502,1,0.580381650496023,1.05698143552286
0.5012191446445,0,-0.166822069268479,0.224284965714503
0.874961017790755,0,-0.547735785818546,-0.0808669072923561
4.3511587175291,0,1.38939523222192,0.934846999758506
3.74643627056541,0,0.831546141760433,0.50058743868909
8.00984302350333,1,1.20438245258853,0.324765043404888
10.156979076781,1,1.4250405405244,2.16164830900946
2.94881552179826,1,-1.40436470061842,-0.231025234504925
1.32816618870748,0,-0.441362996652411,-0.891361929912965
2.24985171573843,0,0.466252642327543,-0.500172746619068
0.365952948629876,0,-1.16489548808284,-0.980285247904133
5.06756749117034,1,-0.540558792393436,1.03797868919108
-0.486820120564397,0,-0.843259130193738,-0.476703533023166
0.132649733524324,0,-0.760568282818881,-1.40845721134024
7.43864115646417,1,0.700575538061097,0.60041163560777
0.895818045715585,0,-0.986969361555271,-0.622912726717697
2.82193291668901,0,0.0129894059760304,0.833809288106636
6.58631563943801,1,-1.10101218333528,0.646876588072764
-1.72473938477097,0,-1.40174284300047,-0.149933099294478
5.12406268382117,1,0.802356639550949,0.379229732664599
1.16266774691114,1,-0.904588791309586,-0.620181192235852
2.8682529927865,0,1.08010560821284,1.26243191326134
5.0491674632046,1,0.637357271990391,0.780438480139501
0.15439081555939,1,-0.715844393330571,-1.57187151094239
12.5269592354009,1,2.18029376438631,2.80555706117266
0.0287158651494791,0,-0.988161058339499,-0.395421114041976
9.81905898942301,1,0.170504798992677,1.19570746199952
2.53984539171744,0,-0.412350351897416,-0.654635969866484
2.33265607736565,0,-0.125382881459692,0.334801720363293
-3.57681140096065,0,-2.42253074216941,-0.559519552442558
3.631796892833,0,1.12972706371154,-0.126375537595988
5.41638350701395,1,-0.0463770263369916,0.128721391632547
3.78421902733151,1,-0.49830627943417,0.694817840270316
1.6535242877453,0,0.688900111099386,0.501726971092414
2.5369668716246,0,-0.826617890097841,-0.169142910835496
2.57629113297181,0,0.591802282288194,-0.117220795980173
9.52942550952437,1,1.0185640549938,1.64328515496492
-1.33874966641252,0,-1.83856435494058,-0.439898606699
1.55389225423421,0,0.141431380668345,0.551711322379543
1.93763650186654,0,0.0768829390294464,-0.176707133375856
7.93770298954115,1,0.980623859345675,0.332127157558942
8.90584519805694,1,1.31248563279596,0.92584722220396
3.87369911521827,1,-0.52742736614807,0.269741573139616
4.62183387120541,1,-0.407450887571252,-0.267934615572115
1.58886427122283,0,-0.283063900650881,0.388673146818796
0.718321228523445,0,-0.00808742897599056,0.644965707250276
3.32560249768867,0,0.169317596175849,-0.706585934891805
5.57065034530295,1,0.971533473775105,0.448815114911378
0.633766250852789,0,0.0375657612825761,-0.0861564978371085
3.34442063477459,1,0.401479375816135,-0.0910652069923268
4.84807724318962,1,0.0991775928286242,0.0910304069129286
-0.413898196785319,0,-1.09300905905222,-1.29625969210276
10.0235015898056,1,1.975598364829,1.13772877374627
0.444803303650942,0,-0.475567095562506,-0.83729293138902
6.61086449463699,1,1.16070495985483,0.0536925230373606
-0.293037289374551,1,-1.92881987306562,-0.459379433421381
9.57633842524427,1,0.552931396891266,1.63157432374554
1.5249852259341,0,0.386362470404033,0.71453246944583
3.70105738043949,0,1.63623415101419,1.04081107040231
-0.608109218390885,0,-2.24740493344184,-1.51839762307841
7.47783088561081,1,0.131015193506516,0.637527525688735
12.6687940431356,1,1.94418062121203,2.47054316502938
11.0977279262576,1,1.29097797053053,2.05936162779985
7.70088075110427,1,-0.0633010917532733,0.173432094269236
11.1937838349111,1,2.28421400816027,1.69922981358584
2.35729961308277,1,-1.359086216461,0.27233896098675
3.48834008286469,0,0.573857793455388,-1.10528132847043
5.73829551714809,1,-0.361926288075501,0.655501320403609
1.4082430323721,0,-1.19935282330172,-1.42120977764323
2.82884987227813,0,-0.0437464402362298,-1.28188993164075
10.6117600213414,1,1.53338242266127,1.92338803564158
0.0601662677475376,0,0.356954870358584,0.635491777907614
0.994088367628087,0,0.215275353172456,0.236084848387038
2.14634011919526,0,-0.616415335461824,-0.696610985093866
2.72062188100381,1,-0.80916656127064,-0.0986296916666219
4.41998893670144,1,-0.812831346420018,0.312292787958088
2.24334861873465,1,-0.802102388222773,0.257931106850425
2.41260811510801,0,-0.233279650981155,0.80623330578863
1.57086400926366,0,-0.771616335578112,0.134641932089098
-0.747767998601024,1,-1.71795171812207,-0.995003128160652
-3.39254897008414,0,-2.59062026349675,-1.01623481740127
1.41588941173683,0,-0.116882292381352,0.690575263728451
6.58849016305634,1,0.938443821734357,0.893459301116385
4.00320183847824,1,0.28626967462969,-0.0839391308456462
3.16324265658266,1,-1.5125230095244,-0.151707335439984
6.49223531493704,1,-0.571896626504369,0.921652101625372
2.79479271731913,0,0.379146586448968,0.636793767078339
1.370326838104,1,-1.79203199014221,-0.549897587615321
2.43617032991948,0,0.502858915629185,0.234145331837234
0.729713713693454,0,-0.286145882907375,0.199430488519246
10.6742270027884,1,1.96719078837975,1.55149935673262
4.57892390775541,1,-1.34640694618391,0.842696731469441
1.93227462181695,0,-0.250296222566918,-1.17723029600915
4.92685672584293,1,-0.818746785113683,0.486796796950981
6.33429636191696,1,-0.533491253301848,0.220479214221143
1.42878893417148,0,-1.26902636188185,-0.14084526969887
1.46813855039771,0,-1.46538248839581,-0.168466265141773
3.58470170481504,0,0.409154734574584,-1.32778256603361
1.26526019176869,0,0.261795577909158,0.191983217923588
1.1162381341693,0,-1.78307281782606,-1.61500455551294
8.61592812258912,1,0.300762183544856,1.42120066822485
5.04953139304293,1,-0.168511632921153,0.371545338519185
5.3083360019862,1,0.660294219671046,-0.46767266946699
2.83983518749001,1,-0.238448385589617,-0.187707713186602
5.2433969566401,1,-0.443326132214526,0.427129506242543
-1.6921315957035,0,-2.70639966940023,-0.923370519767011
2.44895634412085,0,-0.736257481457376,-0.87669445778255
1.75082226489362,0,-0.37463401401726,-0.698285302003504
2.41710931665915,0,-1.33564347772629,-0.370354069074007
6.55505388076671,1,-0.0285753146310485,0.710202074327459
1.56523805714999,0,-0.226842687905256,-1.02087660817073
6.68530480716343,1,0.284488362443915,0.212814556260575
0.718636066979479,1,-2.43600612192572,0.29241509526873
0.757393400217256,0,-0.924035462439137,-1.23270158697805
7.04265188978154,1,-0.0972090080235442,0.813641099073799
2.58582466848763,0,0.607212281035673,-0.112440566807521
1.88067162809909,0,-0.215921663894757,0.0158339517822985
5.09581733585476,1,-0.420856479572831,0.757958863220367
1.94278932343776,0,0.148835141895583,0.900961961134591
-2.88673324536469,0,-2.23859030566045,-1.35507730238911
0.839663471007301,0,-0.848349062780896,-0.0908059768818634
4.06793073045185,0,0.170131013912869,1.00238416953981
10.3918723303835,1,1.53774868961976,1.39273245913599
4.57975298515923,1,0.141364870607967,0.327335207150266
4.47164840531383,1,-1.58470248309362,0.646896492515236
-0.331867657631064,0,-0.212612691506679,-0.27824465463383
6.19047554811175,1,-0.533566275182519,0.696614051680066
9.29858008659419,1,1.08702381520165,0.844429094573903
5.5511402201509,0,2.639508942482,1.77927722688248
3.47581688354646,0,0.117826089816638,-0.73763781268032
4.85427354699342,0,1.60087892607809,2.3341281385662
7.57375073881002,1,1.01792031252762,1.546891701849
4.93778226386765,0,0.952651828098079,1.87579081016147
2.97907818256125,0,0.427594005948592,0.484548180025184
1.9625752419811,0,0.594419599822063,1.10153611738331
10.2518450120647,1,0.764365220386183,2.06562973030297
-0.242071904246772,0,-1.39858067170372,-0.9672142938987
2.17719856283736,0,0.493466581035385,0.0160702301373638
1.74463837888143,1,-0.305727876920165,-1.73204898399021
0.726964092403628,0,-0.865127702725048,0.159985269942614
2.71926790700854,0,-0.208382565924841,0.0732806973242701
9.26732497185039,1,1.16305594838289,0.688065534579646
10.1443541111083,1,0.500790196340084,2.7029840885115
2.77090979543918,1,-0.632091182361756,-0.180533191765592
4.0078697200232,0,0.938511223427279,1.0766025695578
4.20928422643155,1,-0.195036153735145,-0.730929482915369
1.92145079485007,0,-1.08229584073459,-0.830151411478043
7.96780410155312,1,1.00195033524891,0.996444702618026
7.9552809704468,1,0.91508245352546,0.541931645626351
7.06800708996951,1,0.564690334404229,0.795439296742358
5.94573674460805,1,0.918463513762057,-0.254108504717981
3.13213036503311,0,0.430396909911125,0.322802267993829
-0.712467274371987,0,-1.86393491274228,0.141315368489533
-1.62819499292722,0,-2.36850456234103,-2.42756700087783
0.109046451024064,0,-0.342126173987109,0.524484550223558
7.28576933359306,1,-0.0709980830910977,1.57589363320925
5.43661945304187,1,0.354131096545629,0.119727085372299
5.09461960887126,1,-0.858657659567055,0.977712683548542
1.80288276159887,0,0.389923062404684,-0.214043078745562
6.34726428319569,1,-0.485003988660152,0.0481915457813005
5.73037740754598,1,0.173905937929102,1.23374610990394
3.27801123306113,0,0.520852262002867,1.74276294396535
2.43386834129556,0,-0.0377252966593158,0.36381269949235
1.85524931853718,1,-1.10550565668924,-0.875288515342388
5.14343973089753,1,-0.464989246611811,0.332779002508735
1.63538057301677,0,-0.0153745615283608,-0.737584546023205
7.83850124440368,1,0.409669656995469,1.26028265451595
1.55950122625473,0,-0.173279773176159,-0.510018385916195
0.0239878616235117,0,-0.743251508283404,-0.847710666986254
3.2875836909278,1,-1.12828688593299,-0.692334912923886
2.16039050208154,0,0.365408094735207,-0.258340237047431
5.7822606074271,1,0.22409443752786,1.01479324819391
6.54973924736069,1,0.107477201313333,1.02610291171031
9.53443777507757,1,1.49757783057632,1.56142130930334
7.21144594584619,1,0.446641385862044,0.445319911190403
10.580066314729,1,1.2879316768946,1.89256657229879
2.17966794266332,0,-0.0996518117216871,0.9593420057722
2.44182474527951,0,0.489658750651607,-0.689455416233091
4.0591227050529,1,-1.39092790829912,0.0391813925338463
3.0160657003992,0,0.922384769133128,0.585872968691256
7.1581895383151,1,0.478271458354342,0.601953726254983
9.34634003378276,1,0.799968557178675,0.433099773230037
2.58603666697097,0,0.404454071626036,-0.0702756611411687
0.265871291590507,0,-0.608985990520923,-0.03752773682508
2.06691173259687,0,1.11943154028352,-0.170861477652666
1.83099812423504,0,0.00411183618977602,-0.794228644711019
5.07557121111046,0,1.63776101883934,2.40257751998489
2.84469973815157,1,-0.453428572354668,-0.183136831535093
4.73562663171763,1,0.232685917373169,-0.242979251248664
4.09482152443377,0,0.516051315008322,2.30182583097808
0.975757459864279,0,-0.564241823234443,-0.470687746795644
4.49572227197001,0,0.784308802966034,0.633661040708097
6.29175277755903,1,-0.322111204472846,0.517010715943634
2.03887927808272,0,-0.24477939853203,-0.778390575180259
1.87585162063492,0,-0.329372430157278,0.0788077547159769
5.82397228385569,1,-0.0824894893681635,0.381079139248816
-0.525743349425313,0,-1.01497006464764,-0.0352278744781538
3.21088444800012,0,0.889080073716512,1.42228974350395
1.72596427260585,0,-0.52215573063319,-0.334385782918098
0.40374304083028,0,-2.12677618750758,-0.961967295537601
10.2240277521856,1,0.795826680971508,0.688444279873529
1.99837556126292,0,0.529859955313432,0.700089283570277
11.0876741774795,1,1.91251288856435,1.2794229387033
4.24901421255098,0,0.198447654344595,-0.458503049756671
-0.984778843890151,0,-1.03814988493781,-0.619502964119275
0.468652329101933,0,-0.312049758407057,-0.762440912107848
-1.74889926629491,0,-1.41726833233295,-1.11888247284764
8.67511977707297,1,0.228599553941186,1.38458848378621
9.13576401128946,1,1.40370105250174,0.747158392123892
7.55460625674552,1,0.872690590217412,0.846507495771427
4.24373328819809,1,0.0232700474959212,-0.0994325064374286
6.03083446714032,1,-0.153041203816109,0.643152933865446
9.37558454900554,1,1.14582473940707,1.56624823993375
4.24465724897384,1,-1.24224395342501,0.899093679259653
6.39355242870659,1,0.379307857944118,-0.145681002604702
0.434391845181312,0,-1.24117427659905,0.343716408967127
12.5066004962351,1,2.18110635288947,1.8024344654186
-0.22502714960276,0,-0.877839176268703,-1.56225450675659
1.94560416963533,0,0.551339345451655,0.582830369094632
1.90982025823744,0,0.0712444896038971,-0.180188421955633
3.23839464426275,0,1.16377001804074,0.808286481837893
7.20485860123401,1,1.11355173477382,0.736344960255282
2.41639792744692,1,-0.757121097482028,-0.488099748690389
6.90697925742142,1,0.765453741059557,0.602160813037623
3.82401140632756,0,1.11333797715146,-1.46298155115829
9.73000092227826,1,1.42680720353679,0.806680137559129
3.53033876286827,0,1.11889242112596,0.0341221548956545
2.24349500827345,1,0.480235716703789,-1.46540026125296
4.28609894446402,1,-0.191303816491228,-0.228006898283281
7.52744225325642,1,0.728945079091064,0.48858565451378
4.58800752272051,0,0.310709781603283,-0.845223268650772
6.7941080472021,1,0.826781920149777,0.233505431278737
0.985492661049804,0,-1.41065119685373,-0.994863623737069
3.68643441638677,1,-0.629998191622677,-0.109638792802529
2.44692512508407,0,-0.252537470013942,1.07039489537818
2.33830897709092,0,0.43728486478399,0.393919246084642
6.19651035437281,1,0.416265543769578,-0.0320048825742353
0.104135609166599,0,-1.42432465279009,-1.23252486388597
1.3350651437236,1,-0.545632648549217,-1.16949706230581
-1.22318787937777,0,-1.77929423082498,-1.14537299874609
14.0165394016436,1,1.89256862649941,2.32529774062407
3.54925366394124,0,0.0755389080712962,1.5250963232724
4.27029474977079,0,1.04372988849668,0.103036286251014
3.58929654680263,0,1.34716201858818,0.581283213601188
1.67360091831314,0,-1.55191076435748,-2.09654924529764
1.59583442880652,0,-0.502005661175797,-1.05710484068087
8.71277979427266,1,-0.244216905510939,0.893822662830638
3.77593765631743,0,1.40672492870458,0.876994756398749
0.866777848087954,0,-0.973170254353276,-0.191495367262353
2.7567053049453,0,1.26383414848825,0.593329726285785
4.83756102903571,1,0.304122645824233,0.487077563508632
1.17814992904166,0,0.0898924860532502,0.16487715035906
0.295985736774484,0,-0.837228531193706,-1.71793640077907
0.422157368677112,0,-1.41769754771931,-1.97186517500319
3.94356807924223,0,0.82236921506566,0.264033697388674
9.38013229156708,1,1.91170408728687,0.670513740669136
6.05850319789725,1,0.0651935857133903,0.592470802820187
4.4440559014711,1,-0.840309780396396,-0.726685872246844
-1.02909004195659,0,-1.05777671228631,-1.03360983034335
9.53898701368597,1,0.627740540514045,1.17776927808613
0.297088295367191,0,-0.206517428455476,0.167912698548747
7.53890167315513,1,0.247393080945507,1.15914311855465
3.70902873969769,1,-0.839363040438662,0.225552737214431
2.82595587640691,0,0.710266819119299,-0.892850531613281
8.89801590400854,1,0.595959734804072,1.82592332843939
9.88639835174271,1,0.0759026930677223,1.49442845812283
0.369289544059822,1,-1.79337423770208,-1.32479332768323
1.66313107162462,0,0.560989748594167,-0.499192658097828
0.977923033771938,0,1.07072107469723,0.601722764532676
3.5477554807218,0,0.364375526068563,0.201714846944634
6.88124512405073,1,0.322285486706158,0.757579029205357
3.58246789230493,0,0.442038671056253,0.494392069296155
3.6098794885623,0,1.23742841604939,0.432293894157833
0.264775829517792,0,-0.362636263511281,0.202770137185145
-2.713384945897,0,-2.62486356634435,0.154596654876968
2.1350209195043,0,0.144378248549216,-0.132683239222169
10.7106220373065,1,0.787225732619431,2.14437900327206
7.32902311437932,1,0.987184278692654,1.59630054415974
1.93093396002416,0,-0.944374233786374,-0.524159202045416
10.0541555287931,1,1.77567718239033,1.35488386179981
1.10019369748893,0,0.0110684172379842,0.62831231582379
6.40370426801139,1,0.367548352388787,0.784093368085234
2.78392627658601,1,-0.334044360498523,-0.0638117601960896
4.91586954194578,1,-0.237284715417876,0.116957167446342
0.824554760913682,0,-1.18074757172331,0.125238173487988
5.36142593467622,1,-0.139774743313701,0.43610109292157
5.42369333365099,1,-0.365588671754875,-0.3255301345266
2.41214322354454,0,-0.449086449862138,-0.290543956161528
-0.564532232585049,0,-0.796867628302345,0.528939063717519
8.43558572907529,1,-0.00206850161939732,1.24791018130642
5.82738317630349,1,-0.0491009622790224,0.521406643303581
9.20051752301612,1,1.08405250761623,0.977357684592318
2.77495055458188,0,-0.0742952104429545,0.156368896818114
3.42662495097121,1,-0.688544497062958,-0.322007135364718
-0.239030864822988,0,-0.857096536262613,0.813440390888131
3.39934865653062,0,0.967698006917341,1.23260513502575
0.778328787969697,0,-0.623335458713969,0.423147825493286
5.79481303066924,1,-0.287192679910302,0.225912711029343
1.10355141183904,0,-1.37436427397248,-0.678342073278882
3.2728335159875,0,0.543493327281433,0.450392240665132
10.7482067562413,1,1.0601499616127,1.92146704832911
1.27352205640823,0,-0.986469571578645,-0.399830404843856
8.82105116291913,1,1.03540223776595,1.00097990394476
4.93766760874861,1,-0.0980216630876476,0.185619255721338
11.4388350513877,1,1.29530323797547,2.4852350155561
5.56437138428236,1,0.581311109474745,-0.343051715348183
1.74996274234506,1,-0.780710306111346,-0.764252675312668
2.45886869732465,0,0.0195060583796857,0.432614572083419
6.64027854160354,1,-0.123640709953912,0.847649610976693
4.46699289014928,1,-0.842262130970559,0.73183859037891
1.21707219885064,0,-0.973254774752042,-0.447471654582567
5.49290687679087,1,-0.38451932021206,0.837702563619714
9.90388719249771,1,1.4631499157192,2.21462669918959
10.9111979870297,1,1.40804262777034,1.93679534588863
2.11581211497961,0,-0.680591440372311,-0.916819105553867
-1.15393224747243,0,-1.1526642005904,-0.202805505854323
4.84340708622184,0,1.68889456535032,0.816692997745203
-0.189042469312737,0,-1.23147894230915,-1.8856505598777
7.67585776564099,1,-0.333610352476753,0.688541766774193
1.77886907995368,0,0.0710459642887193,-0.731888258973501
2.00733764127782,0,-1.15384057995727,0.494515718917667
3.83613952548804,0,1.1754259702902,0.657867271180987
8.49218104731122,1,1.11042447296186,1.39638800160088
3.47429847569661,1,0.39406422916554,-0.242762889070853
10.0209067548065,1,1.76046808353506,0.571334109944426
8.32476805589739,1,0.747154528084561,0.70873998787636
3.61492232373497,1,-0.369860892884582,0.964211073580258
8.82590772577436,1,0.407718596472693,1.3014042252287
6.00507463347573,0,1.56521513597993,-0.205210594114674
4.15155128293762,1,-0.811963169668548,0.703381481590264
4.99087282780905,0,1.03132261495653,0.587108350607199
6.36153894283156,1,-0.143477201121801,1.45845840415105
5.88649576402674,1,-0.775849210785054,-0.263622743622555
-0.718057409765031,0,-0.583034068645882,-0.2537504737015
0.735118164553258,0,-0.413937233850042,-0.298428913129093
0.770966080802763,0,-0.65965926924634,0.162432303141817
9.66676236897086,1,0.694492105629956,1.1472322855655
7.05132993411389,1,-0.268023024489912,1.11010782479298
1.99156547968866,1,-2.04725645994497,-0.436100208014809
4.70026654696876,1,-1.15989480331456,0.680258815224818
2.18806566161857,0,-0.148652748829869,-0.614305329169769
-0.641876014457696,0,-1.32091847001802,-1.15858512078418
1.8786237138273,1,-0.27149936088214,-1.3846297724843
9.24382167479341,1,1.6016998958222,1.42863852480127
7.83443560169344,1,0.108237717005237,1.24495025678378
2.65316659573603,0,0.859210062820228,-0.546352516134736
7.84551257865802,1,0.621095185101765,0.535745282081944
2.50645369906373,0,0.898896265964672,1.0520741860289
3.1268138761089,1,-0.400061569786848,-0.164138181070608
0.406495844940381,0,0.131903238338173,-1.26078247838987
4.4263605865917,1,-1.14690526360286,0.863584664259436
2.58012930734639,0,-0.372780919752699,0.440976990832193
3.59178402794427,1,-0.173866909817981,-0.778201634588825
7.45358254877553,1,0.327400623847685,0.984723233780798
1.38680404979811,0,-0.389555584019735,0.036558732271802
4.64314518654017,1,-1.47827811034688,0.442356394778074
10.8522554267356,1,0.620934805962017,1.94445099480388
3.97158769216706,1,-0.915767187288326,0.0972006439499378
2.28903000505866,0,0.13304643620548,0.0393717186840965
2.59339877472649,0,0.289707428358753,-1.01672875933052
2.95944704252912,0,0.562004178794326,-0.216580764208668
9.24545343120417,1,1.27089624152611,1.08713916624243
5.28905463990178,1,-0.0146552143041184,-0.0529810864426218
1.37891660329525,0,-0.755739427028649,-0.519357373707669
0.445175556628512,0,-1.27596879778726,0.463365734229574
3.10679764159019,0,0.133570649499591,0.0478753451619941
3.25783818768062,1,-1.17742484730844,0.351546914351043
7.18389060096146,1,0.512842137664391,0.575154228864031
8.89809011488807,1,0.889755090523909,0.427491203786349
8.17510592427785,1,1.04277713279074,1.05893623241788
11.5859399255608,1,2.62817743064828,1.15318465251837
3.34178676171477,0,0.185514562493205,-2.02967435137907
3.31481552109482,0,1.21255949223685,0.467499302173767
0.627136635142906,0,-1.20359746534651,-1.55641160373316
5.78808686069485,1,0.192326658251666,0.0751865254133103
7.12263559839982,1,-0.669423815906201,0.820174290328793
1.17709169357326,0,-0.161455404404287,-0.349523241732742
-1.4358828394609,0,-1.05082277556414,-0.211405156919906
8.24609035242513,1,1.21999606624762,0.734334112961253
3.39239439185952,0,0.305443213473588,-0.0690504642718729
4.35124020959002,1,-0.52391571452133,-0.510566958949359
-1.45603370387967,0,-2.17195680030442,-0.67148266764434
3.99877593317681,1,-0.962329338605486,0.887521284215318
6.47297009937975,1,-0.353829356903288,0.599114460720589
9.75740925704986,1,0.969290647910522,2.42127613826969
7.67929873635828,1,-0.146210833335249,0.357027875568448
5.48736345317378,1,0.539567894042553,1.0004745341962
2.38993825498017,1,-0.767824602376936,-0.849554473367699
12.7879674011498,1,1.30545117389053,2.16441465207563
1.12529731864327,0,-0.235957329814749,0.657007364457729
2.49280035376741,0,-0.544562367815872,0.0143227047321282
2.93467400407094,1,-1.28482674420734,-0.401974332127708
5.07060184187586,1,-0.505674389331364,0.580622098151756
0.159036687898133,0,-0.983159026240294,-0.159887532080657
3.60242696522802,0,0.926281900417177,-0.141402025376337
7.64061059491458,1,0.318514377582589,0.0872875899689443
10.2856556983716,1,1.67964919330525,2.0070572688466
1.02407460764919,0,-0.506649213947739,-0.960697367743486
-0.058404135137837,0,-0.926348279420782,0.474602648730049
-0.152285880677964,0,-0.840333503716225,-1.90046720635299
-1.23517761866244,0,-1.69814865754814,-0.754974008317687
7.46080027997933,1,0.582954353010757,1.03296512897899
0.92348104656663,0,0.305412586174035,-1.14180242612751
5.38385333015635,1,0.00127683339511851,0.895197428757014
4.42954511245329,0,0.590930541597498,0.780909470469694
8.74506743212248,1,1.39878284063333,1.30840742413388
1.1073393995494,0,0.296168238710466,-0.258307008659417
4.12104258410571,0,1.04650495151765,0.180238859085489
9.77742522170844,1,1.05797206266577,1.60694668899421
2.37795795470035,0,0.791731383632246,-0.12860091320541
-0.562943199427485,0,-1.15099222075511,-0.810448287912881
4.06684735792273,0,0.858275544358009,0.081438310017189
14.6367610325055,1,2.19030735198075,2.600126274276
8.25604951761086,1,0.431554425288475,0.937241626592754
0.0558650719869672,0,-0.720062486151242,0.691416421191146
7.35656076825367,1,0.320321290331671,1.0922789491492
9.5967887919234,1,0.472967258239751,1.76562954103898
4.37116288208092,0,1.27100054738733,1.47207701909313
2.80696954643404,0,0.567505479133307,0.901596531929117
3.75551168838789,1,-1.39031824876678,0.699743512996142
9.51516427533538,1,1.34957337286415,1.41575371124889
-0.0361171231249628,0,-1.46649301993698,-0.644173264527824
0.800994315827442,0,-0.442063840462167,0.156733297806906
5.82790234644408,1,0.203865333622133,0.813515644066818
4.06326100793251,0,1.60072095510832,0.848070046346072
4.36785269406833,1,0.00566187501573102,-0.6885177816184
0.748425085424196,0,0.0309235864131648,-0.645845365089915
5.80050500931052,0,2.06178937853722,-0.396189069598975
7.27579708248095,1,0.949029612616856,0.232569707324377
2.90055469565332,0,-0.359186148610113,0.177192290373894
1.9801666904286,0,-0.0284814824663767,-0.173566440062867
1.58339857294155,0,-1.14874530085294,-0.391356922643878
2.64482064935867,1,-0.273775331922902,-0.703781931074922
0.0451999648189463,0,-1.68382286499482,-0.853861542764561
8.53979829714645,1,1.45049157245371,0.578639603594295
2.95314217979063,0,0.339585988662605,0.0330941525702682
5.56408611816708,1,0.448548034347612,-0.123488246181458
1.78075145105841,0,0.494828778856908,-0.154676327505979
8.31465982030356,1,1.15527002253225,1.58346448047714
7.44114378154462,1,1.0789671222956,1.17455484494785
8.28205985691846,1,-0.303509802598718,0.771780090251219
-0.448799761448625,0,-1.08750067475416,-1.39764162024109
4.96226839322701,1,-1.25097452578686,1.01061545574485
-0.782289283060918,0,-1.37828861916593,-0.836170379789736
0.0859181954639461,0,-0.791202009142186,-0.713424175908596
8.61341311254966,1,0.429395741322911,1.277534350874
4.24256918051618,1,-1.42341263672537,1.30719265812227
3.61498376498423,1,-0.817343946767708,0.381841654369558
4.44642111123013,1,-1.26763523238657,0.412918974779539
3.34506262919113,0,-0.388629981550332,0.360363938203089
1.65091244757835,0,0.15790479556276,-0.629686295256571
8.52246868344671,1,1.43799525992545,0.493687647397754
6.50502732436112,1,0.536717472581598,0.597102907088361
1.88578089795287,0,-0.375108318489087,-0.156667216200348
2.23178073204749,0,1.06207730293887,-0.0583050858194229
1.00246130142237,0,-1.17085543982376,-0.682451379819051
2.39674999167554,0,0.557128520725002,0.824269964778134
4.9970760175573,1,0.918473589023486,0.42402106782406
6.59048685803433,1,0.246029953614755,0.934492062510848
5.86774826272488,1,0.524155299809272,-0.301682726845854
9.06529368119529,1,0.683754120366255,0.910443878764977
-1.59532134430617,0,-1.7798555489353,-0.555455603187719
8.36528207693345,1,0.968312710418489,1.19331166420034
8.00157282610602,1,1.14144534393737,0.634901087378319
2.61787611582838,0,0.455147710895754,0.142719018477407
4.8483540702162,0,0.587575524386808,-0.892875641570638
6.93612112272859,1,0.326643886171333,0.648985648522522
6.96781956276301,1,1.38410605026177,0.167701756817877
-0.51021850070078,0,-1.21782353303638,-0.846736540493599
6.79052630985425,1,0.138993753820667,0.472187422688263
0.230194718582616,1,-1.3334004886752,-0.887597183372352
3.6226342017927,0,-0.652298488641221,-0.19622440821603
11.5466258963469,1,2.15761775692454,1.45318480246429
10.6530759253661,1,0.117881818368576,1.50977638412221
2.23788091693643,0,0.80597173691865,0.439270592393961
10.3982418372837,1,2.28323602848532,1.28349202507762
6.30276973157166,1,0.163897310687634,0.915991317799185
6.21496643679678,1,0.790817205171861,0.988920048572602
2.83999900681847,0,0.982578293221924,0.331642181561179
6.10446095407959,1,0.320206055816415,0.377012500416793
2.53043858376428,0,0.00523086099253767,-1.01812635695225
6.58477721989208,1,-0.23800897834421,0.121526211543424
5.22832398273571,1,0.313891621418911,0.594984095069401
2.71583299729305,0,0.571314220512077,0.274394565786058
3.17277571950997,0,0.312147469966702,-0.804291208170281
2.65908706382577,0,-0.274420405262178,-0.121405864423329
7.01602507247046e-05,1,-1.16855600533518,-1.31899696080895
4.40722059745092,1,-0.876897090307929,0.596745703970868
9.63465297886257,1,1.91621559072007,1.23759880818575
2.27260085622577,1,-0.240278496198178,-0.339458018992334
6.34909192911163,1,0.246537924838172,0.524399526219367
4.09509358546991,1,-0.0175542926052343,-0.143365379419499
5.2704982097765,1,0.280736739460543,-0.250826709047891
6.70672526068416,1,0.351052220348539,1.01445268648597
7.41819135727907,1,0.470147255343889,0.57873005297335
3.95933530951583,0,0.478654766358863,0.187819005897888
9.96188137851255,1,0.312477291099457,2.04525577114867
3.34660825902666,0,1.17225144347739,0.567294844185384
16.5518664932531,1,3.78597738184288,2.21321126615485
1.50371041866365,0,-0.0731715982437396,0.949498235717999
2.47920719204825,0,0.331640762091422,-0.734469823482863
3.60330662047757,0,0.705534167804798,0.274682744788628
7.57844050693013,1,-0.117320865563191,0.854140709420501
4.04742677634986,1,-0.944648218435017,0.419161907484334
1.82156901292158,1,-1.11972501864079,-0.986099049950749
3.52977281369893,0,0.504697878047391,0.036774933646187
8.72467742442638,1,0.840775550769225,1.30773463866394
2.02925892055535,0,-0.150425286564019,0.20322922300832
8.5760302517428,1,0.129114925076272,1.1371043404257
2.59911118231123,0,0.120839768950332,-0.605167894616662
8.31495888298633,1,0.857735241853805,0.963983613520545
3.67511428844153,1,-0.8405550627887,-0.285263009829766
2.95930843006999,1,-1.66364251409976,0.37464866528114
2.50826934929275,0,-0.508459688069651,0.952384225099136
9.83759466135675,1,0.613373101962937,1.45547728622781
-0.0960076745035639,1,-1.84958479034258,-1.14304097901698
11.343141507416,1,1.48711737102901,1.44667061403625
5.09421496425064,1,0.969368094728711,-0.287707838308882
9.32078522754735,1,0.905964134407389,1.19095676569276
0.553981174492015,0,-0.134028110635352,-0.141675982039811
14.2171265073939,1,3.47683065435831,2.47130730216993
2.53563931616701,0,0.189229250129088,0.327925041339232
7.99148596155418,1,-0.612579228964879,1.47189840224021
3.77478184567425,1,-1.23976323117364,0.498847304453701
0.687935721122928,0,-0.0591846332953127,-0.356580285754827
3.82933844155337,0,0.882254680871605,1.29798115592764
10.7479941948962,1,1.20090112241445,1.86644396802126
3.41298357445764,0,0.418537431718533,0.707079065506653
10.8451023733091,1,0.891793789233222,1.49286471545192
2.97144210271672,0,-0.335539237395335,-1.58877052797616
8.17499866296354,1,1.04943462464642,0.979745978447935
-1.68810681511037,0,-2.52154925158667,-0.859785529277044
3.00719962049205,0,0.0995548220292782,-0.0650686057077604
2.48000395469066,0,-0.201930794899371,-0.199902202151981
4.22718622120032,0,1.09440472583264,1.68585324755169
7.16744310783558,1,0.964055244494768,-0.0511101194343784
8.69362910958366,1,0.287239023739308,1.25722982066697
7.40681986726634,1,0.871845375326773,1.10990603193148
11.3234477128443,1,1.40200341907656,1.59543172306423
0.650099385542406,0,-1.90247313611307,-0.970412655824825
11.2131020652854,1,1.34746018442925,1.89930120114212
3.71016625064838,0,-0.631113705180246,0.577866450868415
-1.73563453763231,0,-1.6413918707262,-0.983774286134313
1.35267007819457,0,-0.458497679641296,-0.34567002190098
-2.26594050386097,0,-2.02673762122122,-0.616558386149162
1.4310564132795,0,-0.377489537465504,0.362057139009056
2.73631679452078,0,0.559269744479883,-1.2052727301301
1.46473149365231,0,0.602427927573263,0.426578940815076
2.80491449848429,1,-0.722013687619586,-0.0860450384609905
8.780416948576,1,0.814809168373209,0.837547385006247
2.92751598147531,0,0.0611142652673158,-0.515990804305685
8.21675022089422,1,1.62401072516896,1.44805366204092
6.30880963899427,1,-0.66756845061828,0.965414616888176
3.32612951244131,0,0.23332622013699,-1.46357130841591
5.41904654803274,1,0.273772001084812,0.392981562774739
0.0047478469581915,0,-1.42970786151884,-1.04236008038873
8.40875391294062,1,-0.00679999092240024,1.97140377462143
0.372075756740794,0,-0.449409423142172,-0.911656773081876
0.844037337300993,0,-0.554862784298377,-0.190509562488085
9.32632290505958,1,0.481533434190218,1.6623908282308
8.58758371216265,1,1.55814489874357,0.319981992285955
8.29476958138284,1,-0.0147680896052601,1.33585993546781
8.06745748005386,1,0.381707640318648,0.89532969442022
10.4704677249626,1,0.310719184159621,1.86689498715632
6.7167463845274,1,-0.133685782543756,0.901036570505705
9.07472361003846,1,0.899844312909359,1.88864176276184
3.1961798928419,0,0.667056235225063,0.744450752778213
4.43705712204902,0,0.580118889820392,-0.0864954569314495
5.05837703760168,1,0.358497596129909,-0.224276769806687
4.35100220179592,1,-0.245434069694104,-0.0861784791618132
0.78640198926575,0,-0.745473220965557,0.266283992396186
13.2991815764939,1,2.98935318888912,1.72810320562467
1.41998084696781,0,-0.0482621726284104,0.225081339089094
-0.63186180988176,0,-0.976105881346624,-1.11670703808878
7.70185035846323,1,0.352425543248542,0.670627931483942
4.84551401517609,1,-0.199890634408693,0.0724888066019257
6.79502633873447,1,-0.0389549945346785,1.17267651904286
4.58701892845992,1,0.400456118406825,-0.297676959614278
5.19794055564527,1,0.0333736355508062,0.120364721706584
3.17375828670302,0,1.25578541139622,0.581429249607996
6.07395456397935,1,-0.360503576205598,0.951890515837673
0.795444641534871,0,-0.211258170831684,0.474179824948813
3.52992186808925,1,0.0903816636216454,-0.592150693710207
4.49583590074804,1,-0.529236838791295,0.284985022412158
-1.79883961135748,0,-1.55689959299541,-0.186241414123389
7.84120154940424,1,0.0586593975223286,1.7401556886291
3.29032780551688,0,1.52304009634264,0.921294676483692
0.077984458500704,0,-1.23736846476395,-0.921965776486621
5.11644125222846,1,-0.11285320571078,0.704828305412772
2.26875399878206,0,-0.760074350923494,0.30917556172099
3.03452616262801,0,0.656323812517677,-0.179942272295726
0.241977075649113,0,-0.0107561288072273,-1.46089140861925
0.456279656001872,0,-0.885831358039314,0.00912281076303717
1.07313737116662,0,-0.436843027316083,1.46533068566432
-0.847404214381373,0,-1.74192427992868,-1.0282036906727
0.574267729029128,0,-0.646427358569045,-0.700850008404345
-0.192611733103933,0,-1.22760590866648,-0.0975426019243218
3.15218324874167,0,0.389333594631832,0.193992586867323
0.390675078326492,0,-0.296527545758152,-0.574846256225863
-0.966642453770007,0,-1.92254590306985,0.25020498655665
3.33658584639967,1,-0.84912880780038,-0.566260965457958
3.67211844878172,0,0.899916896719851,-0.872755541453661
3.63446008731398,0,1.34055778107693,1.79632358324727
3.47348573948621,1,0.239416993895201,-0.780845554979439
7.00239575465101,1,0.619026987762865,0.382523355739294
5.44449494147572,1,-0.202680631644844,0.448928395489013
4.28808940671665,1,1.18557650617004,-0.127346634970259
2.75631684967833,1,-0.730301943879665,-0.42577083772408
4.62130962216886,1,-0.509613011652099,-0.0137663756457172
3.65776239964745,0,0.892842393355875,0.565131537524009
1.33558572962718,0,-1.02112643406543,-0.0789844669012301
6.52143544461503,1,0.631109911049488,0.85055831941007
4.79733701790273,1,-0.165142839545396,0.0132897136543286
1.59342656366793,0,-0.173753989251465,0.648408703174402
1.69220568966404,1,-2.0509238766948,-0.329897060942602
7.38771896795387,1,-0.108433825855178,2.04502412142083
8.49238120777858,1,1.09043738671594,0.493939271033845
1.21456243678509,0,-0.515997145724595,-1.19020417148208
8.96723358018036,1,1.24804926581023,1.24393010468262
0.750485428445019,0,-0.372922810866859,1.30485541904405
-1.09278429264923,0,-1.26281657863065,-0.073031293843573
0.106947128921202,0,-0.710043984812075,-1.01920649269347
3.18336196980403,0,0.170457339884601,0.861978644232609
5.79332262731054,1,-0.34381320115318,0.0791438680771823
0.0204665485184946,0,-1.23882074882618,-0.912565809746352
1.55021135099042,0,-0.222365109593169,-0.256856840073056
4.22460887132208,1,-0.364954319072277,-0.294692700297589
0.290648596680308,1,-1.76811288477624,-1.15260614226108
0.115504118224757,0,-0.67345713493827,0.376037596296296
0.524295675260867,0,-1.39894772730558,-1.28958228816568
0.135592472116161,0,-0.745891910193425,-0.479266519385654
11.7858714798114,1,1.91699784752931,2.43510984390518
1.91249571059,0,0.100105323500855,-1.02871222585479
4.82701233239849,1,-0.226555278563498,-0.060736968034867
3.96733944090649,1,-0.249552091915289,0.1770475940192
0.817699191028989,0,-1.36378646942702,-1.17000463885076
2.79627603294297,0,0.467685872712189,-0.046619714958881
3.33696308296718,0,0.258072322375705,0.0902742787491113
2.71250693149864,0,0.973821885696199,1.84814352181193
0.531276459543025,0,-1.3502101089765,-0.634866939040595
7.61372536749927,1,0.317742784740295,1.17015625533582
2.50540349814559,0,0.155873195872779,-0.195538291445473
0.287834977793809,0,-1.66260081665972,-0.945056202868915
2.99155897856281,1,-0.777413865371812,-1.30679545123441
3.57699986235642,1,-0.488669675080683,-1.23476562076924
7.47969142424524,1,0.461279946159058,0.828940825175745
1.85723267306113,0,0.918322585298031,0.31504355426308
1.08387184538913,0,-0.0179492635579767,-0.136548860672913
-0.707755807690768,0,-1.3122024595521,-0.680637551326637
1.21584337163961,0,-0.824716568591504,0.713015301124509
6.92936759827271,1,-0.00400829298597874,1.52634541003468
4.37062821978295,0,0.718504428318618,-0.798140558183361
-0.599226276725653,1,-2.05572954107411,-0.414244643322396
9.44138734875714,1,0.652825856462403,1.21261897509596
1.89618016830525,0,-0.671730265771576,1.42986035172982
4.52426341367676,1,-0.480338950389521,0.616214137729461
6.38744606949667,1,-0.481682721214243,0.789800990966732
2.61054943978674,0,0.860967495834387,-1.22754192351649
10.4204021396584,1,0.8720720388017,2.04283340995213
3.95203112036283,0,0.687215306058723,1.25558812660698
5.79507951895994,1,0.347987521275089,0.071643314097552
1.93610197682764,0,-0.387796897021662,0.0430619976763365
3.00286424305802,1,0.0224635442857825,-0.845439118730277
-0.578265440194282,0,-1.67780485331275,-1.21956822896893
7.33499194624305,1,-0.151369048174728,0.904340456949044
4.67345515050515,1,0.295465078266103,0.464948190797551
7.83255111994335,1,-0.0531053240732817,1.57811390805502
2.15064094928452,1,-0.398619223674067,-0.822215367808871
5.26987058723827,1,0.437113284973667,0.219186800147381
8.10536560938459,1,0.682029897128616,0.909539128050188
5.32547078706512,1,-1.08546118369423,0.627317619421113
3.44881063977563,1,-1.43408216334967,0.64251371698853
-2.19016545630621,0,-1.23356922744173,-1.32501558877788
14.5645287989393,1,2.27704576771963,2.78651016625825
4.77415141972422,0,1.26471179050673,0.902281039493536
2.32952576788559,1,-2.1568489658991,0.107875526677722
0.996447614024048,0,-0.295893240925961,-1.08287893392209
1.68183665615387,0,-1.52014646332965,-1.35561899571067
10.4837402503016,1,1.1723295825631,1.94848823802411
6.24246110335454,1,0.642925650438982,0.700840069619953
2.31466916674214,0,-0.109605578298104,-1.23264184158206
4.56640073478378,1,-0.517570732390886,0.96822565238979
0.944937458065339,0,-0.210390419923315,0.913951155682637
0.205463059455762,0,-1.62121398953681,0.0240568013297069
1.7211727940956,0,0.0706054042105843,0.724700122685918
-0.372776803241856,0,-1.15511825052048,-0.816497015486571
1.18541354638507,0,0.0586228518902627,0.185140181001225
0.879209545522156,0,-0.0572356273351354,0.169769871337616
5.06789387335586,1,-0.565179747395316,0.247667527677858
1.65632960346776,1,-2.26780818509777,-0.0304716449694842
1.90686595570661,0,0.693979204986608,-0.424131229727392
5.36239802601624,1,0.191531249614137,0.204057062599358
6.57147564506282,1,0.15035752311191,1.64522381004359
3.24811229409321,0,0.255156765409847,-0.356927819211873
5.02268989166022,1,0.356980387103175,-0.321162524221661
5.06290022188438,0,1.44000800893719,0.35778773896936
5.72893259032163,1,0.20068743097664,0.441766553246978
6.96501224443136,1,-0.573765425926973,0.333812907417361
5.08459764171668,0,0.821394753089004,2.01164810438647
0.927331647278427,0,-0.900567478675332,0.973405332485142
0.892569881541831,0,-0.696457142275756,0.417209194918793
1.6212912324502,1,-1.34265924563042,0.336400189037064
7.56144765539328,1,0.388720006602096,1.27257165072642
3.34115151482658,0,0.137346043692302,-0.697263104151296
-0.350148040190016,0,-1.04547226792421,-1.24201756339977
6.58707013658643,1,-0.0989906020135016,0.39564974909338
8.83644752970201,1,1.16494821165904,0.291122353104506
7.04995479570936,1,0.000312063095178017,1.01185120176407
4.56338711788581,1,0.143553813967325,0.59368956930906
4.49247348714682,1,-0.158807429286877,0.044722598131809
10.1951005992085,1,1.42894125201739,1.46266150183623
3.79141097609053,0,-0.0934111844983133,0.526794877996712
6.84536433150161,1,-0.242122587960203,1.35246631236271
10.8509010064129,1,1.59731126732352,1.14120230703457
1.88375831223489,0,-0.269228674026065,0.300831878955959
2.11128723759014,1,-1.52547238612566,0.299034595638797
7.52635958037288,0,2.46278530210123,2.01220078248062
6.82641712887703,1,0.101763621404137,0.895598799534179
4.27513918134713,0,0.863699511772625,0.610632973248141
2.98607307693642,0,-0.403699136732531,-0.862054881832957
-1.5507003622809,0,-1.50827096502569,-1.0452683715021
8.3797498456815,1,-0.0742837436815559,0.657134981888028
5.73826538585367,1,-0.809260016981266,0.786399201479577
9.53458398344782,1,0.912340774861029,2.02284838439762
0.871002237254116,0,-0.802302289770226,0.189516895430416
6.96042824160112,1,0.156219610382641,1.15779559272446
0.05249560564041,1,-0.812729144092999,-1.13483893452265
0.758743163716131,0,0.444573667688781,0.000981202322177438
6.8976765778056,1,0.371829231474931,0.66651372940608
7.00141251771387,1,-0.143779903796515,1.65561018963844
0.736299765686048,0,-0.927067801086164,-1.39651741892333
7.71785014341417,1,0.906035035991492,1.50259536656727
11.5250633116168,1,1.04177994360989,1.7366077155817
7.71294819053474,0,1.78979773168602,0.220815530266703
1.67946258266057,0,-0.973014635213077,-0.960451721088294
1.04419113972253,0,-1.99706972414042,-0.78657173380506
6.36440557132241,1,0.136009531222329,0.640263362492848
-1.02472147339475,0,-1.46354294153894,-1.12517229971783
2.84525403469336,1,-0.816820096909699,-1.25848313429194
6.75762194203457,1,-0.227543185826594,0.831451719647144
4.44849249675376,1,0.49711152987876,0.385144016947858
9.37750617817407,1,1.08075916593887,1.24182237678905
7.37991700555869,1,0.494487640653207,0.832218862799542
1.43095617008078,1,-0.24624502023985,-0.884101791426683
7.2921310602536,1,-0.395491010109897,0.531771430245836
1.97931510274614,0,0.0133367312079188,-0.549434970041829
-0.952817039720525,0,-2.83183049624762,-0.620568814879215
2.83775555421983,0,0.50666184525884,-0.291884211761577
8.08806670203014,1,1.0600236821232,0.335650112775716
4.63772087897005,1,-0.174691539450024,0.0351872047858109
6.1420507391753,1,0.626286994301171,0.25016391183731
4.01025172524073,1,-0.684729332266,0.253328241807046
0.312252060937519,0,-2.50290496198785,-0.979996503507461
2.74385966529594,0,-0.849591587224174,0.336255007693027
2.66974470814185,1,-0.346623783547475,-1.7655321387205
5.1071351783012,1,-0.0230235660073692,0.504550808800541
-1.225404370973,0,-1.9073609723972,0.444791716681172
4.20691250430401,0,1.25250925392909,0.373604850371634
2.42597355826332,0,-0.791913350078896,-1.42156958301757
8.63158852837955,1,0.62164147300098,0.952058812077076
2.84602701307398,0,0.109885912081222,0.601997213089424
1.91769906912723,1,-0.0452719940162635,-1.06331713513648
4.99860481361212,0,2.07174452307259,1.4584285267864
6.62196464661013,1,0.515421237456852,-0.163468415711973
5.89721647656893,1,0.00837070415930965,-0.421559920395862
4.42680415748473,1,-0.422949874806294,0.165094452222163
1.56156924347378,0,-0.575446473608697,0.20041372974824
4.32471605898014,1,-0.107877375079913,-0.329912178037598
1.76800832955865,0,0.529232092038618,0.571869223183779
-1.02141848644433,0,-1.52931601317506,-0.766206130117607
4.84106022617503,0,0.870851995903323,0.351673312237393
0.114011144301512,0,-1.40596430290775,-0.352532954604406
2.37529435822219,0,0.632768845377449,-0.0570394157068901
-2.14826519544532,0,-2.54447882822995,-1.13824184776098
3.04282668804917,0,0.103393098615037,-0.377243012911979
9.21346610108337,1,0.478712299323574,1.08324838714815
0.841365862916071,0,-1.33770969665796,-0.827019890566797
3.09491771130301,0,1.03578422359715,0.561006255785164
9.06162938119579,1,0.772881020745381,0.76311785683492
5.16627067072849,0,0.687220798866001,1.27943841001493
6.2158571164889,1,-0.823046338864322,0.449665545395421
4.42157426916161,0,1.19381418918205,0.169216197385032
7.09117028358079,1,0.530970407347517,0.860054578237712
8.4850830126461,1,0.0497399026559679,1.4787614018327
6.84718683093513,1,-0.13616433841021,0.401236565688374
-0.337128924202116,0,-2.04456130380585,-1.59232806955465
11.3457490902337,1,2.02738553482464,1.19688549118803
6.9437724311897,1,0.815180139841616,0.839505235831155
1.56475520725207,1,-1.80295175828589,-0.262445564475101
-0.97991347279422,0,-1.67899992779227,-1.50872861835048
11.4252652919407,1,1.6321890271128,1.53136023100386
4.06541378219309,0,0.650729661709906,0.470034542579672
3.08821337498719,1,-1.39767821370408,0.323694783011329
3.6794084448142,1,-0.437817297313954,-0.186523797149605
2.80918325796565,0,0.167360866887995,-0.357317864054776
11.8681208760047,1,0.746206310219353,2.23083395384923
0.525549408403423,0,-1.2693787871158,-0.947577218586044
1.95113806222019,0,0.0787668696969975,0.489086958584407
6.73730420427081,1,0.30314145705543,0.374796106527082
4.44996915153498,1,-0.864511861616494,0.465873669542774
1.42897387193917,0,-0.346704652731194,-0.992579112788026
1.6041914178708,0,-0.0808162239190148,-0.198107374331312
1.36036247687677,0,0.245722984478805,1.44109703179884
3.46166282928633,0,0.0409975145464686,-0.416009019521055
4.51945664999117,0,0.763136162503123,-0.163696592278653
-0.996286455224035,0,-0.736620590981219,-0.238597353561379
10.3041375286585,1,1.61245720504229,1.08091903632305
8.71976967920098,1,-0.135688843367979,1.44873312085194
0.703956075832585,1,-1.22301693762525,-1.55897028259846
2.37080819706501,0,-1.26130187935082,-1.00494736012569
-0.20331373928963,0,-1.38820698405892,-0.485252843411336
7.82681178334405,1,0.995172997235077,0.294917155931738
7.00686923533106,1,-0.148550965525656,1.10559868190041
0.217316247363442,0,-0.155009337850989,-0.00956941570904356
2.99541356875364,0,-0.301198985966245,0.843409495201172
1.42365436993217,0,-0.408965043663691,0.201990211641835
11.5487209007442,1,1.77824332438584,1.73093141094069
3.45921548599929,0,0.754983095841368,-0.766287898536884
2.11171493820042,1,-1.12839264176752,-0.100943722518448
8.29078339279041,1,1.70836341613072,0.716842993560393
6.73370245143372,1,0.342248382921687,-0.28394013315115
5.09849054463713,0,1.84619483743416,0.13261307767034
-0.488957045988528,0,-0.892937511856816,0.47226092649788
6.52729801078437,1,0.970158071770665,1.12633443872178
4.03131007432195,1,-0.191669853218324,-0.612165038261704
-1.64424931778299,0,-2.39920644176026,-1.64363894399623
8.49076652467916,1,1.34800412412006,1.81897217733705
7.92485046925528,1,1.86189040136098,-0.314119483135098
4.9657830263536,0,1.55620959755199,1.25066729562145
3.11217293121812,0,-0.320115673571736,-0.895710796099259
1.631787224266,0,-0.527974435706866,0.0518716120601597
5.65532014051796,1,-0.28785200540047,0.825992727624846
11.5305548588844,1,1.60617179587515,2.37145853879404
7.65633327122255,1,0.702114138510931,1.14852482682539
1.89392318829417,0,-0.891658364231946,-0.711012991952896
11.9060019651676,1,2.12826305320996,1.23551694137296
14.5510866202636,1,1.57135484314191,3.31472957317815
1.24711599867708,0,-0.863388889325228,1.32045237206208
3.60022613140976,0,0.221711777209043,0.711833575219226
-0.109248561645068,1,-1.26329907322636,-1.66621694334599
6.80577882322442,1,-0.22835843948684,1.08793893683695
-0.433909135326934,0,-1.17592206410757,-0.416010028436579
8.48014895724059,1,0.361391625208134,1.36076479270828
11.2633597865534,1,1.38662487485726,1.8734873560131
7.6370199879046,1,0.560208409478937,0.0205451924985239
5.53107987905366,1,0.417571823349542,0.0722952311466159
2.37118556299975,0,0.644763725940518,0.138229496932065
0.314645153386922,0,-1.64683873876924,-0.857348740907747
1.47913371233834,0,-0.928519860052923,-0.689780116987385
9.98304817547296,1,2.05811191299968,1.29531362249975
2.57019348765557,1,-1.07354715738954,-0.443076525035201
3.35628637977495,0,0.824256289650628,0.236442898096182
0.155284060095985,0,-0.323061001834001,0.327717630942143
8.77360055791697,1,1.42611716639957,0.49293639432944
3.6922479989632,1,0.432362164056339,0.0141701776296873
9.20182417942791,1,0.754471939092762,1.09154995659799
0.23935873129597,0,-0.377888361970393,-1.06548701502304
1.46793566586664,0,-0.461478771395319,-1.23789674035167
6.12128350126332,1,0.343650721199523,0.915876101478839
3.79164916926983,0,0.22958043693047,-0.555941410312654
5.87509878587793,1,0.0452328938817827,0.104329449777399
-0.0880318749422966,0,-0.657081091348185,0.375180904934316
-1.1983909455833,0,-1.65413330169092,-1.07383948446271
2.40338342536885,0,0.00489085155013416,0.659112930760022
3.08402133580589,0,0.0990783829308937,-0.402549575677847
-0.969461766432769,1,-1.27514453725372,-1.5998886719658
2.43109844421868,0,-0.888214593335796,-0.884734459564164
4.19934471492194,1,-0.0993164263474216,0.111892267931755
-1.22254280787348,0,-1.10100139253167,-1.55413607968447
0.948346683771653,0,-1.3637344553687,-1.41866317954699
3.13028444986876,0,0.204102376655706,-0.132363718641238
-0.234624839244272,0,-1.58239372008413,-1.11531149021794
3.11842752253269,0,0.827603150973781,1.09890950771496
8.88871108679334,1,-1.25853824004538,1.55649877817064
3.16734356304276,1,-1.26078387036821,0.214497556543038
-2.28308722156334,0,-2.66193407565475,-1.40529051372875
4.06405132242329,1,-0.835223305621108,0.0384763731460148
5.39958901940226,1,0.322791949775004,0.510895613844105
2.05605522338758,0,-0.230304797587299,-1.2064764799072
3.50764176928782,1,0.374362818969528,-0.295067743339597
0.2084786779332,0,-0.578953292393226,-0.559711288463358
2.17210030077176,1,-1.01187762444172,-0.476024533294377
-1.82309399950624,0,-2.2539794735169,0.149430021042889
7.61361174089333,1,-0.661307845576895,0.860419883505593
7.06873267121496,1,1.198143889811,0.553099730510907
0.0961550217209656,0,-0.783405871209296,-0.688619929930747
7.29709160938592,1,-0.175070721354146,0.298323824077869
3.59746737143052,1,-1.62960584717309,0.120210172243347
-0.122114885206736,0,-0.705758682283477,-0.404285156696938
5.5254265946612,1,-0.31683986123055,0.409797694312429
2.43215928218905,1,-1.20851638331596,0.0102637134042372
0.235495172158834,0,-1.11640996388223,0.78592660209531
6.74310058919855,1,0.366278191931372,0.0476923916837986
9.31700090602721,1,1.2421932999248,1.29535526315092
4.44376976120943,1,-0.825368416633043,-0.756981998862735
1.62133045366594,0,-0.464795664695509,-0.848306001357487
1.62278573955716,0,-0.0427579196069997,-0.594006098686939
2.90349770703947,0,0.584811316965958,0.7619408790519
4.01136424629679,1,-0.615104841520879,0.714539281415024
10.2209807439975,1,0.972645348168432,1.71794950593927
1.14098391876778,0,-0.687286621705872,-0.339872692677452
2.34349218527885,1,-1.00103875960422,-0.726439220613387
10.7374898384042,1,1.04302011550302,1.93705777943895
0.953589329504671,0,0.21076727349315,1.23938758994379
0.96873015919355,0,-0.713844868921971,0.91865834494521
6.92673583183881,1,-0.347337910281179,0.743927370446404
0.180794103716662,0,-0.990678487421817,0.924270619325623
6.91485990959685,1,-0.195538433850577,0.965640649979282
0.589693307814501,0,-0.247277566057858,1.02202100669984
1.78669484383197,0,-0.396785618960089,-0.175252951082194
6.13036095692273,1,0.0729515949806461,1.15168202591466
-0.663085142066572,0,-0.668238810891158,-0.122702300016838
8.68394513713696,1,0.692540585135191,0.545780154667187
5.36765444137562,1,-0.33960373104184,0.270981137625733
2.55948227643988,0,-0.418614711555023,0.177961048309491
5.61100880404724,1,-0.527633514481547,-0.154991251391163
2.09629015608282,1,-1.43335624517096,-0.0920018901682719
6.67959212121528,1,-0.348579186884781,0.859617262271554
4.22652837641154,0,0.543040095972706,0.975820080405504
3.39083281202913,1,-1.3984543103327,-0.315921406666349
12.1232796562251,1,1.11719806326694,1.66540383803606
1.74498546195787,0,-0.2512165732466,-0.745000677771089
11.0628761674661,1,2.40115310559299,1.43804332637596
2.43639427511682,0,0.723971765325561,-0.4076790350089
1.83723984827197,0,-0.516130638613787,-0.747818345864743
6.31075911423643,1,-0.0102685596575021,0.793848914903472
7.0129395276013,1,0.495642882206452,0.451207102407002
-1.90222083065229,0,-2.58514803119793,-1.67497380281945
0.677291115430868,0,-0.796230600737354,-0.925831820209714
-0.62390967262731,0,-0.835193166247919,-1.7588059881346
1.31137845199363,0,-0.477626499563308,0.412755753257476
-2.3917216570307,0,-2.11318863346872,-1.22210385214191
6.27363847202612,1,0.513097486500795,0.930259000227703
-0.337223600531836,0,-0.916454866450758,-0.936377373647927
6.55535315690047,1,1.52085201181191,0.311962659132243
6.26164957222331,1,0.955849153742712,-0.0301497970616884
3.79328959834981,0,0.954285950952239,-0.275728762623253
6.87115086461316,1,-0.106630536661153,1.15993284584927
2.7783724245902,0,0.0562167882284164,0.20475085823849
2.66886510127905,0,0.744630725175297,1.27468328429567
7.008619148407,1,0.504190086633302,0.864210837065157
4.99063976452894,1,-0.266759639314514,0.272427235624625
0.299785395199046,0,-0.79776876632033,-1.25183811797251
0.576355373754009,0,-0.631982730716192,-0.945087635358263
-0.999588283115605,0,-1.18992606507888,-1.69669323168239
4.8138786648253,1,0.0173445175901679,-0.572832131745336
10.4424359092967,1,0.736246515113014,1.65147662573014
9.7867770968599,1,0.79417356058336,2.01142518858425
8.02572610610363,1,0.716220334453394,1.4678330469788
4.05308969851632,1,0.344870126465843,0.352673517216379
1.42627326004123,0,-0.0771975161333441,-0.605687761359814
5.90520953638705,0,2.4617729147665,1.62214988141121
5.54289080842776,1,0.204946371445487,-0.483155204892638
11.4769876087262,1,2.40755483309822,1.50359087580273
6.46140927528729,1,0.516092456926414,0.591310873939597
6.95772438416452,1,0.560485288180297,0.758493023055341
0.406433235963149,0,-1.00362654363483,-0.435324621943461
1.55173245111213,0,-0.0947770974177997,-0.432834222331691
8.21855202210493,1,0.465137950632065,1.48878315266178
0.51559601983099,0,-0.781846838610197,-0.253105441866355
2.56146071704307,0,0.024798503101346,-0.690590643089348
-0.0833701236699975,0,-1.18840520416859,-0.601803915134384
9.08625205078798,1,0.664333230393695,1.22835481903227
8.27455078960036,1,0.316643287332143,1.24666239885625
10.5608150517789,1,1.26380025009693,1.51696237339512
1.28087463044783,0,0.457247982067065,-1.01973167136139
1.95863360687637,0,0.324698061885413,-0.20268784044738
0.932759519284219,0,-0.318598688878589,0.126893800331528
7.5770307432094,1,0.299623339572795,0.450204575879635
6.21184182055278,1,0.132992126301952,1.23923540454058
3.65600222327744,0,0.463398597259139,0.645637290095507
5.55737014363564,1,-1.33404240252606,0.964301494178876
2.27686788429079,0,0.182866172743377,-0.699313684271064
0.753844916992423,0,-0.699766182321136,-0.882760611626217
5.53279086169898,1,-0.398183209792935,0.41610854282936
7.78345319715801,1,0.00201486026778628,1.49100148395234
2.78117521478467,1,-0.925362757336893,-0.643894103417124
4.70079068537555,1,0.226589957530058,-0.105567284071599
4.16204684603336,0,0.64178409196237,-0.46674584047273
1.32818587697921,0,-1.50648403028813,-0.856018922367601
6.48178887930864,1,-0.265264539930594,0.888682189505149
12.2553159677307,1,2.59197677570882,2.43209613314815
7.5560806897662,1,0.371543923087598,0.868037283906418
7.22418855109964,1,0.615659974449839,0.474666261650773
11.0282695135128,1,2.27833498089125,1.11995383080788
5.70899732956161,1,0.432711373858966,1.00954860120302
4.55712601196582,0,1.18283008050616,0.188449649137298
1.38940311689237,0,0.529616081282462,0.295084071415623
2.19020573830314,0,0.523375155201147,-0.0814189191225285
4.59670241903414,1,0.073695864656762,0.129599816222388
9.16000438382793,1,1.42576705284182,1.03303025340017
10.1664170524731,1,1.90836516842897,1.12739742966432
6.66774200075212,1,0.501609494858757,0.721478770976339
6.34054363578129,1,0.855232973965513,0.479566584361517
4.69915729624586,0,1.56317445477609,1.21884575544702
5.09059762282858,1,-0.523005327343717,0.650673059696903
2.81304377280027,0,0.390367311386903,0.601449145054622
6.92218819083832,1,0.83856338122674,0.779313803282923
2.50172275612193,0,-0.893736223298386,-0.327237521875329
-0.64762029783802,0,-1.14977926793901,-0.375161881409163
2.95176031412688,0,-0.572783168602844,0.0052256585612967
2.07315801622987,0,-0.0714316330733938,-0.295213103090908
8.37080586713792,1,1.24384182386471,1.37865654479147
0.998161642600896,0,-0.156833672157127,0.559143724664981
-0.210957062679025,0,-1.30855954667853,-0.408767917033496
1.30116920038094,0,-0.784520316696107,-1.60040875155732
7.89568482019702,1,1.59348290609172,0.560108572437458
2.45382411835753,0,-0.318739282792497,0.957421936616631
7.1615545267851,1,0.867178178295398,0.627157609638282
3.83034633125646,0,0.517346828873261,-0.169740898994942
5.77140982261194,1,0.09036245792522,0.349436703306967
3.22448497555705,0,0.646142081753509,0.178493614057077
2.62088963350636,0,0.490777366201643,-0.50564237565571
6.05307738940242,1,0.832656296462128,0.558733796047457
2.36604391904239,0,-0.721225027463238,-0.687472635124796
2.69115200117177,0,0.0436413382969641,-0.560439117507027
0.12786474750963,0,-0.978034455430297,-0.960433610058022
6.19823186117675,1,0.620265333456351,0.291313396383966
1.61021314829946,1,-1.08924882811148,-0.766130389510828
5.70257307237343,1,-0.0207704802445275,0.764864064694405
-1.22117810763213,0,-1.68322898686821,1.09762821076786
-0.0587890440153975,0,0.209425654617338,0.993680291415283
2.46244360223717,0,-0.107482176251197,-1.13174444039075
4.74566339321785,1,-0.620504105444228,0.44154795834495
4.72847567324532,1,0.31420571969146,0.0939234264091102
2.34040936176675,0,0.0725254445642244,-0.245996019249209
1.59165667618229,1,-1.48500148695192,-0.774614794766707
8.98787975085229,1,1.65841808798139,1.85076186373301
1.55756658199136,0,0.611939267538198,1.1433257023769
3.13615071208958,0,0.090293477300269,0.35061426440291
0.616895401134364,0,-0.550740797541698,0.0844592476177288
5.10750502895786,1,-0.680057222401596,-0.243008556550255
1.08629475085768,0,-0.197047440231912,-0.0572676844168271
6.32516328375275,1,0.330193407761556,0.496526029119281
10.3425515233386,1,0.587754388366437,1.37125955758545
1.85314496589681,0,-0.279447704548609,0.380535959882568
13.6937114292985,1,2.00103521877927,2.02918662273522
1.59156626771329,1,-1.63251194275012,0.197112551715049
5.41979920652741,1,0.327768463303457,0.708357934832187
2.95642547914983,0,-0.13527804154521,0.332177882860399
1.08040390135747,0,-0.762095005887311,-0.173093474418464
7.2048565201931,1,1.20008950613688,0.850998238462194
8.24275448101769,1,1.1811116831156,0.645503529700348
-0.128233388448107,0,-1.10774929228805,-2.13257209985817
4.23897508454556,1,-1.30787723816518,0.339161169051697
3.32908824865093,1,-0.356407994432937,0.2848361059852
1.78683582892697,0,-1.50236591128378,-1.45652206021527
9.74933324445423,1,2.4733262456231,1.54942782225319
1.84281182072975,0,-0.0783079551717087,0.187799438783617
-0.683761915964092,0,-1.37500919278544,-0.144399832436336
11.2844433401016,1,0.586679437227346,1.70206296825619
3.80638558896533,1,-0.587855422016758,-0.617149380675025
8.24048371887839,1,0.913768252515862,0.77443053779766
5.86331681313133,1,0.444994293833315,0.0469366754211423
4.20011132426928,1,-0.755197626208854,0.193804505917265
1.22394355452721,0,-1.35197185989996,-0.784315019375772
4.86293988192197,1,0.123561423633826,0.31670491344742
-0.0639608366767213,0,-1.0609298251486,-0.240859984330819
8.0932647922863,1,0.893969220306761,1.53319832222114
2.39427714320575,0,0.0400809048728992,0.446179777117014
8.08444059643471,1,1.00484406396133,1.04230677708243
3.94866078317896,1,-1.25238372526895,-0.355386696501479
-1.91315346746282,0,-1.85672164971482,-0.691626080164132
8.27411849348026,1,1.0431622677302,1.06896281219226
7.88355887935187,1,1.3990257592925,0.931269130129933
2.39156819681598,0,0.137986653761744,-0.220845155104863
7.62512412977717,1,1.56989028888985,0.733862518252965
5.15980443481187,1,-0.200866452696272,0.126359072158837
3.71803715111724,0,0.277415768932081,0.229509183934541
8.12007654493127,1,0.830965887623538,0.96066689786952
1.95778587085332,0,-0.0441540392203504,0.131718379537883
8.71519872002564,1,1.82872266376139,0.204309118400905
9.09564091748357,1,0.624592282379577,1.39070653785009
1.74395091385415,0,-0.226959346299121,-0.115618718733967
1.25349137259874,1,-1.13738112712536,-1.27088932048065
-3.75262735169386,0,-2.47403098327613,-0.920908712260975
6.1558018857581,1,-0.342745589584826,0.65959754866482
-1.21026053490236,0,-2.36072803355463,-1.27722205975005
-2.00179268179365,0,-0.535933341008187,-1.55955232829793
3.41013501416673,1,-0.339960171088917,-0.29160055036487
3.33340477433669,1,-1.23663954977205,-0.229336653296886
2.64652877379703,0,0.168679842239388,0.371679284905486
5.35948028110234,1,-0.00857665132081443,0.135348013795716
3.85135624757021,0,-0.28593716557915,0.0633468196737104
2.21216418515223,0,1.28248307233497,0.728137568296429
5.8135168855979,0,0.974785211863853,0.580942010811983
2.45535704169341,0,-0.26135070472547,0.909655225307347
4.11572271646007,1,0.347656892540361,-0.329198989461911
9.06570437555463,1,1.09092550555819,1.70109434368296
8.01739974687003,1,0.99988583373097,1.09029748064697
3.10399467019592,0,0.649533101139988,0.604899409883508
0.12217766317965,0,-0.978315838724282,-0.556369791015216
7.97294056648655,1,1.24217192348421,0.41366658710519
2.79705314365932,0,1.38282493057055,1.45465009372006
0.257578836450993,0,-1.02868063484828,0.766099093542811
0.724528229518354,0,-0.452261618218769,0.0686379128050086
2.04636827770507,1,-0.501168444968435,-0.600346883647275
7.30684591508316,1,1.5908090454682,-0.310707353606602
3.41332210604222,1,0.116330758503702,-1.03287978830419
1.36097202571183,0,0.311447546326526,-0.631598917444012
9.83793542733311,1,1.25612356872586,1.26899121437905
5.86915331374597,1,0.261404672267587,0.524181390727507
1.68468539353013,0,-0.915588460099002,-1.27327366085372
4.93892208473856,1,-0.335535086076246,1.11687723958813
0.356255569465767,1,-1.04955544731969,-0.919956211915392
7.76668423999546,1,0.728833418162239,1.00730680095409
3.66563426067359,1,-0.15688087155734,-1.07513741294054
7.05602929390971,1,0.384694025567551,0.940221981576484
1.84983269554336,0,-0.081158927308982,-0.950976597741029
10.5399290686819,1,1.00137881256891,2.05210735118971
8.98353055210899,1,0.972432761829392,0.853039945320897
11.432791842909,1,1.48311394563267,1.65125022320164
3.58384767159226,0,1.60180557664898,0.393186930216149
3.56490223647764,0,1.59330522374142,0.820859470099879
8.43324006888398,1,-0.0192503357383805,1.72661862744416
-0.128319357684367,0,-0.53951430641366,-0.644193674372675
7.22683915614581,1,-0.689778448416465,1.3358879380301
10.5448183720182,1,1.36495790936422,1.62482343175858
4.38902675426386,0,0.734263413785144,-0.479593525274394
4.8019425349413,1,0.303498168633049,0.422292515036221
0.0327044240322151,0,-0.7750419892272,-0.923840463559151
4.36562894734378,1,-0.727711149994511,0.409428330648204
2.33948720955074,0,0.606973220145664,-1.4904708768933
4.29950745526228,0,1.5636717521286,-0.299512144627494
1.58628858814481,1,-1.68310122278538,-0.280272635556247
6.09361857774247,1,-0.114288039469464,0.183236842428005
2.22591897935054,0,0.162030007862626,0.169808005853434
5.80879287914692,1,1.11557872314914,0.317305983669257
2.98817645758841,1,-0.777257915101231,0.436222588421016
4.21554157332892,1,-1.28416979375017,0.218465024447951
0.834815926653802,0,-1.10307478467185,-0.253299013608404
6.48699776380959,1,-0.0441924632779343,0.979565385431482
7.95421603822434,1,1.39062849384646,1.27001221914756
9.91961312569659,1,0.519690849368784,0.913124893616434
11.8437765681596,1,2.75405009786783,2.23517974874837
-0.800539113711321,0,-2.04103027017983,-1.43261609499482
2.19269426291346,1,-0.67166779859409,-0.318705476419505
2.28345293808726,0,0.596497944461439,0.338592844466778
8.19186217502767,1,0.157314472267769,0.786991017602097
2.38689274534113,0,0.515680532545006,-1.0697344935402
11.8749160022713,1,1.90423265043329,1.8120694504426
8.30983184981661,1,0.0696590273722874,0.678214329662053
11.224571850841,1,0.974082336893175,1.37461120243504
1.48155899892829,0,-0.80320276978273,-1.22276025366241
1.91199631137306,0,0.813217024702951,0.351925896132693
0.255202466699562,1,-1.58250923796184,-0.87302811688461
2.13222505939254,1,-1.14800201115923,-0.732728731181118
5.28052236378899,1,-0.541610614224009,-0.31058584097777
0.862391097614668,0,-0.438361249077904,-0.615342357474678
6.99249804684503,1,0.482675597447257,0.943366832532369
-0.83859951532856,0,-1.92111133209984,-0.414636376623545
-2.0038110121338,0,-1.86440634164183,0.492463773133087
6.601473111082,1,0.245635656266095,0.974261848856316
5.10855461838214,1,0.62671541285306,-0.435558179902316
3.43912113790345,1,-0.0268519368828211,-0.149118911014391
0.974195079988821,0,0.0296128225970353,0.15285162752229
0.767952618910923,0,-0.427862845337016,-1.5485553482644
1.26856591936307,0,0.370893204875184,0.313761385351796
5.65613888799157,1,0.451224887331937,-0.772062365589249
0.51981129647656,0,-0.989612615861738,-1.77652654243527
1.12134297253518,0,-0.148952292161694,-0.131553034052272
5.48455349159029,1,0.234287175179065,0.214877458777901
2.64764584614733,0,1.28048409184929,0.116174977330603
1.708657361755,0,-0.702576818691986,-0.588119305146633
1.44689970340042,0,0.147338568736074,-0.37268852306205
3.17397237680551,1,-0.780336985402459,0.245179056128788
2.29649598487543,0,-1.06476762193079,-0.774630317812504
3.63592328845123,1,-0.171418807755603,0.211268647377267
2.13411138311779,0,-0.625352835470364,-0.432781492617905
3.31361124546364,0,0.379603534087629,0.724354837624785
0.860943874447507,0,-1.14643493191084,0.0100636681051486
1.93295509515152,0,0.105514294868752,0.917062065596588
6.70026965276707,1,0.527782694937826,0.47459046894505
12.1278113856076,1,1.36603933731139,1.98721560588467
3.05191523847759,0,0.527434041154945,-0.286017492692458
10.503242363494,1,-0.0435189358345858,1.37042608315
-1.07284444195117,0,-1.65735534825187,-0.279145597803691
9.22035788949769,1,1.94376348021201,1.20523625755436
9.07268848526307,1,1.15373240669097,1.22545088323004
4.73594208226544,1,0.483711159614939,0.213742172166148
0.1934684642697,0,-1.52987374793344,-0.750117094244261
-0.637045742151166,0,-1.00308548114687,0.351580558206359
-0.0561142259348985,0,-1.25566039230903,-0.528430141255338
7.52397411770902,1,0.464055417816331,0.227250542430903
3.43613367651939,1,-1.04262533619885,-0.0660836423127808
6.30584001024201,1,0.899420018464991,0.187287682457187
4.38783343152605,0,0.593784223333475,-0.178146354367119
9.27728116714755,1,0.263853386218154,1.39748227636126
3.38298320977579,0,0.368718567660728,-0.880718002587306
2.59151121110457,0,0.226216562698677,-0.298363211858767
5.96886437997018,1,-0.919011334309737,0.779225284542097
7.75509684005456,1,0.133711807716597,0.850838409610402
-0.675824286966425,0,-2.14343191796407,-1.43374372643723
3.3818721819545,0,0.78085599980121,-0.00972347063280749
4.09357763398925,1,-0.131663283939701,-0.136935874783277
5.09503057401749,1,1.09723337243252,0.586688922457496
1.72472827518768,0,-0.739025043605922,-0.222450539902195
0.416290429078295,0,-1.21959575047471,-0.164336259076251
0.737430409401304,0,-0.992635238825222,0.17575802273726
4.38044954273479,0,0.65740400387586,0.82415222976317
0.300016854778169,0,-0.28543359350805,0.0374988057637302
5.46016637330328,1,-1.54833452873761,1.03313989495045
1.53511716447561,0,0.303962942496315,0.208606139894046
11.8408871124286,1,1.93773064979096,2.28694338583124
0.879203967249558,0,-0.273584259342386,0.235941984594333
3.66062769534916,0,1.25301130815926,0.923647445879121
2.58763026774765,0,-0.338149739489154,-1.08041572254008
4.77703993318244,1,0.452002030442933,-0.016592311855933
2.06464560409774,1,-0.788378588927025,-0.505979987201193
3.4257025176451,0,0.239541799789201,0.0984587712209843
0.00630916162476081,1,-1.35919913257259,-0.637376406132526
2.149256648535,0,0.930859107228683,0.483178217023172
1.49795734620483,0,-0.883916583938724,-0.813810619784
6.1996454342814,1,0.377140209526729,0.233191567088975
1.07221160286305,0,0.0825666757214537,-0.184692585318358
9.08601286707177,1,0.807499332790666,1.97616818564749
1.55293088205491,1,-1.45864129548012,-0.786060862638803
-1.88256449891466,0,-1.4352838789855,0.466918856817791
4.95000888598516,1,-0.536987202494485,0.638225671844869
7.09874130101726,1,0.135897932821819,0.0468447182327989
2.45225224267439,0,0.46348957725676,-0.311651170649201
1.78286570478032,1,-1.57910279626456,-0.362816533691798
6.02129340130104,1,-0.159718178767481,0.56102422043999
10.3870003464942,1,1.11413199744023,2.35187034400422
1.45456126574007,0,-0.301621553476118,-0.469564393496561
0.661258252861562,0,-0.876077661234614,-0.845898706848354
2.3749954353353,0,-0.107737114156522,0.2206077271442
2.29627931505326,0,0.694932735421578,-0.253280722651537
1.54253801651224,0,-0.2489047306281,-1.28663998251701
6.62892098528957,1,-0.430668000999132,1.28196356761529
2.89631417195978,0,0.912741860702507,0.971404356521711
1.70875859888106,0,0.0411539585632282,-0.0954643063721309
12.4291952508208,1,1.00833424746716,1.85438650554944
9.29960522705705,1,0.598499490822317,1.30483423370347
3.076252968995,0,1.23966272055502,0.308307794417501
-0.349137461797269,1,-1.72551841325076,-1.49428549938267
4.68775016296429,0,1.05585016577206,0.439982611450225
1.05567344275616,0,0.442278337694514,0.0109767695848298
1.03593102940505,0,-0.934280191689956,-1.18039161164934
2.84939446312651,1,-1.69862037059613,0.0505541819716932
-0.577976517963496,0,-1.78343179962071,-2.16270776342848
13.955234267689,1,2.26220010207702,3.0484869968421
1.28725268431171,0,-0.29593241697251,-1.04712109831518
5.0146592153922,0,1.51315467372783,0.35882294380222
6.19504216704337,1,-0.417959193652311,0.977240804496316
-0.405945047925563,0,-1.79557399418644,-1.26178861990598
4.15171356392289,1,-0.798191834759339,-0.44374363516277
1.04887504377754,0,-1.17523772759769,-0.344810887659844
0.140629876793234,0,-0.223616606389501,-0.564215626780104
3.97370164648647,0,0.0453422342471049,-0.110087743823951
2.23465832897141,0,0.585213017040497,0.359281819661538
0.225082787531275,0,-0.450403181782335,-0.569283829808139
7.27382188703306,1,0.607614676349547,0.554646791732807
2.63617994385857,0,0.466352919175274,0.135762006774142
8.20960839995982,1,1.17655091341842,0.786421139902495
2.39323182689475,0,-0.37566043290438,0.158323541429733
6.4868802157153,1,0.242465241314953,-0.0837942908881452
6.79747082988034,1,0.771008652733462,0.754059143434347
2.097001412815,0,0.371677036246407,0.12009120142156
2.59287422739375,0,0.847335073541071,0.293111940621101
-0.166255421709312,0,-0.661355728550361,-0.632440754352461
0.915117765744735,1,-0.972642351531807,-0.658356740016867
8.10850979835952,1,-0.113300244324519,0.928462277744442
7.67981132904432,1,-0.254568724731419,0.737237698051647
0.457060084236013,0,-0.621754756615685,-0.542507412992516
2.08173204132838,0,-0.209846882680838,-0.961037687026337
3.52610444156935,0,0.411023965120692,1.28069489814428
-0.206436677811171,0,-0.863750086736452,0.376217627053649
8.62351200751399,1,0.323314417612429,1.20572068888223
2.16675777709612,0,0.102049205306479,-0.441278301900772
8.25676444428708,1,0.129303918571732,1.26131817146692
8.34276196956359,1,1.10978533826304,1.48602905748027
5.48341536264797,1,0.00575875253375523,-0.218278914056742
3.57287286421392,1,-0.610022049597667,0.185160623535805
1.83324692309112,0,0.080243593444453,2.11871485519873
5.40576139964692,1,0.719616372706238,0.086900580103945
7.97898858326192,1,0.805526873040813,1.32223485732458
-1.62690047802663,0,-1.31456355451394,-0.370923389225449
1.26724721969997,0,0.40404491895863,0.657280664617364
5.77256748835902,1,-0.0486279291892723,0.999687954920829
3.85921041939922,1,-0.951552484809501,0.36373691027417
6.77616707982122,0,2.51774479844599,0.270665040467016
7.47132601530136,1,-0.315204530784773,1.32958082500994
3.53947867731171,1,-1.42585991612439,0.123833929220197
3.96221263528877,1,-0.87144285267137,-0.475227253374708
6.30416855248951,1,0.675653153790147,0.639240295093569
1.17254111654901,0,-0.223112109339743,-0.870999858749413
1.4380466573542,0,-0.705468710764672,0.203235380453932
0.310721624694041,0,-0.613316997267617,-0.630330888052674
-0.766783525682191,0,-1.5148444136949,-0.606184961425519
6.36151022934692,1,0.0730761255058376,0.608619739396347
-2.6046527271804,0,-2.23355932410453,-1.93881461753278
8.71092684664593,1,-0.418597622288902,1.03271771014519
1.67624688071527,0,0.462722917973493,-0.514806061620385
2.41958466920532,0,0.390963385169707,-0.815449738788485
4.99128403694215,1,-0.126273661039245,0.345462317164777
-0.553235752703341,0,-2.08387462954672,-1.44703219706417
0.044254327030151,0,-0.719277480544588,0.360845062126682
5.73132663406014,0,1.71137612579397,1.06592226394018
8.579463379976,1,0.405230380038549,1.08705751289628
1.87128987442923,0,-0.0655834944282832,0.512318935285699
4.9344202994894,1,-0.452682453990673,-0.255012750388965
9.37298036832323,1,0.994699231802315,0.956515745722501
1.19517016468369,1,-1.08122757507583,-0.579394666531819
0.176145528108541,1,-1.887060342483,-0.315511800632553
0.480222675881565,0,-0.188421382368349,0.566451654189095
1.17966213788325,0,-0.316264673782949,0.675275709501312
7.94504662832166,1,0.0229843464678877,1.67362826031694
1.07489440075993,0,-0.718297573886009,-2.05688521832564
5.30387196316484,1,-0.272203722783602,0.0675361522595032
7.44407372621394,1,0.25736032780087,1.01557758433458
9.45542545937636,1,0.463329075662446,1.48957878887034
7.68089163604948,1,0.552517823823748,1.01990184410144
8.6879935160605,1,-0.269303644530499,1.780265964463
8.99905661449575,1,1.33559347758015,0.922436940950716
-0.870116658701569,0,-2.09837084626398,-1.7524384070332
1.52544175361543,0,0.277684684429623,0.135016937049118
10.6977221995624,1,1.26400577081296,0.672563703912724
1.83190635413982,0,-0.40171535050282,-0.224615176449334
1.85458643334156,0,-1.02230286142888,-1.10222399316482
3.22767906119274,0,1.12774280734559,1.02870629812178
1.91082679376531,1,-0.876836955891841,-0.892054909013107
1.10226998544201,0,-0.198444789405523,-0.161698367083084
10.145026325901,1,0.575450220718102,2.03531047378082
1.84605314529513,0,-0.521859073928215,0.458124467242315
0.979337912419667,1,-1.10973737737837,-1.26592280499678
-1.27542884447413,0,-1.02293432367973,-1.13572005206709
5.01070434310318,1,0.220878109245313,0.247739580492495
6.5222193584927,1,-0.0991468613277696,0.54623879957616
7.79039117226613,1,0.470170311037416,1.45674437793912
6.73795905846009,1,-0.789172281259846,1.44295729039339
7.12457674711668,1,0.829131939378845,-0.128071179873617
9.60113455310863,1,1.2067992856778,1.48852827125617
5.88199860256925,1,-0.323533754660641,0.411130599487893
7.71637597277476,1,0.804344907862405,0.414805003614381
4.9037355879673,1,0.301310616067911,0.00273823203810297
8.08952859752071,1,-0.18962488778824,1.00018845380076
1.83133923124693,0,0.403732332131361,0.752642026032471
1.58371564762045,0,-0.549021147719375,0.281940847368369
2.01901898023268,1,-1.12329163604807,-0.979822676114166
2.5947123095714,0,0.0869033994773892,0.00778322953065969
6.6856340393378,1,-0.691167341354598,0.600487986251936
4.20794159584477,0,0.737501935927253,1.77689782473185
1.65707933622698,0,1.35432912126774,1.45500480163596
1.19787967391302,0,-0.275327503318231,1.40893195214005
0.61095937807941,0,-0.242694135200628,0.00322961734098448
7.61537303144973,1,0.492694053502408,1.11489944309384
-0.892209968333639,0,-1.59208605714605,-0.647512807864893
3.69548876218218,0,0.419482453300876,0.0843272687521128
11.4098237648657,1,1.35335117558227,1.75178755168893
7.98362272452036,1,0.238968574966249,1.21908344767354
4.5574825286111,1,-0.765989802631638,0.382394482866081
5.04175956241941,1,-0.221345024903699,-0.0882601095201234
5.93301080714521,1,-0.0125463968633309,0.882654445395243
10.1314359019468,1,1.14385476300393,1.12661112286086
7.01500514147557,1,0.0222909228738704,0.475314873113884
9.92212336841378,1,0.508038064912763,1.220326257257
2.07969692073462,0,0.384780918540854,-0.409143567347118
8.6932083262025,1,1.85875582026416,1.32977047634426
2.51312132692143,0,0.249351754881027,0.574078848011854
-0.558836330336585,0,-1.62465028101598,-0.5391964727684
4.99159811163607,1,0.542856359377483,-0.0618535603483856
6.6924095246029,1,0.913873655986595,0.514020884684179
2.97482218441847,0,0.254303865377172,0.885455680595705
6.55174226621761,1,1.22210777569504,0.536865229951484
7.71675053288268,1,0.264341098183762,1.58153164888235
2.84147517371424,0,1.16117334911103,0.638055045673773
-0.48143372552599,0,-0.346242796860561,-0.243187404055245
2.93169190029341,0,1.26435302660518,0.0967111262473732
8.09863011787943,1,0.994813192096602,0.784984456361092
5.56855432604926,1,0.292920923853689,-0.186446862363444
1.10873272524181,0,-0.760701830838819,-0.633647088251253
1.13841441233551,0,-1.36589270233961,0.108169384953647
8.24330462205332,1,1.13539483141368,0.736201095498186
5.52074039901555,0,2.51598118385841,2.09540580487523
0.80516164171366,0,-0.47961137900196,1.2474089940959
1.22219264736066,0,-0.327076467361477,-0.357199980167161
1.31723538567097,0,-0.359191162755116,-0.440254930348069
6.88244842707764,1,-0.261850921769402,0.951685721443271
-1.12293974650507,0,-1.30492893598766,-0.986182879174028
5.90875288108068,1,-0.180070901993139,0.884956524101439
8.73009118143982,1,0.879036729626179,0.448407097084423
3.76624626297776,1,-0.269137472684216,-0.77114336053715
2.5783165304535,0,-0.035351571218824,-0.819768373898219
3.28310586272864,1,-0.418845035351796,-0.368381227936227
7.74605891171115,1,0.585393446730219,0.853790136834784
9.66072008241777,1,0.826431885966638,1.41802070810287
-0.152753163698943,1,-2.15669933637828,-0.26193795309559
4.32597949055256,1,-1.50848829637886,0.599213769032606
3.15675621080968,0,-0.155053456472743,0.0514962830249947
2.25727244043617,0,0.40175976349925,0.385486554286386
1.73589855806761,0,0.295558049960391,0.100125105697315
-1.02824403148633,0,-0.694234482610931,0.42012284197733
0.567900254906321,0,-1.01675996265616,0.687427789162989
4.84831480457699,0,1.81085357527708,1.15947988208551
0.804472642019121,1,-0.85764919611543,-1.61588211859571
5.8057365854462,1,-0.690715900221545,0.354079269517309
-1.06275542794688,0,-1.92979189026075,-0.424927658924096
7.5530718931308,1,0.0906364456096066,1.03295320305937
8.60260948473032,1,1.52905893244276,1.34484817874959
12.2714414122895,1,0.972155446722851,1.77196695605342
9.17748150404434,1,-0.195296213721702,1.24586645387189
7.65693805956874,1,0.384708419770276,0.725573678560452
0.544898208377359,0,-0.99967309708978,-1.38481920642288
3.18733275581539,0,1.3025760703489,1.28626333912597
8.30075743026078,1,0.393955639162785,1.71329285450425
1.94905370800374,0,0.336385749848252,1.17926436935858
1.4315659369805,0,0.312619369765718,1.03071049267709
12.5137749772168,1,2.46694909937415,1.90901926759442
1.30626593305531,1,-0.638008263574101,-0.869355705915539
-0.218330647727444,0,0.158970587126839,-0.0818416623440068
8.29179311082359,1,0.819945710826551,0.7637584511857
1.9385500359234,1,-0.358743268042341,-1.77653328762619
6.57076082107056,1,0.630531412702785,0.306579002096439
2.4842301177606,0,0.328293338304673,0.829287266615728
11.0466004423541,1,1.69046482707112,1.79414419243627
-0.112359938491847,0,-1.27950671757077,-0.604832611107119
5.22488704384598,1,0.456645655667864,-0.574629356992922
0.695836082902842,0,-1.71965496985299,-0.0184462512014706
-1.36180777696271,0,-0.989604960986407,-1.25266130022559
9.15849245146674,1,-0.664753597207123,2.34252515349281
7.65353257265512,1,0.306283396778146,0.771668927260043
0.803896287960525,0,-0.468722331887909,-1.32842457360269
1.91987797248804,0,0.0459130124378484,-0.655863419897176
6.51901148376947,1,0.0314983132285842,0.747417829606724
2.40582186418696,0,0.289980844078762,0.842442605491212
1.71613181817306,0,0.114805211401305,0.119089107095695
2.43827197019444,1,-0.82233040248773,-0.613403861800507
5.76830310254689,1,0.347118466796943,0.317351062775778
10.2276063681302,1,1.31939387885084,1.84730897534402
0.183002474875293,0,-0.363029604906993,-0.282958340143153
5.79999800940561,1,0.587378785767342,0.313518769919992
4.07110583837152,1,-0.109452856341771,0.177820859297654
8.05136824526137,1,1.1527894183486,1.01917994985981
1.40083826435169,1,-1.56138441452527,-0.498339138429602
4.53177087522065,1,-0.926393015058184,0.098131772713358
5.94407447188829,1,0.813658405849331,0.810364834292372
0.729672079565702,0,-0.403769279126318,-0.897799892089188
9.832601183684,1,1.21615218009672,1.14532395609473
2.6872960299139,0,-0.35021728151206,0.760694436227922
2.39212838133162,0,0.623226683269881,0.103926838688188
2.23084728015281,0,0.539159666592674,0.816426787824708
4.85025851763369,0,2.26922786796859,1.84013582103787
1.00089446747796,0,0.0983581981601232,-0.536287968787564
2.28046189299767,1,-1.77503867130278,-0.292102348648951
-1.17940917291018,0,-1.89700122895369,-2.28808471250594
4.90722784711895,1,-1.3619778772313,0.219184029727719
3.58614860378666,0,1.64183271055279,1.58117538239982
0.490084028545773,0,-1.2391725926698,-1.13647474769473
0.224046535222583,0,-0.609139427483887,-1.82852576634481
3.6896454764861,0,0.0368312732577241,-0.754269601052882
8.36858093922179,1,0.819150746380689,1.13011115467393
2.16041366736267,0,0.0177314107293055,-0.146928748957517
10.0725517309287,1,1.52964508607222,1.68677239043527
9.18455669254755,1,1.33120317700638,0.413904570645328
7.82019202275565,1,1.03669357050464,0.620333906874979
9.32795831406493,1,0.190547258289249,1.13800897178159
4.44191453790935,1,-0.526509881669087,0.361210320939702
8.06560111378106,1,0.486932922438156,0.401155604580568
6.13524029865392,1,0.999038449864656,-0.0607384182861526
1.43373314418069,0,-0.243298432311432,0.213586041719347
9.75671778280714,1,2.07563518593174,0.574890090822831
4.34516231755727,0,2.38191861000898,0.934643633578034
1.99508446901718,0,-0.697477634923397,-0.245079540915358
4.69715090127017,1,-0.789160775839703,0.362739025801917
10.1941450045957,1,1.39904067680477,1.28254627717189
2.36025255525854,0,-0.619383205303645,-0.447295474405632
1.91793767323228,0,0.33422601363955,1.1451815627614
4.38745596230163,1,0.0288409200831771,0.331227069777938
1.82336835304706,0,-0.819358408674093,-1.62184662302336
1.82878420661301,0,-0.556797016608959,0.0786556399649825
4.81836597018601,1,-0.0547863318450865,0.633345842146707
2.19592769035832,1,-0.334145131009272,-0.584017941472675
6.94706589128228,1,0.884845982628024,0.942116300120974
0.934514416994164,0,-0.481560267455248,0.603591267651137
7.58790130842784,1,-0.475758175681997,1.5543748531985
0.414156577414887,0,-1.01489164940332,-0.424521503342022
2.39292400841858,0,-0.816645433459989,-0.116869669653515
3.97152456842981,1,-1.55461814620212,0.456432837729036
1.05795458340918,1,-1.46936085056276,0.043526282959472
1.04153135828265,0,-0.420568741624904,0.776028141378595
0.841427657455582,1,-1.04023858970438,-0.528486848471153
11.835933351327,1,1.90958587649288,1.2413987906861
5.40446391300231,1,-0.990870415154958,0.980059062824846
6.91088305521329,1,0.586619325854928,0.5484876747695
1.02721752401959,0,0.778733549923925,0.686826090407772
1.8918774861265,0,-0.254718815541631,0.924992523096871
-0.473935583195775,0,-1.65007066012009,-2.02799314722706
1.65599197221683,0,0.0274715341792772,-0.7411937556398
5.29176611799697,1,-0.1677131827696,0.57410593841973
5.37196312017042,1,-0.32319658537957,0.156478353839358
8.12218612688157,1,0.08054727791513,1.19195334649149
4.46262932241334,1,-0.287876939312101,0.472079568819003
4.640788655568,1,-0.212484817977292,-0.231767942039593
0.327771630476532,0,-0.354008283706915,0.56041371711685
9.09618647640357,1,0.706936581281784,1.40968256025503
-0.00585528953883357,0,-1.5608322423591,-0.0152595186308206
-0.805195735140987,0,-2.66901460266798,-1.19143391908651
4.26724838803249,0,0.954419429986801,1.59918526374383
2.94410836060946,1,-0.928550164620117,-0.233490382895054
13.6206354662023,1,1.43013987952246,2.32169991303869
3.38672352199025,0,1.27825349130052,0.75950645443928
-1.91900966319182,0,-2.75363806317095,-1.40190628210468
10.567589957769,1,1.33639557600614,1.8274831858794
-2.2816644620851,0,-2.11368510281075,-2.40026067274044
3.08497221843415,1,-0.393811610552688,-0.505957726613425
7.48283009771496,1,0.219075339090424,0.442535269947208
7.35644336127148,1,0.0886974579951133,0.527091364457238
8.69505415671945,1,1.44294885669076,1.24494444070625
4.39825006948992,1,-0.49736554560624,-0.356552181637382
5.74066705574638,1,-0.516234885846738,0.12716798992129
1.24814895602662,0,-1.15543297015217,-0.900828863913407
3.42944987765575,1,-1.11263312213878,0.440973206058054
1.27357226377534,1,-1.3607027099287,-0.650106803261112
1.50681620394012,0,-0.284702945427751,0.875162611707168
-0.68698794486564,0,-2.18616927535007,-0.743259182403929
1.07180177214139,0,-1.00059630656418,-0.600037616077645
5.27675425685184,1,0.654428090727818,-0.00612508639960496
3.52588905495515,0,1.20466372636256,0.464949029759046
3.59942126362989,0,0.50572013103602,1.85675582874253
-0.14419402869424,0,-1.39914930519946,0.369207168489106
-2.70061666999904,0,-1.93651963857085,-0.707713409317888
5.25291396984917,0,2.40692612505329,1.32602314621949
7.94798024205127,1,1.07823983306288,0.0378018614195423
6.54412665217555,1,-0.104902444538949,0.564286903812747
3.63635531025251,0,0.0655827873378907,0.800283918057134
6.77315289401783,1,-0.667289518513121,0.548443212786143
3.79744300604688,1,-1.00002287404203,0.341647911565014
0.931746181329644,0,-0.949510107915931,-1.39625355517199
1.32774966725862,0,0.112873184203647,1.18197949300807
6.15319483488272,1,-0.0948703282683646,0.231809222934315
5.7534485310685,1,0.314723985745241,0.0879400704232811
11.2302915930334,1,0.931806478951428,2.11754008440886
8.31178191820213,1,0.475597599223772,0.953189551835728
0.970953889354422,0,-0.583698574610691,-0.297110274513204
2.22785460233958,0,0.441731413113751,0.470768975131804
3.16373965211763,0,0.455658038815155,0.671918024712046
3.61131124796046,0,0.12483318874709,0.364744543078978
1.56094221090973,0,-0.278998789973158,1.30776426428251
6.36771161470137,0,2.54915991938045,2.71774191418914
2.00731847967395,0,-0.51198722023931,-0.822561619603438
0.368594861160422,1,-2.35774152068137,-0.219943922629996
8.07084323072008,1,0.0144648045002066,1.24404631524261
4.39482609285468,0,1.91081322822689,2.10702679317761
-0.288089973401639,0,-0.909249548335934,-0.733984051421444
6.70734043566061,1,1.9270860075294,0.154911033807845
6.81520304772227,1,0.651705205120144,0.458444958531447
5.93587449423105,1,-0.336231344312287,-0.333453108850572
7.02978609145303,1,-0.23840019960304,0.846678341845198
4.13470596458949,1,-0.338766393712571,0.0567205039571399
-0.676354088304556,1,-2.09232443104695,-0.77613030955859
0.683233276367974,0,-0.781117248580237,-0.460622283700476
11.9440548856174,1,1.96786040159648,2.63924935689236
3.99811102254525,1,-0.741546308555009,0.310840092399761
4.96687072580929,0,1.02401081232665,0.0971106783196248
1.93649816284189,0,-0.478173284569792,0.174751535537239
3.37987397024132,0,0.11230012355184,0.253062802526164
9.09597158668556,1,0.274085740224945,0.857998104840306
1.43855806352587,0,-0.734939285499911,-0.596319758073211
12.1030935202753,1,1.99591196126357,1.84991681461424
4.77715166164925,1,-0.685384546667546,0.921044239085832
3.96873542068703,0,0.663255822010819,0.467446511331348
-0.342991008912634,0,-1.11229030267979,-0.292960239483856
8.03702282656636,1,0.26647683093564,1.63174589593002
8.54173075647717,1,2.4307004061309,1.46566902539598
3.08317020469221,0,0.0439394627757053,0.221407689030491
-0.942216904977467,0,-2.40064489377637,-1.7768523752556
4.08907750813616,1,-0.154723394837579,0.288528578625169
3.16906707809369,1,-0.228117042549757,-0.0938916347810657
7.70573743778189,1,1.06859159692478,1.28211552631334
3.39267508271879,0,0.92386431194955,0.838467079243134
4.95145054622799,1,-0.622262997929767,0.513725473013797
6.32550025130514,1,-0.381282823879318,1.01093117405688
2.83373137261988,0,0.149801656539523,-1.11935738236549
2.36659613395259,0,-0.0344067835785276,0.882572406578927
0.752797202510674,0,-0.670749515279531,0.203320739429515
13.5536459297652,1,2.2419930145201,2.33031824021685
0.606702514276688,0,-0.661958903522252,-0.765027607537494
5.75692041064639,1,0.398586343422742,1.07357953964572
8.62180074448548,1,0.523117056262989,1.51037971640866
1.39069814454099,0,-0.638544566636507,0.353613914613839
12.4050057082824,1,1.568421696972,1.32185472662409
8.49045197021616,1,0.452113806020472,0.554809364819843
1.24697680184677,0,-0.301264677683594,-0.313324097213851
8.3042465198663,1,0.624643553634248,1.81118124538965
0.456824067775645,0,-0.595445639531203,-1.07377392295714
9.60173246390111,1,1.37544664665443,1.45887890092931
2.78563176253576,0,-0.00113460389367933,-0.420959328474983
8.70773475696444,1,0.539410246807133,1.69094598348891
12.972886844918,1,2.05987772712176,1.50611410081056
9.30713488110458,1,1.6188295718151,0.874029883979018
1.73659207175917,0,0.186041864290668,-0.416218154504782
2.79057952530764,1,0.193147450412268,-0.240505492869533
5.0491988116945,1,-0.8232793104549,0.433843788300086
3.36095280389879,0,0.111184284983137,0.160826699700948
4.50261319411981,0,1.65029067016043,0.435275642414811
3.2500181267235,0,1.08655949842303,-0.0187834636259788
2.47511167542157,0,-0.520818747989506,-0.527269786186344
1.48217489865763,0,-0.222528989466701,-0.638549132101457
1.57423520778147,1,-0.89586860315621,-1.15881544447085
11.6905408899255,1,0.412866839262152,2.19454903393292
13.8734588854153,1,1.98814220978763,2.13671584425733
3.85625156308007,0,-0.317888577939959,-0.325538304220674
1.78787980012441,0,-1.04035559102214,-0.871426583386542
10.490212325894,1,0.91575171283976,1.37942750390814
4.46273112390935,1,0.738666483463783,-1.02081952736253
6.19881294967769,1,0.010983642672949,0.611274347491114
9.6250444390438,1,2.44550347678158,0.496932666996923
7.91401666725973,1,0.546021959129701,0.373391064406859
6.97690655679333,1,1.70786452940041,1.10750087574355
6.27320145444275,1,0.0502785708073223,0.884426455466679
5.12533055080961,1,-0.30929300056682,0.0792745190156503
3.14854929077057,0,0.716220163052746,-0.30757190044852
0.231887294604979,0,-0.504710550350134,0.887912331865131
0.334603436499358,0,-1.44021018467596,-0.0322640953095092
10.7984390036092,1,0.943251500167064,1.16379916767623
4.03709222173822,0,0.207968617328437,-0.372658362377957
-0.483371154433515,0,-1.21457057531714,0.8240103593708
9.62962770964098,1,1.33671998899237,1.00100237641533
3.80638971836854,0,1.01943136564018,1.85077782545106
3.00660373252609,0,0.678976175882855,-0.668585473686596
3.86671639871504,0,0.790154440505165,0.431808639330774
7.98446359712986,1,0.564551711911965,1.24160388330813
9.14300692021089,1,0.107221674741342,0.839776252227988
2.36387590182119,0,0.176299813087191,0.521180644211525
10.7976113218749,1,2.1335035731131,0.904953237303688
3.70609001718025,0,0.868023650980812,0.450002558319994
0.678090842820995,0,-0.249728452449526,0.877604134588475
0.96028821271056,0,-0.433658759033851,-0.369391226969411
5.80658226973649,0,1.34653297498605,1.69759644223146
1.15725051964349,0,-0.218174694565832,-0.422240375325577
6.26040442579243,1,0.387241261256076,0.286240621316367
-1.72864979506073,0,-2.26024128616294,-0.274743889376468
10.305523495385,1,0.989122830600104,1.48207327322557
-2.17432647964055,0,-3.03839754403994,-1.34992674061802
6.35277698811615,1,-0.314467215241133,0.834851935142176
2.89738359792246,0,1.00075384057594,0.775179636321033
2.02934802994826,0,0.0716742285521947,-0.195563049102958
2.82583329861503,0,-0.183595233114277,-0.884961379961553
7.15690416417264,0,2.04242107580129,1.98650029843488
3.12821412913519,1,-1.60876812879547,-0.560935047128369
1.3827430256104,0,-0.496531668963714,-0.537323684805228
9.85877204894364,1,1.79274291709652,0.28877482743354
4.93653644661373,1,-0.730033257863711,0.0937046331740302
14.9562600665241,1,1.75185034440225,3.01883378834036
-1.02229078169789,0,-1.76659188870667,-0.519564524524907
2.11173606457964,0,-0.293572081176352,0.458737948245544
2.10503484874852,0,0.385309909485113,0.23920277575486
11.7305474347714,1,1.0779234816279,1.51446555906949
6.54595060337014,1,-0.26521706860122,0.686910098163624
1.49215231953509,0,0.788462227654453,-0.466219836300676
1.27018204350606,0,-0.734356936110271,-1.6535468780197
2.04459001931052,1,-1.12623192145495,-0.868823581832739
2.91880866147758,1,-0.779535242246447,0.0650308583017568
0.449135065811274,0,-1.2275732731545,-0.153651047829349
2.12061806881513,0,-0.281697585217687,-0.646196431347211
9.46109683168458,1,1.60610779541259,1.41939924330064
1.22446479572601,0,1.17574428730529,0.645675948297549
3.82522155622082,0,1.06908218313374,0.242539175885841
0.77761873856041,0,-0.386736132499893,-0.566238812367834
2.88104591195645,0,0.815048522422388,0.141877390408197
4.84931078573658,1,-0.246944709575321,-0.0290192988871763
-2.65516186044151,0,-2.07849649672195,-1.80319410113859
-0.466686474938924,0,-1.16524639141936,-0.521647838383554
8.65514370318977,1,0.819634309725744,1.34188432248432
9.95022449643124,1,-0.282322659531636,1.75545739333353
6.04562809693297,1,0.32868933830148,0.675885909332845
1.06761664360605,0,-0.0784924624935062,0.306582281350551
-0.0114853189307161,0,-0.886748511843909,0.375030953001412
8.74110733946572,1,0.472845323078467,1.9160028252364
4.36018961171136,0,1.62939554745574,1.53923645680527
7.42057567246393,1,-0.404958904179243,1.38680328382479
1.29759664074575,0,-0.939509084504596,-1.62948082888857
5.27693547838237,1,0.458998761482708,-0.382009599542753
3.72576384958272,1,-1.20924437077835,0.172584109791949
4.62720084931668,1,-0.207003509867336,-0.522770839922928
6.80508541804089,1,0.834621546756386,0.492704968001435
3.12938223203496,0,-0.126683867198149,-0.588120627198339
3.59717829693839,1,-1.10229812369659,0.363904810082642
5.83245287593431,0,0.725166560561476,0.0668440103544695
13.3908515254821,1,2.77738738452559,1.21779789506764
-1.51707301874502,0,-2.29964101940984,-0.8099620950391
1.01880083645206,0,-0.429869382407654,-1.1153074823538
10.6561460785303,1,1.03575943708608,1.80512011439489
2.45854593762241,1,-0.501518158314424,-0.383359494841867
-2.03712928260599,0,-1.43467753545864,0.16716847273509
4.71675166276183,1,0.437318480687725,-0.533822964692995
4.96183590421653,1,-0.0754281533763136,0.51041686568957
-0.00752406318331278,0,-0.774289559546292,-1.30930454554563
1.46684844408437,0,-1.00271810091299,-1.28944773360224
5.60439842994706,1,0.0930809926538734,0.155332777737291
8.18769497738306,1,1.67293473826855,0.751544418748281
1.96653232771179,0,0.667282128737561,0.0844332279203711
2.93232951626411,1,-0.672661349301249,-0.183636789128671
2.45725022195633,1,-1.54440645247108,0.397076095393235
7.08867611335044,1,1.72362764454267,0.126134976970827
4.28344911768341,1,-0.261326405806815,0.343759368407206
0.83769337317515,0,-0.422890926232984,-0.33571911199625
5.40868168501233,1,-0.247819893802967,0.655638658511253
2.03509079077893,0,0.531276983436822,0.968388977855657
3.53332365141399,1,-0.805899064785353,-0.0880160587706343
1.65783559047723,0,-0.117620996582992,0.741753046709287
1.43301498351455,0,-0.276398100553978,-0.949663445735545
12.7000033225056,1,0.963838894476006,2.45020259549383
0.553986401962415,0,0.587418610739573,0.089632238978727
9.66933053473337,1,1.97956913599068,1.26085340466158
-0.144859214129378,1,-1.90619808282139,-1.16458227478386
3.42732964763467,0,0.571654272678392,0.94558722811673
-0.329528325240405,0,-0.731290073817873,0.213048940256073
8.96040812540322,1,1.00248866087684,0.869275955839124
0.55735105942611,0,-1.13980012755172,-0.2748170650165
2.42022471782823,0,0.609807289452434,1.321310176764
6.71787352481151,1,0.0845933910479629,0.151630277314213
1.54481574723248,0,0.812218182692111,0.0524910272215513
4.31021684983261,0,0.439371353959622,0.403308720856147
2.12913409906657,0,-0.53891014123438,-0.445873729201679
4.1906223328638,1,-0.404192853525423,-0.395393834182996
7.05519954926362,1,1.14469199710481,0.287708117405832
3.57815008151946,0,0.330523608074224,-0.00746800499962011
0.245301254707525,0,-0.364547462451663,0.289997838547783
3.2474544317567,0,0.652275848887058,0.496103246123922
5.08693364927016,0,0.377393316772558,0.292755491120536
8.24728974156369,1,1.02516047906266,1.63301367979365
2.38723700450923,0,-0.0603137354394215,0.528844716809072
6.47929138194534,1,-0.474223687031823,0.430396533230359
2.27118094085724,0,-0.556211217043849,-0.57802358755771
5.69563346293018,1,-0.179798719814223,-0.00661931774441787
3.59764087542484,0,1.42260158193253,-0.216519046582495
4.06477477158417,0,0.36538175372458,0.687377799004714
2.2811224034842,0,0.263940729282329,0.474812784662826
8.65646180055554,1,1.10572651665797,0.851045332784061
2.28309735975782,0,-0.425093684844615,-1.23544594456394
1.81849588667828,0,0.620603650106176,0.326056783610338
3.25784118755571,0,0.773959595714548,-0.421823888445224
3.45666942500776,1,-0.852693456739591,-0.369788108255097
1.45924643757211,0,0.154421181770479,0.285258083073249
1.30330548832712,1,-1.42477311282708,0.0297300819637541
1.5776608910591,1,-1.00079691229719,-0.849124106207489
0.0451356475864642,0,-0.49769686975432,0.0810929472398941
9.16407414619791,1,1.58204572873256,0.621526255194501
6.99618193868677,1,1.40093935826492,0.381601660647293
1.16826327894282,0,0.144668987891211,-0.659363407913324
7.4430282625189,1,-0.133778752009676,0.953414676526129
4.45797342649648,1,0.324730616295178,0.223404586950608
2.91560444027748,1,-0.646248313110782,-1.09524532194252
0.385410119881997,0,-0.545832392651906,-0.00750363762416473
2.24479146679669,0,-0.387050111098281,-0.12140334296153
6.3752671449232,1,0.738381912633268,-0.153055899003311
1.37053714073944,0,-0.611657348882209,0.674961030382262
1.26928344795063,0,-0.481268742227092,-0.874141251095013
8.47731670054688,1,-0.19533450142415,1.54446717229141
4.80186662441865,1,0.0328721116214094,0.529079575743825
0.806771598168198,1,-1.38897626008703,-0.267710167635313
0.0818741750815154,0,-1.78070382131663,-0.567984481423824
-0.268282095132789,0,-1.20817654469088,-0.790226827671655
0.927355039729921,0,-0.839559095743929,-0.26814864828796
3.03507337102743,1,-0.0638949069969517,0.105256003516863
2.85249328574121,0,-0.195000530487547,-0.21192067244539
4.20374502928177,1,-0.967086282149087,0.121882362780028
1.25694059991724,0,0.734373832042741,0.17673553711898
7.29617587170694,1,0.163857222127081,1.56137194233648
6.64038984539315,1,-0.232906675274507,1.54473489847531
1.86995695621937,0,-0.869610479242775,-1.19585150172734
8.44727387624972,1,0.133187845127685,1.56585094924922
1.8159628793082,0,0.895236742932468,0.763055617102496
-0.215487478470173,0,-1.14433939018935,-1.83132835433916
-0.624790299773174,0,-1.24525212055594,-2.41852578650407
3.76770374111386,1,-1.01647293167381,-0.0426411082048589
6.41584453028885,1,-0.725761489085509,1.32251914264222
3.33890117597268,1,-0.352909884770424,0.167350445191345
9.4418520722187,1,0.685432193290229,1.88006949114378
5.38869918433026,1,-0.469274148964515,0.788457122996523
0.444277534033042,0,-2.02790037409437,-1.08242551210674
2.56418871910002,0,0.774698615149497,0.572679218940384
2.55166026059893,0,-1.05237213460435,-0.646303022163501
5.39287999911639,1,0.0617306817914034,0.364328806641196
10.039302469012,1,0.918806964505511,2.10942418288093
4.08249767096753,0,1.1543784707542,0.812149299091553
1.32017067552532,0,-0.0662450727857475,-0.619901097933117
0.850552713488686,0,-1.31559698743033,-0.128437866675964
6.26239855324936,1,-0.986381099909755,1.38582763169386
4.55517641153865,1,0.0850972342003038,0.445874673715194
5.33964978910292,0,2.3527169829475,2.51422340612332
3.95472925634394,1,-0.306421599197354,0.311454706328289
-0.707358755241447,0,-1.43833011752617,-1.94365150486382
0.150247965321734,0,-0.745756153371943,-1.00555656475187
5.34317969152553,1,-1.77745326884289,0.924863578801079
5.8360183882342,1,0.211034675340739,0.422597857076301
7.81891199861542,1,1.1251783489644,0.401494535779639
0.322749446509407,0,-0.735084140100297,-0.576368378316273
0.428602445290072,1,-1.69781797206306,-0.754810338870263
-0.0100336859608268,0,-0.343851998636618,0.0243764661908091
7.49018564022629,1,0.176517240528171,-0.083720167212885
3.18604740103595,0,0.332180113071817,0.249448269154639
2.14641520822029,0,-0.436645753721585,-1.58902355554319
-1.11023145139239,0,-1.85623202386119,-0.412884266555217
1.08747544379821,0,0.0998217378340648,-0.0680391075301438
6.9774290185413,1,-0.162686894470189,1.25366422691247
0.547904893993429,0,-1.50884617942064,-1.16399960161647
-1.74128557935471,0,-2.06177294520873,-2.16006707502144
2.83871703022705,0,0.490062823367125,1.35864279357722
7.99708979195713,1,0.257848637817047,0.658124407895508
3.44689656027576,0,0.375427805363875,-0.630329559814828
3.60788735570397,1,-0.790406073897621,-0.75366256123935
6.03348310610762,1,0.650298741705319,0.472952017606174
-0.750510818999911,0,-1.30197983721976,-0.950389014018759
5.81868223978851,1,0.809206706225646,0.237293632312077
6.86529273891338,1,0.743838999960481,0.316074511230553
1.126604822343,1,-1.91355982397202,-0.500791542141161
14.7070435412605,1,2.27979768170396,3.18609910496264
3.24973659929651,0,0.991006760003201,-1.3203492034973
1.99320562066166,0,-0.266217094854256,-0.484455350153609
0.209348030456139,1,-2.15991051764355,-0.482452543705499
2.24362540366206,0,-0.0608752499753974,-0.272859193552731
0.245272642145278,0,0.148955681169007,-0.0990120605172871
6.16450934468028,1,0.187223168888271,0.616710071279492
6.54111792147967,1,0.818429679490638,0.248147547314397
2.41321855932721,0,-0.945327838201798,-0.705680485077888
3.31943271199533,0,0.438179258082065,-0.022704488873143
2.89532627702864,1,-1.10993892661052,0.614479447328164
8.44894616906463,1,0.581678956730172,1.74676141426718
2.7942166027693,0,0.430523286682557,-1.06885651375966
5.25307257209156,1,-0.654508644386622,0.169524388667261
8.11038103144935,1,0.962754477678297,0.900448200517127
9.11422193360469,1,0.847887576383443,0.726247896479391
9.71125803940704,1,1.20187547241468,1.59683519618631
-1.06434014385858,0,-2.02259758625212,-1.21679716771031
7.55794146664981,1,0.265572632445688,1.20609659070214
-0.495311330172265,0,-1.16523352903814,-2.45949589404395
8.09892056233477,1,0.959928115524511,1.30240411548257
2.71185098941407,0,0.183242628374088,0.142985815507634
4.38568764657145,0,1.45135095307614,0.121872326630088
-1.5412890536318,0,-1.74858749611174,0.204383196124153
5.16246196179147,1,-0.815109632820039,0.0894178858555315
10.2152155341629,1,1.50722969200539,1.45692854376521
3.79758570158558,1,-0.410924027072953,-0.562931704639349
2.49279316621297,0,-0.537403481352105,-0.0412654651269491
2.02286384745043,0,-0.676457513210267,-0.202634393113008
8.60894404532369,1,0.886472033796492,1.10383924127822
-0.460783640235811,0,-2.55784415678618,-2.22841144372381
3.8264994228288,0,1.99152489573375,1.51751325362694
5.52003715080077,1,-0.525616099110828,0.142457970203373
0.787135096795583,0,0.00282827469040614,0.991503721536342
1.48003262139767,0,-0.480464220149749,-0.784445009624513
1.57894547049505,0,-0.814388277584955,-1.21382573930042
3.62517259007193,0,0.92454995390572,-0.0780706344332773
9.47643331769151,1,0.215016379580426,2.07641012745189
1.84348531644211,1,-1.2765998594878,0.156940185317611
0.891755584697324,1,-1.6483352912629,-1.3434139930033
14.5916823866399,1,2.34611904732599,2.31416062004557
3.14492200849909,0,-0.0170511819665802,-0.378594242549392
0.908491854863294,0,0.0836569967606099,0.327174304524112
-1.72028455264958,0,-1.59911959721167,-0.450249913942914
1.29560114079883,0,-1.14145069181118,-0.0912150962568756
0.770003869689999,0,-0.758846500717722,-1.01175393861726
9.014383566514,1,0.66617459092967,0.91190949174958
5.00673028751382,1,-0.669080047911605,0.604486618058548
-0.231453845301212,0,-1.34058319393943,-2.55552310440602
1.69466842474152,0,0.307160094813688,1.12921872718625
4.58628088447316,1,-0.613880771647414,0.382629210778886
-2.76812805048281,0,-3.04962850761458,-1.07797519333341
3.28927780351286,0,0.644414405252,1.95053340273186
7.76936970123028,1,-0.0319978626472961,0.926503389215218
12.0598121122713,1,1.85889308618482,2.22019921372689
7.56982302600598,1,1.00626778938048,0.3293031936137
1.53351298971974,0,0.147569754285212,0.00653599522781341
-0.595374473270754,0,-1.16627709486884,-0.908355239413164
8.64589014711142,1,0.189398789290201,0.941454449000851
1.36079395949723,0,-0.579479720554873,-0.191812026734427
3.62378017169849,0,1.08505039729907,0.626308514066021
3.70427019117325,1,-0.48129399855809,-0.713063115969865
-0.306819568969085,0,-0.653217765499167,0.602982305701046
7.08823115948114,1,-0.124045280403397,0.643542373715045
0.922490161762217,0,-0.3737940021648,-0.919905684700079
4.84208332606167,1,-0.220021163408144,0.863781989412103
6.39203494636242,0,2.03062644230081,1.22767289049104
-0.172690371722651,0,-2.15233266122163,-0.870239917801786
3.67119518119747,1,0.412660715787747,-0.170315225103761
8.21901954274868,1,-0.518203187145027,1.67967742693525
4.68413438042675,1,0.0776341413748725,0.153335511267098
2.263906114748,0,0.350032335049933,1.90159272959892
7.68524364002162,1,1.12734034353246,0.31902879774043
5.1923718819544,0,2.35710954927142,-0.0560053447862323
1.97544019011179,1,-0.996026070307537,-0.0805550889160875
1.1396566099693,1,-1.97572199799224,-0.329367787325732
8.80036501337751,1,1.41407652608324,0.750252059247586
2.49264842070084,0,0.656830085946402,1.92901228721493
-0.0651981398060317,0,-1.02610953325985,-1.43057424576584
4.61646129253147,1,-0.144242295621686,0.186964873048198
0.347394803442889,0,-1.22301005471775,-1.91902983796157
13.5311717222057,1,2.7143312962241,2.60300436052518
3.41698675210593,1,-0.81030827266585,-0.498197957337159
3.81926984743366,1,0.314424131146366,-1.47328444775904
3.50104031215654,1,-0.86072912891718,0.0133581057662763
-0.163804092812839,0,-0.267989582880456,0.312998834905816
6.75395504373912,1,0.819828223768239,-0.0040584893152037
4.87381895851547,0,1.89425995165206,1.31192262011378
-1.14082699112203,0,-1.93511307637868,-1.543464751263
-0.547439209378664,0,-1.26944273054474,-0.904258032136185
1.05862009085478,0,-0.506936134482758,-0.183312415352516
3.89513135562085,1,-1.12117286487237,0.907887968778019
3.75561590429217,0,0.94963396659006,-0.176987103216679
2.62186673751113,0,0.161541861607445,-0.44615719565755
10.1672169524503,1,-0.0370361414398715,1.78375572978812
1.35486181242424,0,-1.24591708522197,-1.38118900265236
7.09376775715521,1,0.835589201883168,0.447365839510086
8.65606092327076,1,1.18520339229431,0.812724573965151
2.46466217413544,1,-0.171465752991938,-0.500754179222672
2.38741660515856,0,0.471491058167922,2.14209056673569
8.00519376236291,1,1.12469734266911,-0.0817061704848567
7.38177675890755,1,0.579921731116512,0.409054371530654
5.6530678528775,1,-0.138636176662073,0.805189664217604
0.996254382114452,0,-0.476278426599759,-0.0327431140846199
0.309692407336833,0,-0.510383512969378,-0.327331682863568
9.20791884242769,1,0.00576869714341332,1.47342035582055
-0.775704305937993,0,-2.53532625205816,-1.84846131084955
1.39137539047986,0,-0.111661746021709,1.07261734742587
0.325296818005165,0,-0.46561011407755,-0.761802368124466
6.26470676050491,1,0.231595609185841,0.68309655452753
1.32012856851564,0,-0.160665313493066,0.0363191128806799
1.1447032827596,1,-1.33295516046108,-0.229294533517781
9.83019123129424,1,0.262287379886074,1.68869430677752
-1.12674096405705,0,-1.08067412751499,-1.00282370375133
4.66089718607319,1,-0.102612095588695,-0.0643194890622453
-0.799432913135679,0,-1.15713762290574,-0.171947942327456
0.749690929135212,1,-1.02937387473034,-1.15701605744864
2.57385260873626,0,0.727474804579234,0.917526202061994
1.44956722493442,0,-0.938020689558529,-0.8050619695876
1.59198117985093,0,0.420987495060024,0.911117478660966
7.33083989526804,1,0.47542237613789,1.00861851506685
1.22854110708633,0,-0.268894026205255,0.698055484635536
6.08230391490089,1,-1.23116898518957,1.1186575047496
1.27912823198849,1,-0.87393552031719,-0.424367687489049
7.74688262444459,1,1.36987059739203,0.64903273424717
1.02654338813392,1,-1.08821902484731,-0.736449047343812
1.4093237714401,0,0.145430102127119,0.0812114431841736
1.02082498860539,0,-0.151353363226644,0.431266393682867
3.10211269606208,0,0.566923222675293,0.29181618225416
1.49165482570846,0,-0.0785112692796969,0.294203322601866
0.759493581826441,0,-1.26381928338973,-1.07304467595581
-0.374304237714969,0,-0.593526062860376,-1.23406510534837
7.05104615778566,1,-0.0614431475076695,1.26303803235173
7.21957494326768,1,0.785902616713883,0.669432814292167
8.80445462525368,1,1.03748210497019,1.46706146129771
6.64916220132524,1,1.48833574708543,0.284162921265632
3.56386258196757,0,0.586884205626541,0.376842533592415
3.30376693091783,0,0.355889114085413,-0.170392911556335
5.92602489467169,1,-0.156180868436181,-0.368284971612823
5.95513281133921,1,0.0999006938894407,0.868998486232925
3.05096029656127,0,0.701204532660934,-0.687355267351788
-0.864481329959424,0,-1.12206166181748,-1.46588283750545
1.62195006060766,0,0.0615287597853742,0.597967920334303
0.755368701340241,0,-1.05055032424534,-0.464328141546237
4.68653385791437,1,-0.45224896013416,0.903083023656452
3.44599014979654,1,-0.292014668111045,-0.708898523621734
0.528577980078577,0,-1.0776801322303,-1.03397255449307
0.574654152015128,0,0.115843860689579,0.768695400777082
3.56981598410893,1,-0.998206121917385,0.0639045264059154
6.25212120671314,1,0.291932924399922,-0.178250648379725
8.70914310526889,1,0.599152753971961,1.1582542464002
0.686126295928815,1,-1.647813097042,-0.416988843122454
1.27894602061771,0,-1.23630613810038,-1.53835412014655
9.47294028570829,1,1.0626263850548,1.24094747438417
-0.696159623689056,0,-2.59482323113444,-1.76946882151266
4.66284675138725,0,1.37682312852653,0.620729237698369
-0.17661881266816,0,-1.39040053634967,-0.667535629673168
15.1705263164047,1,3.23878792163989,2.52583992201664
-2.12445809512998,0,-2.09883608808012,-1.7643022902041
2.06253089076864,0,-0.043653219688837,1.24813775019936
8.61915307657836,1,0.852044152884634,1.58439053191244
8.1634818034018,1,0.927406063139026,0.746269502792501
6.53328007804084,1,0.0579732651011756,0.906883353162415
-1.67328037730555,0,-1.07432442200644,-0.0932246646031101
5.07900892312249,1,0.0389427639064132,-0.717833756555088
10.4031966234444,1,1.82517626068829,0.22940394078687
8.34581473731884,1,1.85179944145305,0.569519473167686
4.78902513815079,0,1.16384023540335,-0.490433380953391
9.97678195540733,1,0.570096860647151,1.48100239973541
6.98363740285701,1,0.803853727102744,0.417066113063852
-0.421872633115778,0,-1.87583959751181,-0.31624372107272
0.964300806972157,0,-0.64175861207287,-0.219783736539595
2.76099756494428,0,-0.562171579944669,-0.432716865726287
9.48876097187554,1,1.40899235954709,0.886943354499547
7.27582391975245,1,1.54678326813001,0.0306782888491437
1.71900917854011,0,-0.517604238317098,-1.03649971637043
6.40828822355204,1,1.09484497078022,0.859653686118351
4.44498075476147,1,-0.365660944467329,0.091264232936392
0.42516176552879,1,-0.620405139590105,-1.37664248858108
1.75185014376864,0,0.179188888550955,-0.187007652519806
4.99623108656181,1,1.11070031811695,-0.359358110325727
2.35025932149004,0,-0.636986546335551,0.0907643998014194
2.6932649826854,0,0.178245091730565,-0.168282625053619
3.71063737428133,0,1.12068820723357,0.249137404230116
9.05228479688102,1,1.3393403458896,0.614886514698098
3.14232142351217,1,-0.116193589608266,-1.04025221800741
8.4465607489411,1,1.00972021650279,0.725985211372808
7.31594445204216,1,0.484104201640812,0.65636902273932
9.19873184752993,1,0.482399537792533,1.19516191250997
1.35199638541011,0,-0.494826242234626,-0.735674830911896
0.440849953613942,0,-0.46859412798711,1.51098568982996
5.09073872105349,1,-2.06384038604656,0.710061892678352
4.26037415989133,1,-1.41395595892644,0.504516495671862
10.1684049467876,1,0.883316292986984,2.18708464479162
0.419029208538048,0,-1.45244704526853,-0.464126450741918
-1.47705339152621,0,-2.8272540615917,-2.06892830092657
10.3680837133506,1,0.454892534696754,1.30226840746607
8.97108172370098,1,0.859192700171561,1.18043234558356
3.58713591539781,0,0.562196360037582,0.516189782547321
0.731698822643556,0,0.0234844791773397,0.456895940142215
5.07362186629347,1,0.448816025770515,-0.529473632061303
5.79812994933164,1,0.205790841952817,0.700976299498467
10.8066672530747,1,1.6741298831362,1.36747030656909
-1.33797322735393,0,-1.35705507276007,-1.82732306350113
-0.0186890877782782,1,-1.42433140809692,-0.456020565238425
4.04820549748624,0,1.17007544510713,0.840674875020146
9.51967972253445,1,0.61206480530134,0.930089148005909
1.81894790615418,0,0.144785212238525,1.74287672245664
7.56484423110924,1,1.02875375498447,0.585228196332387
0.167176517650358,0,-1.54936058199172,0.322740127573348
1.408092423777,0,-0.577045397353832,-1.11321972139678
2.08443345767603,0,-0.23373191520945,-0.530965292722027
4.15713091551841,1,-0.251952631828718,-0.705502402643345
2.13487391091882,1,-1.60328781788877,-0.0362517104928209
3.73371297724317,0,0.331094411884987,-0.0319266183229357
9.6277300263775,1,1.42183561050775,1.06533324252397
8.50901378235444,1,0.464149951809679,1.24651544019034
2.55833484470208,0,0.720811875796332,0.553660506362131
5.07427160110029,1,-0.656090051844325,0.936996781450164
0.229894920208287,0,-1.18762977604419,-1.06941881292206
2.03820982062227,0,-0.364558027285183,-0.326404264513789
3.02105045814345,1,-0.168166614079752,-0.80371285718541
2.10230816095801,0,-0.347286208395154,-0.925090861105311
2.16709745255532,0,-0.378641999828888,-1.17283824493198
2.4077702735042,0,0.244194704965614,-0.444890409723108
0.720640179235231,0,-0.192235825498149,-0.182360668235919
5.74590833513682,0,1.73549826715441,0.839576030229656
4.19270509003443,0,0.455959380911833,-0.294291175235858
10.737227457386,1,0.972736574019687,1.94054042348306
4.00559803444926,0,0.604579316959013,1.21219364035144
10.8388934439921,1,1.84710803247887,1.65777903395052
3.94161375943184,0,0.253224183571413,-0.355555024468715
6.18119676354652,1,0.129244024295768,0.758229557010868
2.37920815995986,0,0.171881502186685,-0.37329198235792
6.60101535821438,1,0.408798099952693,0.229986760529884
2.65258402416632,0,-0.206193440706461,0.00338511734923637
7.28959798065792,1,0.856348613963766,0.741970467123791
2.33587175974252,0,0.460776206542826,-0.348064848958507
1.80984590065571,0,-0.099226654791982,-0.959489821276262
1.21471621727281,0,-0.362628896456932,-0.578427490814971
-0.169765873035791,0,-0.809239377813001,-0.041633122297951
-0.552177523579602,0,-0.351783766083871,-0.40084280758394
4.59862915490212,1,-0.405243778393991,-0.763163103519487
1.86233735363423,0,-0.591228448240774,-0.633322884584358
11.0555670691523,1,2.01434519468576,1.61048396145344
5.945141250864,1,0.0937983666729994,0.362587060819045
11.5510939086723,1,1.25254456201421,2.24947637657432
8.1922847545352,1,0.512852532106923,1.32671951214348
3.67180182467826,0,0.862408692987909,-0.369156792723357
8.00643809082003,1,0.0242568586305307,0.966892332754443
6.15526425989811,1,0.27664715625689,-0.194744854744303
2.84188977091022,0,0.140463550595641,-0.547327493017906
5.412364633907,1,-0.381611053675212,0.438039696351215
8.53197173742949,1,0.718263362679387,0.823197985748772
1.89595163227011,0,1.2096582909217,-0.665254041324834
6.35135420990003,1,0.265235068859411,0.70207729321823
3.01699096668779,0,-0.370080866362731,0.0888792245818948
3.38819350104528,1,1.04592382780857,-0.553812553071516
4.40050470280614,1,-1.2482351403467,-0.252092872461674
5.48263160632474,1,0.273519744858487,-0.261044358975479
2.68812426534151,0,0.49626172863798,1.38924326153098
8.02363986685452,1,1.02238945643443,1.30614944510164
9.25884888092337,1,-0.0630554886680187,1.05503796572915
2.24571160639749,0,-0.592166337081162,-1.21101577514085
-1.16673031336952,0,-2.13574866117317,-0.0544110220951799
3.11286822815936,0,0.131094466358642,0.1743377621485
5.26116402137299,0,1.83065524840838,0.52318340674964
4.61039749494567,1,-1.00954949269927,0.22258767756783
-1.41986905092101,1,-0.455748071307977,-2.25462094399278
5.82677530017076,1,0.122830349796521,-0.222512807312941
2.10277539214319,0,1.26883490052295,0.394490876061696
3.73369136557079,1,-0.150186846156064,-0.481030108453603
2.18809482735366,0,0.18944622676234,0.285137748020643
8.662975969729,1,0.0881467625968834,1.71697512970212
6.67882866525689,1,-0.589242891516948,0.412384069378442
3.17729816332276,1,-0.538472632286658,-0.067026365318812
0.450650530918821,0,-0.405997267312996,0.356744917640167
3.94655546465569,1,-0.342940724384285,0.258002763319608
-1.02125554510817,0,-0.839337860716142,-0.300548748139268
5.50893975252956,1,-0.150723773142525,0.117111391562923
3.05218165475564,1,-0.578301035668537,-0.769596300957811
5.9382975321495,1,-0.22060999802415,0.859681846254661
1.49862471722819,0,-1.77032756237116,-1.54604489129691
2.714547505084,0,0.152975856714584,-0.240072642430341
-0.632410636263082,0,-1.7001932161427,-1.35454689161253
0.221154406923968,0,-0.697974188771253,-0.774587095652728
5.0830334239805,1,-0.125333659122728,0.907628240820527
3.09343559151415,1,-0.668971567283447,-0.41821258330033
-0.148683845892399,0,-1.0878375102185,-0.217532626892773
7.31437847937055,1,1.33575604132612,0.645052789778219
4.360213698176,1,-0.0866786296588455,0.0438947393549407
1.7164118732662,0,-0.118385367685396,-0.424178708799245
6.38127246746391,1,-0.727970480194001,0.501009777224161
10.6170741547788,1,1.04849372748413,1.20464921185856
-0.416511916905673,1,-0.374887156987126,-0.905224094041336
3.28144270362833,1,-0.508124995987077,0.334140022799763
8.00484457776767,1,0.901158481743324,0.596051585647657
11.3096328555464,1,0.754819032520196,2.45931225622577
2.63797002999697,0,-0.00213800591858189,0.463063094750543
7.46723856625171,1,-0.764610267463626,1.47101033693264
0.854979911885582,0,-1.770042511705,-0.340018556131101
5.677534836858,1,-0.674925139493691,0.65904610795038
1.02669018399803,0,-0.538189330811899,-0.99180044546514
1.30621666505614,0,-0.756140582319698,0.172570342069085
0.383991410365619,0,-0.590816939972904,-0.824505202734996
-0.58473754372823,0,-1.70350800121075,-0.27980911410309
1.50183934073785,0,-0.414158968004994,-0.322717934409394
1.4601282202154,0,-0.204212768777984,-1.42117337121511
3.29089064287122,0,0.500823813775795,1.76502760667225
1.88256195927102,0,0.265396580719433,0.734145704901911
0.797418574501336,0,-0.503265255852594,0.292443123320386
2.1490509861561,1,0.190632091320371,-0.308933398726071
-2.27536865236952,0,-1.41581229583366,-2.01754231176491
7.64676466208455,1,1.63557523343477,1.33286970842251
1.74218833205392,0,0.274827224086682,1.70725052111468
-1.26301919465172,0,-3.47589833412328,-2.04093752186039
4.37082866269255,1,-0.313546916089691,-0.0611012975873562
5.4725347464512,1,-0.269093568552821,0.221356744643833
9.14251005110689,1,0.736934684140544,1.69197983755224
0.334661125046936,0,-1.59855938145923,-1.66431771165969
6.56875325899864,1,-0.0433965326795196,0.854494048040717
4.98938053061971,1,-0.674219797256017,-0.112516827771134
2.1555360886271,1,-0.332662387715783,-0.469348320125071
5.55783163160062,1,0.260907613137616,0.516608240029016
4.53053345103755,1,0.02743158866965,0.0748449980473217
8.08998968209114,1,-0.227532673221177,1.49648231171869
11.2665410997882,1,1.3152284188787,1.55217154553979
3.55311109163469,1,-1.87743492399828,0.202622362608622
-0.253125288940624,0,-0.995730985005041,0.602154171948668
6.17334168361955,1,0.54490721282111,0.227319895658546
5.41699488148228,1,0.766193184361848,0.245436610889238
-0.662923846434324,0,-1.30739155790029,-1.46125449147169
1.97304209988363,1,-0.904349831600436,-1.04081488374591
2.23476195301688,1,-0.268537787678369,-0.576946990050154
2.31561230813814,0,-0.771027290006602,0.872925966346081
0.875241961072504,0,-0.680493597112354,-0.747902267490921
-2.4416627654751,0,-2.15243717060491,-0.619176051059527
-0.369586988943005,0,-1.24993661625974,1.41194288152848
6.73915056995471,0,2.68433386882231,0.709826736788667
7.50956953656169,1,0.818309455983619,0.790307921452057
4.71927600666754,1,-0.324790857628828,-0.0740044214868192
2.30877804554852,0,0.00580580433450055,-0.365724171953758
6.37919609704677,1,-0.38383048205252,0.137111920630922
6.87888946601383,1,0.356026484316722,0.362177252510641
10.7591596777283,1,2.31547697706994,1.19410092622622
3.5530295503476,0,1.33464790852217,1.79146788769158
1.28245606938427,0,0.392803876848936,1.01008776039443
4.64565900128998,0,2.31088590204644,2.31969098507862
3.72982794842637,1,-0.916523272786121,-0.144160767584912
2.36411405412271,0,0.195190798234964,-0.327439607122669
-0.557301375732772,0,-1.46271328783722,-0.0562801085058682
5.55199185040447,1,0.274029322536895,0.0317493790650196
1.18590482121531,0,-1.40499821840625,-1.50022612279064
2.39280227547227,0,-0.891461744876975,0.022218169725389
0.66540456535794,0,-0.284660352213602,-0.697769375304251
5.21742011780551,1,0.333731198210682,-0.0377750958626385
5.45705863167182,1,0.36881969543627,-0.580410081088681
5.81826247958552,1,0.00900652269979215,0.505748769537131
3.93469251302205,1,0.395007699369067,-0.0957232523091227
6.76271490860992,1,0.83947119090762,0.587357568201805
5.57225061590869,1,-0.24904059612436,0.743396702181407
2.94204041322608,1,-0.535907872362484,-1.22409875374725
3.2603798087381,0,0.48569378284642,0.160695490407673
8.6551159563195,1,1.22707770922295,0.999987861584321
4.94039344490584,1,-0.195618175884733,0.381497255828392
6.03519889569344,1,0.315906567306895,0.630278061857041
6.68261996841207,1,-0.00624929812067267,0.979877862490006
9.89431679452456,1,1.4021333805305,1.11926905050279
-0.09593936535493,0,-0.896712899442358,1.03483697516992
9.02081744603357,1,1.08846744017766,0.898445847763653
2.99991288346916,0,1.32396207434485,-0.12521689899458
8.71888740017343,1,0.563252359566656,-0.128831946114623
2.62671975149121,0,0.994069241740554,-0.23184082410938
0.395495105278537,1,-1.18750186330857,-0.960450810349633
5.02264289108222,1,0.264943473924422,-0.202803036268125
4.67563680238393,1,-0.525726563542952,0.826337235921558
11.4415332272836,1,1.75212094665074,1.64982885743606
-2.43060276739948,0,-2.43983142959425,-1.49005994326957
5.35371392297563,1,-1.85375413290471,0.641961759517046
4.37337612252236,1,0.32025098954127,-0.213878972053966
1.9801572764515,0,-0.465607402100905,-0.123021088041807
4.57972020204931,0,1.20218757149988,0.240394285632924
5.83292735591677,1,0.148464061413948,-0.0312285299387201
9.183115762455,1,1.40318913736524,1.5939548437884
6.54340347978114,1,0.433690370467307,0.874379958898594
0.780918464179837,0,1.12938831775257,0.386577038387455
4.9751659165193,1,0.248866349337466,-0.368743517691482
-0.775896592279828,0,-2.55549828699457,-0.470670119269459
12.3065273927931,1,1.16500680833369,2.36756920949129
5.38087959911158,1,0.117401806518156,-0.0337144999970558
2.79773512607216,0,0.279018666658767,-0.383856566169683
1.2032421645383,0,-0.991728221741222,-1.65630399415714
0.203333022496454,1,-1.36023998659522,-1.75462052631385
3.62502440495347,1,-0.635626690173179,-0.137550463115631
0.9813234224359,0,-1.34904103019431,-1.2444440046698
9.07815567238607,1,1.24126362882345,1.3412769908457
0.0687253410902249,0,-0.566571030664589,-0.703439292083045
1.07037281063103,0,0.375376221500697,-0.248955282349845
1.05944002781018,0,-0.0114114810718875,-0.413361933879342
0.532956341157705,0,-0.984364211819437,0.631789056734543
0.327324910716386,0,-0.898654533995123,0.0958581403072206
8.09145513204871,1,0.402820570353973,1.24843762273213
2.15165821451009,0,0.0701545392922743,0.153427747982118
-1.11669546974191,0,-1.68571943622106,0.198334660163539
0.259316917891746,0,-1.03754103444075,-0.572127391047414
4.89432524383193,1,0.882096566061248,-0.104411801406906
3.56634194667444,0,0.655323899758502,-0.378795740017046
4.0541104067599,0,0.894173313550307,1.15039521104362
0.616242690426349,0,-0.883824379190213,-1.79512023989621
10.6594398515727,1,0.941335457145126,1.11349571246474
0.255848370959801,0,0.577501818047887,1.11283183921647
-0.0349582199469535,0,-1.38282332083455,-2.00102836801782
7.09112351940346,1,0.790522605687746,0.865625466167254
10.4033685431831,1,1.02164878115774,1.70007331710486
8.80751555232347,1,0.611458224685251,0.804238958203183
6.45223270784656,1,-0.347298901112004,1.45534684679956
0.186036495025457,0,-1.00760842604321,-1.27723532687604
0.51040318279134,0,-0.645222026970119,-0.632035154758443
-1.42500256616078,0,-1.19147241424615,0.843391360754597
2.06043212383086,0,0.389259255215065,0.911281872831977
2.99463913029896,0,-0.214780192501183,-0.39383633326503
7.86223428556325,1,0.355391022647555,0.377273985351795
4.23379974250256,1,-0.75890399751751,0.239059883211019
6.94616756247488,1,0.187358880195004,1.135028571868
-0.997787787728447,0,-1.41792169521621,-0.669916565361146
8.43151144692191,1,0.265272416563427,1.16650955287873
4.92150188941696,1,-0.575315552860347,0.143121076946061
7.62700753629838,1,0.581764436419964,1.13233886241016
1.03596746423711,1,-0.460375559446246,-1.15358823353947
8.52368371044827,1,0.931247294358171,0.862571140278476
5.93235594084266,1,0.00725242480677503,0.337383093545094
3.18507538724721,0,0.718568591191399,0.346595788755863
-0.612545020113723,0,-1.98024114719563,-1.72086601073171
1.56331434096445,0,-0.1776411482994,0.094598946024564
6.39769792194013,1,-0.0639362400737706,0.664792120869542
1.47211761367004,0,-0.139050930021013,-1.3854397658396
1.47107585697504,0,-0.286165695044445,-0.999369092798467
2.29272074283445,0,-0.0106510626091849,1.11291818952607
5.12934115448785,0,0.894449296066198,0.379668772524193
4.50547997168368,1,-0.477988675381154,0.679452056608571
11.5828025034918,1,1.55816076055076,1.77769256229961
5.11535192154574,1,0.0674337887235615,-0.378907074257036
1.1105821200491,0,-0.387457224406575,1.14937269892887
1.45156519703762,0,-0.326394660304171,-1.21182822893677
1.63106817995689,1,-1.09680640505482,-0.373401932380039
9.58259871789244,1,1.01623353043442,1.58745663198805
13.3134304618515,1,1.5584543847294,2.50335105810234
8.81321448890575,1,-0.377451057636671,1.86678027010746
3.34027071259615,0,0.242621570636815,0.268987682861454
2.73788389224507,0,-0.29358312291734,-1.21323325905949
0.641400487566545,1,-1.86651021935433,-0.430867840082039
-2.18177625572627,0,-2.00298348585902,-0.294990005345223
0.50946537368167,0,-0.604457930190375,-0.419796870434053
1.13054846880517,0,0.666876155943614,0.615514536601647
6.21514766317691,1,-1.39556454654809,1.53145189732118
3.69607365790539,0,1.16756723714639,1.23627929021118
2.33467105220639,1,-0.980673236667596,0.14577439606264
6.80944707471202,1,0.0815644420747575,0.466317333671048
10.4250090054286,1,1.0671156578199,2.11898674291989
7.47101148381343,1,0.822748271436269,1.23326084905035
-1.33216081416373,0,-1.46528105457952,-0.566472671925542
0.268650482756496,0,-1.01263630619511,-0.45760748564396
3.82117577280552,0,0.661929822934709,0.0453535106927634
0.134974649847406,0,-0.736841147192004,0.220157829062733
4.97932786319112,0,1.52826376064224,0.621904182448757
0.465900203297805,1,-0.832789127258079,-1.31292124549785
6.13441948791217,1,0.0111800265614697,0.543884207948484
1.70385876579242,0,0.298720692131341,0.190073290923212
2.56623913405374,0,-0.683339360057521,-0.557076674103831
8.71915569630425,1,-0.145625735905806,1.63180673902476
7.76316589403467,1,1.00076647389101,0.325334847243297
1.68974206050601,0,-0.186693048842336,-0.0602312342844706
-0.288574028549835,0,-1.71895695266348,-1.17000456380855
-2.77833568516005,1,-1.6842202567273,-2.02059111807404
3.25497534339409,0,0.768670907068101,0.408915080661202
3.46868241118072,0,0.916842368270923,0.955063122914683
4.17173787039819,0,1.37379449744637,-0.0324721681460382
3.09021864174755,1,-0.700269503609476,0.0855619152968069
3.31179690902651,1,-0.667262264840955,-0.255434663314374
2.4846039986197,0,0.112212463652574,-0.243671343349698
4.58624665065163,0,1.90620838887077,1.25941823785131
-0.707273847100178,0,-0.100945729695161,-0.415045897324593
2.56083818840536,0,0.549692510022787,0.457572827282771
6.03562318061353,1,0.705746362944732,0.257166616258217
6.01809577744138,0,1.477071234372,0.0534380218461442
4.94507580050324,1,-0.561178060137261,0.549833485040295
2.28556688643115,0,0.450631327686589,0.714056656265887
1.67658923351643,1,-0.4145881744608,-1.16127192358265
3.2928574688754,0,0.442731600095895,0.237019590853303
3.30962157633772,1,-0.927361678551679,-0.0244276213918699
4.28227019611974,1,-1.41713779378248,-0.176838269796167
5.51369320428001,1,-0.270463565134044,0.64813165264055
7.43508783729524,1,0.294891647401547,0.704431544910191
2.98630120354448,1,-0.618445185511168,0.0872510896280676
4.45022644477212,1,-0.600827965874345,0.145182402979431
0.639209415281426,1,-2.24481364852566,-0.504392486889755
1.71804001769209,1,-1.61331556783116,-0.978133590116997
9.59769793455245,1,0.253688466261325,1.22035548213017
7.12236072427441,1,0.975353436582724,0.273419057511384
1.36722672580729,0,-1.01656214622418,-0.365904510537404
10.7166105483388,1,1.18362736407957,1.35133107433609
5.99895596106058,1,0.160516681242563,0.970474105921485
6.27664629203069,1,0.37991284587427,0.610811505053098
6.47741847885305,1,-0.293582136023908,0.340224467367317
3.98003146846785,0,-0.129461010197612,0.228453692434153
2.26685663552364,0,-0.570893068125248,-0.0582946606126817
1.03742674817754,0,-0.338882647243098,-1.42633120364615
