"id","A0","L0","Y","A1","L1"
1,1,-0.326036490515386,7.94461271692625,1,1.24809973059733
2,0,0.552461855419139,6.58611661388803,1,-0.214916271249028
3,1,-0.67494384395583,5.82130831434694,1,-0.347480775867678
4,0,0.214359459043425,6.00377771886094,1,0.58328169258744
5,1,0.310769217313602,10.5513554563395,1,1.05476715962743
6,0,1.1739662875627,6.1429308529403,1,-0.324986146604166
7,0,0.618789855625968,1.33376608993214,0,-0.723623276439032
8,1,-0.112734314754215,8.53345134058835,1,0.807949232664182
9,1,0.917028289512712,10.5054623482977,1,1.39940428915309
10,1,-0.223259364627263,9.01673710339111,1,-0.513426485744676
11,1,0.526448098873642,6.23803146290246,0,0.361679615663234
12,0,-0.794844435415055,3.01323375533111,1,-0.777068072032445
13,1,1.42775554468304,10.2312164349599,1,0.511957801895105
14,0,-1.46681969416347,-0.565616684991021,0,-0.468438578571313
15,0,-0.236683378602896,2.24255467854074,0,-0.878890242254071
16,1,-0.1933379649975,5.17200259104096,0,0.257089557093476
17,0,-0.849754740333862,1.28003580164551,0,0.869431509968541
18,0,0.0584654978495017,5.31337158353017,1,0.381326013904212
19,0,-0.817670355875958,1.57903520575467,0,-0.388839257170223
20,0,-2.05030781563963,0.00300790623963199,1,-1.38243016105325
21,1,-0.163755665941423,7.49671934516057,1,0.0653164976327956
22,0,0.708522104156376,6.17069848452139,1,0.754562995960389
23,1,-0.267980546181617,7.78787617148784,1,-0.420773046190039
24,1,-1.46392175987102,1.81072958900031,0,0.36522369825937
25,0,0.744435822875318,5.10818786547919,1,1.49687840693886
26,1,-1.4103901810052,1.39518525601043,0,-1.0236685258677
27,1,0.467067606015246,7.35536270589014,1,0.532556202726801
28,1,-0.119320107694245,3.86101276544966,0,0.0737194478531365
29,1,0.467238961765515,9.78654862847493,1,-0.424099929054679
30,1,0.498135564435914,8.87056505934204,1,0.929713649461613
31,0,0.894937200540396,6.11383063954959,1,1.55485854110313
32,0,0.279151996413743,2.43899457157255,0,-0.184587133433231
33,1,1.00786575031424,10.7886355500654,1,0.324195766397381
34,1,-2.07310649057379,3.90727530914891,1,-0.622814445022572
35,1,1.18985338378285,11.6590908446318,1,2.28794559265963
36,0,-0.724374218369974,1.45315535336296,0,-0.201299762198429
37,0,0.167983772348879,3.12223603166074,0,0.187325831305261
38,1,0.920335158580844,8.85518597632956,0,1.03022702053623
39,1,-1.67160481202292,0.336975288227547,0,-0.0640003031310281
40,0,0.448469069614306,1.90215038592436,0,0.111775375560304
41,0,0.482458809858766,2.76199186083322,0,0.337485649102784
42,1,0.758213782399003,6.88145843574766,0,1.06634583247415
43,0,-2.31932736896749,1.13090259231835,1,-2.29414738933183
44,1,-0.459504780196151,5.36185182101045,0,0.697638253150647
45,1,-1.10538366697927,1.92586517795803,0,0.682258820465874
46,0,0.402928273406297,5.29555656231741,1,-1.38468359961933
47,0,0.568934917844047,5.35478798360245,1,0.0298917324783485
48,0,-0.706083282429614,-0.611620639384645,0,-0.440761154707646
49,0,-0.290090625815567,-0.71134102590335,0,-0.129694688132334
50,1,-1.48387807160556,1.87390446243386,0,-0.325796993225394
51,1,-1.15025528126137,3.56075964855002,0,-0.00248844093237088
52,0,-0.274471161816463,1.15916969532161,0,-0.231036131780338
53,1,0.577901002861171,8.47560899434117,0,1.63268288024075
54,0,-1.39690264657703,-0.302668783841523,0,-0.262758547709439
55,1,0.74905771616478,10.7736674678644,1,0.935549894759442
56,1,-1.05118669692296,7.65475258157646,1,0.943430802313199
57,0,0.165380870625706,4.43876038946623,1,-0.453484874260664
58,0,1.12980912049522,5.85085909756262,1,0.0930651434991271
59,1,1.17372246423572,11.3110074666405,1,2.41113545913416
60,1,-0.42786323185042,4.01694957747943,0,-0.164061490508778
61,1,-0.259802107839475,6.78737154371689,1,-0.642661421128025
62,1,-1.41117304365668,1.71913102046691,0,-0.600175927279034
63,1,-0.641357554081644,4.04849387033817,0,-0.493865122174017
64,0,0.112457509152448,1.64150212387025,0,1.56725145459181
65,0,0.422604331138563,2.89894563386454,0,-0.783214633638644
66,0,0.386835291215675,4.6733999978864,1,-0.0511035256010054
67,0,-0.687798326082019,0.851038933470297,0,0.245864295804293
68,0,0.148902488663005,5.44128634460302,1,0.724261256915677
69,1,-0.0576497484824952,8.97973529814678,1,-0.93681349409548
70,1,-0.0748233649223828,5.55943465898483,0,-0.599685348195533
71,1,1.50989743811878,10.1018660035848,1,-0.287465234634143
72,1,1.61993700793992,10.7423666279854,1,2.46053158482469
73,1,1.1531581669848,7.81597668270685,0,1.64427516370301
74,1,-0.0776035954486494,5.6069400866854,0,0.900978738575151
75,1,-1.81893450079797,2.37765450891624,0,-1.9776971114415
76,1,-1.03744458273607,6.17920172825995,1,-1.27641434733639
77,0,0.302492245643734,4.59595196862119,1,0.146474205420312
78,1,-1.27794616724639,6.07112184167677,1,0.308812052061987
79,1,0.138339047584972,5.28306324823226,0,1.03816432756725
80,1,-0.0509841237610558,2.21584108102594,0,-0.468561218825772
81,1,1.85214757493023,7.32856621364897,0,0.539668499836163
82,0,1.11167526953782,5.07147901136599,0,0.696628290384037
83,1,-0.51137532176584,7.13730016100528,1,-0.168599178777356
84,0,-0.54388110381726,0.237856761567164,0,-0.319864359547033
85,1,-1.72892728363495,3.02817436541168,0,-0.515457980818279
86,0,0.470749538951291,6.64219072959639,1,0.80920931000211
87,0,0.00538712217177903,4.81327366364588,1,-0.2114977237848
88,1,1.34804578555275,9.49490840572595,1,1.22071104822247
89,0,0.724096713299373,7.59349660382139,1,1.10021019304721
90,1,1.5525491646626,8.59905065934007,0,1.51607698290896
91,1,1.32546983172223,6.50423789606551,0,1.67014267113394
92,1,-0.0342650924931979,8.12592889431939,1,-0.178075198799809
93,0,-0.36101339765776,6.58324169636836,1,-0.151860350634423
94,1,-0.720165422308313,7.81677560945163,1,-0.0430941324593197
95,0,0.282014933367502,2.1402914600611,0,-0.00578610414339106
96,0,-0.790525663563787,1.93252187855817,1,-0.893541138543107
97,0,-0.444904550728676,4.18817075271677,1,-0.439832402924112
98,1,1.3649931693787,8.73532440329554,0,2.11519242511756
99,1,0.49745433829489,10.3957685337061,1,2.66526549826608
100,0,-0.814396475841322,-0.408751481844747,0,-0.737637135653357
101,0,0.268065837240828,5.39066838471831,1,0.132758899398357
102,0,-0.59220831099559,-1.03304821688709,0,-1.06126801054726
103,1,2.1334863572493,9.15133790777515,0,1.55548079099361
104,1,1.17274866696687,11.1476852942089,1,1.26090151314238
105,1,0.746760989259751,6.1997325999549,0,1.95043175284929
106,0,-0.230508693259376,1.52185059194264,0,0.720571581636999
107,0,0.087771702263277,1.26734960327035,0,-0.916027418765319
108,1,-2.18373967936393,-0.55779565607986,0,-1.35834260788744
109,1,-0.466631586162683,5.84044038019848,1,-1.12136012891024
110,1,1.68595983797615,8.58259977373796,0,0.918672038646927
111,0,-0.567920925939037,3.36841980574672,1,0.112048979000146
112,0,-0.0467430156271661,7.02111108213732,1,1.11456928656925
113,0,-0.156980587612414,0.696968124775366,0,-0.338960705628581
114,1,1.60224243993513,13.0624941316684,1,1.31094147857608
115,1,0.768653673570072,6.57373042286202,0,0.338969281672544
116,0,-0.771629356355782,2.61574285123534,1,-0.599862866658477
117,1,-0.630681983107717,8.80625162439689,1,0.592416432635553
118,0,-0.830280595600525,2.95502453357792,1,-1.5649633217777
119,1,-0.591112738264032,5.62744857282252,1,-0.122993700081996
120,1,0.981085406761843,10.9689425960871,1,1.63846984622875
121,0,-0.661605265920387,0.655852371851921,0,-0.554004799483058
122,1,-0.772417686267463,6.88103404480083,1,-0.123404846797171
123,1,-2.01847346685034,1.39224401261364,0,-0.766514896155062
124,1,-0.533585424847069,5.56512517262746,0,1.24150929717271
125,0,0.434728333631805,6.19873929843115,1,-0.114133043456588
126,1,-0.771167342250685,2.94227080700641,0,0.83489546335265
127,1,-0.753940822242337,4.65558068049594,0,-0.0995760740552494
128,1,-0.299357818093206,3.8765805755948,0,-0.505141219656896
129,1,1.66396642633394,12.3949694720886,1,0.0467529987060433
130,0,-1.24432983614235,4.03495674500846,1,0.0725694875558048
131,0,-0.783134374083311,0.75000409746254,0,-0.576895528447342
132,0,0.244830557556244,2.82816765785619,0,-1.22750528562722
133,1,-0.143887168528834,4.0145152928848,0,0.531364430090262
134,1,-1.60863141694511,2.19604348299832,0,-0.86998014650564
135,0,0.951579971801912,3.73610434567095,0,0.867061875131338
136,1,-1.81913169113661,5.90356462428133,1,0.0217249469341134
137,0,1.78367170513088,6.88249534107202,1,-0.240662297337808
138,1,1.88713936034755,9.83385824073493,1,0.710208455411529
139,1,1.49071877762558,10.2752778184349,1,1.89542140192885
140,0,-0.380599521961682,2.7003743028417,0,-0.630633306706629
141,0,-0.909375011345674,3.8092920737599,1,-0.386209432193536
142,1,-0.338094107473901,2.87542986916529,0,0.0837868788308583
143,0,-1.41188351912177,0.524435568492621,0,-0.244842460739105
144,1,0.21754288752496,8.87443766525593,1,1.23980632850853
145,1,0.670126170494309,4.75035480820502,0,-0.308541986730445
146,1,-0.28785937817374,5.48408783855854,0,0.625243285744086
147,1,0.469303495405441,5.98846575032845,0,0.826393239703528
148,0,-0.470071427334035,3.19932449909814,1,-1.6736708903331
149,1,-0.239265919007744,8.73141191576885,1,1.01546373734666
150,0,-0.447462488469958,2.72588047593618,1,-0.0780689646922414
151,0,-0.618829657395325,0.428863721630073,0,0.0805632491173091
152,1,0.252963051455575,9.47331214782892,1,-0.166455124731161
153,0,-0.753368175006862,3.94044523672303,1,-0.777970028076352
154,0,0.732276852534275,4.2577280307165,0,-0.481148564304667
155,0,-0.40258671277439,4.26558527499398,1,-0.202646643743527
156,0,-2.82300011864761,-2.87714334214884,0,0.47343459609445
157,0,0.462973827409201,4.53166318962771,1,0.331141346676984
158,1,2.13286972606545,10.4697508315124,0,1.1287212985174
159,1,-0.270486687454884,8.77374739906969,1,0.671514901163411
160,1,0.248525349077002,6.63118179443701,0,0.846173111125006
161,1,0.0381164746693863,7.05062728906285,1,-0.88093868947916
162,0,0.394068949877276,5.40706915265626,1,-0.673794881390611
163,0,-1.50408519764693,-1.21843928610626,0,-0.29528811093008
164,1,-1.58689079440535,1.1300519171244,0,-0.832989155835018
165,0,-0.92711807673826,4.43356798489719,1,-0.09293782248747
166,0,0.776197039664536,2.84842152789073,0,0.440426899016087
167,0,-0.780684439992302,-0.377317902175919,0,-0.242739338064738
168,0,-1.2785670240803,-1.67430383382028,0,-1.57883303828598
169,0,-0.00142812822527075,1.8909519172355,0,-0.664642924750089
170,1,-1.85097812380288,1.39169486118319,0,-1.42814920709924
171,1,0.451505334944176,5.15155967295847,0,1.33240001458985
172,1,-0.4329470546316,3.67202137174302,0,0.0435736501379734
173,1,0.713602899314127,9.45556954961476,1,0.74512025746999
174,1,0.960695470250525,11.6611755614121,1,2.34339828953022
175,1,0.381535209730526,6.62815162289223,1,0.40591342097762
176,0,1.21807279764716,7.9216392395015,1,0.535995649301158
177,1,-0.0171372605280001,8.75577846151016,1,-0.658058520450327
178,1,-0.03820949270208,6.37756276721239,1,-1.44430664101528
179,1,1.243734394854,10.5680521787413,1,0.914100963573217
180,0,-0.955858745208508,0.714333088454016,0,-0.568271151222711
181,1,0.915425235164844,7.88049227869664,0,0.688140723846583
182,1,-0.939337975547167,7.1090437015698,1,0.137886181586792
183,0,0.112124819542646,3.96136048153362,0,1.49245202765254
184,1,0.553012618613077,11.246340526356,1,1.8464820666291
185,0,0.5317419632335,6.5331919664652,1,0.933459239056958
186,0,-0.873762389439209,-1.70909734941062,0,-2.03797455120299
187,1,-0.186849272904419,6.81020220168819,1,-0.727413451364237
188,0,-0.213710488041523,4.75611481231939,1,0.254393428815876
189,1,-0.204011273018691,4.69502968344261,0,0.851726958238054
190,1,1.71970924052031,10.6741688636376,1,0.733562828400676
191,1,0.202033482217385,5.94202419301128,0,0.654664322566161
192,0,0.512655777512822,6.07285312032339,1,0.893259760610003
193,0,1.45240001198695,7.58773789389827,1,-0.729577525996549
194,1,0.363865465173405,9.02458927753221,1,0.94252994152222
195,1,-0.875848946464095,6.1361080036911,1,0.183642726507143
196,0,-0.0145607330910744,7.24433337676417,1,0.381538722861957
197,1,-0.724493164867117,5.20020546545167,1,0.76500344643263
198,0,1.969370094487,6.34429565721374,0,1.52191843459687
199,1,-0.536402426950987,6.95901544091861,1,-1.18792021685368
200,1,-0.0262323400230254,4.77467201964343,0,-0.670046712181224
201,0,-0.164032353386482,1.24594912639466,0,-1.44395515142023
202,1,-1.38327506389604,1.35842560238194,0,-2.4195956925365
203,0,0.423511264154112,3.35596060487605,0,-0.484059056113913
204,0,-0.790488911573172,1.92207469034628,0,-0.582940650550605
205,1,1.20992484868538,7.58757802298725,0,0.837538566048337
206,0,0.894516769107157,6.54068436324893,1,0.726253572819441
207,0,-0.101198541182539,2.21673883345517,0,0.620540054646321
208,0,0.29712256945725,6.15638086461192,1,0.131596697847459
209,1,0.197297723223939,9.36775294129541,1,0.753454612026888
210,1,-0.156983744620943,5.71218648623968,0,0.0733071246049199
211,0,1.53657101159021,7.96857853466631,1,1.07095293796071
212,0,-2.16766968075807,-0.314242014505538,0,-0.41919556815751
213,0,0.598448151380301,6.14129958468258,1,-0.548886172011891
214,0,0.0431123594716387,2.4149502562876,0,0.318644165246515
215,1,1.29502719092384,7.4475479665922,0,1.28633223140265
216,0,0.706302935737444,8.28125006397311,1,1.57988981655497
217,0,0.345545075357528,6.44147010532383,1,0.197928702503214
218,0,-0.0798966533465162,4.91034341420219,1,-0.984178536195391
219,0,0.454807547451574,0.958363883161149,0,-0.287341499153282
220,1,1.27625236923049,8.13143806093285,0,0.117143814630935
221,0,1.2648376462961,6.71927146221464,1,0.312361077525277
222,0,0.26925353035912,4.04465983657794,0,0.719922934569421
223,0,-0.120544093437728,5.59849352214152,1,0.0512390849268559
224,1,0.795271350663759,7.26587069742297,0,1.10272993087519
225,0,-0.514027644033044,2.25646743536574,0,0.610264409407337
226,1,-0.40659346739169,7.96132433738226,1,-0.486898747554576
227,0,1.21971897898245,2.34005513694843,0,-0.305001546465328
228,0,0.083711370245897,0.0301374156727066,0,-0.25442843012477
229,0,0.589902151192238,1.48987521407131,0,-0.294292166020892
230,0,-0.517419284506192,0.318174975743082,0,0.583949779327094
231,0,0.769463486620852,3.53560057538672,0,0.419171341985007
232,0,0.801969741044952,7.98328778909777,1,1.48379246528272
233,0,-0.696860144353812,3.96197710231672,1,0.353069487028829
234,1,1.177853178306,9.88270123641475,1,1.24603422963889
235,1,0.585845258165705,6.87111882857625,0,-0.345566100719384
236,0,-0.466893883407381,0.954641526250857,0,-0.496275528485177
237,0,0.3856496369842,6.36260307848882,1,-0.0156704473957675
238,0,-0.534605584623016,2.94043506737399,1,-0.903832993583659
239,1,1.05666840136629,11.0431316101069,1,1.50208778095541
240,0,-0.206093269636223,2.33732913202062,0,-0.6686207922259
241,1,0.60701223616656,8.84501189122608,1,1.05199435816391
242,1,-0.548063857565169,7.43618831337452,1,-0.442089190226224
243,0,-2.09997632605104,2.23959377036747,1,-1.25118660319476
244,1,0.250812763244473,7.21508971614976,1,1.19294171448665
245,1,-0.0549452806115849,7.9811279714083,1,0.316448655744598
246,0,-0.65972780854019,3.5864879807517,1,-0.800312833770097
247,0,-1.45585737900865,0.0161128069870642,1,-1.96747315466069
248,0,0.0237294264634486,1.55159555508652,0,-0.0455216407992743
249,1,0.547908091268769,5.31832059333578,0,1.40019966585897
250,1,-0.808901395385087,7.31526526887678,1,0.606259059222902
251,0,-0.239023245607069,-0.332306288331254,0,-0.862461868643357
252,1,-0.353118732175528,2.68262243785865,0,-0.105207704843117
253,1,0.819599207165928,8.1908760732855,1,0.257173932466426
254,0,-0.345279614352431,1.77794134496885,0,-0.655470902201426
255,1,-1.18288445586158,3.47218510257635,0,-0.353283791879236
256,0,-1.03132108779389,1.86718458626778,1,-0.250369486552509
257,1,-0.0750893152514983,9.23795508918176,1,0.880988763097974
258,1,0.828585474949519,5.36232017623431,0,0.219424263689217
259,1,-1.03598465538748,3.93589729672833,0,0.00190923439898238
260,1,-0.147156109684944,8.34292437275255,1,1.73946951795296
261,0,-0.281453876038291,3.27971663275206,1,0.100239467498729
262,1,-1.37368566941537,3.09453188629534,0,-0.0851329233358071
263,0,1.55845014155207,4.40102866911153,0,1.08446290803858
264,0,-0.57494503613467,4.60221654060421,1,-0.36943838079251
265,1,2.18733524053184,12.4630395183219,1,1.07724378396588
266,1,0.794291623143929,5.83350122507482,0,0.439621689634205
267,0,0.202560260341176,4.80810616591737,1,-0.399992833394023
268,1,-0.0220500849832044,8.41196433797925,1,1.27728478216209
269,1,0.304530887225146,4.86786911064825,0,-0.245214494597264
270,0,-1.1092492414154,0.175502186662659,0,-0.765804359774558
271,0,0.765473097985681,4.41517108954758,0,0.5088043570829
272,0,-0.0220264291577605,6.28520279935257,1,1.33711330900793
273,0,-0.903998222855681,2.70467248300642,1,-1.96164431168192
274,0,0.400001736564898,1.50469558862328,0,0.1009528032556
275,0,-1.14928759196062,4.15886768119165,1,-0.501957608432827
276,1,0.188167629294663,9.18268260905083,1,0.896964767743375
277,0,0.217290096347952,4.13855574689857,1,-0.90202528595317
278,0,-1.04908572462521,2.45336140134804,1,-0.0915096146551639
279,1,-0.0751234328439355,8.29783874720057,1,0.85316310594311
280,0,-1.56798896178066,0.0276875290290652,0,-1.07122579391764
281,0,-1.17379709610829,3.38402581778009,1,-0.618150013976849
282,0,-2.14830605620601,-0.830078679506698,0,-0.259509351796799
283,0,0.341715452527099,1.11389313907644,0,-0.146781145257726
284,1,0.904970837787923,10.0816386842159,1,0.973599700483608
285,1,1.09649045333733,11.3597089253423,1,1.33508453021372
286,0,-1.47126092934297,2.36912045339799,1,-0.888977854044699
287,1,-0.280596864560926,7.37480071599454,1,-0.0454292742107787
288,0,0.846139617007925,7.32979019154528,1,1.68003677361998
289,1,-1.28591371800217,7.32050421621883,1,-0.558563362084286
290,0,-0.312435869163608,-0.156597109607086,0,-0.88584071168959
291,1,-0.36284324052178,5.45066886233399,0,0.616673935552045
292,1,1.41245391943755,8.05576748128082,0,0.287189872113319
293,0,-0.255202309202219,4.42587432126862,1,-0.413072754352071
294,1,0.387017528534366,7.2290843391289,0,1.44927423935264
295,0,0.524940745178194,6.74007845397279,1,-1.01616915284017
296,1,0.615145179774206,6.50618031292032,0,0.367190241549391
297,1,-0.332816293049665,8.46124367299031,1,1.65910793940276
298,0,0.745328759898821,2.4824632631638,0,-0.0115802772893489
299,0,-0.311265396437325,4.51366166799128,1,0.414238661219154
300,0,-0.234251449605013,2.72482173230568,0,-0.758235525068972
301,1,-1.16585694436698,5.984963615759,1,0.584788461264898
302,0,-0.23979867027602,3.77553550814828,1,-1.5101896004547
303,1,1.18438266837219,8.95325008482116,1,-0.180883054620785
304,1,0.207508387039108,5.28476307724862,0,2.06685876204818
305,0,-0.0436325970354455,6.90223269809246,1,0.812691411125695
306,1,-0.971077502028354,6.26360408358546,1,0.0586593886892611
307,1,0.574222580105223,6.23423419073178,0,0.384578862358691
308,0,-1.25986542223968,3.60875409028292,1,-0.62084431760009
309,0,1.06167880703241,3.55599691659299,0,0.469866560616417
310,1,-0.433993679431673,7.29849190099569,1,1.73069804151125
311,0,0.239176945168019,6.37485294132174,1,-0.327716278557107
312,1,-0.502328611745041,3.40386764289749,0,0.168024499318792
313,0,-1.70387658397506,-0.847917674060111,0,-0.789749152150571
314,1,0.523772241427614,5.91635419895315,0,0.825159096789392
315,1,1.56417215406704,7.35748263764891,0,0.372591677670711
316,0,-2.46625286976607,-1.06522710955694,0,-1.29348965776223
317,0,-0.148820765084651,1.12486402832033,0,0.467246781245233
318,1,2.11083700324841,9.4838636522809,0,1.8738322610461
319,0,-0.346195291528631,4.40304542945214,1,-0.0130510264937386
320,1,0.982182546338488,9.17018740892494,1,1.68345318081613
321,1,0.391431404190546,6.8223750933531,1,0.73902018874654
322,0,-0.509994056962535,3.09964434523682,0,0.206910674540994
323,0,-1.0496464305767,-1.03431910981894,0,0.217499235173555
324,0,0.0460071520322676,2.02628798645035,0,0.116130607023529
325,1,-1.0088281735442,6.06590995661598,1,-0.161063413447829
326,1,-0.656249673336281,7.64742677042748,1,-0.055677691216223
327,0,0.0940179307429689,2.54397329315767,0,-0.416413954038004
328,0,0.0179242749626461,6.15287020753176,1,0.503445508528217
329,1,-1.60352449503172,2.91810860402247,0,-0.32091641575757
330,0,0.483076079040992,2.44616726040252,0,-0.927954457930075
331,0,-0.224422824935508,4.00444861942405,1,0.214728683452526
332,0,-0.437397855900056,4.05429328096081,1,-0.584892020533524
333,1,1.32776845840738,6.97394347642415,0,0.843546366824054
334,1,-0.468477873025446,6.7544659394963,1,0.993918602835494
335,1,-1.33995772628447,7.22754844930744,1,0.86611086257522
336,0,1.66543272776861,6.61850881881715,0,1.76043404444348
337,1,0.538949952138077,7.14753810097999,0,0.74582244823426
338,1,0.999384763413126,6.44858426035924,0,0.698611619599208
339,0,0.341489328926142,6.51849110954656,1,0.385265202571704
340,1,-1.05862733130268,4.64642139578715,0,0.07065219492678
341,0,-0.0415993014090398,3.26352428524548,0,0.252800643265705
342,1,-1.29282767682497,3.27801236832367,0,-0.61552639739125
343,1,-0.893863996540352,3.34413067594539,0,-0.218688258339903
344,0,0.541909198067899,3.98369459088114,1,-1.68150698311349
345,1,0.96963598454945,9.46764457593778,1,1.88637475653281
346,0,-0.244988917948808,2.24442024047219,0,0.977898329184044
347,0,0.860180084424709,3.17953951240374,0,-0.531043855558889
348,0,-0.675843952185185,-0.80330135260885,0,0.486408412916362
349,1,-0.500043688364124,7.51203555771873,1,-0.985349969975944
350,1,1.83203289065985,9.68118302935007,1,0.492479546194975
351,1,-0.329272263378209,3.65788687596462,0,0.152590603568926
352,0,0.261307886624712,3.2607694712145,0,0.0148668414461764
353,1,-1.11216053142065,5.62443232183124,1,-1.01438499264958
354,0,1.06221046113754,3.43158280916358,0,-0.640328447991394
355,1,0.205000244171687,7.37440338457103,1,1.13012210565829
356,0,-2.02432771517004,-1.13400302061875,0,-1.55425537071989
357,1,1.22737475432954,6.16130409918777,0,1.17110609456052
358,1,1.1953441304346,5.33725143773695,0,1.67780633116094
359,0,0.772515546839223,1.29065354182953,0,-0.425223984000925
360,0,-1.40953802636953,2.18979811293757,1,-1.2638893543925
361,1,-0.43242997230287,6.19898019790202,1,0.672553701576111
362,0,-0.442288111399416,1.24985056547159,0,-0.103422373582669
363,1,1.34899226158638,7.53143020422747,0,-0.0296824969175928
364,1,-1.07463159377551,5.85089685466783,1,-0.357941427819124
365,0,-0.335082418815194,1.24663279918557,0,0.933987533971076
366,1,0.750832412618636,9.18919408061943,1,0.155665902031958
367,0,1.99720657393103,8.47876406354317,1,1.53978565485899
368,1,1.79190783602721,10.0953543968761,1,0.689747731479375
369,0,-1.23297630910884,-0.194890500266619,0,-0.422213936566321
370,0,-3.17720974034715,-4.06933468255622,0,-2.36644907757849
371,0,-1.08484173165399,-0.886602326587411,0,-1.44713832381835
372,0,0.0607634334966003,3.70598259934065,1,-0.135392536623716
373,1,-0.181766151621347,8.71615519943925,1,0.213569278622701
374,1,0.341311013584644,9.2708285228373,1,-0.51240469299899
375,1,1.10679158982067,8.47555711764387,0,0.114158928947114
376,1,0.688816160126333,10.1657426875684,1,0.168013369054349
377,0,0.470991750342963,3.25102510844346,0,-0.108337100806401
378,0,-1.64006703209326,-3.21609679085616,0,-0.166872419947658
379,0,-0.679023165379527,0.597844774296168,0,-0.758452092628867
380,1,0.486308057492237,7.56254119160944,1,0.238586634708661
381,0,0.226175395529003,5.22206638804038,1,0.447402194210983
382,1,-0.646680736793556,6.60205386393099,1,-0.809670023561602
383,0,-0.113285802208356,1.07960855354,0,0.078707908555059
384,1,0.520523659696982,11.1976073387523,1,0.729119405803177
385,0,2.58674304062644,8.40866620600698,1,1.1541990715127
386,1,0.542192343473393,10.4728481433045,1,0.280789986623299
387,0,1.06520387801695,7.10001389456361,1,0.745455770162524
388,0,-0.7501478658908,2.48708979492351,1,-1.46821045368611
389,0,0.793791101470642,6.68751527531724,1,0.140561795152811
390,0,-0.74976285868803,0.735515912559324,0,-1.07971598019413
391,1,0.306302268328381,7.76856940216906,1,0.139444646073077
392,0,1.31836986941428,6.08260133189237,0,0.464968801123518
393,1,-0.266540210545316,5.70586766089515,1,0.417716816759674
394,1,0.265806173685163,6.4960217294649,1,-0.983521406917475
395,1,1.13983841288017,7.13800556468766,0,0.479158482290129
396,0,-0.986544820498611,1.87775759064988,0,0.390859216816572
397,0,-0.673666787834073,2.20880073440401,0,1.47987349788742
398,0,-1.9047442725501,2.57414661855502,1,-0.18179758207738
399,1,-0.7179220878804,7.2638383306878,1,-1.24542584418641
400,1,-0.383542012478036,6.57169412040157,0,0.270861478439551
401,1,-0.320536946168522,7.20615804142164,1,0.331377111592076
402,0,-2.0919207780441,-2.36855769469469,0,-1.38160883846114
403,0,-1.85183190983504,1.66482724856161,1,-1.51985863306109
404,1,0.439665272322799,8.37122822029054,1,0.0469315897095301
405,1,0.141904835351357,8.24153277980718,1,-0.138762367053434
406,0,-0.825059120475535,1.10876676350296,0,-0.12852229665913
407,1,-1.37117981596442,1.45878432686735,0,-1.04250731160917
408,1,0.0248814464127859,6.07477711227718,0,0.267889505886009
409,1,1.58099249126551,9.38382838629383,1,1.27647435731253
410,0,-0.759716027054064,4.49525060020179,1,0.214523487143441
411,0,-0.538544784126462,5.92040337621506,1,0.222836522816126
412,1,-0.260291279435667,5.44167413810418,0,0.0844115275815197
413,0,-0.644601306755667,3.8800945442048,1,-0.664569049643123
414,1,1.21525293567706,12.729602207497,1,0.625761464216495
415,1,1.78200261661201,11.5487374408575,1,0.614948641896734
416,0,-0.0640374279297368,4.36329442771622,1,0.580015330146714
417,1,0.624481143281806,6.70424622341432,0,0.625696622991704
418,0,-0.938595151891697,1.14045082881023,0,-0.221570075090289
419,0,-1.8326834165082,-1.68033707686901,0,-0.011555960475482
420,0,-0.901485727138233,1.33176895892145,0,-0.29501385862766
421,0,-0.950902079388975,1.21566031256921,0,-0.165819655129795
422,1,-0.835303305479703,6.36551259869493,1,0.511852622137798
423,1,0.546097928453923,9.67710342106068,1,0.452981791954894
424,0,1.61253588475273,5.23241262970918,0,0.326148225980621
425,1,-0.653114667017496,3.72404352018613,0,0.347121636432328
426,1,-0.0366466527552756,9.39196049560425,1,0.320642529758602
427,1,-0.11063269749809,8.02305046137531,1,0.359521323445664
428,1,1.24200543155469,10.8092503483251,1,1.99531974071876
429,1,-0.692423648640847,9.26248554068785,1,1.10401974224158
430,1,-1.16544261178804,6.85416449082779,1,-0.448290652995515
431,0,-1.05609325823517,0.576840183754083,0,0.142605139475316
432,0,0.723485112002042,5.96305288150077,1,0.837330214216389
433,0,0.360227511693603,6.68536612975764,1,0.849025988971121
434,1,0.256221180288194,8.7462004319417,1,0.954838315533046
435,0,0.752887908098141,3.39326455083568,0,0.428647349912509
436,0,-0.99262436174322,0.120747034089891,0,-0.65251728629641
437,1,1.48632630711899,9.8692879298037,1,0.597133782718612
438,1,-0.726653653578297,6.78943798601477,1,-0.873726076040549
439,1,0.0966503179347832,8.86737294994714,1,0.721640788566564
440,1,0.214864061434575,7.39590539638027,1,0.864565853732284
441,1,0.518475485469224,8.53364945806464,1,0.218948028704741
442,0,-0.296302894744337,-0.917354688661611,0,-0.161429500782514
443,0,-0.352000868785788,5.69620117259593,1,0.256534169638548
444,0,0.133719626529231,2.65597145893522,0,0.170468797518662
445,1,-0.226863013066367,7.75541519646511,1,-0.571702902169595
446,0,0.863076731007076,3.29306481479466,0,0.464116752386887
447,1,1.60421219913685,10.6961720927942,1,2.38683804662972
448,0,-0.445835718074259,0.169938089558942,0,-1.02814890001429
449,0,-1.18957146629936,2.24587360987243,1,-0.68232890645888
450,0,0.246621550628576,6.29766927128586,1,0.904086990236157
451,0,-0.761491024515474,4.53306369041968,1,-0.59485466934349
452,1,-0.393981667023994,8.7444496256621,1,-0.0426100767292563
453,1,-1.72826292188549,2.80371020089595,0,-0.596750701950896
454,1,0.26293965828286,8.07587072458168,1,-0.390833821597519
455,0,-1.61558979829955,-1.45721880594681,0,-0.331385334466264
456,0,-0.117269628962947,3.16051584676353,0,0.0912412267030443
457,0,0.325928044349314,5.56015367098661,1,0.868000544246556
458,1,-1.90093451424353,5.59502733400324,1,-1.0133768520245
459,0,-0.469805110693186,5.56536030431567,1,0.356622361506617
460,0,0.12384558683103,3.42238371379874,1,0.595868974669402
461,1,-1.12703977794798,4.34313625398081,0,-0.967175874008966
462,0,-0.40179926027606,0.467306896373924,0,-0.443811641559913
463,0,0.00515375780451839,5.05985741095092,1,0.0921948509930728
464,0,0.672541593562754,6.26743754681387,1,0.548301736939633
465,1,-1.44636079888457,5.13610237950061,1,-1.79793068392485
466,0,-1.14362000748856,0.250346643075818,0,-0.119355826617211
467,0,-0.300824962520737,4.43491416742743,1,-0.123671707790751
468,0,-1.3889142652328,0.234820075555307,0,-0.70019459936153
469,1,-2.02747974676345,4.58147933229143,1,-0.937271226269986
470,0,0.505215906503121,6.24671668338674,1,-0.0763400054199715
471,1,0.771499632311908,10.5317317605176,1,0.94219320045717
472,0,-1.61288294516713,-1.8139209872728,0,-1.404344594717
473,1,1.14242107325242,5.37820072331735,0,0.0972504398316335
474,1,2.09829328975597,12.6425379832182,1,2.52213616096768
475,1,-0.167363074959246,4.58713168249444,0,0.0714505597389258
476,1,-0.266927381557538,3.55508217027329,0,-1.52595268605899
477,1,0.794821728110916,9.99529997349355,1,2.52931323077308
478,0,-0.456845694234203,4.95604793626753,1,0.00377383702094866
479,1,-0.971702757548201,5.70556101787822,1,0.424379843065617
480,1,-0.472534566018054,5.79593690846736,1,-1.55756354401066
481,0,0.947655042454646,8.40422671819675,1,0.746734733131694
482,1,1.01603959389946,9.74192468954955,1,-0.751473738282526
483,0,1.75186717882185,8.66773955498561,1,2.33804732127925
484,1,1.04770237040486,8.53798731499662,1,0.20972332572088
485,1,-0.377857303194348,7.56408613517665,1,0.812425217013014
486,0,0.508104782671683,3.43033214994129,0,0.208097854548832
487,1,-1.07018458754786,4.68230835281067,0,0.198317290107838
488,1,-0.144224762219455,3.68003997257377,0,0.370730931402713
489,1,-1.01170541546209,3.00631112907793,0,0.316863150881166
490,0,1.24302324833439,5.0183987932426,0,0.718809855742045
491,0,-0.0788894233080728,4.13430423955885,1,-0.0875454631628377
492,0,-0.807295116986153,3.94508994934293,1,0.139615911705996
493,1,-0.996201639682667,8.23296735888997,1,1.60519217907079
494,0,-0.858331208674942,4.06703911185465,1,-1.71511062270155
495,0,-0.95073827250376,0.516947376306148,0,-0.563440073990204
496,1,-1.12179377839042,6.27217951009046,1,0.161955322920313
497,1,-0.135076212757754,9.61664104851183,1,0.480456823346621
498,1,-0.874073743405184,3.29115705510458,0,-0.6401189905602
499,1,0.258678991135885,4.99049808466727,0,-1.51330852041852
500,0,-1.74514130053885,2.76875730593922,1,-0.610452944672915
501,0,-1.27235813384977,-1.19563361262727,0,0.101724734021907
502,1,-0.663071583784233,5.39861127892753,0,-0.464943805304526
503,1,-0.296543129823535,9.07911927512854,1,0.26424952780037
504,1,-0.573966426857788,7.95870932639465,1,0.5107162984683
505,1,-0.0261740819891586,4.23472899464287,0,0.650703537722183
506,1,0.259727223858613,6.47579410829205,0,0.68939159355131
507,0,0.533417571564717,5.38009110137916,1,0.43512647813412
508,0,-0.542068604028933,4.90079804001777,1,-0.294322071477956
509,0,0.337668446597593,3.72621366423465,0,0.159628756523142
510,0,-0.237912860236372,3.48834529457477,1,0.555971449824186
511,0,1.12569776459416,8.53006571211936,1,-0.256888373546266
512,0,0.204687898185319,3.57929178116369,0,1.82566677239278
513,0,-0.0158696557762988,4.28271189579965,1,-1.02154316315173
514,0,0.185196040701289,6.77739379128028,1,0.351051059552982
515,1,0.108231141887518,6.59693877086444,0,0.339372379620581
516,0,0.673992699568888,4.23218479753687,0,1.54109608214291
517,1,-0.951967116015085,7.57906059685768,1,-0.0779819406844893
518,1,-0.49847329238345,5.0089125516177,0,0.769558570554234
519,0,-0.653518730626198,5.36106456092506,1,0.457083215440565
520,0,-0.126079083822503,4.38542351397531,1,-1.55360630484234
521,1,-0.63786646305784,5.7833766853941,1,0.163824517949717
522,0,0.337567398663831,2.85571132289031,0,0.252798948086371
523,1,-0.0293290444389355,5.15306721365481,0,0.702043066657233
524,1,1.22872814344106,10.171305530931,1,0.156152737440267
525,1,1.5852807887064,10.9573527524376,1,0.675635685202421
526,0,-0.314372753193934,1.96303372147485,0,0.0436192821264252
527,0,0.975752659352041,6.87742519810533,1,0.559416955779488
528,0,0.742089703332306,5.40729550897947,1,0.564782388633243
529,1,2.22545763479131,8.84056315114644,0,2.29486492119931
530,0,-1.49733966351932,-0.715327780896151,0,-1.84335084985004
531,1,1.10607312374539,10.8807396968005,1,-0.0215227476386756
532,1,-0.528306606953451,3.74738868874591,0,-0.317010641727583
533,0,1.37600858615402,7.43683286242139,1,0.75397587465483
534,1,-0.902418328445858,6.0063970305026,1,-0.16288594559517
535,0,-0.187779424621619,2.20290765695804,1,-0.381831366697441
536,1,-0.870346851499633,6.09058208707853,1,0.264679421129147
537,1,0.242566741570346,6.90368437175368,0,0.982546508438626
538,0,1.21833015656087,3.1795924135832,0,1.29008545427712
539,1,-0.980230859274554,2.91351155713624,0,-0.311112331596875
540,0,0.559592003462406,2.19223119481645,0,-0.0484533134606536
541,1,0.720403503457711,6.53605722506427,0,0.676055633869348
542,0,-1.77663789126202,0.512424423614778,1,-0.907288966183176
543,1,0.224056026698433,10.3914942656312,1,-0.120051800460971
544,1,-1.13998461912096,6.6683786557534,1,-0.66167643544818
545,1,1.37689935228885,11.6150196534833,1,2.36062422621478
546,1,1.78010861285818,6.04510206678761,0,0.712880710688066
547,0,0.294056166084933,2.20819556720126,0,1.19051964511441
548,1,-0.931644250838032,6.40980592289386,1,-0.14309029661718
549,0,0.635615730133026,3.66872448430423,0,0.528904999375252
550,0,-0.835824653377363,2.92476564821766,1,-1.75532243650993
551,0,-1.01989727087461,0.496819516381492,1,-0.684211636055567
552,1,0.161469222777442,4.37334939030644,0,-0.0120252168650857
553,0,0.630325928930935,3.76181898427235,0,1.22185013498934
554,1,-0.0295000730129872,8.88810221530466,1,-0.454235637256413
555,1,0.0123096815697504,6.95055950854982,1,-0.224963974432724
556,0,-0.291542071228928,0.981226717532523,0,-1.52367706337777
557,1,1.70555685861385,7.45415161726525,0,0.708228906585024
558,1,-1.4681797348409,2.57634864744173,0,-0.223739175736777
559,0,0.234854036923787,4.36019834263835,1,-0.169877321628931
560,1,-0.50907606118858,2.5199219486415,0,-1.21312360322708
561,0,-2.11623551713465,-1.17126664553385,0,-0.2287499469945
562,0,0.563936262019612,4.6934503606327,0,2.12796193863945
563,1,1.78903387677195,11.0201619639965,1,0.470350613873477
564,1,0.0531982872022936,6.26459123119508,0,0.286589385486681
565,1,0.912892722040135,5.2362629659033,0,0.500620594395869
566,0,-0.14650964773353,2.55232720789468,0,1.23097380800787
567,1,-0.176198701701301,4.51541732799765,0,-0.113202273267016
568,1,-1.05553674309767,4.01786794916082,0,-0.814860306631345
569,1,1.23906895247316,6.57477587679734,0,0.456812738408976
570,1,1.12782635671548,10.450767326744,1,1.83183757303654
571,0,-0.685512759930939,1.37241964534227,0,-0.393950304279601
572,1,1.75405541628753,6.08389459694247,0,-0.374346642796496
573,1,0.285918893561696,10.5741865721881,1,0.977634360331141
574,0,-0.0962387387695353,4.80340748357436,1,-1.14079725003226
575,1,0.5360352486976,6.12043768237169,0,1.59044182331111
576,0,-0.709831218060594,3.73857718431189,1,0.0391295553694169
577,0,0.276400851281746,1.42767696981421,0,-0.217726881731759
578,1,0.307538741741893,6.73095664012014,1,-0.977173057965807
579,0,-0.826253016429561,0.902797522725566,0,-0.644146562289304
580,0,0.445342810177667,1.09705273251028,0,-0.222990331298745
581,1,-0.54951846472008,6.15354963060824,1,-1.70079966044699
582,0,-1.4429819561099,2.75356813401772,1,-0.903962904662505
583,1,-0.224787352050971,6.28939502072021,1,0.964900058453585
584,0,0.301541205096059,2.29939866728638,0,0.734717249096176
585,0,0.174550551163889,2.34956750213752,0,0.731791428876128
586,0,-0.582841397247516,1.42339470432397,0,-0.739070749279892
587,0,-0.229003608218135,5.780502476711,1,0.494454071171013
588,0,0.995383822650051,3.69428281313613,0,-0.678821460639606
589,0,0.702549863325071,5.77630682239934,1,0.00770087043219642
590,1,-1.06911765608834,6.8994671676328,1,0.690785900922024
591,1,-0.115622009338538,10.2507085830627,1,1.06303881131012
592,1,0.692424214921812,6.90317958786476,0,0.36505284654288
593,0,-1.67194797365458,-1.20375309123757,0,-0.836091564836543
594,1,0.160245362696853,5.4567095614068,0,0.703696584414467
595,1,-0.774689485196757,6.954201418621,1,-0.160061546632904
596,0,0.115530664096697,4.99994674435467,1,-0.457641603932368
597,1,-1.03897772143373,4.58725552136623,0,-0.985229145468835
598,0,0.177564889148007,2.48629418504181,0,1.2207642321032
599,1,1.68886362116128,8.64495389422074,0,0.315561682840979
600,1,1.17859536149139,7.83849257185247,0,0.453472458579026
601,0,-0.389312673408208,2.50968613377404,0,0.191979206127079
602,0,-1.07264845556647,-0.549713317066539,0,-1.21923162323394
603,0,-0.39534635863751,2.2906089328758,0,-0.457255436715786
604,0,-0.84498759833155,3.82529788969788,1,-0.887204200665081
605,1,-0.655940482090013,5.02200218035221,1,0.585932268306633
606,1,-2.50699143903884,4.55084185720078,1,-0.706038978710894
607,1,0.167839957700375,3.2195215878258,0,-0.716609634784636
608,1,1.21561048096742,6.95617819757293,0,0.0248460290898936
609,1,0.255145945830071,9.93745679057742,1,0.199790798813998
610,1,1.61906288695254,7.76169134678509,0,1.08024942381983
611,0,-0.00412130949977466,3.89894256271053,0,1.50212173523717
612,1,0.314819995605099,6.63090921809026,0,0.496907192035023
613,1,0.164851018642503,8.30522466605386,1,0.96285143593759
614,0,-0.712664522447988,3.09405964007078,1,-0.0723282874292701
615,0,-1.27655759046954,1.00752025994327,0,0.611698954572254
616,1,1.06812336608449,7.19278963373616,0,0.312040885604866
617,0,-0.802880168469588,2.29334704202676,1,-1.62683379954638
618,0,-0.843216047181376,0.399411205785132,0,-0.169398748237108
619,1,1.43512874262739,11.3347953381929,1,2.71223542215883
620,1,-0.977376748638873,6.32983043176827,1,-2.08465237841489
621,1,0.283812105970106,9.70520301319811,1,0.181374619886019
622,1,0.31291940345886,7.15164688125281,0,0.288850387539434
623,1,1.52153985940757,12.6347075411653,1,2.08064593137629
624,1,-0.812133727248252,3.78919256308096,0,0.379259075934667
625,0,0.051060062193872,0.173617840256903,0,-0.303735547275492
626,1,-0.488129438847273,6.10489696390131,1,-0.356164508143654
627,0,-1.33949671949949,3.59105846831222,1,-0.285781086736147
628,1,-0.935759787148833,6.07902191558799,1,0.426392640513645
629,0,-0.874912261575764,0.564430328283934,0,-0.78193373140563
630,0,-0.832404217116367,0.898884350987687,0,0.427765585208068
631,0,-0.213056632540335,1.0286891981342,0,0.580349796488757
632,1,-0.148486001349966,4.75889921240552,0,1.00660085617903
633,0,-0.075830456184338,0.81272002333939,0,-0.511078563144077
634,0,-0.622058351431822,1.83321575639383,0,1.27540488571192
635,1,0.453513837844088,9.0665967763391,1,-0.324947907041012
636,1,1.1347752001438,9.56369181727362,1,0.95641979823565
637,0,-1.28924386007341,1.60115381228649,1,-0.969299533380295
638,0,0.137448527951058,5.67246213264827,1,-0.18996355569527
639,1,-0.164076238697848,6.75802559371082,1,-0.0780272430577998
640,1,-0.0187064791585083,6.99465948794564,1,-0.347720662677527
641,0,-0.214808995802467,5.31756093914077,1,1.06268360668733
642,0,1.04961835618881,4.41459468457241,0,0.432237513865638
643,1,-1.78140148959061,3.97039137594805,1,1.08317221645041
644,1,-0.231624274801336,9.14754111569358,1,0.452942471450546
645,0,0.585334071069629,5.67982353420223,1,0.326092588314823
646,0,-0.377512595578079,0.314450650919401,0,-1.11402936519266
647,0,-0.23053823886158,2.87740181409027,0,0.642832196294928
648,0,-0.922248071805758,1.42316354132815,0,0.0828940780104088
649,1,-0.604722476749972,7.71201150451147,1,-0.624416869203927
650,1,0.064299909750879,5.9807129782907,0,0.607714394462432
651,1,-0.658668650512465,7.63643061684763,1,-0.0843389386631175
652,0,-1.05431768446357,1.2651533351779,0,-1.42555739325741
653,0,-1.53297740769771,4.31644902498325,1,-0.625482808802895
654,0,0.406597647058725,2.18133620477377,0,0.0346481366906376
655,0,0.351893176000245,5.87918665094066,1,0.0455037673953744
656,0,-1.73077161998235,-0.210616304303747,0,-0.781298139197798
657,1,-0.188787487707429,8.93767936182782,1,0.424027760903153
658,0,-1.39980045820974,1.8196484974699,1,-1.54681171991254
659,1,0.176797450702696,9.74980539689953,1,1.35791164129395
660,1,0.45284804748212,8.93921618249431,1,0.150353047754933
661,0,-0.853308074312363,4.309512130794,1,-0.643374681399038
662,1,0.927235537733398,9.07279852073412,1,0.607600394104691
663,1,0.0281387795127144,5.90515149077336,0,0.856074422053775
664,1,0.355998281972547,5.34024760758144,0,0.821002691848629
665,0,1.2735139019278,3.32897883549342,0,0.397482095812338
666,0,-0.412535514799906,1.18443215832193,0,-1.07041287127009
667,1,-0.310894123332722,6.0060666106922,0,-0.243970926993004
668,0,0.675603609119909,1.73228281288911,0,-1.00184785535578
669,0,0.85146402085391,3.92043177218339,0,0.776331478886125
670,0,0.27203534818749,4.63986271134105,1,-0.402434537634368
671,1,0.0415970246209602,3.51460718005883,0,-0.26610570954659
672,0,-0.168975788829986,3.52378058022064,1,0.721999176400971
673,1,1.58833186364889,11.3251953053567,1,1.83212329792085
674,0,1.39681851713682,6.29210877880533,1,0.959219405221299
675,0,-1.04585395394354,3.62407008097648,1,-1.33416456433074
676,0,0.116828985723749,2.25623144762759,0,0.53606479330603
677,0,0.105627569292953,1.8902672713832,0,0.134990537761433
678,0,-0.0680292333109252,5.30929922034536,1,-0.260232380350366
679,1,-0.315498488862788,9.06747436458724,1,0.467716582653276
680,0,0.483263395608939,3.03662745468673,0,0.353149023709089
681,0,0.512212941323003,3.18472819089185,0,0.0537742491938289
682,1,-0.948130671347777,7.05962490034525,1,1.44017384587478
683,0,0.769933744518087,2.62463522734996,0,0.849356712428963
684,0,0.309143208179424,2.03344272678358,0,0.568892566721981
685,1,0.305915466286798,7.59452492643042,1,0.089186688411472
686,1,-0.251582897250923,8.5853544465354,1,0.649095319106564
687,1,0.118933932872746,4.22048453376247,0,0.604712293129594
688,0,-1.52972671702058,0.612123361109602,0,-0.858913875353421
689,0,0.5253109118915,5.71133719561232,1,0.176834369015455
690,0,0.864481723143058,3.34667426928596,0,0.0501551883785817
691,0,-0.0714244278783087,1.23158853051848,0,-0.468231094923718
692,1,0.167393804081031,5.46759888449118,0,0.818679063970183
693,0,0.394576906268911,6.82310283159097,1,0.969038198209146
694,0,-0.529635778161571,4.23159673798219,1,-0.453492416892383
695,0,-0.87611396306851,2.52910433701178,1,-0.0637834704516541
696,0,-1.18464588457791,-0.280822834993309,0,-0.585719018289073
697,1,-0.589205082381583,4.85699108540192,0,-0.110641250473503
698,1,0.180912463954528,10.1908353325221,1,0.237319839471649
699,0,0.14567438780584,6.31547046549659,1,0.987080831926198
700,0,0.755681478581807,7.97600141368245,1,0.374388672637929
701,0,0.0277737773282606,5.25164446272785,1,-0.765734627519208
702,0,0.144705488339872,2.42228728645158,0,-0.271856362033237
703,0,-0.237564377306518,0.576788059729504,0,0.0486284493712203
704,1,-0.742848058234538,6.99261283180075,1,-0.446819122240115
705,0,0.260905598625214,1.7399077927575,0,0.258333304016219
706,1,0.429427144905415,10.3642068075885,1,0.0270043273006296
707,0,1.56498749169822,10.4712426129071,1,1.92401542856603
708,0,1.49764928127945,4.82191714213174,0,1.37959791181254
709,1,-0.735300315178251,6.89586318439547,1,0.134697079375667
710,0,0.253423045269848,2.19865511805042,0,0.237658962471687
711,0,-0.816298159670332,4.67143635194267,1,0.993537569699069
712,1,1.22654969181861,5.77533936711849,0,-1.16717064829153
713,1,0.63448636466062,9.55410325716609,1,1.83849354036154
714,1,0.643104970594858,6.12426926015128,0,-0.170879842782407
715,1,-0.831522767058475,5.02944565606643,1,-0.416520771061056
716,1,0.236540121497751,8.48585649913729,1,0.82279950894114
717,1,-0.0522003471774552,7.84225949153066,1,0.836190777398356
718,0,0.916528630152632,3.28836486450015,0,0.0181106157721864
719,1,-0.369646117874659,8.80165888235686,1,0.701703279671482
720,0,0.264991720267756,2.22553641947279,0,-0.408102224446847
721,0,-0.43885937509959,0.0598048859588101,0,-1.62162706905453
722,0,-1.15910817194557,3.87095168800386,1,-0.266037235278017
723,0,-0.264056236444659,0.310958664065429,0,-1.10193268514263
724,0,-0.499405318597747,-0.0839026150044206,0,-1.60822830143561
725,0,0.824626035634075,8.15756982348038,1,0.52835700072843
726,1,-0.532473663936229,6.67537403921365,1,0.0126322727341904
727,0,-0.380586083049859,6.25443850709899,1,0.436238570563652
728,1,-1.17563295864031,2.95956941722149,0,-0.46341721551169
729,0,-2.76608509992879,1.41685868322338,1,-0.440721794018207
730,1,-0.251807006013961,9.37608434855082,1,-0.235941836691579
731,0,1.66618935634074,9.30812723118325,1,0.739618371500194
732,1,-0.0880591825401264,8.18430147358467,1,-0.180780139781324
733,0,-1.24708723117431,3.77154310504751,1,-0.26625655244838
734,1,0.419411324722489,10.0329116958093,1,0.574970480913496
735,0,2.03751818029119,8.09666889003425,1,0.450920274953103
736,0,-1.44145175911153,-0.0305567641650358,0,0.34593045832691
737,1,1.94525308869588,8.72724180141676,0,1.12971263475063
738,1,-1.40917018373548,6.0711945494139,1,0.421666287339988
739,1,-0.155258793930334,7.27614377122177,1,-0.688417298867651
740,0,-0.497006992322277,4.18670071060081,1,0.215235718113075
741,1,1.00382656060215,7.83650532420501,0,0.786326904774121
742,0,-0.5109301961095,3.26445010577945,1,-0.695181235742472
743,0,0.127355940327176,2.04163162995387,0,-1.07360615101216
744,1,0.239050867850135,10.7096682047228,1,-0.0360665782399849
745,0,0.162167074391946,2.77874973328523,0,0.562828408889516
746,0,0.364840089258136,6.76293120400211,1,0.30030896311047
747,1,-0.550850540760611,7.13075112459741,1,0.93700989192744
748,0,-0.594389565671837,0.0568430902352782,0,-0.363046769616358
749,0,-0.889360820702206,1.68775389085326,1,-0.0276630918395069
750,0,-1.16274989009123,0.95167558317075,1,-0.779254033005462
751,1,-0.460774119343181,7.04705319487024,1,-0.353462063420764
752,1,0.121650037441516,8.78818474625452,1,0.179371833616278
753,1,1.62089007856492,10.0878639756735,0,1.6375736905513
754,1,-0.0311224117580291,7.78028394142134,1,-0.93207260184405
755,0,-0.279156118830204,0.532869809392527,0,-0.397870079577599
756,0,-1.28695101726452,-0.230071479649646,0,-0.950551404013804
757,1,1.21359120155132,7.61586069860854,0,1.09295893366128
758,1,-0.247989688010855,4.24988017258117,0,0.809805544782239
759,0,-0.473628685483107,4.78677529358303,1,0.121843558072415
760,0,-1.18198948479498,-0.36889872986973,0,-0.169763818864198
761,1,-1.21089664711863,4.64327315070931,1,-1.2420206057575
762,1,1.41073414705462,9.88389388089739,1,-0.370381062299866
763,1,-0.691545067372904,3.29517665110424,0,-0.571164752671224
764,0,0.995946074579261,4.2224904979786,0,0.834872682910428
765,1,0.767395224029981,9.04255737013555,0,2.46999530957159
766,1,0.507057800443686,7.20314832999446,0,0.94142252920696
767,1,-0.121106582928508,8.63641456156279,1,0.235826830041435
768,0,0.932526966371414,7.21558554905312,1,0.609271136183165
769,0,-1.47971913494515,2.60151167105158,1,-0.0703536952299132
770,0,-1.37116443244933,-0.336703616119444,0,-0.18936898746512
771,1,0.439347516199436,9.69111605551106,1,1.57967435814078
772,0,0.453040961375937,2.94014028171847,0,1.10576313391141
773,0,-0.281335101115636,4.28779105000824,1,-0.00644316079722176
774,0,-1.29505166801752,3.04662151095124,1,-1.19254020661045
775,1,-0.966489630651524,3.2771881365125,0,0.47807117536094
776,0,-0.515450721226044,1.77033075769743,0,-0.957152021118152
777,0,1.16651883111341,6.88171275470964,1,0.320402279469871
778,1,1.04524726142961,7.30156804377306,0,-0.48090475004643
779,1,-0.790664927463106,3.58435418672929,0,-0.72583607486377
780,0,-0.196895831183498,1.89098194384531,0,0.477848696909477
781,0,0.661122033845145,3.19436089057036,0,-0.449253379089136
782,1,-3.12633725536277,4.13100008105458,1,-1.11416928562605
783,0,-1.350073071204,-1.89659255636573,0,-1.39161938671763
784,0,-1.57067814340508,-1.30546400849297,0,-1.14370542905237
785,0,1.87019982091401,4.57639184028895,0,0.923647479874229
786,0,-1.42627868377709,-0.332635496867775,0,-0.665287049971341
787,1,0.537149717326747,7.79780423254554,1,1.00877206162565
788,1,0.0486195858993556,8.47685906487505,1,-0.0115871393846383
789,0,-0.266021595034429,4.55362277232755,1,-0.189889858314646
790,0,-1.52116439158314,-0.126061538544321,0,-0.506550656725533
791,0,-0.62145355052132,2.93783349629206,1,-1.71316264897302
792,0,-0.413309127610222,0.420788493309409,0,0.308629798087663
793,0,-0.0670096589099768,2.01512775490652,0,-0.698874969072232
794,1,-0.187796557923129,3.52951294613598,0,-0.64371144665172
795,1,-0.182381760719256,4.5463301463842,0,-0.173138482372959
796,0,-0.282883812204051,4.29684334304203,0,1.38888180814803
797,0,-0.242707660589089,0.462763118666199,0,-1.43829153465908
798,0,-1.29694840077246,-0.782038191906537,0,-0.815999200639756
799,1,0.504440095100473,7.9690494927441,0,0.783129718306256
800,0,0.431198206392467,1.79859863626401,0,0.280779387883701
801,0,-1.45973606603282,1.19960417816939,1,-1.85129608933155
802,0,0.301499102627661,2.85530068643361,0,-0.0831406499475092
803,0,0.306459501195574,2.81028465385279,0,-0.903224696171894
804,1,0.3734141553098,8.29833855613254,1,-0.547556336169627
805,1,-0.240935361719603,7.60226210039379,1,1.08083984111239
806,1,0.909535923816785,10.6907614245923,1,0.285098816950417
807,1,0.718611185458861,8.7477232935322,1,0.503371826854737
808,0,-0.0538369266366969,-0.238706683486131,0,-1.01331211931732
809,1,2.15305438918141,13.3247625089956,1,0.095996478357623
810,0,0.958050322501568,6.64739233124273,1,0.200891710512892
811,0,-0.509290001946834,-0.223690503992459,0,-1.80096763505406
812,0,-0.567622510641306,4.8728608104296,1,0.646745532577558
813,0,1.50029980090041,5.20529964520979,0,1.337042924837
814,0,-0.771761387895712,4.35051502850541,1,-1.11028293768505
815,0,0.155532470316294,3.0092800634376,0,0.104405012287339
816,0,-0.0415210912715856,1.93429502161719,0,-0.645321182916932
817,0,-0.251836044196307,3.51680370412444,1,0.875954928339365
818,0,1.11917801363158,7.71210055782647,1,0.459518993314871
819,0,0.556302343694588,3.84831937563685,0,-0.487662552169222
820,1,-0.068090583701055,6.13673035400809,1,-0.623871169384378
821,1,1.03097997427639,5.32655681397128,0,0.43434900527091
822,0,0.264188246880342,1.62987891318216,0,0.118235599904391
823,0,0.26323313107329,4.89141551048127,1,0.057491147445817
824,0,-0.0637947475265203,5.4548275787922,1,0.0976814014295767
825,0,0.206351722741228,1.10704810317054,0,-0.198644482788409
826,0,0.424853330428284,3.74590680820907,0,1.99531504814574
827,0,-0.734330202871955,3.56062012233753,1,-0.430297642578854
828,0,0.353575934887986,3.92980214728389,1,-1.21170565584543
829,1,-0.618447726554261,2.94738834660616,0,-1.81035042864804
830,0,0.488580963341309,6.03930983513035,1,0.0992837622944397
831,0,0.730603495598745,2.43796142854008,0,-0.178505526662136
832,1,-0.794361834232792,6.25456685560872,1,0.00400097539419611
833,0,-0.568435782741688,0.350835340049779,0,-0.434167676436632
834,0,0.778598104205667,5.88287364323013,1,-0.845168098959868
835,1,-0.156846818368193,8.97021074083237,1,1.33939906240449
836,0,-1.81059190083355,3.26450624065062,1,0.56367047294636
837,0,-1.90281490112947,2.30598500790645,1,-1.61855856677039
838,0,2.33700230533656,7.91554794965569,1,1.15561958716821
839,1,-0.461896922631811,6.8322330276221,1,0.563642283266478
840,0,0.547213220776952,4.7695421412422,1,0.778878199214071
841,0,0.424586597486192,4.11032002823655,0,-0.287606560487429
842,0,-1.21873267938438,-0.800279784328283,0,-1.15234930026795
843,0,-0.450814902248466,4.85781912555011,1,0.203020656847384
844,1,-0.921365841561038,7.25652082560146,1,-1.44821388760709
845,0,-0.759222390936618,0.436847622169187,0,-0.115467078905023
846,0,0.170040375795359,2.90640145145119,0,1.04540236228448
847,0,0.411604922216656,3.04012752329178,0,0.142775444331515
848,0,-1.75167735386702,-1.26602536190009,0,-0.651378858209694
849,1,0.593160412499759,9.2153167666028,1,0.985212942322484
850,0,-0.0337576630636299,1.09181609908392,0,-0.477017707653539
851,0,-0.641647322844946,0.828500175584069,0,-0.106408940424703
852,0,0.276056095948532,4.94621702153476,1,-0.0218204604223429
853,1,-0.23519299683451,2.32849987443105,0,-1.09669738418755
854,1,-0.832866105281167,7.07420115273355,1,-0.469659126386951
855,1,0.395888733426926,8.56305704283908,1,0.829470227330304
856,0,-0.610732486409056,-0.0486495972483163,0,-1.41088730537497
857,0,-2.08365835757821,-2.86369970848762,0,-2.5048033164457
858,1,0.729776257692283,9.6129469317375,1,-0.100585009116639
859,1,-1.71726386519034,3.36090262905761,0,-1.18369389878961
860,1,0.287532378088921,4.45533143237568,0,0.103868561671258
861,0,-0.351659671270507,2.33738177441903,1,-1.27646236598841
862,1,0.740497257459944,6.53349467032247,0,-0.280287613968683
863,1,-1.03204398706021,4.37926936075748,0,0.0724145013447259
864,1,0.561915798556893,5.33415167209178,0,0.160366342512614
865,0,1.3012976406801,6.23048323653203,0,0.653582518442212
866,0,0.474705440217097,5.06849820031972,1,0.0845797881633369
867,0,-0.646897680078973,-0.252554159535417,0,-1.19485479558685
868,1,-0.104515928066243,9.49155715530653,1,0.474604231018505
869,1,0.705186120466464,6.9746159874971,0,0.83173783277577
870,1,2.26549293957927,12.4626229459163,1,0.582714856239069
871,0,0.286845560439544,1.79286758115835,0,-0.274397606775062
872,1,0.295080546166277,6.4507010047612,0,-0.485593718682768
873,1,1.41146460700959,8.07919601284379,0,0.83673785147186
874,0,-1.06011663250737,0.810745524587709,0,0.883603214085347
875,0,-1.68830392993212,1.47880134905772,1,-1.0010774932768
876,1,-0.26829494690566,4.02292723881568,0,0.154329097527159
877,0,-0.586185558135709,0.34047553682264,0,-0.00683420966723036
878,0,-0.325451596552554,3.8786805842507,1,-0.386472612717342
879,0,-2.34858209415369,-2.97427267919818,0,-0.72625215873156
880,0,-1.22146439597966,-0.646041775175066,0,-1.54360956106847
881,1,2.11049444246755,12.1476266008484,1,0.543871415071583
882,0,-0.315956776441677,0.0498518160508388,0,-1.50269643073642
883,0,-0.0565177067610501,5.86640168219615,1,1.38367665957091
884,1,1.42860859162545,10.5061902836506,1,1.59784873507156
885,1,1.15524482815696,7.71625858456079,0,-0.342494809208744
886,0,0.570964013609086,3.92183942325415,0,0.776093576030287
887,0,0.409604901088043,0.412803762541191,0,-0.0168059415262939
888,0,0.193476881867247,3.88936305985247,0,0.427337039825663
889,0,0.647272865887272,4.71372831521772,0,0.588403908027395
890,0,-1.3801425463556,-2.03378688443032,0,-1.53636455080817
891,0,1.00195460303612,5.88550788808371,1,1.53464299692904
892,0,-0.56927067901856,1.8488300644882,1,-0.462438286411499
893,1,1.48162269110778,7.58779073903963,0,1.02012832122887
894,0,0.667906060698113,6.69523563880127,1,-0.0917476020069804
895,0,0.82305491769527,6.3034899977229,0,1.35510684065004
896,0,0.446273163348723,5.42714898983258,1,1.39218270391477
897,1,1.53702211925097,6.97488584621849,0,0.789308679568904
898,1,-0.2533980580628,7.66848809016367,1,1.02001242939295
899,0,0.461022766542025,8.79289194793096,1,2.13031579457973
900,1,-0.999959993437846,3.77767575668717,0,0.160221231962869
901,0,0.0573901512068745,4.91410966529222,1,-0.092347614297356
902,0,-0.0877257023676464,4.08815491051224,1,-0.00888784203778633
903,0,-0.454781837948605,2.11756580564804,1,0.313302692486337
904,0,1.45654645919367,8.84163533818796,1,0.147762194580012
905,1,1.61883970043734,8.25968148250006,0,2.19994743059515
906,0,-0.928905353689972,1.44698439861937,0,0.573550549644838
907,0,-0.310674659396673,-0.501091431718433,0,0.171415410228589
908,1,1.00902853250075,6.6027626271149,0,0.0997126444658916
909,0,-0.127679301038085,0.844836124013555,0,-0.949243363449408
910,1,-0.199335678120185,7.98279768103684,1,0.300786090998347
911,1,0.625659305836271,8.86372604009249,1,0.143279478476457
912,1,1.08018712404559,5.25408955239198,0,-0.950335039879264
913,1,-0.46242085268093,4.82622247738266,0,0.781830192045554
914,0,1.65814526975629,8.13315540384273,1,1.21516302803097
915,0,0.700314074110231,3.95379401752313,0,-0.247825459570225
916,0,-0.467356743804601,5.13440127980436,1,0.383158577424093
917,1,-0.185913426734877,4.35748398155843,0,-1.2442755039111
918,1,0.91597445356878,5.37685579092646,0,0.604743771798106
919,1,1.01841854545567,6.50606794279894,0,-0.109396563425629
920,0,-1.80634179122405,-1.8898778120148,0,-1.16101870197673
921,1,-1.12909930442111,3.15181820706801,0,-1.09486250333239
922,0,-1.66111590804562,-0.808178103228702,0,-1.61063070384482
923,1,-0.184286475743005,6.054153507888,0,-0.628081366371062
924,1,-0.746136460949364,4.24725055341399,0,0.369944304238185
925,1,1.14435093187724,10.7481679296542,1,0.458261292381046
926,0,1.42898070687233,4.11872823550375,0,0.823035201165794
927,0,1.66338500820405,7.30206892119864,0,1.38137134521568
928,1,-1.81725380545853,3.26751015361912,1,-1.90690714106449
929,0,0.0729272689684406,3.54683873510062,0,1.39118397361855
930,0,-1.57120443120447,1.82217687161797,1,-1.80252866415671
931,1,0.557589097443067,5.6032918199362,0,0.405023737036401
932,0,1.28723986183483,5.44686135250395,0,0.978378257713293
933,0,0.249122281330722,5.31431226138651,1,-0.446862928804669
934,1,-0.164619536455239,3.47171592431403,0,-0.283314339938101
935,0,0.37593032332565,5.10632722886124,1,1.33191130216066
936,1,-0.795117587763548,8.14705190309287,1,1.10277269863873
937,1,-0.137800929733305,9.9334875609806,1,-0.116017179142531
938,1,1.88560944553046,7.109312562867,0,1.31181930308906
939,0,-0.934814477876768,2.61023997652451,1,-1.02503447275877
940,1,1.26122751202516,11.8692454066983,1,2.20467796922455
941,1,-1.41431078108456,5.28262127391178,1,-1.59417589556526
942,1,-0.156979154196829,4.52302515450869,0,0.00123620485808348
943,1,-0.3156018612983,6.07753376788038,1,0.235265304883702
944,0,0.679700673274977,3.68883246503769,1,0.251549386820347
945,0,-0.515133819659668,0.777096559111572,0,-0.923679521014295
946,1,1.24719131721444,5.1627687476752,0,0.0685311390445166
947,1,-0.314646516836174,4.35512009993346,0,-0.229242225221185
948,0,-1.57180403556226,-1.43218938669356,0,-1.06556358691557
949,0,-1.26594149641929,1.61811623974993,0,-0.606174838116972
950,0,2.14420594228033,8.40540039611517,1,1.14380728462813
951,0,0.151614886788511,5.46237420327915,1,1.91928704343331
952,1,0.737627453434734,7.99134824683728,1,0.88503173308317
953,1,2.16849377749542,8.97385161796484,0,1.99987142681973
954,0,-0.315626927224075,-0.122523335672731,0,0.291179536312871
955,0,0.242388611930577,5.55996217060347,1,-1.61420000548925
956,0,0.858476283727962,3.91931247730874,0,0.860671647733103
957,0,-1.68829738684271,-1.61862988035114,0,-1.42048795015666
958,0,-0.908179960328401,4.54392011239787,1,0.235319038050024
959,1,1.52012038441352,6.56736974274667,0,0.520289033458898
960,1,-0.311665019266125,4.75437244944363,0,0.172339305521311
961,1,1.13073595116948,7.68050330993775,0,0.910563477865281
962,0,-1.29906450122593,0.103892155494592,0,-0.485010813234237
963,1,0.636805499368148,7.32759586190793,1,0.284686029942584
964,1,0.240755749368654,10.1362576968644,1,1.19709346755602
965,1,2.15752474248753,7.62042209721605,0,1.10026513535839
966,0,1.91951325355953,8.20726130765333,1,1.35625446328565
967,1,0.894498077628106,5.73737728084758,0,0.00421848500132571
968,0,0.818826353705481,6.99123750645238,1,1.15486194273012
969,1,-0.0408471905190615,7.68973690975113,1,0.841011537782772
970,0,0.683770623222954,2.50910093240715,0,-0.477561136350568
971,0,-1.32029922281639,1.45899184222555,0,-1.05655293705233
972,0,-1.8213365235324,1.44151657046858,1,-0.88117513518882
973,1,1.53499112750139,10.4402895958278,1,1.94869539283766
974,0,-0.569532390524762,3.45363663515138,1,-0.137253658551256
975,1,-1.03928839310685,6.19244779456036,1,1.05819396712029
976,0,1.03367865674845,2.450124223048,0,-0.183513127494874
977,1,0.408282309790019,9.24976018443834,1,0.34614536764745
978,0,1.40024589133753,4.22522032690082,0,0.545071065751142
979,1,-0.541398989448632,4.50455686528764,1,1.30481493100005
980,1,0.717427725215501,7.83986990896874,1,1.54805705224895
981,0,0.0911611433361456,1.91910384422758,0,-0.480899198734202
982,0,-0.0140877034395557,-0.337242069764722,0,-0.196812105570496
983,1,-1.01555115057266,5.34754216735688,1,-0.760443321447338
984,1,-0.65473791115727,7.5598016437066,1,1.08783557918377
985,1,-1.48727385043753,6.81990127139577,1,0.291786966496288
986,1,3.17848928192999,14.8260169828689,1,1.14298590852721
987,0,-1.55377707378046,2.82228280536329,1,0.206763165505088
988,0,-1.15492645299432,-0.118511355837525,0,-1.61599947889704
989,0,0.065042317502296,2.99391682812478,0,-0.320016041726413
990,0,-0.749742117830888,3.99323693038551,1,0.568135892701692
991,1,1.02293685936462,11.1084637418936,1,0.590050154386999
992,1,0.372746709336929,5.56278469650648,0,-1.20756977417216
993,1,0.742245141643024,9.3510613375449,1,0.55869533976963
994,1,-0.076994708519396,5.77170895806754,0,1.25414019010713
995,0,0.245339355111299,6.5555716192055,1,1.17828549527691
996,1,-0.253886873065219,4.25611538667865,0,-0.430134619049167
997,0,1.31737938491007,4.80765429929791,0,0.394817264166978
998,1,-1.10403946571589,5.1731110406554,1,0.870505402539616
999,0,0.0294510933990909,4.37674583232566,1,0.448926579715823
1000,1,-0.834312855278951,3.93406566183629,0,0.828406367613588
1001,1,0.503195813326394,4.29065922943182,0,-0.378024669927411
1002,0,-2.09747067198796,2.29893481420622,1,-0.287908090775029
1003,0,-0.0944845798294065,4.46605480000489,1,0.353706985356172
1004,1,1.01454241130906,9.04996260202386,1,1.0723731694324
1005,0,-0.0794004506489604,1.61833364357231,0,0.188825429174747
1006,1,-0.255128937044001,4.2810414183219,0,-0.182256435225069
1007,1,0.780950544195785,6.38549933098265,0,1.00388238232881
1008,1,1.20741265849372,9.78403276564243,1,0.93927914768381
1009,0,-0.907852659628467,1.76687437836419,0,-1.33629254287734
1010,1,-1.40320784568114,6.85046793426159,1,-0.193771573751334
1011,1,-0.0713814095005859,6.45298752028424,0,0.344059600883026
1012,0,1.04739210062907,7.39687520521243,1,1.8043611455109
1013,1,-0.266767820115031,2.43446709787895,0,-1.54632009088972
1014,0,0.95795200493075,6.83477883460675,1,-0.303080396760291
1015,1,-0.982806096754553,7.32475840208526,1,0.875936526754285
1016,0,-0.81053528160856,3.29130981660084,1,0.126198790566881
1017,0,-2.2816639541806,3.59163936100975,1,-1.17400597008799
1018,1,1.57935272083815,9.11653094969629,0,1.27424573981442
1019,0,-0.972165435214201,5.62280662542735,1,-0.426617033673777
1020,0,-1.02897471604725,-0.600053654354807,0,-1.33815829223308
1021,1,-0.604412458241648,6.2746595779646,1,-0.868290991836234
1022,0,0.72877074688592,4.81314616014465,0,-1.36794600959615
1023,1,-0.450630731674166,4.26801028830268,0,0.107651008123398
1024,0,-0.269391216877118,1.11833248195359,0,-0.07939035119931
1025,0,0.673621632397077,8.67772862882899,1,-0.528279002573037
1026,0,-0.616631691003852,3.23118980921917,1,-0.201055917020869
1027,0,0.713247141905714,5.44601059228608,1,1.09001403093717
1028,0,-0.281956162459798,-0.561921821134017,0,-0.504310232766231
1029,1,0.822164134915625,11.0716321837176,1,0.596499041471905
1030,1,-1.13055244401329,9.0193177900723,1,1.40267969846933
1031,0,-0.730051547390874,4.99176030646838,1,-0.930959991002085
1032,1,1.09575807017862,7.60245752819344,0,1.39329331511613
1033,1,1.88730665710539,7.42640607222809,0,0.665655279018984
1034,0,-0.87418056451546,2.9700756972416,1,-1.01849440603337
1035,1,1.45835744288251,8.88002920482749,0,1.32357555271086
1036,1,2.25969584724276,12.2114868293575,1,0.714829254968598
1037,0,-1.49529438042122,-1.08463256541357,0,-0.510410556297466
1038,1,-0.862014019110745,4.01118363716246,0,0.16698455296007
1039,0,-0.243878362607998,1.34062289309813,0,0.491309366766921
1040,1,1.4449739755708,9.16588605914594,1,-0.125505835616416
1041,0,0.00814683161857419,1.31314878905076,0,-0.49522666841771
1042,1,-0.47314204981421,6.82159267121141,1,-0.540543520329484
1043,1,1.08093861036147,9.4857013971754,1,1.39964682587096
1044,1,-1.33952080463538,1.07205132167106,0,0.717284133513529
1045,1,-0.0513417768167838,4.9123415466076,0,0.737294125272403
1046,0,0.317765555165783,5.72495837651415,1,-0.699586818977809
1047,0,1.33818632699403,6.90460331671407,1,0.939009903493617
1048,0,-0.0897971698623024,2.73260236433676,1,0.761075205332731
1049,1,-0.336000075058355,4.54252948175923,0,0.660673697944044
1050,1,-0.0280811418641816,4.97729043897783,0,0.534883687645012
1051,0,0.529080313654834,1.98905881545331,0,0.782951251706483
1052,1,1.22430795340343,9.18132723488112,1,1.29476544080498
1053,0,0.755842400647379,2.84179963992642,0,0.407356162345574
1054,0,-0.465786902004346,2.43072827736717,0,-0.149037047241917
1055,1,-1.76632105547138,4.49641946133467,0,-0.146003810205357
1056,0,0.0252991009560438,0.933472286302357,0,0.437563873350838
1057,1,0.222579604574569,6.97057827929936,1,-0.498653510716017
1058,0,-1.41861801524378,2.28428632683989,1,-1.10239685060085
1059,1,-0.245081626746495,4.16699091992813,0,0.0320425812280911
1060,0,-0.467971398370404,4.64455252715515,1,-1.03134906865986
1061,1,1.1533099339711,11.3466580995608,1,1.39663871688343
1062,1,0.569290525497297,4.14124250280196,0,-0.442680828890153
1063,1,0.813123553896886,6.0000327035125,0,0.535578800592391
1064,0,1.4424138739242,7.32593143105145,1,-0.134591122191193
1065,1,1.00217152451073,9.60202266932233,1,0.294080421736146
1066,0,-1.98826014058337,1.87449688259292,1,0.0664307221427936
1067,1,0.363550219427455,10.3762987777607,1,0.512798036233287
1068,1,-0.706626186972582,6.36861729027984,1,1.03214586003641
1069,1,0.327060265992002,8.42676888902521,1,0.14098297883319
1070,1,1.83021268948591,8.40370754986681,0,1.83960971520229
1071,0,-0.546140569042446,0.264979411663348,0,-1.2793904784415
1072,0,0.195454679799926,3.78725453859377,1,0.230757846600829
1073,1,0.72502320050313,6.99411038853269,0,0.633377546636517
1074,0,0.230988517222347,2.88917465420846,0,-0.364584453487905
1075,1,-0.38154120976723,2.46173706850175,0,-1.45640547074373
1076,1,0.248263240623375,8.12958624869204,1,2.13640253241415
1077,0,-0.685207233098008,2.5980554882227,0,0.0552289885170426
1078,1,-1.07579452527709,6.43809161544766,1,-0.344666622049571
1079,1,-1.3360584201516,3.09013256746591,0,-1.99068253516376
1080,0,0.920189089342788,8.22489477924184,1,1.58195944144658
1081,1,0.110653702897258,7.2777758042821,0,0.645866274560184
1082,1,-0.672617312885972,5.92748153805362,1,0.346434711007863
1083,1,0.218616264111817,6.04425901693362,0,-0.333584797994551
1084,0,0.125513453115575,1.37046472260483,0,0.0154775785826052
1085,0,1.62975641101744,7.57720443926695,1,0.334030341621788
1086,0,0.5958725589448,0.815123422799942,0,0.175314905749173
1087,0,2.36202282194684,7.84557335667828,1,1.49590734511158
1088,1,0.574408405352501,5.74322046852093,0,0.197337516819964
1089,0,1.6877165105041,7.00433374935029,1,-0.528593001417425
1090,0,-0.430368268730682,0.531434068406185,0,-0.356935777731269
1091,0,-1.25429225997553,3.71603616844945,1,-0.0196730716789473
1092,0,-1.7285124519146,0.995442641260073,1,-1.35713912331114
1093,1,1.4215456684492,11.5108519303439,1,0.366084980098985
1094,0,1.72380537594262,7.21084733630361,1,0.0120411027059671
1095,1,0.233168323016641,5.32740111025453,0,0.297099828564637
1096,0,-0.727001018143893,2.86925220856791,0,-1.03792266061388
1097,1,0.402264952436963,5.56378860028251,0,-0.31823548469499
1098,1,0.585961782997166,10.2001065631795,1,1.77571631693071
1099,1,-0.544374179905052,6.64572147662979,1,0.357812987932903
1100,1,-1.09094966715928,3.07310081221563,0,0.150880955235269
1101,0,-0.753637303111916,3.33992811066372,1,-0.798266923830858
1102,0,0.570097919124717,6.09997762616444,1,0.946106884454728
1103,1,-0.789219278256285,7.70010802362111,1,-0.404401733076648
1104,1,-0.803075824414239,3.62717721729233,0,-0.281854966602402
1105,1,-1.06399277199198,6.82825106977222,1,-1.02308027949461
1106,1,-0.637139602858397,5.95319386270074,0,0.534724580694324
1107,0,1.10721245296224,6.65003174031812,1,0.666798472348883
1108,1,-0.209230149761168,9.15708737301827,1,1.06347753612209
1109,0,-0.363533915129391,5.33121771676124,1,0.875651053433205
1110,1,-0.181649307521847,2.5476974150594,0,0.216151864917868
1111,0,0.480430382658912,4.59905367753995,0,0.77679558391754
1112,0,-1.00317051087535,2.6711467942623,0,0.385856292716667
1113,1,0.534279327053123,8.25771754090793,0,1.15256772305421
1114,0,0.182908914223469,1.21081998541404,0,-0.232922197008823
1115,0,-0.0813525307257733,3.85922305626656,1,0.584036435848767
1116,0,0.1384163564404,2.29413725819815,0,-0.0288606396261975
1117,0,0.588899054635062,4.60646135265995,1,-1.23508278229216
1118,0,-1.0739409797129,2.78025927093893,1,-0.860493321397011
1119,1,0.457626789177041,6.64275227077247,0,0.776282591437029
1120,1,0.0543110102029748,4.32373952996352,0,-0.638438696642007
1121,1,0.158470192979915,4.79137070421905,0,-0.0553476718942111
1122,0,-0.813342932895247,0.885362909325171,0,-0.956303157814398
1123,1,0.0356984708147624,3.96171651004952,0,0.183093212674127
1124,1,0.96158272381332,11.4836016860774,1,0.271801493098356
1125,1,-1.45760980001734,2.13232434841886,0,-0.2689654938798
1126,1,-0.778625248191587,3.64786516605815,0,-0.14548834206257
1127,0,-1.30662832689946,2.33283857810443,1,-0.48776796495474
1128,1,-1.13747439742242,3.15578165855143,0,-0.917715022152386
1129,1,-0.657669474390037,6.83435305558791,1,-0.611481871668094
1130,1,-0.123637489032013,7.24895499358203,1,0.823020075317065
1131,1,-0.58947067196639,7.06202122729935,1,1.40889758289745
1132,0,0.315866466318541,6.33522276876361,1,0.00744157537126894
1133,1,-0.481851294139575,4.96544933712928,0,-0.0137717552254389
1134,1,0.20359630749665,6.84727131727334,0,0.05652050237295
1135,0,-0.683082748337142,-0.520981466187015,0,-0.580123218381538
1136,0,-1.37527857223938,3.34392805622129,1,-0.712274382811635
1137,1,1.9553358883371,9.46622854281747,0,1.57445960683589
1138,0,0.970875471679785,4.39828649759291,0,0.206434115653346
1139,1,-0.628727383336176,8.19118869814101,1,0.638250177443823
1140,1,-1.90684467390533,1.79429858502034,0,-0.736491411784305
1141,0,0.430279699269625,2.12519358021992,0,-0.29685087181058
1142,1,1.04751073690678,10.3331515389434,1,0.577871499605148
1143,1,0.907577674699647,6.96794387979737,0,0.327869603112087
1144,0,-0.0257771043389371,6.7010967978889,1,1.20312999717401
1145,1,-0.104157971599655,9.10723540472851,1,1.93270242414581
1146,0,-0.724529123567642,4.60259004315789,1,-0.0660737156510968
1147,0,-1.62290237786785,-0.177274702654784,0,-1.11027938538748
1148,1,-0.362541323631485,4.1717755103853,0,-0.452041216709265
1149,0,0.363161342534548,6.18733959015744,1,-1.03429712455849
1150,0,-0.312669862379037,5.44414230437386,1,-0.0141524639706144
1151,0,-0.718459587738167,3.08957013451247,1,-0.125947068201548
1152,0,0.0184763208293739,2.66702736971507,0,1.19251121000447
1153,0,1.5608785746115,8.96735251936009,1,2.33834045791799
1154,0,0.358970732772651,6.19474891219631,1,1.45186218030541
1155,0,0.3909250786151,1.85460256480297,0,-0.845885777937762
1156,1,-0.736088085427668,6.14254807998745,0,0.245098693148792
1157,0,-0.643125188297812,3.55767183308662,1,-0.350744184058521
1158,0,-0.977764857434923,0.994887999538729,0,-0.645340112066524
1159,0,-1.92479318720243,-1.88339191459004,0,-1.40658070580196
1160,1,-1.42497492749134,6.26346792380601,1,-0.897246539637254
1161,0,0.760596911018952,5.11983175267938,0,0.413927423910406
1162,1,-0.262639248090302,7.63325412539896,1,0.200020383466189
1163,0,-0.024962172011046,6.94499925446547,1,-0.39766635999868
1164,1,1.46739797311283,13.0665749424445,1,2.5843138857168
1165,1,0.955475840411498,6.4407327112451,0,0.785372345852094
1166,1,-1.66444702422506,5.9089049491137,1,-0.0530244505943634
1167,0,1.39007003168009,7.87252761879476,1,-0.3680557404449
1168,0,-0.453595015625295,2.27744425449272,1,-0.587274668931294
1169,0,-1.02657155973886,3.29118170549329,1,-0.285975498237501
1170,1,3.05834395978086,9.5923004972937,0,2.80853098189029
1171,0,-2.18025886406638,-3.40017179659422,0,-0.94154677500563
1172,1,0.154773029604536,9.09608709388231,1,0.458212967093179
1173,1,0.676776971264683,5.92390083276078,0,0.16902918964259
1174,1,-1.0270637908282,6.30579365062465,1,0.0894709618425764
1175,0,0.28271686041698,5.46712391855184,1,0.600443129288882
1176,0,-1.6931570482701,-0.77734273400147,0,-0.71844896511017
1177,0,0.371972778731193,6.03389410843391,1,1.01923367336043
1178,0,1.33643652337677,8.79132215244392,1,0.850617238730152
1179,1,-0.297441516166575,7.63651376246496,1,0.573993065023392
1180,0,-0.244721369311094,5.33112041325803,1,0.168278626598579
1181,1,-0.413637678802945,2.86150578841985,0,-0.00292921992124809
1182,0,0.607376466439766,2.17473238249711,0,0.592469419073135
1183,1,0.696859046720892,9.05547171496318,1,1.17850877120239
1184,1,-0.411334331051676,7.71926994901557,1,0.31023670608787
1185,1,-2.1474977270024,2.31626471616031,0,-0.635091386232852
1186,0,1.40632627376014,5.1184809763564,0,0.517261422353111
1187,1,1.06877313516691,10.1224299044369,1,0.451134508897353
1188,1,0.148383591663828,4.66201041677055,0,0.975704474682384
1189,0,-0.564039533662913,0.286891860470592,0,-1.71376711474334
1190,0,-2.34613928398795,-3.63969088814595,0,-2.22162421535023
1191,0,-1.36419896888708,0.633744309253471,0,-0.651516963678859
1192,1,0.956998068886062,9.84413826950573,1,1.4502610171234
1193,1,-1.76773984318153,5.42364955053935,1,0.0799669152390949
1194,0,0.224320507387706,2.38444382818162,0,1.13702015269529
1195,1,0.780771497213218,9.61150465476815,1,0.582422726817163
1196,1,0.617022287295306,6.66196356548933,0,1.52626908020203
1197,0,1.84852941100212,5.2083186027941,0,0.233076020470601
1198,0,-0.583950532115303,0.235328891238311,0,0.0949584355101424
1199,1,-0.1623272532161,7.53002795773314,1,0.0769974645395408
1200,1,0.522778175036325,4.78224085189751,0,0.627902410959525
1201,0,1.17314878878531,3.77532418408892,0,0.386892492682367
1202,0,-0.512928554618491,4.12744632458147,1,-0.313711038918347
1203,1,-0.000137571321359344,4.45189813980787,0,0.425610434283622
1204,1,-0.639127325142142,5.83018695333893,1,0.0607821030593673
1205,1,0.178497150503847,7.95805378638587,1,0.866342424706105
1206,1,0.497458218916702,7.16199575203308,0,0.103247764339585
1207,0,-0.163392869712998,1.42559802644795,0,-0.0936259441575914
1208,0,0.414794373609588,5.72308397444364,1,0.188775632265178
1209,1,-0.577372784950053,4.20119739739491,0,0.492861123465416
1210,0,-2.04667444820741,-1.77610421773846,0,-0.231299638469433
1211,0,-1.54858713111953,1.18456672363571,1,-0.683544159671169
1212,1,1.79963146692588,8.15251296607657,0,1.55941948073866
1213,0,1.30944017885248,7.07689546943961,1,0.267654373509915
1214,0,-1.70286263613771,1.05742534164385,1,-2.0279884255521
1215,0,0.836186704283928,5.8467961569431,1,0.109279966580552
1216,1,0.679595147471236,8.04886165912931,1,-0.0541882650029856
1217,0,-0.347847196840641,4.1923164933781,1,1.09735190797561
1218,1,-0.809367218244861,4.88642608451031,0,-0.159141285749824
1219,0,-1.07832392450432,-1.2265253476456,0,-0.667486908344046
1220,1,0.534267786094732,5.57969845970437,0,0.890706131370527
1221,1,-2.30410054309062,3.67736000435768,1,0.401159704732797
1222,0,0.783977578232646,5.78442223578653,1,-0.364417983485455
1223,1,-0.804474676001696,7.21205719277466,1,0.816090174964086
1224,1,1.03579906282525,9.15974334486014,0,0.365894741638896
1225,1,1.5908332063773,9.71133143192512,0,1.61609351945593
1226,0,-0.728440627919304,0.260965217442554,0,-1.74336484356128
1227,1,0.734304951061589,7.58175839716664,1,0.13268746803476
1228,1,0.154366945490961,9.65517192730318,1,-0.0807191318371297
1229,0,-1.32458052616229,1.92834132534841,1,-1.06369964083331
1230,1,-0.386334984391695,3.81854410034491,0,-0.34368174735782
1231,1,-1.0556558102555,5.47594944770049,1,1.68138517646095
1232,0,-0.0428628305640364,-1.31464487731807,0,-1.04087700354058
1233,0,1.26843173713222,7.73366273634104,1,0.148572323634752
1234,0,-0.0535401462262305,0.950778140825602,0,0.697644034214622
1235,1,-0.061700692306365,7.76407341357546,1,1.25903306442181
1236,1,0.367152596162325,8.52975263630453,1,0.135444827715118
1237,0,1.09537210892865,3.23279399448665,0,-0.133687896734847
1238,0,-1.42977655331528,-1.32019397837524,0,-0.974750321558012
1239,1,-0.504991557893732,7.62709746836071,1,0.93386622569329
1240,1,-2.23119443565364,1.64863024213826,0,-0.576619316903482
1241,1,0.786126206572782,8.78571913320734,1,0.57070689980928
1242,0,-1.06765187880377,0.0764481626726061,0,0.150596757572655
1243,1,-0.637938687744245,7.91262496892619,1,0.799233957072043
1244,1,1.58507214905885,7.12370882417272,0,1.19751216909512
1245,1,-1.4438926128979,3.71793202647961,0,-1.00452910448675
1246,1,-0.822341743096868,2.42659070426188,0,-0.518594528637529
1247,1,-0.355228821091102,8.9726744731197,1,1.22506322665968
1248,1,-0.540403361973478,7.72952786163708,1,0.624168745377954
1249,0,-0.266305431024857,3.50558259045175,1,-1.15095173454989
1250,1,0.172190100256439,9.66976140550046,1,1.85415131017969
1251,0,0.699783557218427,6.67222498516926,1,1.44194791669299
1252,0,0.72189931021328,5.55323601285027,1,-0.134585414759971
1253,0,-2.58515946969759,-5.10684942774559,0,-2.68297304986722
1254,0,-0.0865285229430773,5.67978147545878,1,0.584747698835619
1255,1,-0.359312856619618,8.19302116048314,1,0.613943647638012
1256,1,-1.02355342649085,5.30937160915609,1,1.0547296454143
1257,1,-0.426247827706524,5.76423373455546,0,0.631570136524792
1258,1,0.75280313308748,11.5864001047867,1,2.18334051229481
1259,1,0.87631459889301,9.17212943398834,1,0.0800550310025941
1260,0,0.0771536426742581,5.01184499400313,1,1.2750531519773
1261,1,-1.05721457816035,6.23103806441257,1,-0.912836773927096
1262,1,-0.259175536161623,7.60796496001998,1,0.10231857464829
1263,1,0.0973780706468923,6.01086756331522,1,-1.48176591242069
1264,0,-0.152880001631529,3.94288863849161,1,0.93437318615295
1265,1,-0.546619237430835,8.00514661105104,1,-1.0495938568331
1266,1,0.565749949052529,8.54128721003833,1,1.20053256443727
1267,1,2.27135738317937,12.0588139726272,1,1.4389298519877
1268,1,-0.807882850557068,8.31045100781578,1,0.639303955715172
1269,1,2.75113513899181,14.0719161256591,1,1.16634380833455
1270,0,-0.428215732553452,2.31640735371132,0,0.0225544988034031
1271,1,-0.488253353809171,5.56754900115617,0,-0.688394691305138
1272,0,-0.606956411279562,4.35176062305888,1,0.723017365608729
1273,0,0.726965454561883,4.99685218566341,1,0.386193596126734
1274,0,-2.31051834530429,-1.96296477332521,0,-1.01857232846374
1275,0,0.00887154867682331,0.975309965113942,0,0.51700221902282
1276,0,-0.781116258305533,1.52385587631283,0,0.758481235576767
1277,1,1.76929570864634,11.2225873044324,1,2.06760416334772
1278,1,0.244726669145148,5.5791052945726,0,1.11083628773182
1279,0,-0.862378513962217,0.715365754410975,0,-0.328001894885663
1280,1,-0.379650067964077,4.61339064134086,0,-0.112061425720773
1281,1,0.0609364781830097,4.87301407724527,0,-0.0892304255829618
1282,0,-0.788301515901791,-0.0973669299903839,0,-1.075448730319
1283,0,-0.52660895537555,0.366100373396502,0,0.138468497132326
1284,1,0.667483831945841,8.68647745388682,0,1.08731720402289
1285,1,1.12038058727414,9.18393761285707,1,-0.263389381297333
1286,1,1.2243488231696,8.31465862046591,0,1.69681168831531
1287,1,1.57004432958644,7.5633275308329,0,1.18626481816228
1288,0,0.26034498396314,5.91368345050276,1,0.06244088223251
1289,1,1.55197248033522,9.90833116849438,1,0.839186877213471
1290,1,-2.49887881266718,2.80453365201821,0,-0.829395765067826
1291,0,3.12877176920555,12.2192195528019,1,1.54672661562208
1292,1,-0.115169301203628,7.3776193344961,1,0.0233170293523497
1293,1,1.91544922687215,10.758734388591,1,0.945888849271178
1294,0,0.946108537668961,3.36459669091649,0,-0.519648959721923
1295,0,0.6918382182806,4.73141955067049,1,0.802277229376215
1296,1,1.10547714940451,7.36400336479634,0,0.601134255990677
1297,0,1.19818202300961,3.12644630368557,0,0.354659697681986
1298,0,0.649487029050166,5.40472490269108,1,0.695829083017542
1299,1,0.920199661277721,7.50744290337436,0,0.48411357094875
1300,1,-2.02048004530365,0.285860869981391,0,-0.859954927929245
1301,1,1.07120435439418,8.28413655380816,1,0.665857580843132
1302,1,-1.75373926344523,3.06083271361034,0,0.521803287658129
1303,0,0.275681559856663,2.99203159431527,0,1.25653932463366
1304,1,1.31642205984195,10.3071472942722,1,0.718079012539226
1305,0,1.17014775965846,7.07238014271448,1,-0.781436375676736
1306,0,-0.541754707176925,-0.140550985945388,0,-1.11863520594425
1307,0,0.683410743294678,4.6674806828403,1,-0.523281757244313
1308,1,0.0790148133366155,8.40028257409077,1,0.363334186163511
1309,0,0.191551304124236,2.02230019088499,0,0.397059918486084
1310,1,0.159890021622137,10.3990309233867,1,0.430849496012328
1311,1,-0.206755167095005,7.28178409918237,1,-0.37607934156537
1312,0,1.2780306711156,6.04271571535638,1,0.309161262973079
1313,1,0.217215681623593,4.49282633229514,0,-0.626801540107309
1314,1,0.861911766723987,6.98628596646017,0,1.41545791563459
1315,1,0.101767686016352,5.51121568081605,0,0.0831190732745185
1316,1,-0.776899896139624,4.68095768965881,0,0.21246717337304
1317,1,0.859253378654104,6.7476366653988,0,-0.0475419297558101
1318,0,-1.92208499075112,-0.62662527817303,0,-1.07608556495415
1319,0,0.318467642555755,1.90265985116109,0,-0.77947484757035
1320,1,0.482255977421717,9.42101976672458,1,-0.0587882726010104
1321,1,1.8106138439587,11.0438317738645,1,1.72401635687174
1322,0,0.805200856497575,2.92948006226746,0,0.508004501428942
1323,0,-0.0269046363526938,3.19662860998611,0,-0.0553278870667595
1324,0,-1.07788044891084,0.0885692153182567,0,-0.658975800592187
1325,1,-0.381266935306929,4.38263015095848,0,0.45107623437583
1326,0,-0.786234387077252,5.7757569968191,1,1.57830883497311
1327,1,2.30961622202911,10.7163545181556,1,0.630518171550737
1328,1,-2.47989317852734,3.54342850144602,1,-0.893716796298257
1329,0,0.337169341012557,2.71706902215662,0,-1.27311098510681
1330,1,2.04770120361367,12.069182447218,1,0.827612509632699
1331,1,0.657864407339683,10.9408788843515,1,2.20384994055045
1332,0,-0.259047807367126,1.16941401024762,0,-0.0739493955136183
1333,0,-0.613414560767393,0.134408543825277,0,-1.21662807038056
1334,0,-1.31534373932769,0.0167221974416209,0,-0.788060262394057
1335,0,0.679335199114485,4.97179037351295,1,0.303962073640547
1336,1,-0.346215569638448,4.92856578686257,0,-0.263936955353737
1337,1,-0.258056037561732,4.46091292735604,0,-1.20582503813319
1338,1,2.77824543152634,13.6396266060096,1,2.53954017540181
1339,0,-0.548645770471773,0.727983041287913,0,-0.710281111918989
1340,0,-0.245947804395918,6.17091270706343,1,1.40073721847511
1341,0,-2.66144964106275,-3.6455785619762,0,-0.919014265109836
1342,0,-0.0734163424614197,0.0210329550591315,0,-0.528188072757346
1343,0,0.593249943513178,2.61652533592266,0,-1.34315516490121
1344,1,-0.957356100216804,7.12691840674968,1,0.460712917706386
1345,1,1.40229910580271,11.1110242081764,1,1.25777158694171
1346,1,1.08168141279582,6.3749839482894,0,1.54693956720238
1347,1,-1.5844033126702,1.24236385412892,0,-0.529672738264571
1348,0,-1.15485472079407,4.40067458217533,1,0.0326168631837921
1349,1,0.981903751781213,9.55731733371866,1,1.25213298320022
1350,1,-0.0653468693578523,3.5693151330976,0,0.110577531116784
1351,1,0.860469467210203,10.5203843070776,1,2.08520761891762
1352,1,-0.454307308612034,4.35447084072655,0,-0.465434965461602
1353,1,-1.50587155091811,4.61641036013693,0,0.451369795695031
1354,1,0.323352872514993,4.77596150001882,0,0.449364147557776
1355,1,-1.54882899439551,5.28294500881017,1,-0.121124855043609
1356,0,0.425808518855348,5.42331308260443,1,0.36742740874309
1357,0,1.52254102456902,5.96564082236349,0,1.10032448689886
1358,1,0.303927309954779,6.83806150067675,0,-0.422515693477622
1359,0,0.369689145006531,5.18560568073151,1,0.941789900136558
1360,0,0.55724724063904,4.79553618036036,1,0.0477828522766837
1361,0,-0.926496804969672,-0.000741161140029211,0,-1.27814134594644
1362,0,1.04103947029836,5.81632074201296,1,0.711926551033739
1363,1,2.11506553693887,12.4953235648409,1,1.66863528266536
1364,0,-1.31153955633845,3.94784213066508,1,-1.34886889435525
1365,1,0.301759570447193,4.97017923142526,0,-0.0778055337942553
1366,1,0.924448633907612,10.2282646155195,1,0.583866216466661
1367,1,1.5772372169976,12.5334937872765,1,3.11078613980143
1368,1,0.0148385672198086,7.51974986141305,1,0.254130238714434
1369,1,1.22303344847271,5.71956198287898,0,-0.434703063303828
1370,0,-2.11757431888434,-1.53450701304618,0,-1.58231590462461
1371,1,1.20696521659694,7.24983581426988,0,1.45491803949428
1372,1,0.662352403989179,4.73989366782921,0,0.954344115616631
1373,1,-0.0442629850522854,4.47702107927585,0,-0.117572172016821
1374,0,-0.25894483932365,3.50406784183528,0,-0.256133182837776
1375,1,0.686589846495019,9.00457261214737,1,1.31440268832161
1376,1,1.23244828541912,10.074634135708,1,-0.0693757019484944
1377,0,-1.03456979570349,4.31704111762087,1,-0.383999657148499
1378,0,-0.332540610921363,4.13398690182056,1,0.0151815451041463
1379,0,-0.153419603547388,1.77313380924825,0,0.0542063381861904
1380,0,0.324339543107369,0.743582895121028,0,-1.12692513207032
1381,1,0.873467926189518,9.21782873955527,1,0.500212704871088
1382,1,-1.07891656034469,6.35541285970678,1,0.332123445626118
1383,1,1.61169992227815,7.19415653228752,0,1.78259935593092
1384,0,0.405485487676356,5.77051583154085,1,-0.394370306852483
1385,1,-0.143078447848558,9.6279728429889,1,-0.345126277655036
1386,0,1.14082771952394,3.16595294519065,0,2.02904302734414
1387,1,1.00530049981121,12.8103926709144,1,1.50776161307607
1388,1,-0.0839644060760025,8.71725620275308,1,1.46622753306969
1389,1,1.33488560815381,11.9185421151304,1,1.57109712241618
1390,1,0.00203984929321682,3.67575969048797,0,-0.196754571396726
1391,0,-0.819167880648558,4.37942585502531,1,-0.713232481196837
1392,0,0.931273144734221,6.1375241754188,1,0.0909069192834821
1393,0,0.185845483799013,6.14859458427929,1,1.21007188908858
1394,0,-1.31188279900004,1.15012488185507,1,-0.310294380076815
1395,1,1.06569140177438,10.1750701332653,1,1.26111522238448
1396,1,-0.0344076011301899,8.53257830713512,1,1.12233285381657
1397,1,1.01782346036601,7.15853233695549,0,-0.00318364840086893
1398,0,-1.6812652375396,2.02055766876318,1,-0.091483341006112
1399,1,-0.0677871815610214,5.95979652786744,0,-1.21207800404775
1400,0,-0.920119890435983,3.73174406236229,1,-1.5100438358031
1401,0,-0.923834020622518,1.35914586223437,0,0.477527312986028
1402,0,1.99971933855773,9.50823248959964,1,0.00535038329095605
1403,0,1.15467613745445,4.96792026224677,0,1.60122736950802
1404,1,-2.00848863685618,3.62599957897306,1,-1.82458641167959
1405,1,0.58398114702446,6.32516692668059,0,0.426126592771454
1406,0,-1.57882020191653,0.918829168072985,1,-0.7284401275425
1407,0,-0.419284765868428,0.0808953399610373,0,-0.813640786670505
1408,0,0.705383567367887,4.24921089210427,0,0.847094254911215
1409,1,-0.156393927795675,6.2149077111911,1,-0.247031632820565
1410,1,0.129039829787012,4.4651885566974,0,0.22952623629113
1411,0,1.57954636591282,5.4806419787286,0,1.59248036237834
1412,1,1.28674591586063,7.97255679539107,1,1.26865624425562
1413,1,-0.511088793663411,3.89775807180104,0,1.33491559778094
1414,1,0.262153125503786,7.83893883603596,1,0.326369975937263
1415,1,0.865161979277222,7.67258461723346,0,0.0907013415186986
1416,0,-0.91847038774304,4.11632241076908,1,-0.42806215117522
1417,0,-0.782179186909749,3.74348993097059,1,1.09760383044902
1418,0,-1.49133218643122,-0.933453232563304,0,-1.36004628507845
1419,0,1.02294339848831,6.17057126120625,1,-0.850604864935456
1420,1,0.593890551695799,7.17876842151285,0,-0.163492177517524
1421,0,-0.5037884826166,3.4910713878809,1,-0.980511534376475
1422,0,0.224442840438576,6.50051534441801,1,0.318293795110438
1423,1,-0.405234092259327,3.54654139607048,0,0.153600617437572
1424,0,1.05827154398766,4.80357621332147,0,0.90618864470454
1425,1,0.117780953962308,8.46913750446638,1,0.996046021851565
1426,0,0.115200334479677,4.29252596683582,1,-0.698569284674472
1427,1,-0.07349471360836,2.5037736876328,0,-1.82656412049561
1428,1,1.2133684749506,8.37846965273552,0,0.768471315317435
1429,0,-0.36194132872867,6.03006835717354,1,-0.2591058082799
1430,0,0.734710754622703,6.73484258025857,1,0.858216404683918
1431,1,0.593729093593836,10.0332284008447,1,-0.181653081999433
1432,1,1.3519311047518,9.07463226523108,1,0.0929866166912294
1433,0,-1.52988577389466,3.26878902702012,1,-0.255721204525663
1434,1,1.0228241558758,7.02893508814369,0,2.76877624762658
1435,0,-0.371312675160168,0.345577807486022,0,0.730819264439871
1436,0,-0.563418576695258,2.68800676228079,1,-0.725301300486046
1437,0,0.481268145965538,3.74781526789767,0,-0.215793283948416
1438,0,-1.22654845474168,-0.176627008833765,0,0.104543583613083
1439,1,0.252589857995811,8.81276993187809,1,1.04765406322054
1440,0,0.202934087915993,6.10113950377619,1,-0.140616808658493
1441,0,-1.27956877699206,2.73171396022652,1,-1.83262387940006
1442,0,-0.0687626576742244,3.93730673692752,1,-0.492400182562875
1443,0,-0.67367987625101,1.50985148280247,0,-0.861555648365099
1444,1,0.160761113696101,8.93899782257207,1,-0.161665390875909
1445,0,-0.81162160458202,2.38983818087417,1,-0.423200409846795
1446,0,-0.614804682614717,6.00855163847058,1,1.39296244897208
1447,1,0.016100895053602,4.53376293912943,0,0.163436731167107
1448,0,-1.66418039360963,4.84763476711763,1,-1.01695814755693
1449,1,0.518753517567113,8.19067444886196,1,0.764478245504625
1450,1,-0.569803021326482,6.33214602781058,1,-1.00748824405011
1451,0,0.913096556326596,5.82250680679101,1,1.46784975435871
1452,0,-1.88439841252892,-0.748843454316306,0,0.136749445789681
1453,0,-0.709569455551058,2.64629210211432,0,-0.407500564235743
1454,0,0.0979938814314584,4.89658884973756,1,-0.167570676066414
1455,1,1.37924946466707,6.63513257616623,0,0.903406336656617
1456,1,-0.332526272700064,6.74777579349524,1,0.318430005203721
1457,1,0.591221791575089,9.94559600537116,1,0.928613907089578
1458,1,0.744665099811122,10.1895745419663,1,0.527745420950369
1459,1,0.637987361836533,10.4212233971144,1,-0.00139744068864023
1460,1,0.467928521656444,7.76192111600681,1,0.202018740138058
1461,1,1.52227351873698,11.5567365341685,1,0.737205404692469
1462,1,2.19138530053405,11.9783924922821,1,0.536660917756824
1463,1,0.756461202635131,10.5540418888115,1,1.23813846114753
1464,1,1.04849163580756,9.99455652703565,1,0.674200156846474
1465,0,0.220171994881037,3.94736149604821,0,-0.106119564617396
1466,1,-0.139350896214325,6.04586195356264,1,0.654770710639926
1467,1,0.34180470508012,4.906574980584,0,-0.427011474903487
1468,0,1.96420875190739,8.79371124038678,1,1.49349201612117
1469,1,0.0607169011567854,7.21208538853111,1,0.332365585671915
1470,0,0.57447044768947,7.8711381374092,1,1.12464323950915
1471,0,-2.13835159759462,3.24955189676567,1,0.672898381119375
1472,1,1.98061358170823,10.8022476101454,1,0.457745128520295
1473,1,0.726418452433634,6.28902728891687,0,-0.347587453999728
1474,1,0.927972379181866,6.21814110010257,0,0.876371476378948
1475,1,-0.444027720239296,3.34417110283425,0,-0.783432733136716
1476,0,0.944926038658913,7.19223884574802,1,1.33965310951719
1477,1,-1.06132860447641,3.49170767873023,1,0.117806441574428
1478,0,0.630804863091798,0.412740922423911,0,-1.01088663477373
1479,1,-0.0808100857962901,5.18950459952938,0,0.224397812740372
1480,1,1.40582233165784,7.30825042503554,0,0.527583296997501
1481,1,0.646613308990792,5.33866335414062,0,-0.0278664947457223
1482,1,0.131255210731207,5.29667743046922,0,0.00355589373071286
1483,1,-0.479936661962204,4.08364889528329,0,-0.734022444205906
1484,1,-1.40724231019237,2.58596941936534,0,-0.20395623786476
1485,1,-0.254969651484534,6.41882005416205,1,1.27084005058871
1486,1,0.242072904780165,8.30904831775216,1,0.813672808110711
1487,0,0.886492382908966,6.79212225180351,1,0.914988242269506
1488,0,1.67014262635259,5.20371368297759,0,0.687208409892203
1489,1,-1.09649543817897,8.4284506706873,1,-0.745628752200911
1490,1,0.0536049808871986,9.11177911105866,1,1.34619389753051
1491,0,-1.52071698764449,-0.752370559145134,0,-0.721981958470115
1492,1,2.1272108106145,12.7659951146836,1,0.117459745159012
1493,0,-2.64756572019599,-2.14161154490743,0,-0.925573104271062
1494,1,-0.383653337855821,6.12490348638834,0,-1.16083830775226
1495,1,-0.721910048312091,3.41873745605823,0,-0.0565030307626047
1496,0,-0.286634304439779,4.94369889670441,1,-0.68253251493201
1497,1,-0.323054294498277,3.99756083173737,0,0.807367449911211
1498,0,-0.816445763409812,1.07406749001146,0,-0.677819387491079
1499,1,0.107793368927712,7.82849766523391,1,0.7812287438042
1500,0,0.873253716512985,7.14650964964961,1,-0.235182499355366
1501,1,0.0446718868034176,8.44000265301679,1,0.59483582144153
1502,0,0.568291285983242,2.71158381744096,0,0.132537759179448
1503,0,-0.614224930836447,-0.262316971611099,0,-0.821002370679772
1504,1,0.567520859439886,5.40788327971377,0,0.74943605757372
1505,1,0.180721761785466,7.41810243655596,0,1.11075596533898
1506,0,-3.27472578209813,1.36194028786455,1,-1.50799779481949
1507,0,-2.35070383228034,-1.38927598675454,0,0.188252130890936
1508,0,-2.00271120130773,1.53393044650473,1,-0.633030605365981
1509,1,0.974682864406464,10.7417200487894,1,-0.163737418120085
1510,1,0.233003329969515,3.80773981496134,0,-0.347458693237395
1511,0,1.22414310385772,3.50130723408984,0,-0.104736312236451
1512,1,-0.747669343161602,5.41862820575866,0,-0.433136656434922
1513,1,0.80350123204288,7.07780549568774,0,0.647542870568455
1514,1,1.58343490041554,10.1182882852297,1,0.606372930817084
1515,1,-1.39261910282267,4.65319379509797,1,-0.741587413151214
1516,1,-1.13911911142723,3.25272538772277,0,-0.899647449485776
1517,0,-1.56460176836916,-0.355597637794242,0,0.215400627316305
1518,0,-1.12748119569485,0.0970593473068063,0,-0.0369908584360472
1519,0,1.67989988056872,7.10831951538486,1,0.6798290986755
1520,0,-2.00429158448763,0.869196978089584,1,-0.944364581624592
1521,0,0.364511586468923,6.66570291231465,1,-0.145426372293208
1522,1,-2.07565794273433,1.14914919249166,0,-1.12073749760683
1523,1,0.390196897637273,8.84161032931707,1,0.970687889500637
1524,0,-1.1694460322383,2.76339213302377,1,-0.244432708507027
1525,1,-0.00963802700247465,9.78207619636062,1,1.33321444296288
1526,1,0.145420918428939,9.86381174437475,1,1.17998577149918
1527,1,1.19638393966605,11.4661579278849,1,0.340063935727137
1528,0,-1.04029482457902,4.10561495067888,1,-0.282788919881347
1529,1,-0.0808029571579285,5.01286761335367,0,-0.602985050179933
1530,1,-0.588585748894091,5.78932124667293,1,-1.07831652704036
1531,1,-0.215998555221335,7.67464958258447,1,1.8441367168602
1532,0,0.0836280053241318,5.28936455919967,1,-0.0295967681661609
1533,1,-2.48184320500485,3.15786541370787,1,0.00427147136833783
1534,0,0.0952900974174779,4.76026715099454,1,0.887067029493056
1535,1,1.61216218943337,9.59239448450555,1,-0.155020706070222
1536,1,0.238961185229975,5.39539366178553,0,-0.0290597017022898
1537,1,0.839704393991894,5.78349392178003,0,-0.137851348657284
1538,0,-1.08461906907179,1.67562915574322,0,0.608511697369262
1539,0,-1.15262951764408,4.67621158717119,1,0.389313294897736
1540,0,-2.04627067832703,-2.14581062883496,0,-1.45546708796037
1541,0,-2.06910956617001,-0.485447452460219,1,-0.947882428441085
1542,1,0.67683640493348,5.18098018178075,0,-0.595324091801104
1543,0,-1.32793614648867,2.60904070826806,0,0.350543025037612
1544,1,0.454119911316242,6.42206148584079,0,-0.26652236875389
1545,0,0.685020546352811,3.55554517555828,0,0.208836035787952
1546,1,-1.17098379827154,7.40737956880667,1,0.334774183432018
1547,1,-0.821140032892981,4.79798503126395,0,-0.502205089767808
1548,1,-1.26479622634489,1.68946728335848,0,-1.23782700007184
1549,0,-1.04917271853916,5.12826590895269,1,0.0520416223747281
1550,0,0.29275434918373,3.74645402119566,1,-0.445369190877412
1551,1,-0.0484765558096757,7.64417719815952,1,-0.217612537086082
1552,1,1.59323665876186,12.7193226651335,1,0.634321232592758
1553,1,0.709167262105417,10.6784113780563,1,0.288873221709377
1554,1,1.36704470006789,6.59749418714876,0,1.32544559729403
1555,1,-0.63720887876017,5.8420849315177,0,0.0951309009321985
1556,0,0.726498747324106,5.35230840186692,0,1.13815167687832
1557,1,-0.72175659734535,4.57641523417701,1,-0.918177938764697
1558,1,-1.23313058936898,5.17917614796086,1,-0.554994894458513
1559,0,0.378507791889889,6.93925449433494,1,0.497106352111222
1560,0,-1.50268376667482,-1.00463862685487,0,-0.53356028560162
1561,1,-0.42803350065468,6.64371512673869,1,0.531323356151153
1562,1,0.639970364540764,8.20227989574884,0,1.3760686302688
1563,1,-0.254145767841719,4.37472974802691,0,-1.29964826955517
1564,0,0.544845801484191,2.11642544487114,0,1.53805523684546
1565,1,-1.58941652122607,5.3163540858404,1,0.249444486764479
1566,1,1.07253166481527,9.38347759271097,1,1.40253047631654
1567,1,0.790684499232722,5.53556724131741,0,-0.466172412315472
1568,1,-0.0721034823742581,6.51212414401894,0,-0.329141758582194
1569,0,-1.11465739715198,0.708534427816464,0,-1.12475703195084
1570,1,-0.170369420241046,10.1223375332486,1,0.609028518987158
1571,0,-0.149698778805238,6.43010696020378,1,0.536955113464886
1572,1,-0.348365580376372,7.17924032668244,1,0.707746948267583
1573,0,-1.60484123644795,-0.0706340825927702,0,0.00244996018165733
1574,1,1.07951283669029,11.3121079048471,1,1.52916274434486
1575,0,0.483529923595307,3.15365018201032,0,1.01150500233579
1576,1,0.54835850890245,7.95956850427963,0,0.368462428083438
1577,0,-1.05875404675908,2.41834135345325,1,-0.319859380729798
1578,1,0.408089884272555,8.38172270330341,1,0.376395974530741
1579,0,-0.27511926478174,5.20985968445954,1,-0.157636799884272
1580,1,-0.461184682459357,5.23938313493894,0,-0.027033047048874
1581,0,-0.00866588101768003,1.39979199543514,0,-0.171610208981504
1582,0,-1.75647114533299,-2.61277062628252,0,-0.749349170364156
1583,1,-1.16441541881917,5.86085992651676,1,-0.609977219094403
1584,0,0.933207077620594,4.58842983371979,0,0.138082407846066
1585,0,-0.745688676462762,0.719100831071909,0,0.140076417231553
1586,1,-0.0959782979618609,8.77161854833474,1,0.0257539282743036
1587,1,0.147794434691715,8.00803112523572,1,0.602859462169578
1588,0,0.62949618252157,2.92344033093701,0,0.324907974382679
1589,1,-0.820709556096283,8.12152826542321,1,2.20148271831233
1590,0,0.160136186303752,1.18868668879578,0,-0.235192971508017
1591,1,-0.384700394812512,0.548527538236157,0,-0.504192904534085
1592,0,1.33891857489866,5.59951569803018,1,1.08187645964803
1593,1,-0.346152326872133,5.1567556152743,0,0.716595593492099
1594,1,0.0228459607364296,9.86204170169491,1,0.027892165571217
1595,1,-1.74489861897601,0.407280488276403,0,-0.462544176129068
1596,0,0.105884159358155,6.59636933705251,1,0.987292359466001
1597,0,-1.77933081843316,2.07216144595519,1,-1.11915961436371
1598,1,1.3610811305649,7.59842292319519,0,1.60954467991367
1599,1,1.05206048475978,8.0155666011093,0,0.898876822861805
1600,1,1.15452322768418,10.3879107150635,1,1.90723331573984
1601,0,-0.911738405244205,-0.192617693244862,0,-0.133837765285401
1602,1,-1.12009230670202,4.44409809940481,1,-0.443980753431085
1603,1,1.74863924791231,10.5638175721547,1,1.19323264106596
1604,1,-0.518216284412504,5.76835477420761,1,0.197938621586422
1605,1,-2.33233106649063,4.00721387807962,0,-1.11661492265418
1606,1,-0.564710247305162,5.82172940237565,0,0.694837959241424
1607,1,0.107859969486894,4.28101789124258,0,-0.567437676014592
1608,1,-0.0924730315482417,8.06556819748977,1,0.176645277107762
1609,0,0.841766648789561,1.97486874108855,0,0.378955419141265
1610,1,-1.52847630579273,4.75879259721576,1,-0.194258814405572
1611,1,-0.983707663244281,5.42644551334997,1,-1.1557153050141
1612,1,0.102608614930469,9.70511402402013,1,1.4303421361292
1613,0,1.63078783023288,3.48222554773293,0,-0.125607360855177
1614,0,0.381796793289551,3.53444682330406,0,0.173278422423443
1615,1,-0.57427325895601,3.39252620922401,0,0.265086903138412
1616,1,0.120103259274226,8.7215561366254,1,2.29955116063945
1617,1,0.486999173113743,10.4121552623745,1,0.471094353700735
1618,1,-0.48197128138337,3.90823236598151,0,0.875890079044095
1619,1,0.870431054522862,5.72514948413846,0,0.612556998901291
1620,1,0.879803885069601,9.54357523335855,1,0.922488998705527
1621,1,1.37459853000102,7.48758385380888,0,1.89278037548754
1622,1,-0.621604207853241,3.2093754640083,0,0.219473867698364
1623,1,0.280815444716415,7.83883097896825,1,0.419938454195122
1624,1,-1.41204254202729,2.88556476596344,0,-1.11730563954986
1625,1,2.61439763396677,14.0581612708769,1,0.826989785337229
1626,0,-1.02114735627058,2.61232872683703,1,0.935661719580478
1627,0,0.906549777261523,3.86005728348727,0,1.12740454584837
1628,1,-0.265757022497442,8.4120887835835,1,1.02501249283385
1629,0,-0.374660060703743,0.332154411239538,0,-0.68876405041207
1630,0,-0.724148011806449,5.70590230069719,1,1.22178399612914
1631,0,0.260968354560899,0.639518110799798,0,-1.16909304238501
1632,0,0.911609249974026,6.80775425778254,1,2.02629457150757
1633,0,-0.558372353543086,0.700958554011695,0,-0.122190983139819
1634,0,-1.87309310639109,0.762524932873121,1,-1.41337108873159
1635,1,-0.107218869334768,4.86774845997659,0,-0.167814158659847
1636,1,-0.831663745065972,5.09363419776171,0,0.721856685367991
1637,1,0.303760200631701,5.50862829496247,0,0.754607291320783
1638,1,0.057533797173928,7.35524069770464,1,0.535441585905974
1639,0,-1.14414525128585,3.17093838786526,1,-1.28686268290378
1640,1,-1.18722139951787,3.91188104292203,0,-0.598231556975483
1641,0,0.0994944321297081,4.54079714784048,1,1.41218297447045
1642,0,1.72672857225051,4.96718076562481,0,1.49004771897414
1643,1,1.49284392294287,11.2029779763996,1,0.695813257031675
1644,1,-0.80054904346449,5.66433446269144,1,-0.128311357275252
1645,1,-1.16473602681753,6.15006245715833,1,-0.140336730346942
1646,0,-0.376544690148888,2.46823865023181,0,0.0374350849513719
1647,0,-0.794207882794121,5.1273220293954,1,0.298395743929425
1648,1,-1.55082717956549,5.71783241959442,1,-0.685056057907702
1649,1,-0.565544075738754,4.3520692273717,0,0.00769754347347872
1650,0,0.583758527549887,2.18884098153332,0,-0.877042848853377
1651,1,-1.89121917140663,0.407233114969111,0,-0.133680226380061
1652,0,0.280511012399283,5.83693151645414,1,-0.0923837780552723
1653,1,-0.00121842922246968,6.89517586781356,1,-0.0332419318681997
1654,0,-2.06260788530826,-3.41811760000565,0,-2.0769199682043
1655,0,0.559793205235868,3.54017958389956,0,0.185955547870766
1656,1,-0.925705226180167,5.39653637034452,1,-0.858993539968036
1657,1,-2.07640486096565,1.08659977371057,0,-0.828367636863969
1658,1,1.07273406819358,10.3023025822992,1,1.18378183603506
1659,0,-0.835241254227017,3.50174878661146,1,0.138725777795353
1660,1,2.16243134523932,8.4766284939695,0,1.88856071668033
1661,0,-0.606428025225023,0.0862430547798558,0,0.437302679687063
1662,0,-0.695015658436615,4.8118930031113,1,0.60941627313502
1663,0,1.13961921666316,7.8850300429102,1,0.521042819106801
1664,1,0.215867975073958,4.74949830432202,0,-0.809035444374296
1665,1,0.0860799402948753,8.03839970879294,1,0.212608249817311
1666,0,0.0644478572069678,1.04142561917963,0,-1.92516062258659
1667,0,0.385819988353032,3.86247378049722,0,-0.0515537779352389
1668,0,-1.07787679286892,4.18763561422236,1,1.17296351560049
1669,0,-0.318315227053066,0.75550554227418,0,-0.603324615645064
1670,1,0.305394473063018,7.54227493687103,1,-0.374689512162158
1671,1,0.190163934484088,6.52075528362923,0,0.0218665673246327
1672,1,-0.373478807514647,5.68911801097797,1,0.186922435072549
1673,1,-0.0287497823749213,3.04204569351302,0,-1.3378470240616
1674,1,-1.01890016250098,5.75864280353306,1,0.659901185102125
1675,0,0.180161489188249,0.527915457874724,0,-0.735883597288951
1676,0,1.9647131777949,5.22072009362056,0,-0.101729302384233
1677,0,-0.0717089141321678,1.94784409226694,0,-0.661078432934121
1678,0,-0.0943614337846335,4.77950826857389,1,-0.611649953401635
1679,0,0.251383867523242,4.74833589098724,1,-0.202910251209564
1680,1,0.561766211823825,9.58962154139206,1,0.125110817337314
1681,0,-2.03304889486307,2.4652549152012,1,-1.04755939014466
1682,1,-1.5059892345135,6.48861885580491,1,-0.520595360922602
1683,0,-1.47386647798914,0.00856579431978094,0,0.741679772066703
1684,1,0.669741593248103,9.67564760975878,1,-0.162375382507654
1685,0,1.15299647087347,1.97618254836882,0,-0.417620833048647
1686,1,1.2329807080375,12.0801620880048,1,1.45016707647565
1687,1,0.349360123285058,8.07853837910631,1,0.938593443742718
1688,0,-2.37142292839237,1.73604004973078,1,-1.21821593664295
1689,0,-0.00026688412969048,5.18124890175549,1,0.632141772665946
1690,1,-1.16038260389409,7.83871580309813,1,-1.00331712772814
1691,0,0.989151532583701,3.77309598570798,0,0.360568546761741
1692,1,1.43576889187546,11.7270746141895,1,1.03290759319997
1693,1,0.122653565872089,5.39091908800822,0,0.457330082499945
1694,0,-1.2473017482383,-1.50340755521894,0,0.132230913850796
1695,0,-0.755010783579252,0.799754379808716,0,-1.40892720992311
1696,0,-0.899743812190683,0.366358222903706,0,-0.465306262338676
1697,1,1.36692752414388,9.08717513623081,1,1.04713858708214
1698,0,-0.164920421466188,1.03728312329504,0,0.255948739469396
1699,1,0.783275861048595,9.07231312764958,1,0.700833421952613
1700,0,1.12254506838344,7.22575343335962,1,1.1358725565105
1701,1,0.562938813858937,5.30909701882403,0,0.724300363293016
1702,0,-0.420010452704111,5.54598313616325,1,0.385173652553161
1703,0,-0.647078953109282,1.4197301082872,0,-0.220206470664821
1704,0,0.0751836994368231,4.78539401050481,1,-1.73712515793339
1705,1,1.94562907808029,12.8675599020359,1,2.44619772511518
1706,0,-0.94770178870054,2.23937805603951,0,0.905912924175034
1707,1,2.3190402158657,11.8402282790314,1,1.12942373855608
1708,1,-0.00964789224303822,10.0616675091638,1,1.00997657545549
1709,0,-1.14111850769508,1.77360103391356,0,-0.0567915380945777
1710,0,-0.288108899740477,-0.0320083763682877,0,-0.698734347666118
1711,0,-0.132985168861337,5.00041114133813,1,0.158701560078537
1712,1,0.84548535118944,9.25096772320248,1,1.03026898710486
1713,0,0.369850103286845,1.16774539583636,0,-0.671864623627638
1714,0,-0.260936649257345,2.82928270790255,0,1.00454015505042
1715,1,-0.123058151754665,7.77702807607772,1,-0.910190810564931
1716,1,0.169713359729811,5.47260255928956,0,0.750180142298475
1717,0,0.789256800804347,6.93512431383054,1,1.04632563094561
1718,1,1.96865213504576,7.80639500491605,0,1.39226453727288
1719,0,-0.655033112503761,2.8474102842717,1,0.0396964409861654
1720,0,0.421352461850474,6.29750844815191,1,-0.431637070195986
1721,0,0.562481704412026,7.51194772743715,1,0.546367017016553
1722,1,-0.606479489220191,7.37586162531038,1,0.106447016908921
1723,1,1.39139341182056,9.45456120152112,1,1.84059320765574
1724,1,-0.372630738771838,6.51846988861085,1,0.052907324532669
1725,1,0.328481174591335,4.64633874445799,0,0.198952355929739
1726,1,0.899267296278749,10.5223139444735,1,1.22035809561181
1727,0,1.2466838975188,1.40524057180559,0,-0.197009812971741
1728,1,1.53657622213191,6.9873189373581,0,-1.1423972559457
1729,0,0.461103406878774,4.49785254804563,0,0.211707664303067
1730,1,0.314646862690623,9.19388210585877,1,-0.103386433243036
1731,0,-2.31010816846516,-2.46590260066515,0,-1.02063962788123
1732,1,1.67469876825725,12.7973597321502,1,0.61577825460978
1733,1,1.08411743759588,6.76916262894478,0,0.249588627100019
1734,1,1.05686574308177,10.8465515398964,1,0.278544676065357
1735,0,0.172142379220252,4.90521938976599,1,0.127255541368273
1736,0,0.108270986559389,3.0072137135168,0,-0.334597023865224
1737,1,0.200671799797617,9.70769926988738,1,0.158707014731137
1738,1,-0.81085778318964,6.07129315589665,1,-0.405689056834496
1739,1,1.27374872370616,5.29855140428029,0,0.664363453257987
1740,1,1.11001434086661,11.1801624134893,1,0.541203300812806
1741,0,-0.280981001124193,4.46439504123047,1,-1.29349389414479
1742,0,-0.380262550688543,2.04769698704098,0,0.655285688461997
1743,1,-0.196478101314943,5.66645998519256,1,-0.189746846346698
1744,1,1.40448062721728,8.42745120786189,0,1.57945440891893
1745,0,-0.335543786612351,2.79115060546197,0,0.170009243767928
1746,1,-0.122079670035393,6.10011220906214,0,-0.439765904136209
1747,1,-0.845369684617699,5.1939784797339,1,0.439711856699081
1748,1,-0.393345037617706,2.42118934483038,0,-1.0701386220663
1749,1,1.11970875573138,11.3850985055187,1,1.54625302248481
1750,1,-0.341897674345075,5.04378557394111,0,0.724354416178777
1751,1,0.0762608155127678,8.25453637648215,1,-0.22441965371731
1752,0,1.0129384625626,5.6439818849781,1,0.0879371678287816
1753,0,-1.20478643931236,0.637826402658531,0,0.206813392815245
1754,0,-0.832857293801954,2.69930139571236,1,0.264687257766019
1755,1,1.23099762065948,6.09522862023505,0,0.376984614171721
1756,1,0.569575796658991,9.9204292810899,1,0.430802507737482
1757,1,0.888007656876646,9.55533705554613,1,0.535218505319046
1758,0,2.49371076285425,8.3591390554079,1,1.00889992491015
1759,1,0.711517175710277,7.15864608307052,0,-0.74726854263834
1760,1,-0.189154014170306,7.77575614338056,1,-0.0597365110613873
1761,1,-0.587743312275961,6.61381069332525,1,0.389421305097843
1762,0,-0.0895860429703095,4.64726924200604,1,-0.734438466467125
1763,1,0.915763022583979,9.68066057608029,1,1.21017628082753
1764,1,0.555195969698649,5.76878545986388,0,-0.30880243957008
1765,0,-0.51185511389132,5.31688189634797,1,-0.474173866658861
1766,1,0.391107328148371,9.40551350560725,1,0.79315416845164
1767,0,-1.58408842546412,4.20530699737937,1,-0.025507523384934
1768,1,-0.24253174128666,8.9939338793644,1,0.461170599977795
1769,1,-0.133759056498348,4.86161531051039,0,0.35455964514926
1770,0,0.963869477938082,7.38656176576292,1,0.67590842578083
1771,1,-2.16302792517267,2.65896899554399,0,-0.0933913139597294
1772,1,0.448725193243326,2.68926593374699,0,-0.481700040194509
1773,1,-0.296717145190413,7.31176476517599,1,0.569708956331372
1774,0,-1.78498387795703,2.45868348680161,1,-0.948852243367621
1775,0,-0.3205357323145,1.90157086970913,0,0.77721799515499
1776,1,0.381892582683205,8.9074445437264,1,0.549704888728856
1777,0,-1.13687118918972,-0.889458646298519,0,-0.151367693590229
1778,1,1.08830456771062,8.3159288660865,1,0.175580633167547
1779,0,-0.487942694354744,5.55275606939713,1,0.226082485299697
1780,0,-0.00388018292343139,2.40173820919641,0,0.592923069991909
1781,1,-0.73609748483155,6.04322659239304,1,-0.862718076097318
1782,1,-0.845168998776437,7.03868403680113,1,-0.388226800455683
1783,0,-0.0433811547784795,2.14432485473419,0,-0.0190478397804682
1784,1,-1.04426012502585,5.99689768969719,1,-0.400218999082114
1785,1,0.170415922451948,7.3091602197899,1,-0.2214238157835
1786,1,0.611681478405954,10.0538162221682,1,2.57667847550124
1787,1,-0.140193748737236,6.82663369274198,1,-1.34350230757459
1788,1,1.7063598962522,10.6541838738478,1,1.19029180157805
1789,0,0.386017585174254,3.18835294654917,0,-1.06850526497672
1790,0,-1.49397022868185,-1.61234317776726,0,-1.06249098744469
1791,0,-0.755194556491576,0.877586289232489,0,0.165096303231239
1792,0,-2.19459413112319,2.60314343682272,1,-0.55393634147669
1793,1,0.830990502472002,8.41490659394659,0,0.169012131120525
1794,1,-0.0930907466116409,9.10283529990369,1,1.04377619568595
1795,1,-0.24478221374434,7.8916814378106,1,0.272986959707525
1796,0,-1.65812307344885,-0.441318460348543,0,-1.20172545341935
1797,1,-0.707517187171975,4.2973088321653,0,0.230043845248752
1798,0,1.08991852088253,7.11225371897864,1,0.317235641527683
1799,1,0.234556973188288,6.72376877719629,0,0.863005947610994
1800,1,-0.97672798230835,7.20305958374233,1,-0.0785288250790603
1801,0,-1.22448330948647,3.5791389360397,1,-0.130227746166676
1802,1,0.546485651164496,9.994044635463,1,1.39206914577222
1803,0,-0.873994161330058,-2.63498006736631,0,-0.29751525555309
1804,0,-0.0292131435225772,1.55793937811334,0,-0.0886953002728567
1805,0,-0.556447545398077,1.20979840690144,0,-0.871501272756208
1806,1,0.33313449065802,5.10625531654112,0,0.647232592777364
1807,1,-1.15511008369447,3.09571268372304,0,-0.801775212621524
1808,1,0.840609543440712,7.34208621285324,0,0.247972874358354
1809,1,1.11407234456493,7.04929038762986,0,1.32010030745856
1810,0,0.585076505157092,2.41296600656848,0,-0.557558261438824
1811,1,1.86241145086029,11.6690370239366,1,1.94070201730425
1812,1,0.266153551618423,8.34972956460928,1,0.347745072788271
1813,0,-2.46771238735828,-1.39926268365829,0,-0.806864103634886
1814,1,0.29837045239462,7.60904531833837,1,0.679315412577401
1815,0,0.614497790605847,6.26678085537266,1,0.687080886253827
1816,1,-0.170567514158724,5.57414834554599,0,-0.339849295819258
1817,1,0.870821779317659,10.2319360789718,1,0.360505203438986
1818,1,0.700267617472689,8.75903009558953,0,1.51523032576813
1819,1,0.202335401567139,8.41298009475644,1,0.0927925086997385
1820,0,-3.09866452837446,-3.70541531609755,0,-1.60373117382483
1821,0,-0.0648849754196804,1.30123096177968,0,0.105903484211473
1822,0,-1.69073344430572,-0.245679245369752,0,-0.270746072073361
1823,0,0.451214559359452,4.46848833229365,1,-1.73985739243857
1824,0,-0.841695071707281,0.790536913469024,0,-0.522228812573618
1825,0,-0.52166363024482,4.25385077628555,1,-0.857156198611394
1826,0,0.845734284174294,1.83322038404784,0,-0.321456639163082
1827,1,0.7050164157158,6.37065172098787,0,-0.355183247750006
1828,0,-1.52204882481246,-0.338461180145957,0,-0.407299197050659
1829,0,0.435064583789573,3.38866029080333,0,0.819898487535706
1830,0,0.432416933628405,6.45274142371018,1,-0.287629910477344
1831,1,-0.0132113056658891,6.85777002091457,1,-0.049945388717703
1832,0,0.792547026785751,4.36257884851209,0,0.912507888099206
1833,0,-1.79034337671713,-1.77754989935088,0,-1.55343466523523
1834,1,1.96716570572158,13.4980798388543,1,1.56199587967208
1835,1,-0.0367471541018269,6.5107617916634,0,1.13103627627742
1836,1,2.22856013245129,10.4492347909018,0,2.17392122810708
1837,1,-1.57536410331916,3.85650181471113,1,-0.945639716233852
1838,1,0.333809274825518,8.95580332354546,1,-0.181876064444297
1839,0,-1.35309750711904,2.57509880227813,1,-1.21263386657901
1840,1,-0.221649518192383,8.16452643928746,1,-0.221983770767171
1841,1,1.98500663407143,10.9337856355901,1,1.03990186539971
1842,0,0.47046336568705,4.51476640461122,0,1.50138162081271
1843,1,-0.372885600795382,6.76039824622011,1,-0.125454662503434
1844,0,-2.14145755990379,-1.58573405907935,0,-1.89413080662663
1845,0,-0.590928862111981,3.08017629817421,0,-0.419794910813709
1846,0,0.0291280649040465,2.64917800009655,0,1.32682975409179
1847,0,0.56394056978389,3.31544613822387,0,-0.294246321750539
1848,0,0.975398684022928,7.67689732211988,1,-0.0924677440582372
1849,0,-1.39515018751232,2.62760475866403,1,-0.359921103774687
1850,0,-0.55148011042001,1.44995233547078,0,-0.611301409381515
1851,0,-0.332628658620974,3.8405221625531,1,0.614502085399501
1852,0,-0.130056499041055,0.753405885129147,0,-1.62445950335654
1853,1,0.467433926538207,7.51715181334192,1,0.855323572110485
1854,0,-0.455261040907654,5.82853242705628,1,0.217630731838448
1855,0,-1.90799736373411,-1.76819049630885,0,-0.606845632361873
1856,0,0.268016201503449,7.08303718721787,1,1.07514888109728
1857,1,2.97300329137596,9.10571282847697,0,0.384307116631959
1858,0,-1.21580381596741,1.89303087249183,1,-1.59979894260782
1859,0,-2.03751484576049,-0.482149021033728,1,-0.624657186115434
1860,0,-1.37021757680998,3.15496551349225,1,-0.679008855817279
1861,0,1.38512319406984,6.07199516418171,0,0.364406921148308
1862,1,-0.862608165677284,6.74680877333904,1,0.263754408157191
1863,0,-1.23535762503635,0.297836444369276,0,-1.04300608405503
1864,1,0.3718966466807,9.26721403471083,1,-0.141022686849933
1865,1,0.325665143791807,8.67812826890629,1,0.77419412545428
1866,0,-0.0315904352931023,7.17956474443258,1,0.177593091826917
1867,1,0.938269200584796,8.41949387009714,1,0.856219201832111
1868,1,1.78841356122434,11.6158533871648,1,0.351804330494858
1869,0,1.00595526321922,5.21708477884882,0,0.86950858509069
1870,1,1.72251345782201,12.0906560330617,1,1.47817245260909
1871,1,-1.78967995067582,6.35449005664584,1,-1.30807319970442
1872,0,-1.09965554135755,-0.514878616517868,0,-0.998427452179649
1873,0,0.21794464964738,0.0601446694760643,0,-0.541433050207144
1874,0,-1.76232674413674,-0.955158930298262,0,-1.11941049673877
1875,1,0.254349587061505,4.41244452273963,0,-0.0964121355747209
1876,0,-0.71120719818832,1.139525738397,0,-0.819364990992322
1877,1,-0.193601722754728,7.20152657740937,1,1.33647267789758
1878,0,2.70243946617063,9.26199316236413,1,0.820897089730798
1879,1,1.27872833332577,9.79220215193573,1,1.20768025679083
1880,1,-1.00752806363713,4.93738712238844,1,-0.367319688583542
1881,1,0.683976079325817,8.7649117025515,1,1.12154012351275
1882,1,-1.08460228691613,2.57074596440675,0,-0.70718158277224
1883,0,1.75532403173671,7.50247122172754,1,2.22690172503229
1884,0,0.699361026386431,2.70984918008612,0,0.582785478889686
1885,0,-0.286774310629375,4.22967197681731,1,0.164651723805555
1886,0,-0.142179694974085,2.82374812291189,0,-0.915433128525924
1887,1,-1.20397454979359,5.76213288587959,1,-0.0702806259865243
1888,1,-0.782299430398675,7.18319151606898,1,0.0582109650572581
1889,0,-1.07996226675,-0.782459875165546,0,0.0456734245560243
1890,0,-0.206354697326042,3.53368667286722,1,-0.672954880558576
1891,0,0.940675162233956,5.47974612408975,1,-0.037437478692796
1892,0,-0.0514881744389029,5.83450743543439,1,-0.406302677454851
1893,0,0.751762427367678,2.68174205903443,0,1.05273544020429
1894,1,-1.31494827142859,5.43769052920813,1,-0.119266591527058
1895,1,0.0788605705428446,9.19342910360478,1,0.319348020575141
1896,0,0.779628458482915,5.15088165052349,0,0.669265243870189
1897,0,0.473533057588416,1.96022347378461,0,-0.263654200380669
1898,0,-1.1949195774989,1.41605333926,1,-1.65943187549196
1899,1,-0.316511334177786,7.96916890637081,1,-0.626614271601371
1900,0,1.101957761612,7.85695134351992,1,0.239848304779875
1901,0,0.548551968710226,6.2087257593255,1,0.250245104451317
1902,0,-0.0239197028229863,1.4311987274874,0,0.121296935322835
1903,0,0.855318581184831,6.08595215101762,1,-0.511362324271661
1904,0,1.03575564505517,4.60603901665789,0,0.492955312975523
1905,0,-0.22060217714758,0.694357196154295,0,-1.11169302985965
1906,1,0.683269051677046,6.95092573725867,0,0.626787362257526
1907,1,1.53948353179504,7.18075366514403,0,2.35966592812548
1908,0,0.0650031334568678,6.17457120111822,1,-0.925763354223864
1909,0,0.965832380868845,4.74055911287557,0,0.574020852787032
1910,0,-0.350307643804304,2.40364603528271,0,0.220596291916497
1911,0,-0.472078995542261,4.03367325971326,1,-0.29727414985869
1912,0,-1.40923104533195,2.41348410251482,1,-0.339547052666761
1913,0,0.389518718190637,5.10634649171898,1,0.836045698434137
1914,1,-0.868454145348628,5.13489715224991,0,-0.0313667179439106
1915,0,-0.84276131123119,1.86434753963565,0,0.0935621989292081
1916,1,-0.30882441858339,4.50980512223319,0,0.540742745766268
1917,0,-1.05796691660012,1.82024194909777,1,-1.05003875359785
1918,0,0.177014115351365,1.5061118433641,0,-0.481586095402634
1919,0,0.200478589175074,3.51985181352902,1,-0.07456995197301
1920,1,0.073003539609115,10.0872265901595,1,0.601678774499264
1921,0,-1.69194702255482,1.26240827073196,1,-1.32178554796579
1922,1,0.932855342808055,5.59655333786665,0,0.287884224263119
1923,1,-0.130461318335514,4.45722596438792,0,1.66376379132951
1924,0,-0.217956226969429,1.37338449406608,0,0.0121398649161955
1925,1,-2.15045150800759,3.67669090305575,1,-0.925846290017723
1926,0,-1.60021045226529,3.03679980461452,1,-0.113666996061146
1927,1,0.549586159949746,9.37724080539912,1,1.62079642003941
1928,0,1.00808248505989,8.66335972778403,1,-0.543168016603285
1929,1,0.575829830168803,6.34048084934775,0,0.0174719017610196
1930,0,1.18500526022439,7.8428269802492,1,0.968065469312118
1931,0,-1.059542978879,2.61276416605343,0,-0.155272016930012
1932,0,-0.819174543932001,-1.64956622385846,0,0.161478158545951
1933,1,-0.0938887560587653,8.59342114572166,1,0.256887597733416
1934,0,-1.76261673617318,1.81950438975045,1,-1.25859159110645
1935,1,0.417896758170385,7.9076580823867,1,0.029061099140753
1936,0,-2.05689971810106,1.18381776555696,1,-0.306134712365703
1937,0,-0.112055368493563,2.11508777895991,0,-1.85244246552994
1938,0,-0.405026503180527,3.55304317918556,1,0.403993538728491
1939,0,1.03268484376711,5.49310996818949,1,0.277803022030951
1940,1,0.127150136554524,8.63610500055076,1,0.585230896247856
1941,0,0.619906429520275,2.78017932049167,0,-0.37366694968149
1942,0,-0.371690500504009,5.39272727873654,1,0.542646416458223
1943,1,-0.47025633485781,8.07672400612354,1,-0.633592947067825
1944,0,-1.10267939600732,0.998792136830165,0,-1.86606185884755
1945,1,1.55198219247593,9.85056417198541,1,1.48404463869933
1946,0,-0.397268283243169,2.65255907187401,1,-1.50753775703606
1947,0,0.0492985496265255,1.22562109850516,0,0.217873811132744
1948,0,-0.945437810368301,3.60857554677606,1,0.179282836718523
1949,0,-0.642595200061938,5.22693594512667,1,-0.0911742005454878
1950,0,0.105892710105494,3.16325284578272,0,-0.0690191095067828
1951,1,0.839942276843874,5.3095676009404,0,1.49787444683922
1952,1,-0.287651864744668,7.46941300946932,1,-0.669542201539684
1953,0,1.69317915611863,3.17159725266666,0,0.846961375935558
1954,0,1.250737419643,5.22645720180743,0,0.67383991471031
1955,1,0.498511380577366,10.0033242657194,1,-0.217388704922459
1956,0,0.631916752962984,2.36263917138277,0,-1.3149829369312
1957,0,-0.563929699491117,0.0444918802199109,0,-0.511548217506906
1958,0,-0.348980386942581,4.18441545772048,1,1.17480181836652
1959,1,2.53207937134145,9.18544069022652,0,2.16553948015855
1960,0,-0.0530929103511034,4.36071511443949,1,-0.163829292003526
1961,1,0.542523714030377,5.92692409136441,1,0.297175691463224
1962,1,0.413084346165318,8.00085320120584,1,0.477162631254094
1963,0,-0.886897396862436,4.06904610096364,1,-0.91569641182877
1964,1,0.38227341255148,8.08157778117912,1,0.675627886119543
1965,1,0.555649758871505,6.14401853024556,0,1.47518689627766
1966,0,0.107043105860885,6.11276154742111,1,0.0315273216293327
1967,1,0.441169187056153,8.01242138646463,0,1.68774285538577
1968,0,-1.01458403669232,4.09656640815333,1,-0.845839882771694
1969,0,-0.199671815728856,2.17363140444619,0,0.243993591871558
1970,0,0.249977884227865,1.03238888511136,0,-0.210962051070084
1971,1,-0.188842299492747,2.8545837377497,0,-1.35060882676358
1972,1,0.812639363397592,6.39079723382724,0,0.666622496174794
1973,0,1.08963875845417,3.75970766107805,0,-0.984019069753791
1974,0,0.318410180105006,5.73205389458077,1,-0.0890015278292904
1975,1,-0.0652738136998639,8.1163932248674,1,0.892108949361544
1976,1,1.8497001985408,12.0781230295054,1,2.17796422707673
1977,1,0.751864714737708,5.74204615146442,0,-0.0683913545140178
1978,1,0.911538040583133,8.64526583546969,1,0.734829550333366
1979,1,-0.217389920991168,8.92489617167865,1,-0.484168480665521
1980,1,-0.838183481723345,3.56776272296648,0,0.143062848794377
1981,1,0.191780742362201,7.91240049703814,0,0.899945197318188
1982,0,-0.169563774666496,5.89700027742209,1,-0.199224386496986
1983,1,-0.391600467575679,4.06642519676427,0,0.38256658966722
1984,1,-0.954215889314065,7.24351925769628,1,0.419567696588838
1985,1,0.280590731703142,5.28987691106899,0,1.04038286744873
1986,0,-1.53436893879392,-1.11729097738153,0,-0.691632133261703
1987,0,-0.730324758526062,2.58327268951742,1,-1.2846987746209
1988,1,-0.289107177606466,6.58265217965608,1,0.271543412008448
1989,1,-0.292341696664098,7.0400063674282,1,0.783720162918541
1990,0,-0.232504617751774,2.91110258075156,0,0.671739188071738
1991,1,-1.1971590147286,4.17482063492787,0,-1.03895103547852
1992,0,0.674195529392555,6.39812842113601,1,0.091720787445163
1993,1,-0.381927389576217,4.85578055115696,0,0.28236405511549
1994,1,-0.90124438300727,6.45270778677127,1,-0.555243764141381
1995,1,0.588983207996121,6.02862895555227,0,0.789947271129448
1996,0,0.486610218158456,6.79784607587099,1,-0.0350808228399447
1997,1,1.3162958886409,11.4215378000748,1,1.54653694331107
1998,1,0.348813385118963,8.49406576669154,1,0.763766897103374
1999,1,0.690832054513376,6.79049246101412,0,0.280350248916224
2000,0,-1.08426883283461,4.27108157131635,1,0.456074433519745
2001,1,1.16438101590272,7.32647696308507,1,0.123218773463373
2002,1,-0.427897924785517,4.00092050725811,0,0.749196555787257
2003,0,-0.0284637676632919,7.00767924956867,1,0.089034688368916
2004,0,1.31109762800066,8.14794774590015,1,0.0554987734921776
2005,0,0.474028822403137,6.94741930390078,1,0.876300393628654
2006,0,0.637425480792321,6.91919318167987,1,-0.375951443476551
2007,1,2.28742993265477,11.642811951994,1,0.882102793919411
2008,0,-0.865931119003362,5.02738420175618,1,0.038632781450794
2009,0,-0.516077152647529,5.0776712588536,1,0.432708928576865
2010,1,-0.157166001050777,8.37459605907293,1,0.26167788906888
2011,1,0.0895893163853657,9.54382516244951,1,1.38257065774006
2012,0,-0.213516939323369,3.6526737844339,1,0.397993727365014
2013,0,-1.39578633305487,1.91412678343005,1,0.226913222811654
2014,1,-0.143237590332542,9.02572902324546,1,0.69479049031769
2015,0,0.722718879052511,8.38242804984839,1,1.03154270829852
2016,0,-0.348121159671785,-0.288284508713452,0,-1.10037685163375
2017,1,-0.580234456179001,8.53244974320594,1,0.761813537715826
2018,1,0.274938689385334,6.69904519075108,0,0.148643647084291
2019,1,0.31573696519048,9.06766780015851,1,0.81616698931844
2020,0,1.35391919610689,4.87136834628962,0,0.100817376781966
2021,1,-0.81979826580004,8.1773056083535,1,-1.1168185676912
2022,0,-2.03038004825843,-1.08360055294921,0,-1.00198244012737
2023,0,-0.605988432533203,4.30217679494659,1,0.0393887052687696
2024,0,-0.990973177374557,1.32068324043344,0,1.25634210134095
2025,0,-0.232978142936435,3.48512826346261,1,0.61821643866697
2026,1,0.432331988872689,8.26316999429698,1,0.000718039616269817
2027,1,0.146915873194356,8.0572263290824,1,-0.573258888377309
2028,0,-2.33188783585438,-4.13527512543622,0,-3.31130082510458
2029,1,1.41725250040334,7.48388494754592,0,0.277226643787559
2030,1,1.03005478047108,10.493881504197,1,0.726189393865507
2031,0,-1.22203370817292,-0.326495238808908,0,-0.482237191954747
2032,1,0.205569963278553,6.42711583458444,0,-0.358674033755227
2033,1,-1.11955021868673,4.65291143300371,1,-0.0163865746559526
2034,0,1.1781007104664,9.72891325043867,1,1.20418586250995
2035,0,-0.11586770354474,1.41515401982898,0,-0.352067324001373
2036,0,-0.275694767623485,1.26312927039965,0,0.762806880684454
2037,1,-0.677023957174734,4.55691511575935,1,-0.477151988602584
2038,1,1.8922857299696,9.17485535311939,0,1.70139732207188
2039,0,-1.9457780808653,-1.85626492770599,0,-0.666581477948735
2040,1,3.51485792826361,10.9991731600774,0,1.38946331137082
2041,1,0.181911458878165,7.62429880473381,1,0.169028074674063
2042,0,0.335042808048613,-0.0641322676956633,0,0.00965484236565467
2043,0,1.08785997897493,6.09394094847316,1,0.368965697281325
2044,0,-0.186058598640391,2.79951302845731,0,1.25331444793821
2045,0,0.544627344921555,5.66396798029472,1,0.180244653672006
2046,0,-0.0355543440355131,4.66870738538305,1,0.355166140078947
2047,0,1.14413882762333,8.63563097754044,1,0.670045063224777
2048,0,-0.0934761088339234,4.91534937575404,1,0.379339478145633
2049,0,1.41490832495242,8.2207372197377,1,1.1295514797711
2050,1,0.593789822693304,8.9885096157989,1,1.03654812876471
2051,1,-0.916923737580878,5.57043790925632,1,-1.23620244619422
2052,0,0.535924227584175,5.35293858577846,1,-0.16384751461164
2053,1,0.304411814665085,7.39513310723939,1,-0.0931598261311377
2054,1,0.664614543108889,9.82269055882003,1,0.975537212645279
2055,1,-0.150043771413297,6.69987080837043,1,0.395163753416884
2056,0,0.157319463228659,3.6619792205078,0,-0.0464144984309321
2057,1,-0.372262480592407,6.13930196232242,1,0.40123344321035
2058,1,0.218206012808067,7.8163385109503,1,0.817170645109729
2059,0,-1.01529901606336,2.96696962336005,1,-1.11163551457077
2060,1,1.0815057192092,10.9871762816502,1,2.28844743542665
2061,0,0.352757607899125,1.24912201751782,0,-0.181894116284452
2062,0,-1.0940877596268,3.6198984488599,1,-0.366410475994153
2063,1,2.21967573645095,7.6850535674629,0,2.35644364531325
2064,1,0.915044986913876,8.31475362104091,1,0.0357318902298934
2065,0,0.874194747778761,3.98910488805229,0,0.0859791390307844
2066,0,-0.286562317953529,1.19992618460468,0,1.03292228473435
2067,1,0.623819170287219,6.78720713226016,1,-1.37945360023584
2068,0,0.178287931618682,3.60054172016825,0,0.441013327213625
2069,1,-0.836997965695749,8.04725398975182,1,0.498361738923856
2070,1,1.42499176788757,8.60752939264041,1,-0.863163991672134
2071,1,0.435242098334139,3.3905538747739,0,-0.803357121966298
2072,1,-1.46228687040292,5.32094391134336,1,-0.144577575575497
2073,1,1.65985277619529,12.4175913263421,1,1.48895957501858
2074,0,0.699796211711845,3.15888216761111,0,-0.341364991676556
2075,0,0.201994132573551,5.42757333438708,1,-0.178193460590949
2076,0,-1.02395963808739,0.158378640789422,0,-1.11339882689516
2077,1,0.877212714045234,9.32032309285033,1,0.370803726010629
2078,0,1.73904276684527,5.12779710803689,0,0.659012343316082
2079,1,-0.261090175378149,5.95737112636558,1,-0.36034422100903
2080,1,0.311665758739737,5.62188274756129,0,-0.354232946577903
2081,1,-1.41967025276482,3.0711255941443,1,-0.762564778766201
2082,1,1.86847045691192,12.1253197731111,1,1.2962692461534
2083,0,-0.151784290171446,2.18415600709842,0,0.220282548170563
2084,1,0.185431270559042,9.7907886759562,1,0.627027980463686
2085,1,0.658748757108596,7.9011257912501,1,-0.0453456756539817
2086,1,-1.34196014806842,3.45437807667759,0,0.270299662348023
2087,0,-0.0949064916682573,5.98371294617545,1,0.513403473162398
2088,0,-0.679012455072833,1.32744853401148,0,0.391047760001775
2089,0,-0.323851902843084,4.49368298983054,1,-0.351589480095633
2090,0,-0.379706061107006,3.67827211999721,1,0.128931269096349
2091,1,-0.124628657992798,7.58997459269007,1,-0.31196455827075
2092,0,-0.212498117590458,1.66738087568866,0,0.530873747073008
2093,1,-0.202226390879831,7.39035723276886,1,0.507318785765944
2094,1,0.0538692690495384,5.01001167077086,0,-0.0616683723458841
2095,0,-0.789372508191924,2.03291263771202,0,0.437152243310325
2096,1,-0.171443629072688,6.74667214327975,1,-0.909641666375298
2097,0,0.827770013548603,3.7446473498172,0,0.528199386414357
2098,1,2.35674619866022,13.0954538040419,1,2.18176622802663
2099,1,1.03296187416408,9.09549647069277,1,0.286326919422864
2100,1,-0.61360179864238,7.4811784353336,1,-0.203147569917039
2101,1,-0.250375444786705,8.58831312676639,1,-0.279539543901091
2102,0,-0.0753475466389404,5.22630641046569,1,-0.642103579802124
2103,1,1.17503418613786,10.8442218363811,1,0.786009997323753
2104,1,-1.62798723508755,4.83837640621616,1,-0.776765310085141
2105,1,0.205211517675036,5.55374134587529,0,1.2096788893903
2106,1,0.988326753667983,8.54874938478499,1,0.826201870192193
2107,0,-0.806934632887392,4.09212403928679,1,-0.0554840155206887
2108,0,0.686212083736866,3.66853577218235,0,-0.283528114111626
2109,1,-1.18632833063379,2.51390211568478,0,-0.906527814216868
2110,0,-0.810533214373406,1.80557451691162,0,-0.272707521249794
2111,0,-1.65982664366987,2.07641442045083,1,-1.10255278927425
2112,0,1.36171777563114,8.01870058755219,1,0.602528579911606
2113,1,0.71374768680321,9.24280790017857,1,0.800186164842071
2114,0,0.267915242229299,3.25599012723024,0,0.369706989551078
2115,0,1.99728414901595,7.95493282220052,1,0.240552106934958
2116,1,-1.19855931960338,8.10758193729757,1,0.122620705814484
2117,0,0.563810162392648,5.25032951988668,1,0.738970892382693
2118,1,0.83689515228478,10.0329794483842,1,1.43617174704376
2119,0,1.3757525369312,7.94626997367119,1,0.854389127272147
2120,0,0.0946832672408562,4.26726465543815,1,-1.21669025385236
2121,0,0.290202635775837,6.15133761417106,1,0.517728228242327
2122,1,-0.643117543046231,7.49736575561448,1,0.106087966940501
2123,0,0.576554763660833,6.54744850135623,1,0.193137543629109
2124,1,-0.357809858071413,8.72555464797569,1,0.844298117066613
2125,1,1.82184149358125,11.2741980428509,1,1.69857516145501
2126,1,0.503691576620723,7.88047894337643,0,-0.294933521069024
2127,0,-2.03115507235829,-1.58682683553379,0,-1.30105484702462
2128,1,0.790524302160514,9.76311472324134,1,0.396239692876671
2129,0,-0.227113128594819,1.00600048990998,0,-0.493059017363988
2130,1,0.240021863709298,6.48670262728316,1,0.0882249094694212
2131,1,0.388485398004808,6.39754076055438,1,0.477505221859095
2132,0,0.68637635165886,7.53545926895301,1,0.812527570138879
2133,0,-0.655208836146795,4.8200010849495,1,-0.0508204931645513
2134,1,0.834784129422866,10.8604785539962,1,0.383029556966333
2135,1,0.530373484829071,9.57151439229152,1,0.57288660569923
2136,0,1.1765620872768,4.2783460623199,0,0.529139693428357
2137,0,1.40941261227389,4.39443352478407,0,0.811028660054668
2138,0,-1.66284968059883,-1.78048302400696,0,-0.574788783973342
2139,1,-0.115115150496064,7.18834499378429,1,-0.0134732750147322
2140,1,2.00095755812346,12.4926165027503,1,2.29045929915355
2141,1,-1.64113088037578,1.63937993403509,0,-1.23009800441244
2142,1,0.399944671444396,4.49278472873497,0,0.330112766592971
2143,1,-0.846265476135383,1.63020236758855,0,-1.46704603372733
2144,0,0.508014291300899,5.86490075522977,1,-0.607712139071428
2145,1,-0.702292298856906,5.59506767487007,1,-0.0685246528510633
2146,1,0.674083574296769,5.88679512081481,0,1.08110486436475
2147,1,-1.25328671435863,6.12775007983156,1,-0.399597681299413
2148,0,-0.568769550771129,1.15794889879995,0,0.235615956160441
2149,0,-0.429015458944754,4.94281412665265,1,-0.809921600242305
2150,0,0.909531147962236,4.57341031479476,0,0.0232887080141252
2151,0,-1.37126104777363,0.0911549754840222,0,-2.43376472369993
2152,1,1.34801156248878,7.7588134960992,0,1.21259674846411
2153,1,-0.426803518969688,7.96009664618534,1,-0.0538649430091348
2154,1,-0.520241551517808,8.07088137404898,1,0.39716601344782
2155,0,-1.56261692610483,-1.50043324902651,0,-1.89002106161112
2156,0,1.34901064695042,4.37955151090962,0,0.166682949644811
2157,1,-0.36587172591345,3.08856342117527,0,1.06460793575707
2158,1,-0.0459870772542651,6.85993340186889,1,-0.610314218968442
2159,1,0.952449231566287,8.9461500594998,1,0.479940104092411
2160,0,-0.886840412240056,2.97364715300306,1,-0.441489600226317
2161,1,1.55353643539159,9.80704525584263,1,0.226102729535073
2162,1,0.123809723971689,8.04816826132929,1,-0.151950439352536
2163,1,-0.257462766503186,4.38509700241501,0,-0.546687466514096
2164,1,-0.174245199181365,8.28498556723518,1,0.281075866064403
2165,0,-0.25748331109281,4.27810544806243,1,-0.517984509914419
2166,1,0.476519244117239,11.4837292758127,1,1.63077849754586
2167,1,0.604155153651628,9.21343313047346,1,0.483188854808657
2168,1,-1.0303832060881,3.51077675562127,0,-1.05545800969486
2169,0,-0.56269202929223,4.89133058029463,1,0.0320076080599714
2170,1,-1.10648435391064,6.43888748747584,1,-0.6211143888367
2171,1,1.47459851625825,10.5352629476771,1,1.59836068885499
2172,1,0.636934250079494,8.14326188881701,1,0.392669924255967
2173,1,-0.159948252772761,8.48776668934536,1,-0.418400949516002
2174,0,0.0179266296042985,2.16456170451458,0,0.316275805244688
2175,0,1.66548465210233,4.66764828984409,0,0.922277284843644
2176,0,-0.560152749880394,3.8048942983687,1,0.409132446638462
2177,0,0.445889547429658,6.13242391171959,1,0.910194492776309
2178,0,-0.653483581335834,3.35584132275722,1,0.399088510304794
2179,1,-0.231339396608339,8.38081002812905,1,-0.633112088068909
2180,0,0.193210038790464,6.4918147432374,1,0.757048139849401
2181,0,-1.73670303389392,-0.569816032297753,0,-1.45220414516756
2182,1,-1.41234786832839,5.51711371970409,1,0.320661294055358
2183,0,-0.266189948795251,5.08539381667794,1,1.2982580510595
2184,0,0.57634300334451,2.57581175048702,0,0.0739836420032061
2185,0,0.387663314341117,1.81238955904947,0,-0.249233746104079
2186,1,0.202220119020669,4.85648911184433,0,-0.743769412459113
2187,1,1.4016404347796,7.56305512372252,0,1.66262150143922
2188,1,1.50237310515485,9.94117886480013,1,0.905949076858086
2189,1,0.030550634915891,4.24854192759867,0,-0.00273281301694189
2190,0,-0.608254544340724,2.65526082196767,0,0.133933396436618
2191,0,-1.0814680362459,-0.881434424406282,0,-1.02619413565588
2192,1,2.74346177616626,8.11866019590462,0,1.02059395758888
2193,1,0.60488254636292,9.91837878441918,1,0.85230444184951
2194,1,1.84520070502166,10.8694183946665,1,1.63933000539192
2195,1,-0.698968312100315,3.90125060873584,0,0.0553781615920738
2196,0,-0.817882892809539,1.5561896059252,0,-0.254890930518867
2197,1,1.70446333344899,9.65167760689958,1,0.840094375986462
2198,1,1.57013682665924,9.48977976251531,1,0.702805795191216
2199,1,-0.184449076156741,3.63766087814037,0,0.070908843027162
2200,0,-0.44131867900482,0.0444444424950268,0,0.182192725829888
2201,1,-1.21116369956025,6.8278339361706,1,-0.356443517800793
2202,0,0.991441799377348,5.68456844490611,1,-0.206758350208749
2203,1,-0.16277193155843,6.14762024210503,0,-0.194564990091875
2204,0,-0.495469163332243,-0.0500932589835605,0,-0.406900405185986
2205,1,0.23789993519935,7.66728762996276,1,0.634830569791651
2206,0,1.06599150748643,5.30805417844715,0,0.275240267053868
2207,1,0.732194566097702,10.7460317968686,1,0.401897503989536
2208,1,0.203636227811032,3.70566462540411,0,0.932141173180255
2209,0,-0.3293856736387,4.72778971676741,1,0.289946994623581
2210,1,0.93514807904053,5.29149750586924,0,-0.142876211800486
2211,0,0.00305118123251714,1.77216048505001,0,-0.918276232855563
2212,0,-1.02206519673622,0.523568457951285,0,-0.511048537363099
2213,0,0.338074576376252,2.08167244793553,0,-1.45865614553395
2214,0,-0.0252458388676029,0.376058298005176,0,0.915976485455098
2215,1,1.48953310061434,8.68545145326663,0,0.734277624854324
2216,0,-0.189113285724875,3.5624626901249,1,-0.502476151508717
2217,1,0.128612468545386,5.69472640016115,0,1.38305555240202
2218,1,-1.08758420449414,3.09917988053812,0,-1.31994153734245
2219,0,1.57995201726393,7.6501895316361,1,0.706140731714085
2220,1,1.02454375591785,7.13518275070263,0,0.41834729088811
2221,0,-1.24599665130186,-0.416903402313086,0,-2.29775378519757
2222,0,0.127322712919458,1.7412725426405,0,-0.25472629882281
2223,1,-0.533893684079633,3.89942967175717,0,0.332504411218547
2224,1,-0.606894638280047,3.3653769323705,0,-0.120402314942072
2225,0,0.97335275784007,7.68877138259122,1,0.254761005803347
2226,1,-0.76029000752914,8.35766440669635,1,-0.486220150878465
2227,0,1.20842905286959,5.42787121041647,1,0.841191873109648
2228,0,-2.37609340153167,-3.81957572780393,0,-1.75040537505737
2229,1,1.32683603675953,9.19515067121924,1,0.135961034603963
2230,1,0.539136333580623,9.90642766170868,1,0.0443316198199772
2231,1,2.22927839752784,10.7931369393645,1,1.15975855500543
2232,0,-1.84855832632102,2.06121071218673,1,-1.62136258949973
2233,0,-0.123611820262677,4.43660572332535,1,0.934506232486286
2234,1,-0.964249385216504,7.67565152306865,1,0.186376221344933
2235,0,-2.30645032020434,0.78417621642471,1,-1.12253448907966
2236,0,-0.658555262041208,0.509691700845794,0,-0.0357027490037908
2237,1,0.671776162013834,5.64159795225626,0,-0.708169085077059
2238,0,0.471159043566957,3.4821489277892,0,-0.08167420658852
2239,0,0.563516278032456,7.30484322179144,1,0.956657149441831
2240,1,0.768826564922606,9.18444415445482,1,0.291000998428992
2241,0,1.36498030912939,5.06609130480194,0,-0.237488194826434
2242,1,0.389910320196302,9.50284909950406,1,0.476589839779127
2243,0,0.597062393799588,6.89628660214309,1,0.0408564897209531
2244,1,0.114244581587418,9.57626339464501,1,0.420953513623713
2245,1,1.02146080956086,7.60455283695528,0,0.182749857797962
2246,1,1.72855611895922,11.9119047139911,1,1.00986610301231
2247,1,-0.534816965908375,2.49569034673253,0,-0.910205355722086
2248,0,-0.94061524255337,2.46646127847837,0,-0.0670692786659257
2249,0,-0.30729866134857,-0.41098371143687,0,-0.101728345631582
2250,0,-0.179339003550001,1.26458315913886,0,0.0877447368684251
2251,0,0.715180560205905,2.8837392171324,0,-0.307033662814385
2252,1,-1.18315486847728,0.941196857762646,0,-0.463494149433019
2253,1,-0.493874502642367,6.46476110350083,1,0.129094604457938
2254,0,0.357605010212122,5.40852940256623,1,1.00176058195688
2255,0,0.574858872334951,2.94650718634908,0,0.265976572086363
2256,0,0.0675948459303247,6.62524649194622,1,1.09318246782043
2257,0,0.250568926448524,2.63348833528451,0,-0.919544101645481
2258,1,-0.478576829016894,3.55846443520613,0,-0.362635501896246
2259,0,0.181022806516524,2.15962913637891,0,-0.169270625536971
2260,1,1.83852934337353,9.58923584451476,0,1.4667072110177
2261,1,0.611413822382595,6.16852131539638,0,0.122512945801088
2262,0,-1.66730559100571,2.99711316747985,1,-0.884190110729443
2263,1,1.07157570698934,5.9678205261262,0,0.380787777866943
2264,1,0.00808488115440466,6.37219980802777,0,0.189791735906107
2265,0,-0.287625332304044,1.32860024616513,1,-1.24648286596282
2266,0,0.644971103165163,6.64899637522513,1,0.511664275675098
2267,1,-0.316506315057116,2.41302456855399,0,0.226395204921405
2268,1,-1.24221583281706,4.8063316530439,0,1.6773701100938
2269,1,-2.25121783475529,3.06258557093962,1,-2.51509160576718
2270,0,-0.317477486919238,-0.352938954172363,0,-0.565911448620683
2271,0,-0.0662660562147177,3.90146738473561,1,0.591937355517164
2272,0,0.373109409999291,4.54724759663264,0,0.788346419732222
2273,1,0.963376712375393,6.97142231338982,0,0.772358386308103
2274,0,0.714318245154616,7.49414549745804,1,1.22338363271621
2275,1,0.799947399010524,9.1373313615358,1,0.296744974791263
2276,0,-1.19786603040971,4.18187582424476,1,-0.130114769301843
2277,1,-1.80950805048962,1.10538745695953,0,-1.30698288649048
2278,1,0.636605093328071,6.00696397945312,0,0.222688354903152
2279,0,1.59257190288102,5.27802359351952,0,0.0336965030027334
2280,1,-0.423104462650829,7.29263334749253,1,0.42878862952265
2281,1,0.816047689630224,6.82049551971536,0,1.24397717098459
2282,1,0.474938940756486,10.6839445915228,1,0.703700482495744
2283,1,0.320855957590969,6.74830337533207,1,1.31907418945692
2284,1,-0.772119469072155,7.38781815954154,1,0.455621769813288
2285,1,0.59175083395015,6.67510439317485,0,0.524308899533051
2286,1,1.76976276733538,10.7370015395267,1,0.629679628601237
2287,1,1.23534235890005,6.08698739247453,0,0.0462073124455822
2288,1,0.788911968915486,11.1618804804479,1,0.649405294317917
2289,1,1.92692449295377,13.5475614580145,1,0.48426473279607
2290,1,-0.409224705887102,8.36268184038807,1,1.134057177617
2291,0,-0.152469210036529,5.21473355939774,1,0.555372615106696
2292,1,1.33957889950153,9.88174547786243,1,1.54546947928312
2293,1,1.28758079487608,7.10349723552384,0,1.70722256626741
2294,0,0.0155064038598397,1.8215744395326,0,-0.566255763030024
2295,1,0.614323618291256,8.67526105968691,1,0.970605194223158
2296,1,-0.727242201505076,8.77238283136853,1,-0.177887265810583
2297,0,-0.136964638508857,6.0990404184754,1,-0.536027590652133
2298,1,-1.35040963068474,6.44371036057643,1,-0.138552074308651
2299,0,0.37838287244687,6.87662859860365,1,0.795121277066215
2300,1,-0.584677404914372,8.19808661498482,1,-0.205575306813351
2301,1,1.22673432278252,9.33335674791671,1,0.36120570147985
2302,0,-2.81936433330107,1.5192023179529,1,-0.318238607506442
2303,1,0.179094310623836,9.84128618041724,1,0.440471138753457
2304,1,-1.714939944734,2.92485685820176,0,-0.55725541964246
2305,0,-0.863796889221417,4.73756075023142,1,-0.0389178168134098
2306,1,1.3232915575195,7.24717897552002,0,0.909890409506727
2307,0,2.05403224676833,6.29546046792267,1,-0.221456080617434
2308,0,-0.65501435775594,2.75078135158582,0,1.14430837397409
2309,1,0.456400836460336,9.18366243183992,1,0.838815055490722
2310,0,0.230483158616399,2.14270195135875,0,0.514632135607795
2311,0,-0.333858130845115,-0.221948156531693,0,0.173783897222073
2312,0,-0.379396678880959,5.40588615288687,1,0.21049289257455
2313,1,-0.866227562991768,7.53552747502235,1,-0.345590946591975
2314,1,-0.239829338026409,7.88384210925427,1,-0.724073266111325
2315,1,0.592068102799706,8.58692289793407,1,1.06686719032266
2316,1,-0.138431912487786,8.01830028299731,1,0.953303267846718
2317,0,-0.332218579946884,1.2270960108832,0,-0.070394987945123
2318,1,1.07362650384688,8.95282159432444,1,1.03484668236254
2319,1,-1.04130721323471,8.46275187026766,1,-0.0545182900711169
2320,0,1.10415381997192,6.40034272614335,1,-0.480305358753079
2321,0,0.13457073329986,5.82944988034744,1,0.578088110590979
2322,1,-0.0213324849091135,6.58789557145971,1,-0.563072791580062
2323,0,-0.0152504307763365,5.25076179669364,1,0.392184327154282
2324,0,1.76319248369636,7.32787238954378,1,-1.07626098811346
2325,1,0.683455880773246,7.30959503050947,0,0.52044283208524
2326,0,-0.0183203208483426,2.9700356855766,0,-0.252332298222321
2327,0,0.0952748337394759,7.50722281570991,1,0.244662819255739
2328,1,1.44749443387843,6.94868276479053,0,1.0021445262731
2329,0,-1.48664100316835,1.03153605867664,0,-0.93969514817406
2330,1,1.4524079236369,6.11034191225743,0,0.411721808384336
2331,1,-0.688402287204927,5.44882749636096,0,0.651246076887005
2332,1,0.139291283097782,8.895587531006,1,0.568853113226285
2333,0,-0.848364113428104,0.320186664880295,0,0.222046513730467
2334,0,-0.872258077000335,6.17036019403725,1,-0.0556040826004099
2335,0,0.296886527690831,4.84028970249332,1,0.727995126428023
2336,0,0.141997751057185,6.68482782118795,1,-0.734682532045862
2337,0,0.317080359597693,2.77582032169292,0,0.143320919904088
2338,1,0.871903471822222,7.39735556763224,0,1.92593841500592
2339,0,-0.618477163194227,3.1979050217826,1,-1.02904203399767
2340,0,-1.45486371530241,2.40720712773911,1,-0.507726705423395
2341,0,-0.0250540751823913,2.52287067007495,0,-0.34260262863833
2342,1,1.32396212028098,7.03232827216467,0,1.08269650558131
2343,0,-1.28417382914102,-1.07663166205478,0,-0.829154774721653
2344,0,1.14659915974771,7.03819291457273,1,1.32297279800769
2345,0,1.09430352572971,4.95139402545946,0,0.91226957898855
2346,0,-0.47577504079207,1.31314696107184,0,-0.473476926532326
2347,1,-0.562701914678256,3.15583899470327,0,-0.421286052189663
2348,0,-0.71590950069195,0.586224958619364,0,-0.43416387720946
2349,0,-1.14590838740073,-1.1939755106975,0,-1.44828896496211
2350,0,0.0226801667865409,3.8253918675726,0,-0.183004560870813
2351,0,-0.64019032323179,5.40050903171737,1,-1.0747842155938
2352,1,1.69252220097728,11.3933035826612,1,2.47276572424772
2353,1,-1.84208363922618,4.92911580978906,1,-0.874452592395472
2354,0,1.0879626664547,8.63241706736016,1,1.45118154161813
2355,0,0.867174851760381,5.75006252564186,1,-0.451224990693494
2356,1,-0.298240180355425,8.39006370394914,1,1.05262578984097
2357,1,0.969238396290999,9.92016208957192,1,1.37350686275935
2358,1,-0.270237740674878,3.73300892558055,0,-0.401498075940375
2359,0,1.78432703329716,5.21622460991797,0,0.154749938521282
2360,0,0.969258967711171,4.42845097257551,0,1.29924006048402
2361,0,-0.525450014256459,-1.74236705030157,0,-0.988945107004182
2362,1,-0.0127563392113911,7.82795362363155,1,0.59618684773044
2363,1,-1.04337313006409,6.59061410138451,1,0.0539844459857229
2364,0,-2.19254848468718,2.66865347338851,1,0.215722528521806
2365,1,0.317201543834937,5.63946161542719,0,0.930148713832463
2366,0,0.286614828184328,2.5013314313077,0,-0.553918205991786
2367,0,1.08456134932743,5.44584592939653,0,0.27713709811934
2368,0,0.309898765073671,1.76296681830365,0,0.900884190999514
2369,1,-0.786928614551857,4.43236938595388,0,-0.454911322059445
2370,0,1.4208591231886,4.28383877302353,0,-0.0362260016565199
2371,0,-0.346457077016739,4.69708540013594,1,0.209907020790114
2372,0,-1.04385632052004,2.32135103669272,0,-0.829814313141099
2373,0,0.573760586923663,6.52234019563406,1,0.837235498994614
2374,1,-0.89014703173821,6.74797575832053,1,0.751464682160487
2375,1,0.77449261660573,9.74768549189097,1,1.11787501937862
2376,0,1.31163492478874,4.87881723414751,0,0.836649999749851
2377,1,1.82603532502304,9.6402814874635,0,2.25808503595407
2378,1,1.48863515565598,6.91278646509628,0,2.27877110504032
2379,0,-0.612307150799135,0.956009251720673,0,0.282083914521023
2380,0,0.51054479687043,5.71905164604583,1,0.0767459978786818
2381,0,1.12629143213894,6.71078978714533,1,0.483234374841939
2382,0,-0.599150149454488,2.27178409004066,0,-0.480604137799518
2383,0,-0.0614197455523784,5.76925460717178,1,0.613827771183258
2384,1,1.42652822058978,7.56102856714989,0,0.91271749210596
2385,1,-0.00760216081094705,7.50208968670062,1,-0.910422249875163
2386,0,0.188116285627323,6.32592940683022,1,1.31463959650796
2387,0,0.193204797032007,3.91069491431182,1,0.0213654589570841
2388,0,0.140306342877725,0.84310015454738,0,0.856509747377638
2389,0,1.19146676663781,3.78768405571717,0,0.355030521553875
2390,1,-0.289328446876382,5.41217869534868,1,-0.158977412884101
2391,0,0.193418930365388,5.14687536339083,1,-0.16150369839123
2392,1,1.21535013358704,6.0768744185629,0,0.651830019646905
2393,0,-1.36375968054692,2.9561113555514,1,-0.0833192393423656
2394,1,-0.254993969810906,5.73292535690977,0,0.67795931544626
2395,1,-0.141515847923786,6.09965516314662,1,-0.821289919807583
2396,1,2.81392366232495,14.3560514321275,1,2.00951633293217
2397,1,1.25052578476533,10.1339827536045,1,0.33343427677144
2398,0,1.04566819536624,3.01909217715416,0,-0.165047377422075
2399,1,-0.0636991012555683,7.13893831108654,1,0.600471646021833
2400,1,1.40536964207847,10.4037875238753,1,1.2944005675736
2401,0,-0.714657699115712,3.88186919714532,1,-0.263965588761036
2402,0,1.61357426880404,3.68966580677156,0,-0.342031694613201
2403,1,1.01159324744966,5.96004560604403,0,0.790679588451674
2404,0,-0.125167961919192,1.08437875761472,0,-0.960886509773309
2405,1,0.275791046901876,10.2418936967471,1,0.345648093614169
2406,0,-1.18367502539202,1.89071428730724,1,-0.976372634996829
2407,0,-0.420564976156647,4.22082045482662,1,-0.282492079570296
2408,1,-0.0932789432191276,8.94930211952401,1,-0.596709197292963
2409,0,0.223665439158635,5.22647823984056,1,-0.509424499497567
2410,1,0.727489795965913,9.24948546216079,1,0.00297125595067704
2411,0,-0.664288486895747,-0.505353490972909,0,0.296563531563008
2412,0,-0.331915260878041,1.86460074376495,0,-0.306976389101333
2413,0,-1.25767802592787,2.9465991329655,1,-1.14916055064285
2414,0,0.133389255583042,4.12435558059948,1,-0.554045388215651
2415,0,-0.382995817294766,2.8617669471355,1,0.655900863249384
2416,0,-1.26993081753547,-1.5587790942332,0,-0.284051899286351
2417,0,0.159503856423556,4.3634335909876,1,0.223024784120923
2418,0,0.204533571739267,6.60408222208518,1,0.42659687293554
2419,0,-1.04679268213867,0.217228117200394,0,-0.554104632575662
2420,0,0.638391850025149,5.67632575465539,1,-0.0534282957314365
2421,0,-0.417945824238476,2.73750466430578,1,-0.52022874830618
2422,0,0.888845962037898,4.07494554147012,0,0.675692491131468
2423,1,-0.253889364554592,7.38358011614624,1,0.488228404661822
2424,0,-0.353183522498522,5.26567344764452,1,0.372121436106101
2425,0,0.392123863245483,6.28043295015413,1,-0.194111440116786
2426,0,1.39048004140386,7.70804265149472,1,0.990637466769855
2427,1,0.276277351736988,5.689452333127,0,1.79856516889844
2428,0,1.24994815957181,4.23161946863155,0,-0.371947146278155
2429,1,0.896926286376739,9.07832730239088,1,0.865576816889102
2430,0,1.08120001065166,6.4828674331337,1,1.66517485805396
2431,1,-1.79530101114384,5.22048458139124,1,0.852171142174725
2432,0,0.0247830865548675,2.49661990729748,0,0.24939074412704
2433,1,1.89364865900667,6.71810055036157,0,1.07395947947941
2434,1,-0.136939755587584,7.61542599127216,1,-0.427486855479631
2435,0,-1.50911032402829,-2.67383438354999,0,-0.38631428101372
2436,0,-0.736022077571759,0.908247353891798,0,-0.224100008729965
2437,1,1.26719766857588,12.0704703531206,1,1.62318336171832
2438,1,0.264278054725094,7.15720118365044,0,-0.000151556855844004
2439,0,-0.304922986298137,4.21445604504683,1,-0.369682549109888
2440,1,0.267439990252774,8.26564659530823,1,0.801772186383937
2441,0,-1.43599296696062,-0.74748999376053,0,-1.00382384494904
2442,1,-1.24461368713886,6.10673917835444,1,0.379179644075235
2443,0,-0.810794574882854,1.21656428297309,0,-0.711963494178763
2444,0,-0.441435887270385,0.91697160650616,0,-0.476372241473766
2445,1,0.990750381999759,9.54724202873038,1,0.388465895145934
2446,0,0.226641987519068,5.2318015382407,1,-0.727862317357246
2447,0,-0.47855083822575,6.08446343180594,1,-0.281828314843973
2448,0,-0.22259609161032,1.5476260244907,0,-0.290167304388522
2449,0,1.42665522559289,6.15872284722303,1,0.379859739404763
2450,1,1.84429248380658,10.2833521284703,1,0.700762529786709
2451,0,-1.08259080124419,-0.624051515863264,0,-0.0884256549224758
2452,0,-1.07731814630313,2.86021315152569,0,0.0482475743946983
2453,0,-1.71124027290614,-0.729453819509538,0,0.313103093074549
2454,0,-0.807773379493857,4.49688011254939,1,-0.590468763719278
2455,0,-0.094416163626761,6.76041352186064,1,0.247062526849399
2456,1,0.830602336100942,8.84382400490949,1,0.776302417818071
2457,0,-0.164314780629095,3.26231546056667,0,1.08494682404286
2458,0,-0.656575640709075,2.26939955091454,1,-1.08619544761246
2459,1,-0.223832205125193,7.07065644270461,1,-0.0322057403678223
2460,0,-1.49137491601626,-0.592371246540907,0,-1.01575668006631
2461,1,-1.37353928088746,4.71301125667626,0,0.342250853045569
2462,1,1.15726943061697,10.1713077699974,1,1.33317610388052
2463,0,-0.758320026092888,2.53693137967874,1,0.0717148297672917
2464,0,-0.288605166478873,5.90784034208534,1,1.49996438698859
2465,0,-0.0126914258396832,7.11168873882894,1,1.19183905952648
2466,1,1.03852182847715,9.96636170876769,1,1.25382510630762
2467,1,-0.69824533688223,7.15714428689361,1,-0.0849902657474221
2468,1,-0.32292307638118,3.71966570018138,0,0.392251357619122
2469,1,-0.0227190803904618,7.05396957062328,1,0.880160666262525
2470,1,0.663754791742872,6.85703148647279,0,0.947658401689411
2471,1,1.30056831553185,5.94477036681465,0,-0.123773689801211
2472,0,0.217667439027241,0.637223803183734,0,-0.426357134959381
2473,0,-0.762418949888731,3.0728839319161,1,-1.04535935017719
2474,0,0.336666291130733,3.39240339497236,0,1.03901195891083
2475,0,0.883155042390848,2.61415979149344,0,0.83778914652058
2476,0,-0.871967767500579,1.8116370538583,0,-1.31347096356298
2477,0,0.342735891600691,5.14022668491618,1,-0.126368441480643
2478,0,1.16338589466919,4.47196439441426,0,1.21904540085904
2479,0,-1.07583921589293,1.46682536016749,0,0.338819270427165
2480,0,-0.239344672833684,-0.827192272890488,0,-1.08993862977912
2481,1,0.293654456563363,7.91335191443181,1,-0.671471218700704
2482,1,0.4002078814097,5.08223441936962,0,1.73469617289776
2483,1,-0.00782483375101887,7.98021857315594,0,0.276995113084284
2484,1,0.257855459305024,6.1653197924085,0,0.212684754200501
2485,1,-0.985403257193311,2.6992108101635,0,0.179754915967165
2486,0,1.28421950075613,9.16578175742699,1,2.32625641656848
2487,1,-0.373967290791904,4.89715119495923,0,1.08390820134962
2488,1,0.887243823527032,9.3601285081777,1,1.13090319073945
2489,1,-0.0685438632949826,4.60089523731358,0,0.828429475687922
2490,1,1.07377042883336,9.82435347452732,1,0.385045696964705
2491,1,0.566392066733109,5.22155622011901,0,-0.358176665973349
2492,1,0.972137934415139,10.2642573377605,1,0.881680564655676
2493,0,-1.19881084080939,3.97700340509574,1,-0.692228004714602
2494,0,-1.11142325778888,2.8318270148922,1,-0.0312744923788357
2495,0,0.708728691164838,7.52480267323677,1,-0.129694843639739
2496,0,-0.692993726128088,3.34876985464461,1,-0.919248026508166
2497,1,-1.14898643248248,4.63644691608041,1,0.10319997946337
2498,1,-0.536916637837595,5.07711762422816,0,-0.920540746504891
2499,1,0.220128923151626,5.76047397551905,0,1.10619336586355
2500,0,0.600264463225027,3.31136336774335,0,0.331485046160131
2501,0,0.443428910923646,1.84555278883888,0,-0.901093109464013
2502,1,0.358842973258465,8.48159611020035,1,-0.0523992601655285
2503,1,1.04802289108142,8.1251887717761,0,1.32867611348964
2504,1,0.616421365123158,6.66071305847245,0,1.10565803666324
2505,1,-0.294152862154105,7.7321365836904,1,0.54023904581576
2506,1,0.150188397258546,7.84031049324521,1,1.1585146829373
2507,0,-1.67689261459974,-1.14186530168561,0,-1.05575824424802
2508,1,0.422508171854021,9.33222566511476,1,0.830355287674808
2509,1,0.00105389876046364,7.41271538346495,1,-0.300217701004859
2510,1,1.22140304127867,10.3348942899607,1,0.65007428174916
2511,0,-0.956017003111601,3.60700141547185,1,0.307898956231153
2512,0,0.740516073952382,5.55866900287598,1,0.926014181810463
2513,1,0.740263823777769,10.7935088004366,1,1.09287680704162
2514,1,2.00230469164992,8.29638154599343,0,1.61577910621002
2515,0,-0.728982902854266,0.955090058565598,0,0.334263702732435
2516,1,0.254350676289325,6.14243666057226,0,-0.13992686874721
2517,1,1.11123305027809,11.8359966054562,1,-0.135533834764934
2518,1,0.764116756390732,10.5570968612248,1,0.547509799526947
2519,0,0.486130976080513,5.16571465843993,0,-1.35444142316215
2520,0,-0.200442658667565,2.91227841134531,0,0.290763755975448
2521,0,-0.94223749911795,0.644186289199932,0,-1.42867021483837
2522,1,1.30372829560113,11.3258021162102,1,1.3089207367623
2523,0,-1.5032405652637,-3.34265706276809,0,-2.38444163703289
2524,0,-0.275753959004744,2.66908164792161,0,-0.118825497386967
2525,0,-0.783443466264932,-0.369436576438863,0,-1.38378145368339
2526,0,0.420134643903478,5.13582739444515,1,0.0790555675393507
2527,1,0.0990964589549403,5.9083963641742,0,-0.303783498510182
2528,1,1.26011751260577,8.82831336323208,1,0.800082454942835
2529,1,-0.839264428903754,3.26574576394139,0,-0.115600037823413
2530,0,0.431574986881753,3.56204365249948,0,2.03412455740903
2531,1,0.209371558501644,7.34300334303006,1,0.473154113804583
2532,1,-1.06818443751903,5.38859398807545,1,-0.749494625778623
2533,1,0.838524698142931,9.26572448873843,1,1.57847875633403
2534,1,0.479545473701536,6.68564909708662,0,0.378011403910582
2535,1,0.57439016723612,4.34685199728098,0,0.0130611269950723
2536,0,0.741306174853868,2.3393454827332,0,-0.0246728005894568
2537,1,-0.324211308384672,8.13974517366152,1,-0.816774362007031
2538,1,1.4907394565722,9.57725395844326,0,2.14449957016089
2539,0,2.08334925251625,7.05081478382365,1,2.30962895768768
2540,1,0.507311563498656,10.1717515032382,1,-0.0390499621157088
2541,0,-0.0973418422946762,0.655855457382242,0,0.896220784515345
2542,1,-1.0749577765467,2.46137974554954,0,-0.785637068735906
2543,0,-0.077422372364826,5.54080298236594,1,0.663792153221681
2544,1,-0.220498607058821,4.79498893306348,0,-0.813014883539175
2545,1,-0.10591954588125,9.11863097939464,1,-0.261478993497566
2546,1,-0.297996002880632,3.24117797564449,0,-0.287540423491733
2547,1,0.562374683974741,7.08372468371742,1,-0.325619734847394
2548,1,-0.0568575277234802,5.61045380617629,0,-0.0112897704773053
2549,0,0.901774546922975,6.42764867210656,1,0.310114114381633
2550,1,-0.0860384537236405,7.14783330244626,1,-0.778086940057068
2551,1,0.012381790855712,4.71382997525118,0,-0.0960221430306884
2552,0,0.81994706745131,7.12081516508033,1,0.17045505370195
2553,0,-0.599271673940274,5.75519971792548,1,-0.0429712908454603
2554,0,-0.439982853138642,3.68333545902764,1,0.691044813915607
2555,0,-1.1368181217714,-0.570976769396109,0,-1.34611565734964
2556,0,0.251586990557976,7.36145553657061,1,2.24764527937544
2557,1,1.72717701653662,8.68451016595589,0,2.39409823118206
2558,1,0.544140343806458,10.0000623854439,1,0.631847675233013
2559,0,1.0331398182827,8.09547284044096,1,1.03447465933221
2560,0,-0.422194561987405,2.45963011202742,0,-0.407504992964245
2561,1,0.758739043545839,4.10687038133651,0,-0.339344355815855
2562,1,-0.260185964136495,4.01247042625977,0,0.0424501683633521
2563,1,-1.22320641169392,5.8708397014445,1,0.254111293787705
2564,1,0.232036888444038,9.50020973108596,1,1.12937666733884
2565,1,0.553594033430253,4.30847289685733,0,0.636255215517118
2566,0,-0.222151328602606,5.14611979206265,1,-0.666293119512402
2567,1,-0.552793830033067,3.21165541978989,0,0.0942916712712782
2568,0,1.36673727640898,6.71579390844354,1,0.131902707448401
2569,0,-1.18075947952979,1.16508267224709,1,-1.88244033253076
2570,0,0.674299916559234,5.94417643808266,1,1.35825107430784
2571,0,-0.300355749140225,0.221772299401462,0,0.289445261344548
2572,1,1.75288018878546,8.49934014835569,0,1.39246268591311
2573,0,0.646854049652489,3.16722550278812,0,0.480413118477272
2574,0,-0.0401793499519362,4.92060260817621,1,0.294704646774737
2575,0,-0.767136753672397,4.82704430974595,1,0.144899736472785
2576,0,-0.556672487879641,3.57606563259225,1,0.21516307334068
2577,0,-0.0712348227277985,3.19947088297318,0,1.69909778440488
2578,1,2.27939138835552,10.3144588015833,0,2.00251364388522
2579,0,0.919682477634402,5.1795415274412,1,0.469662532830481
2580,1,0.21075910451027,8.25178289680861,1,1.23895860192294
2581,0,0.0455349356344397,6.62313466162048,1,-0.393746750922215
2582,0,1.3794880135169,5.28871432793961,0,0.269261856420851
2583,1,0.0588511552180133,5.59664791371265,0,0.534417660687602
2584,1,-0.607689595873443,2.15916446890888,0,-0.149007831571602
2585,0,0.22883884895172,3.14686812557719,0,-0.483054484371096
2586,0,1.75709879461688,5.23023578098912,0,1.84226744877105
2587,0,-1.95293422842215,-1.4973750242919,0,-0.477992760018715
2588,1,1.13692737269447,8.33150817614153,1,0.656073813419257
2589,1,1.24861312584163,9.9692555305014,1,1.22720925268456
2590,1,1.0859599958754,12.3943587779435,1,2.01165597128017
2591,0,0.293028106706522,3.63000536224885,0,1.19980910438067
2592,1,0.775622264378634,10.1665914008956,1,-0.747959826611773
2593,0,-0.103066600786783,5.84696107995568,1,0.0158632017272451
2594,1,-0.6271043198438,3.01627016774916,0,0.237435040026531
2595,0,0.781451426977811,6.26628704365233,1,0.0797201147260486
2596,0,-0.0812194413168299,0.846898542258826,0,-0.683688781818011
2597,1,-1.69787030980261,1.75247872407135,0,-0.645466831067475
2598,1,0.573850713970782,10.6110518139643,1,1.28514288947528
2599,0,0.702963725586142,2.06514132899028,0,-0.0156375290902195
2600,0,0.50173537083185,1.70650693324227,0,0.147831471803844
2601,1,-1.30930100696652,6.20503818177775,1,-0.813275571850423
2602,0,-0.84186979547882,-0.84758741872573,0,-0.586379670468927
2603,1,0.956890936672586,11.7220137787194,1,1.72994506757356
2604,0,0.00569776979078544,1.36439185407377,0,-0.369881855782851
2605,1,1.3228648191701,9.11393941569413,1,0.388203856749068
2606,1,0.643930773088652,6.5833364195592,0,0.139984490608474
2607,1,0.696798576264371,8.39571906489716,1,-0.307446051008426
2608,0,-0.147215019662076,1.93172815468829,0,-0.498645895181399
2609,0,-1.52482257458377,1.85453275829865,1,-1.26154637999431
2610,1,-0.0746190432862198,5.78377698739592,1,-0.254385475147505
2611,0,0.748194450505549,6.05422845701521,1,1.22032972433774
2612,0,-0.0931873749814978,1.63772395429508,0,-1.61175495003668
2613,1,0.62009607301173,9.12879586447667,1,1.81524770034123
2614,0,-0.126531294586216,4.26116536385946,0,0.434477621547224
2615,0,2.19161462732238,8.44976740326659,1,1.42674795971613
2616,0,0.0144191623011522,6.26503878155442,1,0.178819476899038
2617,1,-0.0137974574718092,4.45448153953165,0,0.158985996268043
2618,0,-0.780167384790967,3.5014273387988,1,0.144517966382342
2619,1,-0.414388391875632,7.68184216700242,1,1.18167257436691
2620,0,-1.30211118179397,0.558612717322401,0,-0.711171338606507
2621,0,-0.626878907894554,2.63741955477943,1,-0.53560258093956
2622,0,2.90254107588111,8.82631821068736,1,1.54715712363259
2623,0,1.46410577795153,5.02152917791479,0,1.17137080929133
2624,0,-0.352826463347171,4.25753506097645,1,-0.330612648799043
2625,1,1.13944349183597,8.87431309848774,1,0.695939709901547
2626,0,-0.389814417118206,2.5942105098313,1,-1.4049027811549
2627,1,-0.459829706578718,6.16009664111655,0,-0.298955658730004
2628,1,0.359231153611086,10.0912466491214,1,0.9698510965544
2629,1,1.7392291606205,9.70245021625746,1,1.37861980652111
2630,1,0.586798340470307,5.4844128371467,0,1.01159315049451
2631,0,-1.58480904198925,3.61314125693227,1,-0.448453844552437
2632,0,-0.992551005913007,0.227748698602757,0,-1.23891454395872
2633,0,-0.458243312664667,1.83641492528081,0,0.208276876883042
2634,1,-0.773304933012037,7.69378413241068,1,-0.0467904205141243
2635,1,0.757094000800576,6.46447675816775,0,-0.202695058859353
2636,0,1.38073613800283,4.503532930422,0,0.824002855462251
2637,1,-0.412660013966094,5.01434757671267,0,-0.438346287066206
2638,1,0.610226541120049,6.45966544887536,1,1.07303516908411
2639,0,-2.43499561408827,-2.32964829417515,0,-1.55155009422865
2640,0,-0.545259774833389,1.84114938842431,0,-0.558797955839255
2641,1,0.638829848645322,6.9626643940322,0,0.443889176808665
2642,0,-0.219839592913162,1.92053004252034,0,0.415376553543412
2643,1,-0.0114396487352918,4.40937574740002,0,-0.0293287924523734
2644,1,-1.5060646215975,5.62297306612277,1,-0.707828111735162
2645,0,1.92979707687465,4.6403921092552,0,0.645984004491772
2646,0,-1.62108909118797,-0.356449916943982,0,-0.571947737579494
2647,0,-1.81910422281118,-0.443718918285539,0,-1.26067271811047
2648,0,1.73093169015692,7.17729296993569,1,0.948049097689284
2649,0,-0.401006727935797,0.208577459077807,0,-1.07259529701869
2650,0,-1.37038371158874,-0.50984246383892,0,0.502288125187065
2651,1,-0.0768662688355376,8.71140183270741,1,1.00110641521087
2652,0,-0.556100407475451,0.354125397990172,0,-0.665249505366103
2653,0,-1.84477880247821,-2.5871137078394,0,-0.992915612538392
2654,1,0.207666526563987,8.72169116686127,1,1.5744126149704
2655,1,-0.653618901802683,5.76389179184786,1,-0.318144807001656
2656,1,-0.51782625678111,5.48831354415079,0,-0.0228677194949693
2657,1,-1.41877072066739,2.24507373725232,0,-0.496292774745301
2658,0,-0.947670650984837,4.36622929061388,1,0.405270431109825
2659,0,1.4994127890725,5.43105641030581,0,1.12619195345621
2660,0,-0.301506046030953,-0.763805081191321,0,-1.20206325991378
2661,1,-0.357296141119455,8.57524885320583,1,-0.839165092357695
2662,0,0.436658398823973,1.33657223204468,0,0.748317236263213
2663,0,-0.0730178533167939,4.16167158714546,1,0.752396298728469
2664,1,-0.030314062134676,7.29033114840687,1,0.13177465330824
2665,0,0.320133552248809,3.6048607065572,0,0.29088057157832
2666,1,0.820726351936652,6.59636578806642,0,1.16881774778596
2667,0,1.09312965183467,2.87331317839907,0,1.30965702242878
2668,1,0.435415960437215,7.31226390225539,1,0.161092143165875
2669,1,-0.0876538238702039,4.99886539478595,0,1.45062248040722
2670,0,2.66021281073653,9.83098261535961,1,1.85918200336141
2671,1,-3.2895105663178,1.91155610198812,1,-2.08446775902807
2672,1,-1.19827251469914,2.74422475627519,0,-1.71939721222059
2673,1,-0.879620729789791,7.11730710085775,1,0.453692376987075
2674,1,-0.0500881058278387,8.21874358364524,1,1.52081400336098
2675,0,-1.04124532127833,3.15095186580656,1,-0.639368098995082
2676,0,-1.39705000334748,0.647785803632855,0,0.447553208010494
2677,0,-0.406362573914557,1.5378681610417,0,0.40175975559183
2678,0,-0.796203735156304,-1.84850641717184,0,-0.826085540588338
2679,0,-1.23833729671144,3.1315215380913,1,-0.102785299482397
2680,0,-0.780253176976843,3.31011983611343,1,0.284396537867565
2681,1,-0.215059684123291,6.00701255435266,0,0.933042561432962
2682,1,1.49932361304602,6.85579604424769,0,0.277398606118475
2683,1,-0.0385824853917674,8.22382648130157,1,0.270017182683352
2684,1,-0.0843735419408137,5.70293009033433,0,1.22931613165384
2685,0,0.476360794196307,7.24928494328193,1,0.176637906281441
2686,0,0.419896330477406,3.01698866817785,1,-0.273900008880527
2687,0,0.68581963157947,6.3816937840949,1,0.330649779587993
2688,0,-1.85259616444868,2.52508794676189,1,-0.299637132341998
2689,1,0.818219522624534,9.16352026014961,1,0.966634485230076
2690,1,-1.41350178361385,2.93800770145785,0,-0.670945397062292
2691,1,-0.0587966592648843,4.48282965092644,0,-0.442481378625037
2692,1,1.21131812713489,11.0003682946089,1,1.33085502596064
2693,0,0.0243181796759768,5.18654411433888,1,0.285117360070073
2694,1,-0.229596719654309,3.7717705044275,0,-1.50798040028534
2695,0,-0.74543986448612,1.90881854246652,0,-0.244687446321408
2696,0,0.619523462040018,7.97174281384539,1,1.34799798012328
2697,0,-0.726701801330235,2.80082596159073,1,0.21376737570737
2698,1,1.34525248732503,10.6689973154131,1,1.02705018593804
2699,0,-1.04153154692786,0.302780607217313,0,-0.321586628286603
2700,0,-0.56492174733572,0.341567001478118,0,-0.0609943423890527
2701,1,-0.0551708351819396,9.17057008764936,1,1.07043566423254
2702,0,-0.237027653109257,2.41590865671691,0,0.372886221723235
2703,0,0.974419469860601,4.10699680193451,0,0.488797977311765
2704,1,-1.30810550723605,3.51930111076561,0,-0.531926886405771
2705,0,0.344119215880025,3.66298115503384,0,0.845195006657586
2706,1,-1.07081499966219,2.38516850081966,0,-0.134142370555751
2707,0,-0.417871974144287,3.58206053295755,1,0.00224905182980081
2708,1,0.501181287943768,5.18909107076704,0,1.01854763985651
2709,1,0.459363312380484,10.8875853990285,1,1.40901842643656
2710,0,-0.778263073327833,3.2223866195566,1,0.319608542923639
2711,0,-0.929843844438112,2.91559445297514,1,-1.16448119948809
2712,0,-0.033965147916783,3.01349748592953,0,0.00792752742576179
2713,0,-1.59269769602689,2.28974020735373,1,-0.571341159849495
2714,0,-0.38170612713229,0.703571365209703,0,-1.32702079297429
2715,1,-1.90645330838275,4.63610283267311,1,-0.50141616647475
2716,0,1.64687789981953,8.20071435625149,1,1.41372002111035
2717,0,0.107123344675991,4.66424261860155,1,-0.218774784123858
2718,1,0.0583327107870056,8.40107940642424,1,0.30708407023766
2719,0,-0.331459926587903,0.277676855121613,0,0.704942206609873
2720,0,-0.214118142902411,2.97657700364972,0,1.14302623527879
2721,0,-0.315510244951867,3.5718215865524,1,-0.34632151039682
2722,0,-0.784577012468681,2.00147260506317,0,0.0599303858576596
2723,1,-1.44962970505503,3.18275283101548,0,-0.677686873273123
2724,0,-0.178945601205496,5.36003080241967,1,-1.27344618352824
2725,1,0.0377422238306941,6.48762041529667,0,0.92513828715529
2726,1,0.236768611471026,4.70843317196117,0,0.693945072228531
2727,1,2.39429485648981,12.5473675632738,1,1.71322849663481
2728,0,0.932361026292347,7.27627054090164,1,-0.0617539083394415
2729,1,0.167829857526035,9.11806700077892,1,0.614777963814018
2730,0,-2.33164058268204,0.797819947077073,1,-1.18727989965426
2731,1,1.30822822953745,7.21332649842495,0,1.58840953888728
2732,0,-1.40367958189773,2.06067740592249,0,-0.38587561822625
2733,0,0.5818339341173,3.56369887268962,0,0.431371423919705
2734,1,-0.763887742770618,9.23606152877679,1,0.563097993803909
2735,0,1.23372357218674,2.56374077420611,0,-0.216204493923602
2736,0,-0.685210660270835,2.65264640009095,1,0.0300099336280914
2737,0,-0.462854833172723,2.56583634527923,0,-0.405739494859028
2738,1,-0.451357838314478,10.2977184869313,1,0.0517513196356936
2739,1,-1.80951301712979,4.38739903126191,1,-0.655762274392355
2740,0,-0.161053503212362,2.16340157120193,0,-0.131566610031644
2741,0,0.256774123049659,2.62044223670719,0,0.494136844065734
2742,1,-0.345842260146524,7.00879098483443,1,0.225862947380148
2743,0,0.527847067048342,5.70770126443361,1,0.0103488850565695
2744,1,-1.25315653469279,5.32423391064453,1,-1.09276789643773
2745,1,0.0859871357674094,7.66587815789305,1,0.661860702850297
2746,1,-0.468934565196943,4.91103962587901,0,0.512698086117615
2747,0,0.950290926447146,5.57516554914496,0,0.525955146322809
2748,1,1.37198549287616,9.94744684106404,1,0.910549522867665
2749,0,-0.574251178360538,1.65526416596044,0,1.15965278475156
2750,0,-0.0510503845382707,5.47722258669263,1,-0.532767616011917
2751,0,-0.21428884030854,0.750067331580377,0,0.114357984199797
2752,0,0.191247405735571,5.37070904080231,1,0.146152308006918
2753,0,-0.643177415952509,1.08705065564487,0,-1.50199707243032
2754,1,0.235419568796472,9.24904512150554,1,0.101116386098969
2755,0,0.874211673318413,7.46101418420352,1,0.0968835184128456
2756,1,0.308427255915904,8.86009854884194,1,0.50386870093124
2757,1,2.22842796707237,11.838660659489,1,1.36275230190741
2758,1,-0.153480952654835,7.62266194149027,1,0.0521614492066855
2759,1,-0.923375465236722,6.99047146573381,1,-0.708590838945755
2760,0,-2.12082247326715,1.89235696181545,1,-0.984335945974751
2761,1,-0.334089548890623,5.3444697736337,1,0.0786837270690365
2762,0,-0.642139236793859,5.94992805023346,1,0.611363393515654
2763,1,1.90737379486406,9.39734885665976,1,1.06587131553106
2764,1,1.48640138867933,9.90074930987179,1,1.32168961020937
2765,1,2.25553164882606,12.0231709140061,1,0.863072578929684
2766,0,-1.02271234291515,0.249974915203331,0,-0.166942880093298
2767,1,-0.527184742036171,6.21725617892052,1,0.234040437594618
2768,1,0.676649433174322,10.2481675997454,1,1.26619204854142
2769,0,0.0620662769704189,2.92936824116489,0,-0.49326656384264
2770,1,0.33033229346203,5.72378539673635,0,0.829799089383227
2771,0,-1.0310380164752,-1.54660700300222,0,-1.36164963524871
2772,0,0.584117346025615,6.12224624681784,1,0.456596118989399
2773,0,-0.436454450442285,2.42329432611398,1,-0.46695627459839
2774,1,-0.271274552472875,3.87592022834308,0,0.294737608912455
2775,1,0.467425101476641,9.34817051558838,1,0.257839735078186
2776,0,0.598792182892595,3.05181939376474,0,1.17547538882113
2777,1,0.243807627750267,9.80289486899306,1,1.69021097272868
2778,0,0.782444274524449,4.43166603727331,0,-0.1040811970939
2779,1,1.01712466388779,9.61393625240733,1,0.0739558576299997
2780,0,-0.208907908874414,0.991807731500892,0,-0.148405912513919
2781,1,1.58812385550083,12.4326704654736,1,2.0895996130378
2782,1,0.940619601021401,11.5810279218043,1,2.01590816604351
2783,1,-0.704619161343523,2.37328089092198,0,-1.33105888545126
2784,0,-1.06781435930813,3.04904958094339,1,0.51035169360551
2785,0,-0.340203381784192,0.500528162281847,0,-0.694306762464204
2786,0,-0.924952568771511,-0.0447868775309672,0,-0.878918319416243
2787,0,0.0936587734513225,1.69202276548906,0,-0.74900527818824
2788,1,0.995548506789924,8.0394193164885,0,0.3676679391426
2789,1,1.50261707889278,11.6890488161738,1,1.36720790356979
2790,1,0.557165442458617,9.93841882501144,1,1.16185386703012
2791,1,1.53443119319042,6.04743598633785,0,1.18471302505423
2792,0,-1.45810932117115,-0.811378673610073,0,-1.75918035459773
2793,0,-1.08426339542759,1.26227390401194,0,-0.547946420462685
2794,1,-0.0735952963895676,9.20243987061472,1,-0.0137931813920628
2795,0,1.13830826898689,5.1824707045759,1,1.16133379152118
2796,1,-0.818059497109779,6.2085868113276,1,0.0852316391055684
2797,0,1.16262856112612,3.03962221714797,0,1.96530687028174
2798,1,0.244989769679186,9.01039847993839,1,1.36170117046597
2799,0,0.0966697841165499,3.03816897074841,1,1.27158471587834
2800,1,-0.20314192310503,8.00932284605559,1,0.0353286899972643
2801,0,-0.292173949368997,5.02019458748963,1,-0.0175572714030705
2802,1,0.422678441299709,8.99042017779419,1,0.904928949728187
2803,0,-0.71827270812339,5.14694331548547,1,-0.45943787325295
2804,0,0.616464638031328,3.72786730082554,0,1.51030321520449
2805,1,0.671389248976689,7.50356790918432,1,-0.0130615576295408
2806,1,0.920795129553609,9.27554018013389,1,0.918917567903006
2807,0,0.0816374993174178,3.21109425779011,0,0.00947001249885695
2808,0,-0.109206318969146,1.81766404883255,0,0.699073685940828
2809,1,1.11355497881837,10.598222153761,1,0.914493921992638
2810,0,0.515873250931517,3.10452264137118,0,0.590817976224545
2811,1,0.619087599928224,9.7847575103003,1,0.169005650050291
2812,1,0.443398438250172,8.00594262454802,1,-0.711294513389313
2813,0,-0.344702695290806,5.9772294799861,1,-0.102992719400408
2814,1,-0.111625092318739,8.668557821019,1,-0.418592496226982
2815,0,-0.665118210457472,3.27927703726273,1,0.309833493761511
2816,1,0.332335596705746,8.27199090307414,1,-0.0502051620430911
2817,0,1.03993460094898,3.65829114885142,0,-0.118727765881404
2818,0,0.742787481059955,3.48662929187576,0,-0.401676092157465
2819,0,-0.719927295029055,5.1374240197074,1,0.0166363219572714
2820,1,0.34366122447512,6.3885079001441,0,-0.588187282671965
2821,1,0.719294060899778,9.5163844994957,1,1.5301474533907
2822,1,0.181053707184373,5.08851217523517,0,-0.198640320621127
2823,0,1.82684849623759,7.23153326835345,1,0.46309403849009
2824,0,0.35682283397705,3.77397841038302,0,-0.269424037437311
2825,1,-1.69698979686997,3.81411108444414,0,-0.620394275184423
2826,1,1.59164292722226,6.87714163092793,0,0.857946487801459
2827,1,-0.784672800264394,5.57543947456192,1,0.679262089717003
2828,1,0.00721200347999325,10.4632211299118,1,0.989117852295888
2829,0,-0.643585816611077,3.70173288844639,1,-0.710029091687674
2830,0,-0.654521764955324,0.231679841450254,0,0.125415626885826
2831,0,-0.165440636940245,5.72526109558098,1,0.175171991266634
2832,1,1.25702287187484,10.925492980183,1,1.13112532775463
2833,0,0.72146857352324,3.25243507819107,0,0.642168415749057
2834,1,0.0495126885514241,7.00500754799449,1,1.20697558373994
2835,1,-0.741437009172367,3.69106645354714,0,-0.371711081251599
2836,1,1.03285833404068,9.38098832734781,1,0.460623495315189
2837,1,-0.584309844394447,6.30029555393256,1,0.355085745012751
2838,0,1.46881863868041,6.09474528344029,1,0.692803451008886
2839,0,-0.241636782556502,2.62258857890773,1,-1.13890852790468
2840,0,0.144773612319306,5.90102942868556,1,1.64783905796662
2841,0,-1.26220323667995,0.24364192776686,0,-1.0732116748658
2842,1,1.97290724738555,11.993640870536,1,0.81232046577089
2843,1,1.019116006744,12.0215022785129,1,1.65157443317414
2844,0,-0.409665278116333,0.851148383278709,0,-0.157932652350431
2845,1,-0.120830542653908,4.68388735652559,0,0.0176739460053
2846,1,0.0524001934105258,8.84047549904921,1,-0.133792395949856
2847,0,-0.348708057232887,2.07191654047183,0,1.07547845004426
2848,1,-0.432693718655548,6.67356401622018,1,0.0375133854607824
2849,1,0.179757057761206,4.04971880704869,0,-0.67590317609473
2850,0,1.75733293796027,6.34162399517038,1,-0.521210489293443
2851,0,-0.818412487226146,0.0720178334146165,0,0.547687760079932
2852,1,0.10608641090448,4.62959949530281,0,-0.243911075424895
2853,1,-0.590468407292489,7.05855658136687,1,0.524213010187158
2854,0,-0.182110377862232,5.07808905079449,1,-0.0498221570219701
2855,0,0.301591690501474,7.13748333288173,1,1.18555450182086
2856,0,-0.36659539876041,2.79881865392518,0,-0.0837917741185294
2857,1,0.484164466344733,5.38332046773348,0,1.01008952436971
2858,1,1.89692525916274,11.8163659126554,1,0.953432336396809
2859,1,0.295530531912516,4.79688009758584,0,1.27169551930619
2860,1,-0.0508319163531285,9.33910089496035,1,0.278303090702215
2861,1,2.00055495335867,8.00120215702993,0,1.09582079730286
2862,1,-2.22366905347773,2.05602315910413,0,-2.1977094210492
2863,1,-0.612215964797937,6.61240274229857,1,-0.980913407903569
2864,0,-0.0153180678812478,2.59502203258119,0,-0.647930311421094
2865,1,1.10795445432987,11.7152111249581,1,0.843982233333112
2866,0,-1.86068806344556,0.914080071757118,1,-0.783933148529646
2867,0,-0.758663367091374,0.549967791988525,0,-1.00667656479581
2868,0,-1.16791564614005,2.6215326918635,1,-0.123104902540132
2869,1,0.871264144443247,10.0083613367328,1,0.482840945881331
2870,0,-0.228775171147233,1.89745326137181,0,-0.763513970356902
2871,0,0.42236243161067,2.48376119597905,0,-0.0828841082719372
2872,1,1.47995527357008,8.36347143500325,0,1.00388331382763
2873,1,-0.741849900193846,7.38913813356739,1,0.684973998732183
2874,1,0.661857764790465,5.93304345104972,0,1.11914114242639
2875,1,-0.190849806036091,5.40626552763724,0,-0.0521567840376875
2876,0,0.282600822242496,5.32175396419023,1,-0.00183086330161472
2877,1,-1.14745200189338,3.72329642532647,0,-0.337691299070465
2878,0,0.283694102779039,3.73017402571974,1,1.53326565597657
2879,0,0.0377241312941825,-0.255651617637446,0,-0.479548534680975
2880,1,-0.239317192766231,9.14291571056675,1,0.814024046203675
2881,1,0.842076796099886,9.51590302247617,1,0.781086581926635
2882,0,-0.303809983439645,4.84125309655214,1,-0.498114305844371
2883,1,0.986701544542104,6.0029226983847,0,2.18290865167291
2884,0,1.57641889180192,7.98717037430893,1,0.11277122610523
2885,0,0.367013049089853,5.23444317756427,1,-0.739792088301629
2886,1,2.16994359957495,8.31429132144492,0,1.88439581238982
2887,0,-0.920508925199989,-0.243732514277518,0,-0.524697476613883
2888,0,-0.25815707657067,2.77982971008565,0,0.566484049057539
2889,1,-1.11097958304634,2.76934611091073,0,0.357954423328193
2890,0,0.894997907223948,6.13460329810965,1,1.50057407418047
2891,0,-0.0859137208135009,6.93883759466796,1,0.965385002408322
2892,0,-0.0992344968638634,2.81717741707081,1,-0.540147842326108
2893,0,0.474650227900176,2.44068286439456,0,-0.179044454633635
2894,1,0.486783400460879,5.19473419027893,0,-0.453362312955698
2895,0,1.31147594214096,8.10662388184529,1,1.39716373294193
2896,0,-0.12391226886327,4.72264373196568,1,-0.662382636333097
2897,0,-0.608460145704072,4.89111357072312,1,0.00256471376790962
2898,1,0.132551791871476,8.2614328106507,1,-0.306726195302548
2899,1,1.14143104285166,8.63205203345149,1,0.11070392984301
2900,0,0.650103069234177,3.39576316604133,0,0.705301580410666
2901,0,-1.02979365871568,2.00514987102188,1,-0.102378407621955
2902,1,0.54916976075063,7.85291911430349,1,-0.55570101712419
2903,0,-1.09736529904252,-0.903453615807424,0,-1.4367638250044
2904,0,-1.17831072214109,1.59245900971705,1,-1.20264973990072
2905,1,1.06528079287088,8.44346588618087,0,1.95315494444447
2906,1,1.93293486665544,9.11206795572296,0,1.29006662069396
2907,1,0.496230872633519,6.39187689434322,0,0.610901217895245
2908,1,-1.26327952617584,5.00785900514197,1,-0.335960174401002
2909,0,-0.130240934007302,3.05857535135162,1,-1.44789814284026
2910,1,0.81956678267493,9.71869673536866,1,1.34641571299008
2911,1,-1.69805706890366,5.68156487290795,1,0.357286218617146
2912,1,-0.942119332369367,6.67798167634134,1,0.461723428771794
2913,0,0.489581748054043,3.98400083364957,0,0.203357927512774
2914,0,-0.192941275105023,1.93413305135644,0,-1.07111896890509
2915,0,-0.0815509374107169,2.30192442454982,0,0.698793383211972
2916,0,-0.3161217176837,2.50701856544668,0,0.585137394992091
2917,0,-0.766778650223259,0.50857162310146,0,-1.36081260964974
2918,1,0.226992338551626,7.21787072131683,1,1.22257358663284
2919,0,-0.47444263237261,0.450226210490623,0,-0.649646347704536
2920,1,1.26833720377559,10.9764023518218,1,0.397236827017048
2921,1,0.396623984901543,8.33380365965703,1,0.59145023290048
2922,1,0.154125892223905,7.0023670424311,1,0.481745374420565
2923,1,1.71749658409968,11.29466603996,1,0.457707696162295
2924,0,-0.220312370524019,5.74442309209781,1,1.02188371636662
2925,0,0.306061521089599,7.22507788840864,1,-0.521121714297943
2926,1,-1.22922415978328,6.51955726719848,1,0.656399233696859
2927,1,-0.32899740087261,5.7648781668571,0,1.00362149011536
2928,0,0.214089857638088,5.50878665993603,1,0.148452574865461
2929,0,-0.82152641112804,1.99283118627277,0,-0.423599557382376
2930,0,-1.19100929429009,-0.385489884903637,0,0.138108089255269
2931,0,0.632250628227388,8.27558910350869,1,0.779651770345076
2932,0,0.712005089624019,2.00531224854298,0,-0.0968467303319397
2933,0,-0.410020907993587,3.82449151527561,1,-0.555396346912404
2934,0,-0.15334363374632,1.51470449321239,0,0.158681041532508
2935,1,0.545902395869332,10.333697810356,1,1.35383627277966
2936,0,-1.32694600344713,2.36048647780318,1,-0.862870286646689
2937,1,-1.3203622520864,3.82099820711624,1,-1.3364269266556
2938,0,0.611450633519406,5.4167944356836,1,-0.196709321261351
2939,1,0.493452584390094,6.58859743225596,0,0.382757730610549
2940,0,-1.68688424768943,2.83521222919287,1,0.305005714455834
2941,1,2.37227688743121,8.57211089848477,0,1.26927991137165
2942,1,1.0447984672348,8.30670235910917,0,1.72900715840067
2943,0,-0.531209335768512,2.45561434430059,1,-1.35227605803954
2944,1,-2.26722690849773,2.11434879215138,0,0.233298850803875
2945,0,-0.417943233317568,0.485552511640283,0,-0.178789256229199
2946,1,0.655605153537173,6.14565122409442,0,0.783418277317353
2947,1,1.35637184772241,11.5859664685947,1,1.06835097844573
2948,1,0.578223092728164,6.52838510449527,0,1.36339192726237
2949,0,-1.72152939281002,4.65618090833441,1,0.143025048400268
2950,1,-1.08223485243209,4.91992770509963,0,-0.384135876958536
2951,1,-1.31434688018281,5.84093662953184,1,0.781886047715774
2952,1,-0.418254369261042,5.27583959122025,1,-0.603903240309539
2953,0,1.86812349997109,8.24204443682017,1,1.4970334326943
2954,1,0.0733444534671685,4.57075003985418,0,-0.243193994981241
2955,0,-0.223593446581291,-0.401068014075191,0,-0.626113011601318
2956,0,-0.174568043329554,2.60857426584961,1,-0.380061369869101
2957,0,0.839963730510385,5.69020845417291,1,0.116829743474245
2958,1,-0.402244128486777,7.79372853266279,1,0.221604885267245
2959,0,-0.123376874847548,5.71064415122352,1,1.26504337487019
2960,0,-0.446108994038081,1.25309024362594,0,-0.124565234707835
2961,1,-1.09414950819908,6.75838759386318,1,-0.0535921541424918
2962,1,0.116356760857047,4.39440534098059,0,0.0400978383054487
2963,1,-0.72875047446437,4.39218320690169,0,-0.186495190137106
2964,1,-1.20196697053847,6.83123600187582,1,0.566646342457432
2965,1,2.62384929692478,12.1847581223323,1,1.85125948388499
2966,1,-0.247476518870943,5.07609621596172,0,1.18342147113613
2967,1,0.290254348881347,8.88645527446556,1,0.362290473514227
2968,1,-0.382991172058524,8.00712793878979,1,-0.0982176806954412
2969,0,-0.603396852260609,1.85190369871688,0,-0.523053208028776
2970,1,-0.575248640597304,5.78641425623604,1,0.638946321368403
2971,1,2.45586709128141,11.1347585847842,1,1.71189421517392
2972,1,-0.807551375263229,2.04843851759131,0,-0.339946158523865
2973,1,0.88116838024794,7.51434712356317,0,0.768361701527433
2974,1,-0.717412634675543,5.86151978660034,1,-1.16153144990296
2975,0,0.200584487505788,4.42002924570274,1,0.201017566762554
2976,1,1.41191694777111,10.9299915285408,1,-0.546108332396874
2977,1,0.398079400818512,8.37001687492964,1,0.412181800158382
2978,1,-0.414868576773469,4.06059686015692,0,-0.64034431449133
2979,0,0.0353271756139726,1.18122530614731,0,-0.901528581406664
2980,1,-0.452522731775758,6.24666074500465,1,0.180002815173877
2981,0,-0.866492284140543,4.04747157905176,1,-0.233268758709895
2982,1,0.987761283720702,6.33379965109106,0,0.70043619438723
2983,1,-0.752805406456437,6.61798284954307,1,-0.364932529638272
2984,1,1.92787654352049,11.0870843254042,1,0.527129069629798
2985,1,0.257621033509399,7.55863604235398,1,0.128066007828357
2986,0,-0.873802625421904,0.827138450577899,0,0.415996489480684
2987,0,-1.16414059852088,2.33525031807588,0,-0.318536132339517
2988,0,0.415762813553895,3.68281750359601,1,-0.710805883098872
2989,0,-0.600534042535657,2.99477905434646,1,-0.635770027830475
2990,0,0.399439786299345,1.9957001690079,0,0.0891151307460025
2991,0,-1.08834659762701,4.08029933625399,1,-0.232844277565325
2992,0,1.70666960376118,4.50133113019358,0,0.471449687889348
2993,1,0.0739625415193122,6.15720206148144,1,-0.570709377284268
2994,1,-1.27160263848181,2.57182805131533,0,0.118127767427079
2995,0,0.457957076280795,0.716406812847235,0,-0.595208046470034
2996,0,-0.536340834978299,3.21460288963952,1,-0.850670995491125
2997,1,-1.20096881648409,6.86479866919307,1,0.0242194754999404
2998,1,-0.834221315131876,3.82345230006515,0,-0.21401221153995
2999,1,0.625815502831969,9.62092312062577,1,1.67792682424948
3000,1,0.263728121597118,9.71690761132773,1,1.5396847918074
3001,0,0.274417579490657,3.81139418951639,0,-0.437467885194802
3002,0,-0.194297836391784,1.47710171587383,0,0.159823436677861
3003,1,0.706771791720971,10.5525598558904,1,0.462096293696989
3004,1,1.59034283057647,10.8482204612036,1,1.63441655193158
3005,0,-0.123411533072684,3.01635676986479,0,0.323488611470066
3006,1,-0.325663905473427,4.06819959248698,0,-0.436382869977647
3007,1,-1.11651476810406,2.23027962246601,0,-0.483729539078146
3008,1,0.216748181037507,5.23976463230191,0,0.106739682709924
3009,1,-1.14172133990612,6.22026781352267,1,0.478600507673281
3010,1,-0.863711369784486,5.76338844987555,1,-1.67965929676695
3011,0,-0.55818502475836,3.91539763672455,1,-0.851353656845239
3012,0,-0.0110704976975086,1.20520722260372,0,0.0580313058484517
3013,1,-0.441606184035662,7.93358761105904,1,0.235411912225533
3014,0,-0.548399628649697,5.273185370743,1,0.594611643390833
3015,0,-1.11237914511264,0.632940132765087,0,-0.218635194035503
3016,0,0.47331534079142,5.57506707230144,1,0.460496959937179
3017,0,-1.13747172835256,2.44398758456175,1,-0.257225020744053
3018,0,-0.981395039675674,-0.841330192095794,0,-1.41282645426377
3019,0,-0.0415492717112391,6.05606220452736,1,0.501815889151435
3020,0,-1.32057361517282,1.91471891962454,1,-1.04886358691402
3021,1,0.132193086042718,7.26589229594462,1,-0.0077487336599058
3022,0,-0.90349977188226,3.04060433496971,1,-0.290828802003531
3023,1,1.65487641274647,9.91307382819735,1,1.73324120213588
3024,1,0.144129530259854,8.38381483201577,1,0.579455610368422
3025,1,-0.394345613360634,5.0559067794925,0,-0.0523643180870833
3026,1,-0.0551654042416525,5.84037677121998,1,0.268388980602583
3027,1,0.212262627212198,7.71963530277768,1,1.09061797687664
3028,0,-2.72032674993933,1.6469942852006,1,-1.64127742681358
3029,1,1.62705696336627,11.8536865923974,1,1.40142430277619
3030,1,-0.297910992586715,6.87377754347717,1,0.111447658080756
3031,0,1.3756223309986,4.47076883621965,0,0.85769108556566
3032,0,0.896642766249951,4.74692188095531,0,1.42185940782772
3033,1,1.75692868965063,7.80816297428652,0,1.23802655276124
3034,0,-1.17263112977064,2.66834085634425,1,-0.792334335119317
3035,0,1.11320494889943,3.89896633342189,0,-0.059319035417068
3036,1,0.336470995687765,5.29924224349793,0,-0.401143771323806
3037,0,0.274160244125433,3.2067063729461,0,0.532183138428324
3038,1,-0.833085559111502,3.90495639082087,0,0.0448403908345379
3039,1,0.802583511986008,10.8985731473937,1,-0.132643704083208
3040,1,0.172676800762997,6.91325969372081,1,-0.414623361159201
3041,1,-0.374292519756178,5.66868014750281,0,0.242213100434119
3042,0,-0.0694230943739365,1.30882554085864,0,-0.621518136482895
3043,1,-1.30726990790352,7.07940179019844,1,-0.10553600087604
3044,0,0.131540125659432,5.23604987545789,1,0.351320564054092
3045,0,0.581402087037336,7.11915479693879,1,1.84088894023909
3046,1,-0.335291509215102,2.61585389465368,0,0.499531907025864
3047,0,1.44085126126495,7.75760746737691,1,1.10363964218813
3048,1,-0.0163753104705105,3.692651249632,0,-0.0478880031962525
3049,0,-0.678897776962137,0.177205352489721,0,-0.382471621774524
3050,0,1.98812995137423,5.57321480794523,0,1.82142715060784
3051,1,-1.1758198550957,6.05653558216706,1,-0.673515892456525
3052,0,0.124800115699085,6.78184376110586,1,1.41343029481328
3053,1,0.190587605077361,5.54206812933205,0,-0.973771056502419
3054,1,-0.463545516901272,4.93472203237743,0,-0.418999227180667
3055,1,-0.824408678855447,6.81117527487908,1,-0.589608796994543
3056,0,-0.331058050383257,4.04069891039211,1,0.355379731974183
3057,1,0.0684765079449716,9.58470615817939,1,1.49227422831306
3058,1,1.41171609068245,6.28212150615358,0,1.20628318268759
3059,1,0.72900931124112,7.26110486558125,0,1.42419086998326
3060,1,0.860372197133211,6.6840557799318,0,-0.161194200204151
3061,1,0.920421338587252,9.37750887445287,1,0.452090142036633
3062,0,1.15357013915577,3.40531916206569,0,1.06677734129148
3063,0,0.384983385385244,3.2419273251532,0,1.09408488057384
3064,1,-1.17012964065601,3.3967801916871,0,0.765517515409653
3065,0,0.00901597567331041,1.18065597119964,0,-1.15326863683193
3066,1,0.25383389302479,9.57131075178653,1,1.64343387603451
3067,1,0.282265569635562,8.10215551448519,1,-1.63444895860299
3068,1,0.730010049030437,8.96837094025254,1,1.00117142878749
3069,0,0.10091031036091,3.32142664512453,0,0.337158990806136
3070,1,2.04451149311693,7.42739511176646,0,-0.349549647167104
3071,0,-0.47522157136351,0.485584811468443,0,-0.569812769521074
3072,0,0.261998634497187,1.66578487541624,0,-0.0528754700322459
3073,1,-1.00653965758463,2.25359471453102,0,-0.219213131441054
3074,0,-1.66581442495001,0.540232045030444,1,-0.828029435008003
3075,0,-0.738494491002256,-0.354434919145206,0,-0.57637793736794
3076,0,-0.569052682041502,1.27387394830956,0,0.10170737522015
3077,1,1.32227564243862,6.1832282468251,0,1.50361451594706
3078,1,-0.0925129532150919,8.54290212703665,1,0.294086423810451
3079,0,0.674866670358316,5.52092064602247,1,0.331874291510856
3080,0,1.26387741564876,3.91507190353733,0,-0.00947544386845378
3081,1,-0.440352205593056,3.14374252797126,0,-1.99401291391938
3082,1,1.65027212744807,11.6484645234226,1,1.10686300844927
3083,1,1.20409576046333,9.67946701982482,1,0.971992889867917
3084,1,2.23416053475812,10.2734300449465,0,2.12552015760492
3085,0,-2.14306246161022,-0.725839331349362,0,-1.29883875196304
3086,0,-0.705222745668016,2.60781910524502,1,-0.217693307327268
3087,1,1.35026166941921,7.56421743784115,0,1.49850676479071
3088,0,0.35363298273035,1.46905806219146,0,0.298254480435346
3089,0,-0.629099331149896,0.83277592579926,0,-0.325536585764633
3090,0,0.878945272386794,5.6543965115403,1,-0.0437459262057569
3091,0,-0.921370640968944,1.96080288614428,0,-0.65476344723768
3092,1,-0.57030165060227,5.16473456464619,1,-1.29202954421613
3093,0,0.0434030935809082,6.3050245759736,1,0.939586248960473
3094,1,0.511869845862515,4.69902519645506,0,0.884711990016287
3095,0,2.64946283407424,9.36847467183603,1,0.760823930258116
3096,0,-0.236161797763202,1.82203684110441,0,0.651156999384549
3097,0,-0.0571616843437522,2.04956053076877,0,-0.552434724628639
3098,1,0.680284276824771,8.03260595916436,0,1.03559624553131
3099,0,0.0883311967540823,3.01417493628182,0,0.636704043279715
3100,0,-0.804268187004651,4.69781541739968,1,0.70433159223248
3101,1,1.95458741888656,10.0963107155557,1,0.901618532586529
3102,0,0.597439751712391,6.26018151443809,1,0.209073592212435
3103,0,-0.0302314254043071,2.08303512799485,0,0.367127933287586
3104,1,0.970330844086013,9.41333951196293,1,0.597338565750951
3105,1,-1.15211678326811,3.89795732891623,1,-0.497749028018024
3106,0,0.373396378324388,0.702120598922244,0,-0.825233197247141
3107,0,-1.53426648213312,0.753551641117565,0,-0.952633221025836
3108,0,0.441563114578009,5.66800797618005,1,0.724565997575477
3109,1,-0.96278856215666,7.36480775193839,1,-0.0754546591729556
3110,1,0.837062083671072,7.93049756943592,0,0.762176639577643
3111,1,1.07075665146028,6.25943777458932,0,0.207123288419642
3112,1,1.5572817038351,11.7423541593756,1,0.894762520107032
3113,0,-1.11553074222446,0.347508252362244,0,-0.47723086846645
3114,1,0.149246172421045,5.82255658401636,1,-0.336308447729374
3115,0,-0.103631612111531,2.80330655876698,0,0.197290230469411
3116,0,-0.0326433763224033,4.04279457557424,1,-0.857724533703966
3117,0,1.36388718795205,4.45832751889245,0,1.24914868797285
3118,0,-0.86407190057103,4.53311065061841,1,-0.102023473009789
3119,1,-1.32106185777954,6.08878203331874,1,0.165118594439726
3120,1,0.530366111921295,9.0222064390216,1,0.66186230047608
3121,0,0.353770709973031,4.96875897745743,1,0.303444714540576
3122,0,0.309934091749878,4.90923950579204,1,-0.0162765464937976
3123,1,-0.440296168670365,2.06876388924694,0,-0.354168955458783
3124,0,0.419035239108168,6.25235038387311,1,1.48954985970082
3125,0,-1.17831419195251,0.28839002477525,0,-0.72256536873369
3126,0,0.117084615675449,5.05546544968276,1,0.405143128365561
3127,1,-0.677179624496665,7.08229894332512,1,-0.0407059659301071
3128,0,-0.246512953163516,1.83650832885221,0,1.07570043441354
3129,0,-0.883487183676164,4.34562797206789,1,-0.0862184861871946
3130,1,0.0917295283433523,8.77969878232974,1,0.359219318270332
3131,0,0.0955802504843352,3.08849641710142,1,-1.21474704120656
3132,1,-0.480978598972098,5.30142968250047,0,0.791649823194914
3133,1,-1.26759584596741,2.59184062205377,0,-0.653147595891727
3134,0,1.03079630452932,3.44830051487886,0,1.25315713120159
3135,1,0.320828717201926,6.34143369418388,0,1.61407661110745
3136,0,-1.51208578735781,-0.0380281431491658,0,-0.76751453483156
3137,0,0.561789239144423,5.08212622181887,1,0.739941614966321
3138,0,-1.61273364430719,2.75964108719458,1,-0.96006171418305
3139,1,0.694462485818927,7.40110747460921,0,1.38552786430983
3140,1,0.180625049828585,4.02595969434694,0,0.624652886892821
3141,1,0.662481123411043,7.54953120499679,1,0.602203508401285
3142,1,-0.589612296504217,5.96068782131398,1,0.616348799429516
3143,0,-0.896492441965581,4.2833538484325,1,-0.67404186673861
3144,0,0.53760349910689,7.16592394840591,1,0.367176390812992
3145,0,-0.283860159803694,3.54258217790887,1,0.0226242089572503
3146,1,1.13776271125034,10.137628196489,1,1.23358857114231
3147,1,0.00222867501388657,6.38779129872695,0,1.04384138496524
3148,0,-0.966197503358667,1.40114490067488,1,-2.25363572115773
3149,0,-1.53883211825872,-1.21239673917101,0,-1.3314041149837
3150,1,1.06562364134787,12.5448383716128,1,0.461392702824884
3151,0,0.318742354264315,5.75286694992335,1,-0.343258696832213
3152,1,0.203607666087715,8.51861560402937,1,-0.443315820520335
3153,1,-0.9513317522219,5.50326583441288,1,0.610746782948146
3154,0,-0.872104090185909,4.9629858478407,1,-0.34428736399572
3155,0,-0.337275416712007,5.38728095168015,1,0.199092478985021
3156,0,-0.691830654789841,3.62404392032763,1,-0.617690500696929
3157,1,0.0418585037537216,7.36347946964122,0,1.27535497884951
3158,1,0.854892815630824,10.5602670536149,1,1.07584065486286
3159,0,0.584282042931392,4.66184999092782,1,0.196884480211523
3160,0,-0.612646159009149,1.03307161024656,0,0.456015467570137
3161,0,0.197788932582087,1.41779437523156,0,-1.11382186595504
3162,0,1.73062491309578,5.91423823132374,0,2.10296959054988
3163,1,0.637968391157924,9.53568652913266,1,0.736403436195809
3164,1,-1.08895026609494,2.32162233807203,0,-0.970306187478357
3165,0,-0.563402881164515,4.74023298675935,1,0.182329032786026
3166,1,-0.0757234092134627,3.64513680202517,0,-0.303921046172832
3167,1,-1.05474956592723,4.22839715733086,1,0.934854470567403
3168,1,0.876699018305014,11.2002567127884,1,1.34300454051847
3169,0,-0.492547380181207,2.22435673636545,1,-0.820823664623442
3170,1,0.776677816682009,8.51717808066294,1,-0.164346748577939
3171,0,0.424664610801944,2.01248583402114,0,1.42668251034519
3172,1,-0.511172677369557,4.1550794131905,0,0.0786057196910731
3173,0,1.02520084616177,3.33468823070981,0,0.916182271956866
3174,1,2.34633670498111,14.1857058435032,1,1.8657611819129
3175,0,-1.08584332072069,3.26158367524856,1,-0.624909184812982
3176,0,0.42785318458427,1.49864646045951,0,-0.893846647485019
3177,0,-0.539980618683443,2.04290362336078,1,-0.654022887866582
3178,0,0.561939968549989,6.28075911446166,1,-0.226336732253513
3179,1,-0.767592230545918,5.49559325954399,1,0.222642106001795
3180,1,0.772781341922921,9.28353366446396,1,0.0825828753109592
3181,1,0.474424760030203,6.72022730826509,0,1.08211097678299
3182,1,0.859609778489143,8.19045894886258,1,-0.117453507750164
3183,1,-0.014596709034737,7.85071462624722,1,1.07199871770386
3184,0,-0.527769665460836,3.97341902804383,1,0.131754831227482
3185,0,1.62414061067927,7.31963718160785,1,0.229574561070025
3186,0,1.05157374879068,5.68109523079704,1,-0.207344166538883
3187,0,-0.672933443570146,0.426692803769379,0,-0.254908128942404
3188,0,-1.82121464974511,-1.25408439380061,0,-1.28023861093824
3189,1,1.07798399033568,9.88982919588229,1,1.20320423990702
3190,0,0.493716288465781,5.21690720224547,0,0.519208399593005
3191,0,0.979662631804518,3.60689817378268,0,-0.178372648631341
3192,1,0.605892007370922,5.30631197992722,0,-0.341071993774022
3193,0,-0.463719131544619,4.33867087088801,1,-0.00212908695301922
3194,0,0.558669422869586,6.31980225213681,1,0.907052980516856
3195,1,-0.526044418692946,7.3225573483921,1,1.40241491066155
3196,1,0.927597449475506,5.84360096519964,0,0.818452190806389
3197,0,0.987608415468528,7.60557883467592,1,0.74319002379308
3198,1,0.853388374327395,6.67401982061943,0,0.309989005567506
3199,0,0.565251196299758,0.859171222056041,0,-0.0612198990633672
3200,0,-0.708476471496734,1.28481991913858,0,-1.48620604917219
3201,0,-0.406132138192824,2.12248797430226,0,-0.047439070303889
3202,0,0.274263013705794,2.243153466081,0,-0.550286101407207
3203,1,-0.26889012134537,7.88022203552537,1,-0.0466031790685707
3204,1,1.88713945812143,6.99952655828834,0,0.473306107427211
3205,1,0.167519622250428,5.81931906175002,0,1.095311658994
3206,0,1.43859626512794,6.77999695071661,1,0.569415422832383
3207,1,-1.53179295169548,2.11997907262574,0,-0.506895639086385
3208,1,-0.258373303832621,2.76291594141948,0,-0.782044102027897
3209,0,-1.24049201731505,-0.0828564677705355,0,-1.47095321627784
3210,0,0.551185513601758,5.56982009040493,1,-0.335332077915678
3211,0,0.292798185201657,4.51387668880121,1,0.152792792534482
3212,1,-0.10885429132561,3.57358936101538,0,1.03845107092809
3213,0,-1.28104795553005,-1.1211245429625,0,-1.67425456314426
3214,1,0.152850493700395,9.14677026480624,1,1.48240500223316
3215,0,-0.429495948203502,2.66983684232859,1,-1.12687346574502
3216,1,2.66230905093076,9.67744645906513,0,1.9797506030979
3217,0,-0.873088807697233,0.33444273944662,0,-0.349799316378902
3218,0,0.220898313560566,4.39422494762693,1,-0.616036463941147
3219,0,-0.211492663001309,2.83503402519876,0,-0.145747461509003
3220,1,-0.728080193442686,1.67854999140144,0,-1.3643361246535
3221,0,0.464041833346814,4.47782670950141,1,0.996672009948996
3222,0,1.04744583443335,3.869062153158,0,0.65695259062027
3223,0,-2.0440117948644,3.10085675351504,1,1.29112569463384
3224,1,-0.727316061686649,8.51061100467979,1,-0.762095869760267
3225,1,-1.12350378348363,6.51850171911518,1,-0.827691493246095
3226,1,0.139846246529439,10.0059606830473,1,0.0489983418911521
3227,1,-1.23660223604522,3.47918003176571,0,0.190688670024838
3228,1,0.827041103601955,9.42721593861615,1,0.857257477855645
3229,0,0.494512100624475,6.53368563571713,1,0.294155200202158
3230,1,1.17172912223507,9.88516577133119,1,0.646028848578891
3231,1,0.490458682644851,8.52072266903783,1,-0.931414609812919
3232,1,-0.240850846578445,7.45943730656448,1,0.0613277092270662
3233,0,-1.81586938669171,0.941043066665508,0,-0.409256060512781
3234,0,0.344297483898718,3.9695102052408,1,-1.75265783333528
3235,0,1.57696143849576,7.26387514468787,0,-0.0137272474802949
3236,0,0.116305774943622,4.31213090356112,1,-0.48336368523132
3237,1,0.328723515873724,7.61082491634981,1,1.02744618694611
3238,1,1.55775378957239,9.29332383883673,0,1.11581060112024
3239,1,-1.16282433440365,7.18061556942586,1,-0.190268696732487
3240,0,-0.447286237707299,0.921912048863095,0,-1.11698493486036
3241,0,-0.497499926587077,1.01902013097242,0,-0.265194175073669
3242,0,0.594756213882566,6.18493106427621,1,0.24000914571323
3243,1,-0.949277657245268,3.15392653246548,0,-0.286225201567137
3244,1,2.54527820785061,13.2381806747087,1,1.98445763118616
3245,0,-1.3382185654573,2.14632895758722,1,0.277303893337911
3246,0,-0.590493209211064,1.9876989110291,0,0.386224716120729
3247,0,0.409959793168149,1.29598951152058,0,0.753520847805617
3248,1,0.72518723584666,8.59207168244221,1,0.798507826896083
3249,1,2.26858056859742,13.0180955594937,1,1.20707742801849
3250,0,1.11119988559902,5.68570204618436,1,0.0988600348787627
3251,1,-1.60615905652262,7.40566765263487,1,0.978890049470092
3252,0,-0.231878114194147,3.50508256076411,0,-1.0544682490849
3253,0,2.66051375033037,10.3921938003387,1,0.755616488326603
3254,1,-0.744129820159994,6.68607099678415,1,0.74064126909647
3255,1,0.812879953107739,10.5214029105947,1,1.84323133633725
3256,0,-0.0756433896948385,4.36316733568897,1,-0.39190722037803
3257,1,0.61440186434929,9.68715423222899,1,0.531476923917541
3258,1,-0.288477553777536,4.19258182012258,0,0.559889449850774
3259,1,0.0328894122340621,4.65827646850003,0,-0.119375337390591
3260,1,-1.21744579674338,5.67925226161291,1,0.825870540941504
3261,0,0.450840176456903,5.72821644436753,1,0.180721649294326
3262,1,0.259244790196178,9.37382248934094,1,0.145018966196828
3263,0,-0.298644514895992,-0.452559270058591,0,-0.464434823349416
3264,0,0.262114471261356,1.39486018007817,0,0.459207876571157
3265,1,-0.500064550030795,7.88153348950744,1,0.667238253289323
3266,1,-0.018290283218845,2.42016134638545,0,-1.13889951459308
3267,0,1.27019611873009,8.47083750857044,1,0.892133392953304
3268,1,-0.198963210257456,6.90074113309805,0,1.469625853146
3269,0,0.918297987643605,7.87607936400136,1,1.10037387448483
3270,1,0.844411388725894,6.59991173780305,0,0.873632886212559
3271,0,-0.192147806843537,2.43865251508964,0,0.673791212954719
3272,1,-0.91867546974911,7.74827701442458,1,0.500859494447089
3273,1,1.28899830545104,6.935272266386,0,0.510401928621821
3274,0,-0.767482786850346,3.57034261645327,1,-0.203652268272957
3275,1,0.17513946749619,6.05301249073672,0,1.01221817301138
3276,0,-0.197079259299289,0.634019924505542,0,0.236040040401443
3277,0,-1.41187986438708,1.24424065700125,0,0.152093388354585
3278,0,-0.16452662286878,1.62907769272926,0,1.05616813310819
3279,0,-0.453200991073305,5.56429716778948,1,-0.329149742653377
3280,0,1.93709324593457,10.6618155369405,1,1.31771137850797
3281,1,0.364031678932398,9.63336638310367,1,0.920751533322973
3282,0,0.922397800961162,2.88724865333569,0,1.39606114824796
3283,1,-0.237883047801028,3.19918302433852,0,-0.124615016874337
3284,1,2.13496682624626,9.2004732851154,0,1.48760918210192
3285,0,-1.56716835082998,0.861335063371245,1,1.03776424006487
3286,0,-1.41735901019062,1.83911152027407,1,-0.547993776861178
3287,1,-0.375074846537596,6.31489244605116,1,-0.841977043228843
3288,1,-0.641765597115071,8.1886504389065,1,-0.124611752979926
3289,0,2.2611996099738,6.67988775877092,0,1.38827341673841
3290,1,-0.0231929463065252,4.57431149208828,0,-0.875558786622891
3291,1,0.543237363822419,10.448103527241,1,0.743030857986523
3292,1,0.866262753440151,9.51040815528534,1,1.28806891031683
3293,0,-2.57409379041253,-4.09957722426666,0,-1.34976331587874
3294,1,-0.369900594940339,7.73878632028267,1,-0.33625748016025
3295,0,-0.149512802559115,3.70345300875535,0,0.594701052113013
3296,0,-0.852435968887497,1.60911066559629,0,0.613338381830288
3297,0,-0.865111934653452,2.85339364236103,1,-1.56413696916451
3298,1,-0.239560386003729,9.60356390252935,1,0.396982993565796
3299,0,0.443255493411598,2.04989735641655,0,-0.775547931446389
3300,0,-1.50513096606234,-0.217361276379377,0,-1.1531958702056
3301,0,-0.852398691799486,2.65399122571931,1,-0.488904722666914
3302,1,-0.546917189039588,3.72319130981298,0,-0.126520553556031
3303,1,-0.376750652086099,6.00551415572825,0,1.03234633536608
3304,1,-0.291181193549478,3.32116818686342,0,-0.0801639727607114
3305,1,0.413770616153368,10.7638420149295,1,1.72589343372197
3306,1,-0.261348854839346,7.19686958855369,1,-1.21896676182673
3307,1,-0.0853562074718484,7.46140660188371,1,-0.558234411926679
3308,1,0.898333084333959,10.7014339536367,1,0.996204737064992
3309,0,1.40673475915613,4.95779434854201,1,-0.331523960578991
3310,1,1.90643973961671,11.9321983615889,1,1.69326382184149
3311,0,-0.0200368053905569,1.32170434207882,0,-0.631826782314173
3312,1,0.345525862180605,7.7360024938366,1,1.03274556218001
3313,1,2.58570155838577,10.6349427406412,0,1.25848310803646
3314,1,0.6401388707306,7.57935643611233,0,0.265580436146769
3315,0,0.568735893576831,2.14805325038978,0,-0.121561498740942
3316,1,0.251235080212156,7.71772213971811,1,0.259477416382403
3317,0,1.87438123161775,8.88193739308863,1,0.789921177109266
3318,1,-0.263251025028215,5.90082057990368,0,0.121883672877097
3319,1,0.0147490494367388,6.09397894460053,0,0.616876590558073
3320,0,-0.260505667429332,3.73111191376146,1,-1.04876179705873
3321,0,-0.672519056471184,1.88861453120534,0,0.481157610654939
3322,0,1.08916891118022,5.97572570719003,0,1.23805432089654
3323,1,0.458078385660602,8.85797994921749,1,1.27065568691447
3324,0,-1.79766458285963,2.6739613705078,1,-0.82169134427118
3325,0,0.887911601577522,6.19238165564033,1,0.883294921116188
3326,1,0.381809566414096,8.8352972554341,1,1.21554272252265
3327,1,0.139781242589434,8.54481369592971,1,0.275359393951987
3328,1,0.560969520335308,7.79835618094427,0,0.450428706179181
3329,0,-1.4783099607091,4.23033808373558,1,-0.984520761566565
3330,1,0.0315110994058907,7.72714131257034,1,-0.56024861567036
3331,1,-0.138781270079514,6.27452658860797,1,0.543810770033732
3332,0,1.39329463930765,3.85198239261511,0,0.384901557343323
3333,0,0.00321625137382201,4.90268207508595,1,-0.0857763322969582
3334,0,-0.28939635553728,4.5984643449276,1,-0.0404187346309072
3335,0,0.157779576525547,2.69149481931983,0,-0.347759384257689
3336,1,0.649606087544434,9.58537316168865,1,1.10844955809045
3337,0,-0.646855074315119,-0.815176846188526,0,-0.648625363211592
3338,1,-1.40452931634034,8.21097947542805,1,0.390531267375641
3339,0,-1.21194918296719,2.67694589555455,1,-0.332984201857892
3340,1,-0.665660358601419,4.30946591450168,0,-0.373364852416933
3341,0,0.0264166671022538,6.03069663834793,1,0.826057991033061
3342,0,-0.0320497924239504,4.36498243389362,1,-0.246135540340623
3343,1,1.74461387641449,6.88751276660367,0,2.38960896315548
3344,0,-0.310463448222264,0.0685138977089623,0,-0.341446898691243
3345,1,0.355123586612516,8.23416265260066,1,0.585347306671652
3346,0,-0.196511508838043,1.81858710335005,0,-0.201801504251787
3347,0,1.3348479794797,6.364963760715,1,0.600381714909211
3348,0,-0.335748054944976,5.36204603750489,1,0.214620815378191
3349,0,0.67722913524065,0.810106611794618,0,0.809387760212235
3350,0,0.248542994793182,6.34849827434823,1,1.48583810960221
3351,0,-0.303160354393197,3.72827568140243,1,-0.824825992713195
3352,1,0.0743558059138029,8.43427559998068,1,0.505255932645239
3353,1,0.795323091044037,10.7519624151949,1,0.505709014315195
3354,0,0.664575362601601,4.14765524878474,1,-0.228010190260268
3355,0,-0.509316781016113,0.47244152442229,0,1.04945952547889
3356,1,-0.293222851016784,7.28103199499106,1,-0.460615862185341
3357,0,0.981766668223056,5.32510648577803,0,1.39510814988227
3358,0,-1.03268670217803,2.10951528748694,0,0.84615499587944
3359,0,-0.898319330380481,1.02626293490446,0,-0.636518252331629
3360,0,-1.85695735034763,2.16080481242776,1,0.616738311145346
3361,1,-1.00309271505858,2.56362083249177,0,0.141681465688563
3362,1,-0.969119539169172,5.12968219283766,0,-0.565842226571259
3363,0,-0.305433397576782,4.03369546573176,1,-0.0169791798167833
3364,0,0.0513586282993109,2.26518138679813,0,-0.174140327313372
3365,0,-0.245200941947197,2.09953034554177,0,0.565279939293995
3366,0,-0.401504131159777,2.11028448047964,0,-0.835375370837444
3367,1,-1.47852016759291,2.47621815720217,0,-1.22607215251743
3368,1,0.391063713424272,5.72129291808314,0,0.384357010649973
3369,0,1.57755999134014,4.35119974092105,0,0.565541246391319
3370,1,-1.28130722971278,7.15504983526895,1,-0.593233235415345
3371,0,0.404646996950853,2.63265023582772,1,0.278279402697826
3372,0,-0.70595467947434,2.35731269765984,0,0.148935826657227
3373,0,-0.568817494906402,0.0852935893134306,0,-0.447575715670471
3374,1,-0.151820678091548,7.26184970361803,1,0.578256109947676
3375,0,-0.477103618511316,-0.529678464986281,0,-0.315866083323825
3376,1,1.4874242135459,10.0405165669778,1,2.30528462845852
3377,0,-0.818181725449886,2.64669302728073,1,-1.42505105264529
3378,0,-0.498472107804547,1.36357081601591,0,0.0843719764217406
3379,0,0.0358913157603994,2.57436469867265,0,0.548628375447047
3380,0,2.10776059706056,8.21732783670204,1,0.851877456311366
3381,0,-0.260223137329365,1.21603811606218,0,1.08356192475577
3382,1,1.00308041137306,10.7181667102989,1,1.16773649935314
3383,0,-0.259322932008863,2.10675860263248,0,0.276065396212126
3384,0,1.02805893796913,6.1132715653027,1,0.459871179152087
3385,1,-0.563628160955548,3.96003181582121,0,0.0924147563987356
3386,1,1.09311384557618,8.71175280693667,1,1.59220899327472
3387,0,-1.56465604847511,1.15669377092527,1,-0.724649851082315
3388,0,0.474804020154351,4.73728648079806,1,0.31964567342451
3389,0,0.880108349016301,6.0561589995531,1,0.663807319592499
3390,0,-0.33590583377723,4.16098118707125,1,-1.50885369566783
3391,1,-0.33636336760831,4.63834223433154,0,-0.490772841040847
3392,0,-0.181164867259387,0.901899162645332,0,-0.467116053801011
3393,0,1.57972879382811,4.34714192692179,0,0.736146941442689
3394,1,0.435049780312902,8.38881612166628,1,0.781742406505566
3395,1,-0.796183276249354,7.67654754990268,1,-0.717784967676097
3396,0,-0.544165279101154,5.04744757118992,1,-0.463879950404793
3397,0,1.44410776673046,3.8018078057292,0,0.571398568386937
3398,0,0.427977650957575,2.47443911216438,0,0.67451840535777
3399,1,1.12934485275357,6.75022334473232,0,0.213118443027959
3400,0,-1.39606740253772,3.23832944855576,1,-0.179513210393545
3401,1,0.0519688785827037,8.8887142891239,1,1.04368944950404
3402,0,0.66663354767549,6.46396660768555,1,0.73144509552439
3403,0,-1.61605249040208,-1.40294090976127,0,-1.64409849644907
3404,0,-1.12374827039897,0.27863033390708,0,-0.228029803482089
3405,0,0.0355199550968792,4.66506025923131,0,0.641906969009527
3406,1,0.227732667382604,6.87708590065689,0,1.45170615380399
3407,1,0.361991399748282,9.26910826738616,1,0.654748634820483
3408,1,-0.283697707639432,5.22521198868486,0,0.481896425634129
3409,1,0.0924537541497731,8.19273791866926,1,1.58215697965504
3410,0,-1.84682054859956,2.21137802617069,1,-1.29581314869691
3411,0,-1.08662233709156,-0.510916092694385,0,-0.260660594101306
3412,0,-0.560411287325125,0.213633831025539,0,0.302853234066994
3413,0,-0.332511022486652,1.11697346487074,0,1.17064243066536
3414,1,0.0403786162400541,7.31858675536569,1,-0.302541594513117
3415,1,-0.528507182073625,2.78673519489763,0,-0.591700784269017
3416,1,-0.037049809111881,3.95087079400206,0,0.0134104571705038
3417,1,-1.92818298669272,6.64091949800229,1,1.24252084710283
3418,1,-1.4857071225202,2.4601862949861,0,-0.132308675507584
3419,0,1.57563304178736,7.94673842968686,1,1.42299813941947
3420,1,1.63598883794746,12.3848393294025,1,2.10779323650366
3421,1,-0.495440967014359,5.30044422310002,0,-0.455447559676631
3422,1,0.335094006713831,7.72994673822781,0,1.06412091474096
3423,0,-1.76206407951022,0.377060367948656,1,-1.49954312186998
3424,1,1.8685999749714,11.424740893353,1,2.14013485601841
3425,0,-0.170045317634821,1.24936251473415,0,-0.687036049956988
3426,0,2.37458063565111,5.80853129302616,0,1.60773483051649
3427,1,-0.0576091705826097,6.39826952058138,0,1.30230933838648
3428,1,0.366013451967593,9.55061672335772,1,-0.0813533686740533
3429,0,1.6080425169668,9.44469004465346,1,1.45916826776133
3430,1,-1.12024072586429,5.39443443758434,1,0.83263519087361
3431,0,2.37136052895333,7.53407064439717,0,0.415818094397814
3432,0,0.559607722148896,1.39311258275878,0,0.484205920283852
3433,1,-0.64047734528044,4.01514060061723,0,0.292437821872699
3434,0,1.35073929084755,7.32776703017045,1,-0.378804341065478
3435,0,-0.923430929477418,3.08177399072347,1,-1.30975094373253
3436,1,-0.726265546507561,6.86118546006275,1,-0.285010321775332
3437,1,-1.23603606736281,5.3919439135182,1,0.183306365931161
3438,1,0.839156266398398,5.3105168631243,0,0.21008579507566
3439,1,-1.39952419256976,4.78867306807003,1,-0.193289634342688
3440,0,1.24655004678913,6.8507659772326,1,0.232344239845576
3441,0,0.399569507791472,5.39940891441489,1,0.737138751246558
3442,1,1.86889756482147,11.3485821488791,1,1.22522519265333
3443,0,-0.430957851402977,3.65508637900297,1,-0.628785938147277
3444,1,-1.87769936157249,0.394239735836481,0,-0.797541227017897
3445,0,-1.06815909021727,3.08373183279979,1,-0.628492447917822
3446,1,-0.911065049701661,8.44824594154758,1,1.21181709440107
3447,0,-0.083358878114799,4.16601983758341,1,-0.816051235415944
3448,1,-0.980454319875214,1.42166247879809,0,-0.525637909739238
3449,0,-0.053181178473146,5.51196624488301,1,0.341832017380917
3450,0,-0.676072544764055,2.54771708909245,1,-0.73030070855439
3451,1,-0.204113249480321,4.7743136289058,0,0.748628171530351
3452,0,-0.810917650924702,2.49449998310667,0,0.368080780011156
3453,1,0.659193931053915,7.5731045693447,0,0.0921776889649507
3454,1,-0.453007023478008,5.30163488517563,1,-0.782661806053007
3455,0,-1.38603016188343,-0.229413291995526,0,0.0633931430031011
3456,0,-0.943246545726918,4.39810595281976,1,-1.30013547186264
3457,1,1.11624254571511,8.08972794642009,0,2.21631064597208
3458,0,-0.0719473124292304,4.71687046236505,1,0.299192008265941
3459,1,-0.380059162356659,5.71853182347818,1,-0.352305878245175
3460,0,-0.963682664357108,2.55752200021844,1,-0.593102209256321
3461,0,-0.696163020284326,-1.30719515517309,0,-1.04025122285141
3462,0,-1.46385870622174,-0.792734377449549,0,-0.655226647194072
3463,1,-0.547957249881121,7.70529525941716,1,0.333017296925692
3464,0,-1.30927251992376,6.49823899097203,1,0.803725261534849
3465,1,1.6116361504997,10.6239626030385,1,0.889535958237915
3466,0,-0.119644382935392,5.80763857453115,1,-0.938807451478781
3467,1,0.27621084886062,5.87893406109208,0,0.119282181509047
3468,0,-0.298166266316448,1.17197693653954,0,0.146334263462937
3469,1,-0.519904008929684,5.84789407279333,0,-0.520767187908513
3470,1,-1.4272315148338,5.18972294760684,1,1.21514538413414
3471,1,0.0916078430297036,8.93983293698243,1,0.0224887522897275
3472,1,-0.121114868828821,7.38763068730636,1,0.130071382338055
3473,0,0.566915517470102,2.49868756294082,0,0.341518126437448
3474,1,0.860274696131704,6.58121871565279,0,0.621832716934435
3475,1,-0.51385893148764,2.96222813399993,0,-1.50891021988849
3476,0,-0.601400851081312,0.609996530597045,0,0.676285608243569
3477,1,-1.04225868228433,7.46151860994176,1,-0.630608694071271
3478,0,-1.11470291833754,4.24346500334177,1,-0.918912057655551
3479,1,-0.537345653779405,3.37503029590953,0,-0.607522209675526
3480,1,1.73005843513735,8.17507032304115,0,0.835682843871345
3481,0,0.119507697458475,2.48749458387123,0,-0.717723618563114
3482,0,-1.30971252424887,3.19485038823014,1,-0.764168478423646
3483,1,1.80527480389285,9.98503079839643,1,0.789678734329673
3484,0,-0.67460773167392,3.59909069691044,1,-0.438729495167388
3485,0,1.3302651118689,6.45412012763955,1,1.18269829052913
3486,0,0.683209553819879,7.57917610285873,1,0.0200791624422177
3487,1,0.597063296796118,9.00822094096124,1,0.991235126891784
3488,1,-0.527104805544461,3.90784554556703,0,0.255849451342832
3489,1,0.611809686959442,8.9813759859666,1,0.618869410607914
3490,0,-0.295371877457854,2.82678344144652,1,0.071803462756694
3491,1,1.21697029801068,9.3803785618247,1,1.17010379433502
3492,1,0.603574020868609,6.73229167723794,0,1.54719289800344
3493,1,0.376141139885023,7.77002419027969,1,-1.03662571381053
3494,1,1.15733950517612,8.91211230716906,0,0.9226693619439
3495,0,-0.596628116239421,5.02824680819423,1,-0.0487601977277794
3496,0,-1.51337031753741,-0.176752136196129,0,-1.04626586379363
3497,0,0.783644336056005,6.63844014432615,1,0.355004227809186
3498,0,0.503525715233825,6.29200161900309,1,-0.162135663853151
3499,1,-2.01946511114978,5.42022417263072,1,-0.756956985417485
3500,0,1.16104386831817,3.52319982081906,0,0.74616102348152
3501,0,-1.02297218763983,1.49185198344599,0,0.250528948971677
3502,1,-0.193751430274277,4.23643792537493,0,-0.19182335282007
3503,0,1.46540889278635,8.04357574711754,1,0.28399001336529
3504,1,0.93299481572352,7.3202449186169,0,0.46391899823774
3505,1,0.735857458795383,8.18474054436855,1,1.4479849895599
3506,0,1.05958370172946,8.03691206666282,1,0.645730902654626
3507,1,0.781134757238248,7.17268904095927,0,1.58920380169206
3508,1,-0.706187722812759,2.95093980058468,0,-1.01109803315005
3509,0,-0.234121759418426,2.102098414386,0,-0.605501626372905
3510,1,-0.370487026487237,6.4944992616181,1,1.36931841214575
3511,0,-1.99401725808108,-0.17255544054644,0,-0.987176361404665
3512,1,-1.21937416888621,5.85757281122855,1,-0.322731680914898
3513,0,-0.31866449719614,3.31915457227426,1,-0.233409784249853
3514,0,1.37025645622373,3.30307273245047,0,0.177757848176553
3515,0,1.2935809199453,7.53676183359285,1,1.34864630392461
3516,0,0.456319131149919,6.87608495355575,1,1.17008895138876
3517,0,0.423446399451679,5.16889735734878,1,0.545131680215878
3518,1,-0.766909118163384,2.22215355505994,0,-0.548847692501825
3519,0,-0.532474116939353,1.27168245067062,0,-0.100104346411253
3520,0,-1.24301991115983,-0.627990572727539,0,-0.772530739718328
3521,1,0.949433147511793,6.91201220901316,0,1.76691730566911
3522,0,0.620090334644832,6.40189268350048,1,1.64127789333827
3523,1,-0.210460637878556,6.57471186503277,1,0.443070727245254
3524,0,1.54036938944196,4.105334405859,0,2.34756151718054
3525,0,-0.464259647736435,5.94109691384539,1,0.185545030996358
3526,1,1.29719304702407,6.75948459632824,0,1.6076568106818
3527,1,0.553279914075138,6.29724701494515,0,1.11927155880376
3528,1,-0.166073042705404,7.68225855859938,1,0.523601838233758
3529,0,-2.1481613769412,-1.55577724220724,0,-1.88748848597547
3530,1,0.352956186813088,4.26136603047676,0,0.181725908341303
3531,0,-0.199721213412136,4.72428316658912,1,1.41759306777035
3532,1,-0.260102676262061,7.64137094584307,0,0.594507958805577
3533,0,0.433130982655524,1.88144782573779,0,-0.62732220587532
3534,0,-0.780968398109799,2.8525986831367,1,-0.509446236368499
3535,1,-0.299477179092987,7.91905390117025,1,0.309762922481192
3536,0,-1.56942244109875,0.559313236394543,0,-1.02202051742707
3537,1,-0.750454736327941,2.23706427396413,0,0.0213065383163564
3538,0,0.305912259336706,4.40336835863618,1,0.838123413293112
3539,0,0.771871162273863,3.76504883006892,0,0.506487640032384
3540,0,0.462249487278739,2.65919888706396,0,-0.468259340674814
3541,1,0.227010863139558,7.13413730927752,1,0.460614183780501
3542,1,1.06711843774173,11.2144158774125,1,1.04066569216104
3543,1,0.413653131639336,8.30305985435472,1,-0.500858235430985
3544,1,0.921821133674641,6.98213713734917,0,0.56632053368646
3545,0,-0.992557698260626,1.17740482110587,0,-0.528866758156271
3546,1,-1.33994581620378,5.90124627508261,1,-0.782772824616709
3547,1,1.91868322617206,8.20783022269221,0,0.0862177395960837
3548,1,0.707564874891887,4.60170424960967,0,0.376009350917653
3549,0,-0.837841764688569,1.55087395455779,0,0.631595762554248
3550,0,-1.26012811041053,1.49241596755072,1,-1.37560012610296
3551,1,0.273652043324261,7.28394533608148,1,0.0830857631265242
3552,0,0.351967970847773,6.01680932027785,1,0.209609827203649
3553,1,-0.551277413868724,4.47046931801481,0,0.0611733578827923
3554,0,-1.77765705494394,1.43596831157087,1,-1.36173333640538
3555,1,-0.897004134754907,0.992517085011758,0,-0.893099556983551
3556,0,1.12485357166735,5.84873670850659,1,1.22595301956096
3557,1,0.100329369659736,7.70303446604365,0,1.15761599350653
3558,0,-0.114988389112475,4.03667060616846,1,0.0189557652352387
3559,0,1.19174970137863,6.16640183437242,1,0.462881588126899
3560,1,0.875072031116909,7.67455808656809,0,0.448872316776328
3561,1,1.28986841281651,7.147781751407,0,0.756148574957278
3562,1,0.285829732259875,9.01666409085483,1,0.515993022866912
3563,0,-0.820048871918524,-0.0769667545321809,0,-0.0441854511876851
3564,1,-1.15189723168337,2.3838008077242,0,0.00181696173742679
3565,1,-2.05229540904382,1.06182956123936,0,-1.31549079862469
3566,1,-0.814268804191036,5.77092373479513,1,-0.648788256072597
3567,0,-0.228121039940182,4.59561509837649,1,-0.65472802703169
3568,0,-0.571769741552849,-1.61235084745949,0,-1.73769380798717
3569,0,-0.46426969977293,0.976236852809939,0,-0.824048275744293
3570,0,0.0412350856566649,6.38378299261123,1,0.0199025102919624
3571,0,-0.743567123573395,0.178008000696628,0,-1.96983795381009
3572,1,-0.116254988838765,7.04505277170257,1,0.26132807340167
3573,0,0.236356144239767,1.89440302164832,0,-0.0868250582462838
3574,0,-0.218448266126731,1.17927960785081,0,-0.671121847639892
3575,1,-0.195977350924961,5.44235017865151,0,0.073345343467587
3576,0,0.00503318534124582,3.88509093065405,0,0.784920802096081
3577,1,-0.413734167540118,3.99482379324424,0,-0.396893937210995
3578,1,1.49688471762936,9.54856920392769,1,0.055968490169542
3579,1,0.431354112985283,3.12319316265217,0,0.236907948599714
3580,0,0.309655672501632,3.01775889804416,0,-0.477475707737066
3581,1,-1.17459960921861,5.48452086376046,1,0.172971185889217
3582,1,-0.399657895600551,8.75839929248479,1,1.44452511754142
3583,1,1.05676016105623,5.49077394394475,0,0.407633303010407
3584,0,0.533627843346102,1.78027929489371,0,-0.274106518512462
3585,0,0.834741871473505,5.34141175364105,1,-0.706588272310108
3586,0,-1.71061909832857,0.870588321784904,0,-1.27519937870218
3587,1,0.550519582839216,8.49720740859572,1,-0.593292064695494
3588,1,-0.890872713884569,5.54173009497733,1,-0.276689904526443
3589,1,0.427083038393741,4.80105498384885,0,0.542811906620111
3590,1,0.305188462883454,4.50134371129509,0,-0.271129554941685
3591,0,-1.07129690598776,-1.09834341330529,0,-1.64020515940229
3592,1,-1.3240255632311,1.99198157681622,0,-1.64897202862842
3593,1,-0.0687073203754276,8.29191452937969,1,0.24942287209306
3594,1,-1.38086373302224,1.22062685516736,0,0.375569886037411
3595,0,0.69529151270054,7.24682242181956,1,1.17825283619963
3596,0,0.608387818698569,5.64095143838346,1,0.97825308536014
3597,1,-0.52011167627851,7.18801205880658,1,0.418680026622349
3598,1,0.470287037842744,8.10791462849509,1,1.15571004652488
3599,0,-0.653776059217278,3.11996849336512,0,-1.04694741552018
3600,1,1.0752693215705,8.31330768406842,0,0.218620059077031
3601,0,-0.974823935107442,4.15777085709453,1,0.940969963321032
3602,1,-0.247115300578852,4.31613052055369,0,0.205585369703301
3603,0,-0.747059415709536,3.04564872162853,1,-0.645433408987644
3604,1,0.675602170563905,9.35030614259401,1,0.498247218266763
3605,1,-0.149598109629568,8.28789466536189,1,0.232623420976813
3606,0,0.431657519048056,5.13137283566983,1,-0.426211240603399
3607,0,-0.479961191126508,3.47221364000571,0,0.517247189422648
3608,0,-1.73240686928006,0.258762490137208,0,-1.2691997143754
3609,1,0.87025566493161,6.37938632971749,0,-0.572753132831608
3610,1,-0.634789009156801,5.14946373033779,0,1.40782901732871
3611,0,0.665639293981565,5.41041056163042,1,-0.28453459205367
3612,1,2.27865751975233,13.2872765755259,1,1.39652259372286
3613,0,-0.688691256358845,0.347570532456952,0,-0.0470053828763958
3614,0,-1.47570249282525,2.97192879625546,1,-1.07689817049828
3615,0,-0.240091591682657,4.16783393765885,1,0.567618239215887
3616,1,-0.621792328681725,8.30230476749452,1,0.199127582707691
3617,0,-2.07946981077781,-1.09662147931285,1,-1.20848364502526
3618,0,0.770392749582235,5.55617760014626,1,-0.521775121211783
3619,1,-1.70321957153675,4.55682184986206,1,-0.266721924422394
3620,1,0.267342753151093,3.9095603128737,0,-0.664776376445291
3621,1,0.823753848140459,9.74289487135567,1,0.59667948599001
3622,1,1.16409290101994,9.4935958715205,1,1.31835366163879
3623,0,0.73712792231051,8.42199374342159,1,1.61303468979678
3624,0,-0.420614933643249,2.15813668554883,0,-1.42973356322822
3625,0,1.119515455082,6.589170415875,0,2.14390913654894
3626,1,0.167206529956563,4.20182236767645,0,-0.544419342014439
3627,1,-0.939485368376678,7.1518882217962,1,-0.274097435721833
3628,1,-0.279268408111647,5.13364180994578,0,0.399680096948431
3629,1,-0.622999899311516,8.39541003646832,1,0.392127975686692
3630,1,0.70531696409298,9.46679528281206,1,1.31578408570739
3631,0,0.802766349812531,5.6332117213769,1,-0.661048332998811
3632,0,0.888410526867956,2.42441625379384,0,0.84901704194381
3633,0,-0.825456836154413,2.07524995701329,1,-0.1840411477878
3634,0,-0.725108608221018,2.49070099991879,0,-0.531613802999833
3635,1,1.25811921234356,9.30245198019112,0,1.59692832202904
3636,1,-2.13127810529374,4.69220784086782,1,0.235606844666437
3637,0,-0.472634267264463,3.29714723691671,1,-0.511142760788402
3638,0,1.84513717301711,10.5587160458174,1,1.97587579842401
3639,1,-0.38549200954774,7.3412782860437,1,-1.43377226019619
3640,1,0.436716232520864,8.58189056979027,1,1.17168796417039
3641,0,0.69476890854478,2.70097111746768,0,-0.249717563645999
3642,1,1.48347814782377,7.24659312318775,0,0.450878299350397
3643,0,-0.470913412928924,-0.92006909229488,0,-0.66031859168144
3644,0,-0.529665735810238,4.14671081073223,1,0.43989001487647
3645,1,-0.0939492752809931,8.28225792839554,1,-0.0065062082551916
3646,0,0.268999627794738,6.30566324880784,1,-0.111325283170064
3647,1,-1.17883740254382,5.90950529886322,1,0.717050069292146
3648,0,0.977230636617833,7.26485411885453,1,0.367385421320247
3649,1,-1.47183589754428,0.856661076538733,0,-0.483434883035082
3650,1,-2.54670138748319,0.1796417153347,0,-0.953865271378382
3651,1,1.84500469344905,11.8486804109626,1,-0.32385044063079
3652,1,0.474248794400132,9.54037959148114,1,0.731084360234195
3653,0,1.14074023466111,5.48306576315882,0,1.44695681378754
3654,1,-0.336558203742127,8.27271406818632,1,0.669139500823225
3655,1,0.404978253868549,9.07938851728056,1,0.805748829507248
3656,1,-1.20973585070339,7.43494278439239,1,0.692622280752601
3657,1,0.194011195120595,9.5899097833471,1,1.33272840604845
3658,1,1.79792633039734,9.92625457873315,1,-0.459088413827189
3659,0,0.345477426324299,2.46092357149445,0,0.855079480290845
3660,1,-0.032279081053165,6.59580847021654,1,1.67337000574417
3661,1,0.267542836534285,7.38239213535015,0,0.115348755798765
3662,1,-0.453383324203501,3.1735797677362,0,0.616778408170972
3663,0,0.955282907873008,6.5888467056255,1,0.0213093956875808
3664,0,0.421903059649076,2.6595465918884,0,1.14675067362129
3665,0,-1.58695375981935,0.344561202340886,0,-0.144375712071768
3666,0,1.51160636397727,0.421224330551668,0,0.0612063623961562
3667,1,-0.304279325358955,9.27410842742105,1,0.106766809170803
3668,1,-1.02154317393284,2.23265634485053,0,-1.05233327016212
3669,0,-0.427106364949722,1.28374549765705,0,-0.259504100772132
3670,1,-1.23748273892299,6.85100253084531,1,0.142257191567037
3671,0,-0.522776220906201,5.00322760153578,1,0.19094165400875
3672,0,1.17179441059897,9.55535149879248,1,1.79998568051911
3673,0,1.57795435204273,8.0357768657845,1,-0.204662382958713
3674,1,0.450548273980034,10.0229083252573,1,0.912933451314672
3675,1,-0.63634455555955,2.74768501093757,0,-0.8473180589297
3676,0,-0.00627756116582023,1.26622106280727,0,0.243250909271137
3677,1,1.31016681450888,10.1306141448532,1,0.28323999181763
3678,0,-0.206222689435822,4.06731305715708,1,-0.390279559609457
3679,1,-0.280937266628649,4.19369304000269,0,-0.333737784302395
3680,1,3.2863934920191,11.2584211303394,0,2.40528781963732
3681,0,0.192988039967305,1.14387860507295,0,-0.143300642188442
3682,1,0.45246831620889,7.34088067714022,1,0.49521176142411
3683,0,-0.0876467125751756,4.3734798255396,1,-1.21009452634457
3684,0,1.03965620962806,3.43255558759578,0,0.407567901910642
3685,0,-0.53253487449147,3.96303945962604,1,0.577504799242493
3686,0,-2.28796875321232,4.1301557540707,1,0.344937218703163
3687,0,-0.944091874440389,-1.98851064123783,0,-1.82112078089988
3688,1,1.66328196897448,8.59955559890476,0,0.152799878941454
3689,0,1.30510206939015,7.28022786949498,1,1.96636121626813
3690,1,-2.02055167227194,1.21262973698882,0,-0.699725240562855
3691,0,-1.7785759711782,1.18032606922658,1,0.0754370764155693
3692,0,0.370988421864402,2.15031813102102,0,-0.925728394935377
3693,1,-1.4320863731248,8.02068140998773,1,0.325467910864864
3694,0,0.398623119741117,6.30758448153204,1,0.950854584700996
3695,0,0.849787902787366,3.97376064620242,0,-0.309791666104413
3696,1,0.296054768330518,8.23008209302055,1,-0.24363847117523
3697,1,-0.713524753913617,6.8192085167062,1,-0.435541424575319
3698,1,1.13245780090167,10.9072938426703,1,1.34245359523249
3699,1,-0.646765242168904,6.41629657486788,1,-0.338164320391849
3700,0,0.0260323583573398,3.53528625157679,0,0.920441006687102
3701,1,-0.508370226853385,3.49951148564397,0,0.649871488294786
3702,0,1.89857634309614,5.71347817804095,0,-0.0871670408672371
3703,1,0.449064024146676,7.20457878048869,1,-0.208993007630893
3704,1,-0.44216624918117,4.17828781169422,0,1.2131614242598
3705,0,1.18131444129095,8.40689329457487,1,0.39313546621057
3706,0,-0.255913991438726,0.995675799906111,0,-0.141783621780657
3707,1,1.02938329099232,9.49349409633829,1,1.32424131643012
3708,1,-0.364041674445879,8.00937627952763,1,0.979236756969076
3709,1,0.738664279691862,9.85263053872413,1,1.62342908816133
3710,0,0.762485312413958,4.47213009496382,0,-0.888735463974033
3711,1,0.243820093127819,5.8157326770376,0,0.997764392448366
3712,1,0.0897024831761596,7.7809271591733,1,-0.84070069820265
3713,1,0.421432790658934,7.34378710008567,0,-0.667899238322874
3714,1,1.95045752845764,10.5035522929298,1,0.981327596909243
3715,0,-0.561546213742581,2.95410541364677,0,0.591610912165112
3716,1,0.664154558471518,4.31771407892981,0,0.684342070772499
3717,0,-0.374474255261088,1.59577810334182,0,0.333787501533297
3718,1,-0.682017968561109,5.73058705461318,1,0.719348117557402
3719,0,-0.168145338519772,4.60401456307376,1,-0.734666613812328
3720,1,0.635500398482189,9.42905713260475,1,1.24203635886693
3721,0,-0.196873171697068,1.45081789691713,0,-1.80665896946808
3722,1,-0.437112167353099,4.37385136047001,1,-0.87764577273095
3723,0,0.63084303967188,3.23263327370865,0,-0.00286926185534453
3724,1,-0.15075626857599,7.946765276239,1,0.545557677765329
3725,1,1.14473772296665,9.46149769163654,1,1.184716088669
3726,0,-0.000974031875952176,1.70220962194828,0,-0.150815191596424
3727,0,-0.49473605899009,1.34837820268341,0,0.169914615176795
3728,1,1.23240027737847,7.25728512489306,0,0.291597722490922
3729,1,-0.0633866958873519,5.20720337682656,0,0.129376910294383
3730,0,1.3968986072285,7.21292645122698,1,0.190965167926929
3731,1,1.03678034913725,11.8317302464612,1,0.24987581820644
3732,0,1.14167092803321,5.50112002620808,0,0.389884219019389
3733,0,-0.779421752973752,-1.18092462007808,0,-0.336777503586588
3734,1,-0.955398207839828,4.38977482822938,0,-0.999559475083504
3735,0,0.102247107854443,1.30323703474587,0,-0.75877369649466
3736,1,1.39980866609934,11.5236007096949,1,2.05761647908338
3737,0,-0.402828811431317,0.0804517082162886,0,-0.0508750322018897
3738,1,-1.34788793043457,7.07984642057158,1,0.502869417099853
3739,1,-0.465124559279267,6.28685957795678,1,-0.641656176729862
3740,1,0.0734014126612619,3.39391914712005,0,-1.03489474755253
3741,1,-1.3437469186602,6.91216504660818,1,-0.412577121598064
3742,1,-0.565002919238291,4.02595195276365,0,-0.77738651856448
3743,0,0.843634637920376,4.41176629070391,0,0.141737510785611
3744,1,-0.0535983793171819,8.83038340791052,1,0.564577322299547
3745,1,2.30807374801934,12.3354177873547,1,1.45217414410973
3746,0,-0.459360397895655,1.64087008476744,1,-0.702971121140311
3747,1,-0.827753746624899,3.41618320521327,0,-0.24332533035124
3748,1,-1.97773928561916,3.34693610322697,0,0.0402553393685599
3749,1,-0.651274276412505,8.54861514959246,1,1.01635435429601
3750,1,-0.698121318131775,5.19922792964125,0,0.784788709002355
3751,0,-1.24925558771799,-0.896184596363698,0,0.0388787826349268
3752,1,-1.12656197841216,2.69413658617556,0,0.320721209640331
3753,0,0.983588600508028,4.76410910194572,1,0.234337655347786
3754,1,-0.424505176199174,6.02902598482845,1,0.384849963972475
3755,1,0.240441789950573,9.30069047441036,1,1.38537202699626
3756,0,-0.473384461515612,5.81607348126328,1,0.703037449034589
3757,0,1.86658317681894,7.70278070177337,1,0.440611327304784
3758,1,-1.40200875349785,4.95461805850011,1,0.165460641166855
3759,1,-1.02468800288016,6.06553867967839,1,-0.455793876010637
3760,1,0.43152297619586,7.48155803686355,0,-0.390239755279497
3761,0,-0.87618684569473,0.102236436817784,0,0.809008430161413
3762,0,-1.12552296872278,-0.777692927246168,0,0.632785170087487
3763,0,-1.84578503780545,-1.73586565343019,0,-0.925106777148259
3764,1,1.32238136940975,9.71984124582903,1,1.11490706463543
3765,1,0.689803793909477,6.06677104236538,0,0.229330084283817
3766,0,-1.34020653638384,0.194897049407279,0,0.797291353236765
3767,1,-0.609907341157432,5.34213200191919,0,1.12920916472205
3768,0,-1.72957482784413,0.138510374182982,0,-0.389397463744461
3769,0,1.19865200917685,5.84496826299232,1,-0.51992031103546
3770,1,-0.648289774887518,6.8100268126712,1,-0.181946081574321
3771,1,1.25997149670284,10.5752684407252,1,1.16769635404277
3772,1,0.164050292425933,8.43421179018395,1,-0.266695509160154
3773,1,1.04533718491125,7.85082639260656,1,1.12635892350925
3774,1,-0.108275473449448,6.9956228234321,1,0.165616871666919
3775,0,-0.0663407204134345,1.94081996752113,0,1.27798731013504
3776,1,0.958932263247797,6.08836225808013,0,0.465671799367706
3777,0,0.0425749579756865,2.25211790310251,0,0.253510559484847
3778,1,0.321469551863058,9.12031181888505,1,0.10082988451068
3779,1,0.11374656803684,8.92964876508442,1,0.0159024981448946
3780,1,-0.0717128948219577,8.14310701545884,1,0.0444147103221892
3781,0,-0.00117298575187279,2.95120103070916,1,-0.639772057188742
3782,1,0.59396164117616,6.44352530725752,0,0.280017924329796
3783,0,0.277847438640232,1.98231715753622,0,0.581817286705267
3784,0,0.181243093191457,6.1966311618725,1,0.113920311131073
3785,0,0.108245108565435,5.10157076176989,1,0.256773262733336
3786,0,-2.5908786524512,-1.47795286849177,0,-0.886028958484402
3787,1,-0.0223663862276257,4.19043671534991,0,0.793938126413205
3788,1,-0.87978786875035,6.531350465609,1,-1.23757591939833
3789,1,1.10135107688775,9.79058778669494,1,1.27252701971364
3790,0,-0.730867982221769,0.485493730176883,0,0.311005068444993
3791,1,1.01699997454919,6.76373789469685,0,-0.785530152382748
3792,1,-0.037167115517688,7.44006730406223,1,-0.230707763275374
3793,1,-0.440975954623676,5.62583298194835,0,-0.269761394210453
3794,0,0.26586108290715,3.58602796919146,0,0.681180164181503
3795,0,-1.29089549138979,0.698843194346969,0,-0.875754002134056
3796,1,0.36496623871953,6.35965368006191,0,0.952198139819318
3797,1,1.12679755980098,6.39573936210198,0,1.16570180436392
3798,0,0.302894915173622,2.86121784444805,0,-0.804351802483209
3799,0,-0.819167032676588,3.98576410810162,1,-1.46416233744055
3800,0,0.163760359867626,3.87508116585777,0,0.306272827936829
3801,0,-0.321959475074093,1.25451797635321,0,-0.560893889716868
3802,1,-1.35122824897205,4.15957208640914,0,0.0140470047068326
3803,0,-0.142305597648652,3.92275041443537,1,-1.07562308414903
3804,0,0.938410860438331,4.08478389940444,0,0.433180154407382
3805,0,-0.309965364847697,0.96446678782465,0,0.348834065078504
3806,0,-1.17320258673926,-1.9996723702032,0,-1.36900303853229
3807,0,1.12098626646815,7.11649811983534,1,1.04875566860041
3808,1,1.32992485275055,8.9563505878053,1,0.478651401608844
3809,0,-0.181386371979876,5.99486085240382,1,0.733327396849409
3810,1,-0.851825169886996,2.54761830694972,0,-0.466273094164665
3811,1,0.102777337308741,8.72026272091236,1,-0.395095043095097
3812,0,-0.653439734122558,0.0263623544315256,0,-0.864026863000672
3813,0,-1.89071098129877,1.8892947345407,0,0.143330522392848
3814,1,0.453161113249733,6.91019934486983,1,-0.014055942988904
3815,0,-0.18688110130035,3.85409519364467,1,-1.03449009362188
3816,0,-0.536615562438262,3.88251905778731,1,0.426339357395693
3817,1,-1.02883049562567,6.96384872542304,1,-0.143541115101252
3818,1,0.140272313514631,7.59222021187336,1,1.20778301774167
3819,1,1.63151156925043,6.84227605144884,0,0.553486891614739
3820,0,1.42649944469073,4.66660081485985,0,1.37066415154447
3821,1,0.272292241715214,7.31520032555462,1,1.04283520103122
3822,0,-1.55387822169893,-1.38632930136776,0,-0.911915597855625
3823,0,1.79778192687114,8.00282870998909,1,0.501296305045848
3824,0,-0.34033509695056,4.7366460571148,1,0.511418079945174
3825,1,-0.186383329040006,7.22299322341022,0,0.0471463748333892
3826,0,0.882971510658364,7.35845875939484,1,0.635891438127788
3827,1,1.17616437816417,10.0022293157277,1,2.08212315618352
3828,1,1.37535715882216,9.03624401814802,1,0.988577086776151
3829,0,-1.54936734610745,-2.85593973633904,0,-2.07944395259656
3830,1,0.289127609754166,10.5448342727177,1,0.139580844612099
3831,1,1.27879610279635,11.7062683561629,1,1.20534011736518
3832,1,1.69820051395274,9.82775934585169,1,0.46506594783868
3833,1,0.638833712623827,7.49115626404117,1,0.308498496664634
3834,1,-0.797658269448006,6.46650493633683,1,1.02240906227086
3835,1,1.17294334594049,6.35694551596158,0,0.920057997040041
3836,1,0.455886163551905,8.26215326866753,0,1.07626725113083
3837,1,-0.761777617126114,2.89022682502731,0,0.523624710987029
3838,1,0.568512927182195,6.23224398558702,0,0.51546550674644
3839,1,0.297277924086622,4.73649759495009,0,-0.976759571165416
3840,1,-1.50445360287045,7.56811809878863,1,-0.481861257171776
3841,1,0.755422502523044,5.80171247722296,0,0.713590338265026
3842,1,-0.364161102428952,4.99276529732783,0,-0.438526767929444
3843,0,0.0356287808440213,4.34896797181264,1,0.00330351404993524
3844,1,1.34268236972776,7.03512067173209,0,0.690123423285819
3845,0,-0.709462123530466,4.34014416744174,1,-0.730709404776024
3846,1,0.285232262319814,5.19553537507598,0,0.629050763198374
3847,1,0.678994230596652,7.42281387088678,1,0.725991182690403
3848,1,-2.61566300307665,0.846367505443105,0,-1.10667014271516
3849,1,0.50518574562501,8.02506445730534,0,0.191148324732751
3850,0,-0.29725640892919,3.48911525452715,1,0.866741423850376
3851,0,-2.41269214678648,-2.52636945935041,0,-1.36193995777497
3852,1,0.243798887973565,8.77005021935124,1,0.357736139209506
3853,0,0.655721053390452,3.5790238392968,0,0.733596826419231
3854,1,-1.28014751027035,2.95504137901704,0,-0.741354865140721
3855,0,0.228800950505083,1.1332121320032,0,-1.79952246155676
3856,0,-2.21993836500487,1.05978218935905,1,-1.21586827790638
3857,0,0.697936490693983,3.29970488478936,0,-0.175106746093083
3858,1,-1.50703092935785,1.53624982861047,0,-1.83527163338789
3859,1,-0.00954848431390432,5.5988959000255,0,0.836840830968569
3860,0,-2.11290945129845,-2.46575085861268,0,-2.20721343552738
3861,0,0.735108991411505,1.38043524994732,0,-0.640580029419083
3862,1,0.793611400121134,10.1024543968931,1,1.28074838844399
3863,0,-0.985622277329878,-0.654731474429797,0,-1.20206094065745
3864,0,-0.799892588548905,4.54949079364027,1,-0.514036995243951
3865,1,-1.08714701926876,8.45628055242329,1,1.04133365303388
3866,1,0.751244351747911,9.36480542484375,1,0.533686814176815
3867,1,0.658357504035786,8.42283084175895,0,0.324300280939305
3868,1,0.0172672754668699,4.50099196988865,0,0.868890185719192
3869,1,1.28232740693522,8.85380796437522,1,0.957854237081575
3870,1,2.5268996014742,10.102418782282,0,1.03943122849182
3871,1,0.226051925255075,5.48448886295052,0,0.895740449906433
3872,1,2.25093936082881,13.0230583878457,1,0.608122240891809
3873,1,-0.144222412675674,7.63043340150381,1,0.524279061501379
3874,1,1.91394316551537,11.7516359518604,1,1.18496420795081
3875,1,-0.473077684169064,10.3291155517652,1,0.643021651732743
3876,1,0.2841197416948,4.31754440494613,0,0.311465354365579
3877,0,-0.372857280024432,3.74312761647466,1,-0.0915946596173042
3878,0,-3.05846296563838,-3.93870233810213,0,-2.0770613060659
3879,0,0.143357151833144,4.55928317793837,1,-0.508673711503311
3880,1,0.0325013254739696,6.47193157554629,0,-0.0511279716875851
3881,0,1.57140908451537,4.66894879199118,0,1.4770989839447
3882,0,-1.01848997509812,4.26435761022073,1,-0.213736488830068
3883,1,0.171461983217393,7.86127896349474,1,-1.04674649120789
3884,0,0.333205633934277,2.05401961649416,0,-0.131343338367194
3885,1,-0.448609852633357,6.21772648502194,1,-0.657161965289339
3886,0,-0.381384306994983,1.49765072419564,0,-0.234288128143063
3887,1,-1.15120965563467,7.22944608857627,1,0.192366848183297
3888,0,1.98034688341938,6.2334504397507,0,0.99014739639117
3889,1,-0.887203085383229,2.38850068130841,0,-1.65621261858605
3890,1,0.178297192804743,8.51858116817186,1,0.0380392142750408
3891,1,0.426365527004837,11.2670713775957,1,1.46835041920945
3892,0,-1.72622543247385,2.40588607439595,1,-1.78050393801663
3893,1,-0.537437896152057,7.94441942223646,1,-0.642508872306698
3894,1,0.723733692624811,9.74962045639835,1,1.61842036854084
3895,0,-0.804885180419164,2.25352856604085,1,-0.579600189633731
3896,1,1.37660174200307,10.7622468993313,1,1.76839343802313
3897,1,1.04099895485798,9.85887316046277,1,0.0444200414538486
3898,0,-1.10541802038376,3.68258518164918,1,-0.0914228775251833
3899,0,-2.05962592268245,-2.76889519188055,0,-1.06030539797979
3900,0,-0.724389448743698,1.94850617665943,0,-0.666051110720034
3901,0,-0.412799984850787,5.41158698851713,1,-0.615971458356047
3902,0,0.0894624795395507,2.70680006452338,0,0.0956415447411138
3903,1,0.965691333197443,6.42677400024597,0,0.918264785623806
3904,1,0.611586467230105,5.8092903622804,0,0.628709914214779
3905,1,-2.23041811038134,3.87089848130852,1,-0.115698569439498
3906,0,0.333505810933781,1.34219847807965,0,-0.612657182285661
3907,1,1.3336666315605,10.894624373405,1,0.60095351052942
3908,0,-0.35457979146131,3.6672020841795,1,-0.459115987829527
3909,1,0.623727910789933,7.96157306884967,0,1.70477482732926
3910,1,2.50757417323682,11.3485140120792,1,2.20577658640475
3911,1,0.0551040166337163,5.24495629950467,0,-0.0913688015052108
3912,0,1.05009160116554,6.83473726583721,1,-0.228642366584979
3913,0,1.84559858576583,7.08672753886789,0,1.39713878024124
3914,1,0.658958420359112,6.86957262521787,0,1.37621638002158
3915,1,-1.76833859640474,1.22958308543881,0,-1.09677872590261
3916,0,1.4779261810268,7.6513943650915,1,-0.104974797181353
3917,0,-0.59881122423027,1.92490249734412,0,0.247631989704308
3918,1,-0.20834654389326,4.09824269649413,0,-0.427735164484674
3919,0,-0.0667702205224116,0.695749216331394,0,-0.0557933040791925
3920,1,2.10454253775885,8.71403592687276,0,1.72750730381011
3921,1,0.384911498989712,10.215662384663,1,1.36355109478553
3922,0,-2.48022212749863,-1.68105921673939,0,-0.531873307185108
3923,1,0.206691839246211,10.6115178127322,1,0.913433270160854
3924,0,0.406268364442178,6.48126084186988,1,0.846608018694347
3925,0,0.0767279448375845,3.78480841053349,0,-1.29770280459259
3926,1,0.622644581254757,11.1077965150847,1,0.727181554484958
3927,1,1.37268725970398,13.5892905672815,1,0.483520696984569
3928,0,-1.18596609036151,-0.410007841590777,0,-1.01711403995467
3929,0,-0.0326770487579182,2.16899604945603,0,0.512293513828847
3930,0,-0.383358652036109,5.03324432398254,1,0.746867379445448
3931,0,-0.16228187871396,6.05631767977786,1,0.137683719875976
3932,0,-0.604828904332291,4.87085758584074,1,-0.0168603439193606
3933,1,0.155315056819976,5.28447066090753,0,0.0699489292361176
3934,1,-0.148602803803102,8.93011680974912,1,-0.306211054802341
3935,1,-0.258194584550153,6.68560383786146,1,0.275652493539065
3936,1,-2.3952187197797,0.489962399246834,0,-1.19292086637084
3937,0,-0.76340433748113,-1.3743801403131,0,0.769037813236203
3938,0,-1.86748863752499,2.04563305863574,1,-0.730391636131561
3939,1,0.767361967256909,6.18674317232318,0,1.07348436068419
3940,1,-0.271243769975234,7.25662181312512,1,-0.373003598078066
3941,0,0.391272723831917,6.43146294192855,1,1.33407029372618
3942,1,-0.556085818602144,3.71614968677678,0,-0.853162078968567
3943,0,1.3505458605202,4.41797305242556,0,0.821118554040825
3944,0,-0.930693070065204,4.71647787030462,1,0.509099004266009
3945,1,-0.094611632842031,5.94860318713274,1,1.02194405676439
3946,1,-0.31865655065057,7.39469474595258,1,0.497791482775646
3947,0,0.670392562645895,1.72840775097076,0,-0.923276412242364
3948,0,1.14610764349164,6.81968536287994,1,0.495566049434392
3949,1,-1.040692823283,5.11712393701141,1,-0.330422756307894
3950,1,-0.7771397199248,3.52335930588516,0,-0.490819044818714
3951,0,-0.560267783576731,3.80601841472187,1,0.281689056241411
3952,1,-1.54671648042337,2.66313217870791,0,-1.70739412741921
3953,0,0.829409161589246,7.08085691010101,1,1.26287260830071
3954,1,-0.656430628054394,4.26793815077922,0,0.163953756782988
3955,0,-0.771963900852485,3.52444277953767,1,-0.371763261703767
3956,0,-0.322312432660953,3.77641944339874,1,-0.498654010233206
3957,0,0.677054685709613,5.77618248509939,1,0.252531493408056
3958,1,-1.2413844194939,5.68654039386769,1,-0.795983306211354
3959,1,-0.479886378384815,7.14767535512477,1,-0.0125447521615146
3960,0,-0.128399276818601,3.17989077506926,1,-0.343990185293241
3961,0,0.474773845871657,5.93310448432244,1,-0.162533362142056
3962,1,-0.641286901243125,5.29255094269749,1,0.244877002518736
3963,0,-0.000486434843818393,3.41991630753615,1,-0.339397857535073
3964,0,0.69266886757402,3.01339518001796,0,0.517726558864455
3965,1,-0.630108742887993,7.22732379699432,1,-0.622196923640342
3966,1,1.65611225799248,7.4561967816841,0,1.30064612295335
3967,0,1.60748473001724,4.80098824899339,0,1.36072144500557
3968,0,-2.00768139295732,-0.438902753145812,0,-0.0774102456387729
3969,0,0.985287708557355,3.93041918473095,0,0.525490947717328
3970,1,-0.671878014494179,5.21488378435526,0,0.300184723638244
3971,1,1.79560688835131,11.4622459316296,1,2.00772312596163
3972,0,-0.816711060987653,-1.67651552834552,0,-1.12196316890359
3973,1,0.376095259157626,6.55228876784383,0,0.456335035558095
3974,1,1.61492189473603,11.1189684907982,1,1.80369411991693
3975,1,-1.55496358439168,0.977972136590642,0,-0.559111714932989
3976,0,0.773423589058292,5.3690382652076,0,0.644245934144779
3977,0,1.13455967490539,7.02387320971445,1,0.0296629762013261
3978,0,1.24089619127573,3.63165854800436,0,-0.32814421476169
3979,0,-0.944030124476794,0.330037260274234,0,-1.08493764198924
3980,1,1.73720424044982,11.8092669553811,1,2.88261922848336
3981,1,-0.108368716054875,8.28225209967135,1,0.855019030603973
3982,1,-0.875317230712817,7.35678161042202,1,1.51465060026826
3983,0,-0.207346131642204,3.72995843492375,1,-0.946045758276093
3984,1,0.528634790541528,9.12824899404572,1,-0.467679069579703
3985,1,0.732960421463418,10.3648036343188,1,1.69780114035805
3986,1,1.54363745009096,8.73538801047742,0,1.26591613389938
3987,0,-1.43317890479179,2.67842630610704,1,-1.01819564362585
3988,0,1.23490849087958,7.15904284963289,1,0.0404483514797636
3989,1,0.977891710424581,8.3031720948011,0,0.35148808579189
3990,0,-0.0475857955511227,5.65278560211684,1,-0.987150068474425
3991,0,-0.00519937162361392,6.7138658512292,1,0.501732241140494
3992,0,0.375178589891035,7.2271226887287,1,-0.356298714595323
3993,0,0.0933648360840109,5.74387535007945,1,-0.502514684092191
3994,0,-0.982410130593325,5.76371587735175,1,-0.106331007897508
3995,0,-0.489989119734013,3.50540699131012,1,0.000859464347930577
3996,0,2.39988146958953,8.49879891040372,1,1.37435271195237
3997,0,-0.90315555477167,4.2380433236733,1,-0.0331230950679605
3998,0,-1.29516742620287,2.91916353719146,1,-0.647978143740663
3999,0,-0.568840147041948,0.019194135152263,0,-1.55000881567498
4000,1,0.169793245425053,9.09455041054817,1,0.740910306376842
4001,1,-1.02037754245157,4.2754796004065,1,1.35379198882942
4002,0,-0.729605510467062,5.16145980944114,1,-1.10429162113105
4003,1,1.02650430223629,7.27338998785192,0,1.03287073157457
4004,1,-1.35582919071216,5.33079888765908,1,-1.08121901709292
4005,1,2.04286843210838,11.910480064704,1,1.70904117849918
4006,1,-1.12788703254958,3.95424434807954,0,0.249754775544939
4007,0,0.684924590048412,2.16338490818042,0,-0.372242514956294
4008,1,-0.823670893230604,4.77026073298992,1,0.98826869142803
4009,1,1.43954897550861,10.4516113808783,1,1.89266455439639
4010,0,-0.160974636262457,5.21922389226411,1,0.576726231931391
4011,1,-0.183181409498687,9.2206580824926,1,-1.09290817071537
4012,1,-0.145031548315761,4.26930539861217,0,-0.695266452815653
4013,1,-0.120490262558088,7.63076118707157,0,0.735176714324869
4014,1,-0.115212747377224,8.53428718777618,1,0.17597568228564
4015,1,0.944256014650945,10.3636800099539,1,1.81008435063919
4016,1,1.44268353615577,11.3385807468542,1,2.14334058331226
4017,0,-0.968533975752634,3.14126750663853,1,0.448288007102731
4018,0,0.571069074761598,6.32536777122591,1,0.544818515256793
4019,0,-1.70155329191569,1.33779692097207,0,-0.149364497472737
4020,1,1.375807314906,11.0203511667966,1,1.47914030802779
4021,0,0.365111604726398,3.25799205797324,0,0.513882642715892
4022,0,0.942522128904085,5.69504528271765,1,0.486658041176915
4023,1,0.981092180259409,5.60051993830419,0,0.950765092218006
4024,0,0.104191529841221,2.0999263773817,0,-0.994145078410268
4025,1,0.336655558874182,8.84965163663891,1,1.14052153868716
4026,0,1.3993833479818,4.29865130029011,0,0.661250426495048
4027,1,1.44175496221168,9.1582139666293,1,0.773962301685764
4028,1,0.634200141362999,9.48308949291931,1,0.355981718653807
4029,1,0.573202710515623,7.29409810519589,0,0.11893880865829
4030,0,-0.790535741118314,0.970986789608988,0,0.27351898434293
4031,0,0.56929878877726,1.80915963557719,0,-0.33696371039325
4032,1,-0.638597291173211,8.73468441848913,1,-0.23486711439866
4033,0,-0.643097578777704,3.67263441552108,1,-0.577042656064598
4034,0,-1.32609180227809,-2.39715067457384,0,-1.16187587317954
4035,1,0.827650916148507,9.85672402767284,1,0.865266899200043
4036,1,1.85744073471596,8.51911440241345,0,1.21265575636315
4037,0,0.741476454283577,6.00372666062717,1,0.210549455893413
4038,0,0.169848405193189,4.83131709114536,1,-0.0674137636689742
4039,1,1.76962342740425,8.4924601490029,0,0.655944713375607
4040,1,-0.0453110640141562,7.59432047652559,1,0.186674468392455
4041,1,0.349707951961842,5.24951201031228,0,0.495781788494313
4042,0,-0.0725233330241314,1.3641342270538,0,-0.0293976421813657
4043,1,-0.205583443715042,6.65513541902584,1,0.973331603768643
4044,0,1.47355285854186,4.88410638019559,0,1.63463729777394
4045,0,0.892707526019358,8.38764190469246,1,1.48506450475715
4046,1,1.93135499154844,8.4610873467898,0,-0.0926279120179654
4047,0,-0.111647067519296,3.04445639322506,0,-0.887475030382601
4048,1,0.944824545825155,9.44798602288228,1,1.10281452280316
4049,1,0.990708647809456,9.7204321379115,1,1.06083731762427
4050,1,-0.0534855559901145,7.7901204359597,1,0.942652572344478
4051,0,-1.5341554050105,-1.8081475542024,0,-1.22994368442604
4052,1,-1.05459935265913,3.36488207563593,0,1.54190679664128
4053,0,0.880334079755888,3.18533448693078,0,0.795380377000881
4054,0,-0.972944064902597,1.52875646148326,1,-1.91012576144112
4055,0,-0.00203518601183058,4.9901858308582,0,0.103824118742347
4056,0,0.215491511622634,4.27262127670936,1,0.941286621438713
4057,0,0.623395449021783,7.00955245610114,1,-0.8602690779813
4058,1,-0.769005355875207,2.12644713665227,0,-0.516599565205969
4059,1,0.42903519920744,5.02319885290346,0,0.380428442027288
4060,1,-2.20009627215593,0.642708764526003,0,-1.68233538174545
4061,1,-0.00544066649686839,7.42843760055908,1,0.0835891736717303
4062,0,1.15097025147599,8.91279384559589,1,0.671151130151628
4063,0,-0.565779164220707,2.483202832777,1,-0.55244956350674
4064,1,0.0486798274675567,5.54706581379254,0,0.687739365969493
4065,1,-0.649413189470634,6.05114981592235,1,-0.377424255797048
4066,1,0.577429261275117,4.01164088110985,0,-1.45727404284153
4067,1,0.014528095699989,10.4448989063532,1,0.734515833003515
4068,0,1.89928447590023,10.0580756442243,1,1.22733813283423
4069,1,-0.80057656110009,2.91156994796864,0,-0.0204975669448925
4070,0,0.0168133692458685,1.11899917612938,0,-0.804541621012238
4071,0,0.833312043933596,2.88118065701571,0,-0.279931836071669
4072,1,-1.52258066820206,5.98739466821964,1,-1.57286803268496
4073,0,-0.578751317098654,0.758929072749979,0,-1.2796571305729
4074,1,1.05376019778182,8.93345337311813,1,0.788523653185303
4075,1,2.2275785271748,7.35549289425232,0,1.57715831710477
4076,1,-0.450106999664307,8.40427944850728,1,-0.480209252734986
4077,1,-0.475653787156009,7.11175657993356,1,-0.139826700861771
4078,1,-0.409683962324142,5.27403179824548,0,-0.356829820567561
4079,0,-0.758888070280013,3.04848909634181,1,-0.711841462058244
4080,0,-0.493571280706305,2.70489687564777,1,-0.439549274622603
4081,1,0.741066763164376,5.38764729901432,0,0.773803067518736
4082,0,-1.43733504126544,-0.80105806625211,0,0.12026427354171
4083,1,0.538956340368049,6.74731150043473,0,-0.73144615684155
4084,0,-3.30840782290581,-0.872032399608067,1,-1.15685283877843
4085,1,-0.955688329986032,7.02065971542568,1,-0.22423149933628
4086,0,-0.306247619837947,5.44079699969858,1,0.0925734832156484
4087,1,-0.405918592460335,5.46030753434297,1,0.14729632756518
4088,0,0.0517881944644797,4.73623826518835,1,-0.808640774617301
4089,1,1.98437146247901,7.61067126618433,0,1.39573231969704
4090,0,-0.591437912062113,6.7045345053234,1,0.0633821988433431
4091,0,2.51035226069778,5.84969485535474,0,2.00240705475745
4092,0,-0.844958097711239,0.474976024616911,0,-0.962815262930244
4093,0,0.716289703566245,3.47745602057907,0,-0.136410232193738
4094,0,-1.17088483735844,-1.7259367922894,0,-1.38373232499457
4095,1,0.0787726166511113,3.77364554140495,0,0.458485360974131
4096,0,1.41268590305526,4.78463795510368,0,0.168836577433621
4097,0,-1.97996489945065,-1.58263425702021,0,-1.79178655914902
4098,1,0.121441336585319,9.78626063278499,1,0.357862331592357
4099,0,-1.13265731779557,3.36464908821396,1,0.216057608129154
4100,0,1.50305168522717,8.10058959905818,1,0.42667934173039
4101,1,1.18922741580595,6.31010466270455,0,-0.179309900745703
4102,1,-0.559320934271925,3.06486309000772,0,-0.718971246285875
4103,1,-0.946900539977962,3.64198674672428,0,-1.06037914355247
4104,0,1.55739141468689,7.29830152083206,1,0.616891596778589
4105,0,1.21551810066199,4.87358364556145,0,0.691586515646071
4106,0,1.24553479466159,3.5055232020641,0,0.023090468931537
4107,0,-0.868604366477504,0.971089565694211,0,0.387293330349237
4108,1,1.09607339207164,6.28998655833338,0,1.56689910476523
4109,1,-1.1979848627577,4.16199058765835,0,-0.50033921628
4110,0,0.23176083444604,1.61215814701714,0,-0.13428474836413
4111,1,-1.93507095711372,0.495460383178637,0,-1.25513649963868
4112,1,-0.759562403166904,6.09826774778995,1,-0.907360206204808
4113,1,-0.841733354841017,4.58492063639864,0,-0.758512540963528
4114,0,1.02437555507287,6.69471334787401,1,0.677990969353737
4115,0,0.955364927646063,9.0278543255561,1,1.48277701420204
4116,0,0.416022974524661,4.35086977040542,1,0.0488433163540396
4117,1,0.48181504768167,4.90160579503918,0,0.0924351076047948
4118,0,-1.39168791952905,1.4722600375689,1,-1.12242423718737
4119,1,0.910854637347596,8.40296985367436,0,1.3120444444423
4120,0,-0.397754682874876,1.09123943346898,0,-0.756269079168363
4121,1,0.522492722556666,9.45021377452495,1,1.13243777050411
4122,1,1.33949845899914,9.90495746752217,1,1.79120075427161
4123,0,-1.87605229170433,1.74999608741773,1,-0.981649009888326
4124,0,-0.780127061951323,0.037695907014618,0,-0.396112657735661
4125,1,0.0452230968867865,10.0481611482683,1,1.36249562988446
4126,1,0.678737033108778,5.58882825092339,0,0.547750867966045
4127,1,-0.401802051105983,2.89246034505139,0,-0.886633555114608
4128,1,-0.498660113723723,7.34946655027181,1,-0.16144128923731
4129,0,-1.77489881612707,1.07811433656576,1,-2.03150447780104
4130,1,-0.191529501102123,7.62146226197206,1,0.776780146836999
4131,1,0.529744753549286,9.03311453644923,1,0.61091257055089
4132,1,0.0660529045627186,6.67722527600224,0,0.599871851310595
4133,1,1.05817877772919,8.8334525249495,1,0.935014806627669
4134,1,0.756577336253273,9.41450331696304,1,1.39851326892288
4135,1,0.129398670875964,5.83510413013835,0,0.584986378030338
4136,1,1.74804335873483,9.1892996462174,0,0.976017793048259
4137,0,-0.308369062916464,1.39513670140683,0,-0.368399387616596
4138,0,-0.0530975580772408,5.72672926812911,1,-0.154256260382408
4139,1,0.346128140440855,4.1804710343255,0,-0.420195063755516
4140,0,-1.79013973491704,2.42277109657949,1,-0.92493797649674
4141,1,0.0909237445698157,4.96366214109423,0,0.358217152287882
4142,0,1.12631106503857,7.43658740708911,1,0.395924521823466
4143,0,-0.0755106576168037,6.41266426135009,1,-0.897065719275642
4144,0,0.258168600701261,3.65736425509884,0,0.0638650301851367
4145,1,-0.0267462909438968,8.03221063066312,1,0.0714195148124621
4146,1,0.933901676211562,7.44493286812195,0,-0.166721037744317
4147,1,-0.645918698294169,8.12317257329286,1,0.544076598767531
4148,1,-0.298181474032829,6.51966604227768,1,-0.0594628021881374
4149,0,-0.195567645157286,-0.596202948772212,0,-0.53141395069894
4150,1,-0.326817800704707,4.48712732403573,0,-0.00400248811027401
4151,0,-0.0213437632369976,5.74939800411677,1,0.714208998963089
4152,0,-0.485046209889872,5.40142867415501,1,1.31930895824832
4153,0,1.19072090119014,6.25794279500693,0,0.508161306920214
4154,0,-0.346072093491196,1.79048172302642,0,0.679310190513525
4155,1,-0.863250421621825,4.37909590289341,1,-1.45297761088956
4156,1,-1.58506032322426,3.8693600064847,0,1.38087317282111
4157,0,0.0543818458666089,3.92008741996895,1,-0.402656027565889
4158,0,0.755071759662646,5.4798945570044,1,0.695773901274297
4159,0,0.596111730920837,7.21842199921166,1,-0.0768884991338514
4160,1,0.980378948843119,9.81870973881928,1,1.59668220965712
4161,1,1.59836007869217,9.78372627012105,1,-0.116110172851647
4162,1,-0.464948528253351,3.41384695223865,0,-0.824897874776981
4163,0,-0.483697205479896,0.211762075160094,0,-0.809103168425916
4164,0,-0.834855429332481,-1.13390266926886,0,-1.21614107446198
4165,1,1.27917629889984,7.02632458090881,0,1.47730083581989
4166,0,-1.49403911124107,-1.25989460202992,0,-0.904687546217732
4167,1,0.310698990284129,7.69982458652317,1,0.730808423639595
4168,1,-0.296281100670437,7.20264113780035,1,0.100063089751571
4169,0,-0.501964182432157,1.94291095888734,0,0.702976412255229
4170,1,-0.302149767997922,3.03745007377097,0,-0.349189181295678
4171,0,-0.422855106435575,1.84793020258348,0,-0.0604375711927004
4172,1,0.214749291721792,4.99471123952075,0,0.00950414566012187
4173,1,0.133225724019565,6.27374443492809,1,-1.30824838832364
4174,1,-0.754441827646669,2.73185574588283,0,-0.79669406185994
4175,0,-0.0868469383343843,1.68762895545763,0,0.489253293532642
4176,0,1.01605197442111,7.98137944270481,1,1.30791799097103
4177,0,-0.862060190764234,0.245255232986824,0,-0.547257862355387
4178,0,-0.079029789879793,1.79896392385013,0,-0.30320283900799
4179,1,1.13293005281761,8.02015720514477,0,0.660401774965354
4180,0,-0.175382427291657,1.68492013625333,0,0.133638837282493
4181,1,0.500384573515238,7.37285664630395,1,0.441560225030648
4182,0,1.01651720391266,8.4102970545009,1,1.44001656870254
4183,1,0.530174410817554,6.16170926928826,0,1.06332362426074
4184,0,0.109982328920536,5.11754532398598,1,-0.0811575377238724
4185,1,1.53463204499973,7.73952413781968,0,0.854542758013642
4186,1,0.769107652838176,7.55647999098126,0,2.1302624836896
4187,1,1.15317955497027,6.0066492722235,0,0.722353055902654
4188,1,-1.85126987852568,2.38806369995061,0,-1.06049065842512
4189,0,-1.88968385446333,-1.74522264348585,0,-1.06749564119996
4190,1,-0.661353966471871,2.98059212870796,0,0.438451794262292
4191,0,-1.09130667184605,2.68474627934216,1,-0.856842029008356
4192,0,-1.98714161384437,-0.287988794622203,0,-1.32899114696648
4193,0,-0.424013965946591,3.04824022972446,1,0.141480537069822
4194,1,1.94670154402892,10.9123859597727,1,1.63011390032571
4195,0,0.466281686361508,5.29084037847336,1,-0.14014779484058
4196,0,-0.237126116305444,5.65994080001221,1,1.09607747486693
4197,0,1.30980219497918,6.41088785750993,1,0.368746948697363
4198,0,0.105309763479679,5.14041641824194,1,-0.967551396198688
4199,1,1.32880946712888,8.747536290846,1,1.34222748923543
4200,1,-1.21756012391138,4.96656366316437,0,0.0728663045015756
4201,1,-0.896069419776026,3.97330664377293,0,0.307126662649523
4202,1,0.195266411204963,3.89920700322956,0,-0.171858495575729
4203,0,-2.37016412926914,-2.70451288493301,0,-1.46948289242519
4204,0,-0.890513030272548,1.13333514970356,0,-0.345923069301242
4205,1,0.247145064943297,5.93797286879755,0,-0.0374365137176518
4206,1,0.281958228175316,8.78940862829275,1,-0.175790599957289
4207,1,-0.707425895426552,5.97665653221062,1,0.11714917861367
4208,0,-0.496974493189511,4.86076080903108,1,-0.108212774050888
4209,0,-0.741644701142705,2.9077136545651,1,-0.945328537430687
4210,1,0.77134987444186,8.94270906678857,1,-0.0319879276202375
4211,1,0.59772218423562,8.76716770795315,1,0.80662015444072
4212,1,-0.200617959074733,9.35124025198811,1,0.370613712455284
4213,1,-0.0691194443637718,8.31149914461206,1,1.39811995326797
4214,1,1.13700170319667,8.5911859647338,1,0.646652400037156
4215,1,0.744729435008429,4.90627723743574,0,0.33268196756737
4216,0,-1.61924708927115,-1.40763582519393,0,-0.977368491224792
4217,1,-0.629456925298921,2.89614196938286,0,-0.659151394287716
4218,1,1.05788436219065,9.06523717296925,1,-0.543841169039424
4219,1,-2.02844836507143,3.11458237752146,0,-1.22629697460602
4220,0,-0.142548849262066,0.205852515057969,0,-1.42395213916466
4221,1,1.53799712385037,9.18241030098838,0,2.21580558041981
4222,0,1.00972961087163,7.58597891130542,1,1.14064386147195
4223,1,1.03138779134099,5.17577678158357,0,-0.261518529913982
4224,0,-1.8389535047977,-2.31155757172911,0,-1.2756030863112
4225,1,-0.0809149287642641,3.87410571207721,0,-0.331229146689911
4226,0,-2.96498439251453,-2.37224249093111,0,-0.368993686647323
4227,0,-0.949572236493295,1.33715319393131,1,-2.07679014354567
4228,1,0.894881297945835,10.4733071046651,1,1.57089905697612
4229,1,0.472509750840798,5.31881132558843,0,0.957043381174475
4230,1,-0.561530524088789,2.22809979312838,0,-0.0260644639379872
4231,0,0.172538736625997,5.21029002369586,1,0.277220948940995
4232,0,0.696623502063269,5.40012259651517,1,0.582808939531245
4233,1,0.425163057402694,6.08696456423414,0,0.0485378483361695
4234,1,1.25384456270953,12.7752909724442,1,2.03851338553772
4235,0,-0.516861936276222,0.458695307634081,0,0.384214125119906
4236,1,-0.231335070035178,6.93259331105502,1,0.661803189012381
4237,1,1.26679587443618,6.38572377714092,0,0.261831595076085
4238,0,-0.321248700588976,3.31729349355432,0,0.415070590392809
4239,1,0.723854506667909,10.3800430101448,1,0.521384577768796
4240,0,1.39827381494846,3.78904384285761,0,0.06661651895201
4241,0,0.180137332760575,5.644293315325,1,-0.236811916706167
4242,1,0.761320011224727,8.22112371082237,1,0.689539095610617
4243,1,2.37742738251869,11.1049942483073,1,0.915873806719301
4244,1,-0.213397079387889,9.22245726444331,1,0.360362720296356
4245,1,-0.0129144390268832,6.01427205333689,0,-0.456155418888263
4246,0,-0.920592518159265,3.53825897871644,1,0.188712316720128
4247,0,0.729144500484137,1.69488508082936,0,-1.81949109571001
4248,0,-2.3627348964563,-3.01554650874011,0,-1.92297043504025
4249,1,-0.205518553861947,7.70084165850192,1,0.575186538414424
4250,0,0.487192885469659,1.51876231632364,0,1.64113192911317
4251,1,-2.89533269209451,2.33646043326161,1,-1.97407886933151
4252,1,1.00700618072487,10.3231563909609,1,1.26439030267091
4253,1,-0.268118055003984,8.09394849683791,1,1.67806022043554
4254,1,-0.317619407605633,5.72503374235219,0,0.634552340759728
4255,1,0.389011712658783,10.2860984849645,1,0.407818066057521
4256,0,1.31604116308666,5.89142502261182,0,1.632153380723
4257,0,0.126118273111556,6.41640348028149,1,0.737340292674785
4258,0,-1.79023422427201,-0.360882691655684,0,-1.38444030869108
4259,1,-0.601302585635549,8.19380666455244,1,0.172280644727791
4260,0,0.150314910010379,3.68577245150067,0,0.295368479990271
4261,0,0.324943806496477,4.98519808081075,1,0.0740558161590766
4262,1,-0.414885183915796,7.03856876286021,1,0.114731565661305
4263,1,1.21842831655198,6.55733441330156,0,0.800180236036331
4264,1,-0.818672567809297,2.52967368067228,0,-0.206534593513714
4265,0,-0.0634314741278686,3.90496193424418,1,-0.312568383035136
4266,0,-2.13752680071421,1.18568129952367,1,-0.791265918020013
4267,1,1.16324516564236,11.9166292556065,1,1.40173163503406
4268,1,-0.872817790185571,6.77167468140558,1,0.0363262749044814
4269,1,-0.575109956639969,2.25717165933092,0,-1.17533079225998
4270,1,-0.491385152019573,8.70428093787332,1,0.826572995044672
4271,0,-1.80161219411383,0.790207896202676,1,-0.611788573510809
4272,0,0.424698416097907,3.21175771243929,0,-0.0418409115269739
4273,1,-1.14892178052345,4.9255453262869,1,0.225802080368905
4274,0,-0.318119054300326,1.11457737413686,0,-0.724804755414466
4275,0,0.407540086316565,3.93340240480037,0,0.605665997611123
4276,0,0.651486229255932,6.50943596740739,1,0.274346795311622
4277,0,0.180565411355414,0.787338150250277,0,-1.05441697104682
4278,1,0.659463884911051,8.7950224937016,1,0.19514321154671
4279,0,1.28078467729458,4.67116215203228,0,0.541517489749109
4280,0,-0.0684071762054496,2.32704561498069,0,0.402157002649244
4281,1,0.117864107490811,5.36991399916063,0,1.06923334708267
4282,0,1.0343639277469,4.34333553369514,0,1.09221971261949
4283,0,-0.627212333703182,0.19411138789438,0,0.234579321461477
4284,0,0.0983839370022002,5.70895168791485,1,0.585824791575182
4285,0,0.78367540785669,3.89128851134671,0,1.03733318787947
4286,0,0.0608546850953133,2.36744913644026,1,0.833783174746775
4287,0,-0.0789549968049455,4.55816535202042,1,-1.16914385200251
4288,1,1.64677257029148,10.2361468178015,1,1.53282495954964
4289,0,-1.73751364185246,0.871443262152284,0,-0.441024069504114
4290,1,0.513827595092794,9.56543055952836,1,0.364622889623069
4291,1,-2.78859007508681,2.60631801283456,0,-0.377536953943938
4292,0,-0.877281858515841,4.34253454924554,1,-0.620839307220591
4293,1,0.216986180179392,5.82100049386005,0,-0.226791046327435
4294,0,0.546117688872213,6.28346976475616,1,0.321849175126285
4295,0,-0.101612314312139,-0.0681822041936302,0,-0.535398694664182
4296,0,-0.160088963029887,1.72468522041418,0,0.197062861288634
4297,1,-0.768311364771208,7.75091414299886,1,0.096449704271137
4298,1,0.0173938922355814,8.29096230647695,1,0.493697615529682
4299,0,-0.155955902545636,2.2040443829909,0,-1.15785928994239
4300,1,1.3047158654908,10.4039520175287,1,0.761904645791347
4301,0,-0.932609879113302,-0.0904185294883722,0,-0.681245042560297
4302,0,1.23805331884887,6.63604951782796,1,0.649273582475806
4303,0,-1.59486676204832,-1.47871540951026,0,-1.95300734759246
4304,1,0.0937457171271516,5.70328379751832,0,-0.0573348973760101
4305,1,0.364029584346149,7.38482282917533,1,-0.225772537308228
4306,1,0.722680966118,6.67121524294198,0,0.266447698306062
4307,1,-1.25232935171763,2.25509483485757,0,-1.08435985223812
4308,0,-0.554983080965536,0.508686552054043,0,-0.53833200309307
4309,1,0.263197735967713,7.61670455741742,1,0.66466146515479
4310,0,0.863742182091898,5.53696821136995,1,-0.767262840809424
4311,0,0.199661043583785,3.62763166786383,0,1.98582706747203
4312,0,-1.92746715174755,1.57917853236885,1,-1.21122356453798
4313,1,-0.15138304398912,8.88942327882024,1,1.14705026779284
4314,0,-1.68774482204726,-2.0634908840942,0,-1.95140410942539
4315,1,0.542819373953786,9.1087927047003,1,-0.69597481536618
4316,1,-0.578117006182462,5.36751292137763,0,-0.636616538280715
4317,0,0.199625861109459,2.44757630270401,0,1.85046483501233
4318,1,1.79991143120432,9.40692450458106,0,1.93836843924996
4319,0,-0.563060372399261,4.67718643641331,1,-0.0530673730218215
4320,1,0.980299390680766,5.12398816936345,0,1.07522857300487
4321,0,-0.843447014550353,-1.10689124642515,0,-1.92774075188532
4322,0,-1.81583826635136,0.642690255931523,1,0.628486696197244
4323,1,0.170532311100871,8.98598511806093,1,1.27117185580416
4324,0,-0.120374647251428,2.25941881755099,0,0.837225950183968
4325,0,-0.242248417356073,3.78090539542825,1,0.444265513019942
4326,1,1.41287996829281,9.8895009603831,1,2.2964047307876
4327,0,-1.69836768922572,0.643233978005894,1,-2.01973482159499
4328,1,-1.5072625641519,5.12234830371006,1,0.276119128232734
4329,0,1.41490596778327,5.67738446449028,1,1.08506325031757
4330,0,1.68720619134512,7.397740570403,0,0.703196950290699
4331,1,0.10941282313001,9.07390671146364,1,-0.17749874104217
4332,0,-0.00770457238105294,2.15514819972512,0,-0.294067987654919
4333,1,-1.53760297650125,6.62998276849407,1,-0.308449715661521
4334,1,0.602242311514253,9.75102773441063,1,0.108983641410522
4335,0,0.102285163063052,5.31772551999153,1,1.24524559391637
4336,0,0.0293838690705507,4.01022665739535,1,-0.475471122238932
4337,1,-0.307940731985404,2.96114881017844,0,0.0303647813957048
4338,0,0.826940696465077,3.12747572421073,0,-0.249585182875881
4339,1,-0.0556822854754709,4.99615463484406,0,-0.241377924789651
4340,0,-1.73815628805465,3.65461601786484,1,-1.07594878195033
4341,0,-1.6438743974287,-1.96193689222237,0,-0.115382477316412
4342,0,-0.145192056627325,3.65141682559132,0,0.119180703424924
4343,1,1.71729101495038,10.3227100411315,1,1.58630316921241
4344,0,1.16865138203062,3.82046516639954,0,-0.0912803782232603
4345,0,-0.756641249532186,1.61959706206743,1,-0.876660367146583
4346,1,1.35619859050971,9.75536885143879,1,0.431888598763679
4347,0,0.111247279911041,5.53571432758877,1,-0.195475775007145
4348,1,1.02959130229542,9.53231411344342,1,0.154873468643045
4349,1,1.74054970355907,7.68574401962904,0,1.09851034403164
4350,0,1.43437198733928,4.41445243454092,0,1.1205592780034
4351,0,-0.807485864557942,3.78893632962602,1,-0.319054694074212
4352,1,0.24540486635534,6.23614228725309,0,1.42693811760577
4353,1,-0.863172514436452,6.74230497291193,1,-0.420061502140087
4354,0,-1.14196517275131,1.41560994963043,1,-0.353834819234008
4355,0,-1.42011121826269,-0.328574573610697,0,0.010668363675453
4356,1,-1.55247734515219,1.68729102189348,0,0.464589693939092
4357,0,-2.07070692181504,-2.15738237643859,0,-1.51792516934193
4358,0,-0.717285424868587,3.60822562382829,1,-0.182563913645687
4359,1,2.10193554913996,9.13535083118049,0,2.59616182412256
4360,1,-1.40847201091677,4.13102372502437,0,0.719464517795863
4361,0,0.167010020218245,0.892107630723019,0,0.675575811548011
4362,0,1.40457880260096,6.88839886666545,1,1.82351895482209
4363,0,1.00301144045127,4.03553223929664,0,0.744547149862982
4364,0,-0.531318037580133,2.14582462602913,0,0.051947282010559
4365,0,-0.34630458710905,0.989935681844627,0,-0.395365142211193
4366,0,0.523609050138804,5.84924300331868,1,0.59306662032257
4367,1,1.38794699884689,9.60022322515637,1,0.152254825773148
4368,0,-0.27714381827553,5.63382113515166,1,0.195351827177945
4369,0,0.0965060645440916,4.11046499493237,1,1.00991017519319
4370,1,-1.04082643598293,2.85929903046196,0,-0.1013784199706
4371,0,-1.15757007822125,3.32031913933705,1,0.00905956621665782
4372,1,1.77790714080675,9.9244519925847,1,0.306563884645619
4373,1,1.14126003926183,8.94149866678764,1,0.835347573024635
4374,0,-1.40593033565516,2.15388017102441,1,-0.245106782872665
4375,1,-1.02588037659749,4.33751165941647,0,-1.22947461039848
4376,0,0.611501647292082,2.83722106707987,0,0.728665183356638
4377,0,-0.128362753616616,2.85260422933774,0,-0.431341286005185
4378,0,-0.461272359446572,4.2665720758088,1,-0.151883300481425
4379,1,0.417439736782129,4.67102085884394,0,0.867083166857205
4380,1,0.320247187603137,5.8984225502744,0,0.423137142692898
4381,1,-0.398739509138785,7.77920096401512,1,0.0656142124470062
4382,1,-0.719546952254205,5.27059941251461,0,1.30357479826155
4383,0,0.219296886647976,3.91915565794162,0,1.46688069292154
4384,1,0.222093978529395,9.09913521194047,1,0.442154824913651
4385,0,1.11250579395739,7.75968808362211,1,0.569904551272347
4386,0,-0.0283194316745225,1.52266858463367,0,0.0791703284611195
4387,1,-0.0787802813758919,8.8410601856515,1,0.444316719501189
4388,1,0.239099097257417,4.36848762961435,0,0.492309796580599
4389,1,-0.413949588909927,6.41121675739822,1,0.446455141767494
4390,1,-0.00972992670301776,7.96039086211717,1,0.677411227926384
4391,1,0.166067261394914,7.70981125728755,1,-0.318985451423226
4392,0,0.856959150077612,3.26214044043215,0,-0.24976994779066
4393,0,0.188533081058027,0.533659035031212,0,-0.621032404883049
4394,0,1.22117126040982,6.10276907837689,0,0.817133429851594
4395,0,-0.342011711490307,4.92347449809053,1,-1.42530239059281
4396,1,-1.59975828899614,0.236825995867358,0,-0.529668147122002
4397,1,-0.211354652663353,8.30704035665886,1,-0.339261944401344
4398,0,-0.583443280408093,-0.211552922953975,0,-0.221121182546352
4399,0,1.15861620315268,4.16622471948569,0,0.270904639481431
4400,1,0.599301466185779,9.41665388349565,1,1.55537029814909
4401,1,-0.466306554839065,9.48432292943251,1,-0.00771271062103535
4402,0,-0.804569748421354,-1.45376518424099,0,-2.03009047329362
4403,1,0.860769272254416,8.82138683738763,1,1.04728529987365
4404,0,0.0147304495136524,4.68191256578932,1,1.58757788764664
4405,1,1.14633768275922,6.04211090527289,0,0.165034381155448
4406,1,-0.403509352127671,8.24772330326892,1,0.189680237154716
4407,1,-0.09118555473559,6.5218571838944,1,0.343661510960592
4408,1,0.698278838796462,10.4156316294432,1,1.78360021781225
4409,0,-1.06972906881859,-0.155790900315958,0,-0.326961033057223
4410,1,-0.693062333932251,7.74595830290452,1,1.0565450071556
4411,1,-0.219042473730285,7.15724461936492,1,-0.568220472421569
4412,1,0.00139666879165301,7.65045329889253,1,0.196688653542996
4413,0,0.934076732494943,4.88113781953485,0,2.47292591374924
4414,1,-1.27877956409248,1.64930527412796,0,-1.18322087680018
4415,1,-0.197014341334538,6.66063975655399,1,-0.0408004029374954
4416,1,0.872689403749991,11.6644958895457,1,0.72206699198357
4417,0,0.581102678489178,4.53125103912399,1,-0.657284549137412
4418,1,-1.49744378584749,4.89298367606327,1,-1.18833885496989
4419,0,-0.746520322088202,0.381882466442707,0,-1.19951903165542
4420,1,0.723772390813154,10.4777420575229,1,1.39062524027007
4421,0,-1.38350249198739,-0.713275057556482,0,-0.498319394096684
4422,0,0.207849813271798,6.36197867162637,1,-0.0532694817367203
4423,0,0.267847960780474,3.35091815762366,0,0.597460376081933
4424,1,2.16083329510815,9.50420627333762,0,1.22508099043822
4425,0,-1.13619049436647,-0.606769790525234,0,-0.210589117080105
4426,1,1.82701638206277,11.0587062225184,1,1.98016099304033
4427,1,-0.110147672443299,5.55025474234132,0,0.734575594384749
4428,1,1.27635504960245,11.6469325900564,1,0.698161579418349
4429,0,1.11790161762691,8.77950154602741,1,1.73848773481216
4430,0,-0.530630715598926,4.73692878069105,1,-0.106632912430793
4431,0,0.620941198965494,3.20868308861663,0,1.21330503949584
4432,1,0.464427424045131,6.9266335911569,0,-0.115124354646631
4433,1,-0.318676080226463,9.22417496327088,1,1.89846160532466
4434,1,0.0343406421232317,8.93518666788019,1,0.306176589738855
4435,1,-0.136589405088062,5.16506232670393,0,0.74280420530437
4436,0,-0.0848711273097902,4.55178619404639,1,0.206068282734278
4437,0,-1.42449722309628,4.72626770099504,1,0.847435258186638
4438,1,0.399195840490355,7.65631499302738,1,0.4768639082124
4439,0,0.34564757192629,3.96803885306332,0,0.134304172758553
4440,1,-0.848477204015522,7.59915083191306,1,0.661270746662667
4441,0,0.728939495243493,5.46244104004605,1,0.489203846882751
4442,0,-1.03644646419242,0.795332047349118,0,-1.07470303339016
4443,1,-0.36397110569075,3.30690780611368,0,-0.882494418774787
4444,0,-2.84477789670041,0.0436375703906499,1,-2.45402474143706
4445,0,-0.111586041421202,5.06939349248462,1,-0.757016854761751
4446,1,1.08104777389472,10.9348269492827,1,2.02482993203253
4447,0,-1.28536290398011,-0.739206040359072,0,-0.434744483131308
4448,0,-0.120136486859595,6.38161892406894,1,0.848659761644997
4449,0,-1.32227532547361,3.81056816580648,1,-0.00547187397734883
4450,1,0.724903950677728,5.36390423606282,0,0.0112611472334828
4451,0,0.109280835245796,0.915798056425008,0,-1.62503805135096
4452,0,0.59378549488248,3.06193714661664,0,-0.954162506666705
4453,0,0.717288112056582,6.60895743890312,1,0.234495367392854
4454,1,-0.272939948126847,7.67341610090429,1,0.877632641827742
4455,0,-0.952165187546316,4.39692352960859,1,-0.674922174425638
4456,1,-0.267009933283735,10.5020527507831,1,1.07461475293748
4457,0,-0.769977665558462,3.29602269695686,1,-0.402904407095898
4458,0,0.746542281833952,6.19345006125204,1,-0.94684552304183
4459,1,0.224396992899434,3.96104264913447,0,-0.7852213036919
4460,0,1.00206650348007,2.51631846879595,0,1.51358026395005
4461,1,1.80100988443267,12.0952446861462,1,1.69129261978515
4462,0,0.207106692173459,7.12715740438249,1,1.17239480548884
4463,1,0.259548675180328,3.03932656951781,0,-0.787425883919289
4464,0,1.40917256243446,7.83684383930941,1,-0.583532718673379
4465,1,-1.20200355355365,2.53547102366419,0,-0.190794809877454
4466,0,0.320980481463603,5.7494561832346,1,0.320693685532143
4467,1,1.92593466135888,13.9206520956583,1,1.10652745090469
4468,1,0.321994820317105,8.50469034941019,1,-0.302301290176223
4469,1,-0.908905388538174,7.68523114792397,1,0.70976149685462
4470,1,3.32100923041937,11.5079806566174,1,1.03735442455014
4471,0,-0.697977594288378,5.55496175713847,1,0.381543440748217
4472,1,1.14210383536446,9.75271224916859,1,0.634300108468861
4473,0,0.506184934759376,5.53061575340012,1,0.185859142183989
4474,1,0.126550779961911,4.81059297262496,0,0.576297743515304
4475,0,-0.725919041462262,3.61915516586292,1,0.25473676293726
4476,1,1.19514249933866,10.1181841599891,1,1.67146758355182
4477,0,-0.0233665013500546,5.7511984775329,1,0.6660746594061
4478,0,-0.0166657729026377,5.54891001312494,1,-0.149309584542703
4479,0,-0.656292389995299,3.23928965221858,0,0.562833273941484
4480,0,1.74450526718419,7.08143580576288,1,0.540831827615117
4481,0,0.276757429507094,4.43931377360156,1,1.43433804758863
4482,0,-2.29773716047263,0.795076774264471,1,-0.921568617198811
4483,0,0.159927532012783,4.38434890037495,0,1.1391361908881
4484,0,-0.932389027426074,2.07583294209934,0,0.171121740614711
4485,1,-0.266799587839374,4.32441834887219,0,0.027937208054928
4486,1,-0.436358049906945,6.05889233166004,1,0.25137930852115
4487,1,-2.04204131873646,0.67489348286034,0,-1.15637480064987
4488,1,0.607855992366638,5.72268469666955,0,-0.276186005759761
4489,0,0.375605071176543,6.08175001956107,1,1.02399098582301
4490,0,-0.187246945531909,5.00023758324643,1,0.28246900658624
4491,1,-0.0570777336562916,9.67809446558431,1,2.0873522382916
4492,1,1.34090091479524,6.88556539183951,0,0.729150921685524
4493,1,0.169249303915532,11.925803473682,1,0.833179736501603
4494,0,-0.39838481821789,4.62367757276874,1,-1.48642596099143
4495,0,1.02217198986039,6.95573799129255,1,1.12522980169529
4496,1,1.41487702506355,7.9553350715255,0,1.09137921872621
4497,1,-0.639271070321742,2.63643883103687,0,-0.805422037874203
4498,1,-1.26960465313285,5.86109960336038,1,0.234064914433678
4499,0,1.35235042062814,5.08042021575072,0,0.322530850127868
4500,1,1.01860264825298,5.06073104926029,0,0.240368151016388
4501,0,-0.534841557546071,0.384523150760171,0,-0.334660354565855
4502,0,-0.91152680306876,-0.465348814190216,0,-0.153541676330547
4503,1,0.539087615243437,5.83668580941081,0,0.159158058549861
4504,0,-1.49853361171063,-1.47009490446587,0,-0.365534663060324
4505,0,1.95297476918863,9.72328257230325,1,0.801671056671022
4506,1,-0.588432350805027,5.62829222396331,0,-0.906321011254731
4507,1,-0.639451909631254,7.66499319220986,1,0.46643280515065
4508,1,0.265262092482092,10.0009763747451,1,1.54305833633808
4509,0,1.70817893994824,5.6724488485287,0,1.30147545425002
4510,0,-0.757073814613614,4.0876400608579,1,-0.276822696836405
4511,0,0.374535979894329,0.0902558182425728,0,-0.799559188934427
4512,0,-1.85775552909686,-1.30058725274803,0,-0.534473783166978
4513,1,-0.0219661509134275,6.88042060053279,1,-0.445234837254585
4514,0,0.134628702546028,6.14056391297802,1,-0.536042273078016
4515,1,-0.625544304479009,8.18651831349255,1,0.135214017830416
4516,1,-0.66254233344582,7.4439569572038,1,0.515053589057011
4517,1,0.842237912418206,9.67355202822258,1,-0.106231592512123
4518,0,-1.28003910698295,1.0102200286556,0,-0.881358596371845
4519,1,-1.64577239918658,0.738948810283436,0,0.338703759736263
4520,0,0.156612689433534,6.57119147582532,1,0.355085516043603
4521,0,0.591755152274452,6.05030735254324,1,0.307694917212649
4522,1,0.156895088846176,7.08563016278427,1,0.254480806341392
4523,0,-0.108382156411667,1.99085531086976,0,0.149075285248116
4524,1,0.634342531306241,6.20274024405055,0,0.954385733806843
4525,1,0.679107932624901,4.81492962916161,0,-0.323150334036866
4526,1,1.92761898333489,11.194915221544,1,0.892055652860636
4527,1,-0.0741974559778961,6.50046540930112,1,-0.296847114830825
4528,1,-0.067324432321669,4.79229833255695,0,-0.0281608202745968
4529,1,-0.615935882939586,3.8046976486795,0,-0.115506960949677
4530,1,-0.355341917125645,6.06605314981145,1,-0.727906026329933
4531,1,1.28808170001186,10.5841149042386,1,1.27524787960783
4532,1,0.462123081676936,6.08398890141015,0,0.994766923453114
4533,0,-0.394876975858711,2.28885527384933,0,-0.481902480332012
4534,1,-0.0818410506854004,6.167766654601,0,-0.101244837631906
4535,1,-1.19664954019129,1.74525109653254,0,-1.53351912238724
4536,1,0.629361986499883,10.4757070600316,1,1.57069798447212
4537,1,2.11081777862058,12.5273069292431,1,2.07170004266732
4538,1,0.767040983083022,8.47308061688116,1,0.596804834470011
4539,1,-0.175773413871849,3.86775043252195,0,-0.185180598272755
4540,0,-0.472733458379849,1.32832773593586,0,0.565058603486201
4541,0,0.373187801505789,7.53341411880454,1,-1.09366046783299
4542,1,0.956900222010045,9.22868012628788,1,0.088562032210274
4543,1,0.030078352359532,4.3741161745396,0,0.017599762732034
4544,0,-0.387603434824041,2.34237090409808,0,-0.353042100596861
4545,1,0.819748166518652,10.992999004196,1,1.36924078529522
4546,1,1.85583691549497,8.82044407533746,1,0.455398708919554
4547,0,-0.528940317707455,5.033069287317,1,0.803345711016902
4548,0,1.24449460077316,3.30273558138675,0,0.726736686563831
4549,1,0.902150340804454,9.80871971549521,1,0.795184159228314
4550,1,0.553965259934548,7.60731150864395,0,0.29626772846995
4551,1,-0.713384441408583,5.38661459559038,1,0.147811569157574
4552,1,-0.0540632084871965,3.41666895592572,0,-1.0795403266057
4553,1,1.57124505121333,10.0374860258666,1,-0.326928315947437
4554,0,-0.649122255983194,1.65710844428473,0,1.87420935971564
4555,0,-0.621989908306674,1.0007542630034,0,0.270634785566303
4556,0,0.023070022865278,4.74398552471254,1,-0.520263775958309
4557,1,2.00550542963394,9.02939411371683,0,1.47597313365047
4558,0,-1.31984568224475,1.73193249301333,0,-0.108046359811791
4559,1,1.25402498559215,11.6632609604602,1,1.82237847351947
4560,0,0.154444737693036,2.16870116589519,0,1.28836771497272
4561,0,-1.10639613034824,2.00125583547281,1,-0.193868041064246
4562,0,0.808510049750154,7.2324445440133,1,1.51295048010752
4563,0,-0.433059402749232,1.76352751849838,0,-0.308711139370067
4564,1,0.563148592126342,6.16986999920551,0,1.26455442643339
4565,0,-0.275877658013736,5.13274572168573,1,0.715868451546987
4566,1,1.03090230147096,9.71373343664984,1,0.396000566370046
4567,0,-0.294175700799874,2.86946576213022,0,0.0906173637308412
4568,0,0.776233482085887,7.10236951621451,1,0.386464538682045
4569,0,1.02092238290592,1.61900847295905,0,0.189724135682073
4570,0,0.0609879530885817,4.2241203820387,1,-0.192953613747874
4571,0,-0.905055248640657,0.902536028316169,0,-0.361755550795324
4572,1,0.382635214884115,9.29477321692188,1,1.33216488307559
4573,1,0.0391448525368459,9.14734763480939,1,0.699625407077213
4574,1,2.23151675428047,13.6799869554764,1,1.5484304930972
4575,1,1.89726341455754,12.5677186567095,1,1.39323321617781
4576,0,-0.439619743829109,4.37277396801613,1,-0.376788962647262
4577,1,0.0940979784320969,5.59627975173211,0,-0.843399549787827
4578,0,-0.0607114684869263,0.719940453410814,0,-0.148811095285193
4579,0,0.133370306192189,4.95515151574164,1,-0.50478805963505
4580,1,-0.199860566307903,8.64272491185058,1,0.893543581646403
4581,1,0.59546951980972,6.63970268008856,0,0.20870867220708
4582,0,-0.384363904313878,0.218931683100496,0,-0.834680306844343
4583,1,1.36161115007345,9.39950564935479,1,0.456428186925614
4584,1,0.927556340104197,9.79214999069488,1,1.32648511446354
4585,0,-0.492019282044042,2.85373566251796,0,0.0683247702686052
4586,1,-0.294685892933701,9.18118679336314,1,-0.898043973894575
4587,0,2.44985271042831,9.27221309981734,1,1.18239102686757
4588,0,-0.273180770596104,3.85768272740054,1,0.632235200509369
4589,1,-1.80406893991174,3.79777070863993,1,-0.77234546242381
4590,1,0.962405285675876,7.36780209209286,0,1.05835401171029
4591,0,-1.39266748873588,1.98764622406595,1,0.506774609327737
4592,0,0.11102983006859,2.33798337992587,0,0.34617920467514
4593,0,0.272464255945254,5.85746786830745,1,0.310125433078497
4594,1,1.33104929541615,7.26816468340677,0,2.61421450711587
4595,1,-0.493626091200728,3.14776558006807,0,-0.372140885771704
4596,0,0.20284239702114,2.02250088073896,0,-1.30034380654564
4597,1,-0.311010388972934,4.32893813234683,0,0.160639028743562
4598,0,0.886620731701284,1.21991884130075,0,-0.341670641963823
4599,1,-0.805392790631808,3.85421943875597,0,0.416401955248525
4600,1,1.3183212556649,7.25731974445954,0,1.39651178897737
4601,0,0.166011934366622,0.194295020532911,0,0.803015750504582
4602,0,1.18387737736669,3.00307759553857,0,-0.031831874254195
4603,0,-0.734741612000827,1.18261027046541,1,-2.02698437541517
4604,1,-0.0558750725896342,8.25112594767403,1,0.991206402282141
4605,0,0.151662112323507,1.84447682431479,0,0.723857904032479
4606,0,-0.0164607006663502,4.7466343080107,1,-0.445655128776817
4607,0,0.694338158703811,2.96686464685067,0,1.00696166193705
4608,1,-0.141018251951877,10.3803763942246,1,0.677896497812049
4609,1,0.159954170202159,6.00746486847671,0,1.45884860487441
4610,1,1.02503691533779,7.22976656424077,0,0.359222064151388
4611,1,0.412357185076432,6.99416806948248,0,0.574304063216934
4612,1,0.545295334521848,10.312731008782,1,0.696626675645265
4613,1,-0.19204300730938,8.76209506674787,1,1.4807665431621
4614,1,-1.24071389461582,6.10485526982673,1,0.209034422980116
4615,0,1.14625144379082,5.7115627723424,1,-0.887246335625742
4616,1,-1.75289155385969,3.73360159732197,0,0.0176779033402161
4617,1,-0.415116678304951,8.55747789239367,1,1.12959010478266
4618,0,-1.09429667779521,2.83782717313182,1,0.316228964583518
4619,1,0.137062364042117,8.47628777505907,1,0.672779308244046
4620,1,0.973425772162256,10.1652526288436,1,0.231656969527513
4621,1,-0.0511833197785248,9.07703090485665,1,1.43261305813815
4622,1,0.81799874429129,9.46118874212684,1,1.22727999694127
4623,1,0.853215050393648,8.11905051840076,1,-1.38909535759882
4624,0,-0.0374896414828984,0.799629795205637,0,0.170127325198661
4625,1,0.54990118673344,8.27743511108673,1,0.391190394757649
4626,1,0.80655647904682,8.47466196396244,1,0.0271354115097561
4627,1,0.126228888001674,8.87053117919921,1,1.75515506220031
4628,1,-0.159402545525355,8.94366584493747,1,1.18924601548206
4629,1,-0.00486177362042631,8.74692761758657,1,0.701947194842967
4630,0,-0.506436828888856,3.94547928541188,1,-0.325163645767755
4631,0,1.02124031115486,4.54125838983884,0,-0.0597084277956503
4632,1,-0.296240822223617,6.10420147258515,1,-0.059623967010766
4633,0,1.73127253357471,9.69197972663846,1,1.56813684314504
4634,0,-1.24303250803198,-0.414665007082167,0,-1.47355121864812
4635,0,-0.770831466895462,2.45466394743101,0,1.50500806740908
4636,0,-0.16371529453739,2.23570623370653,0,1.44795850548771
4637,1,-0.428018082831913,7.01163146443332,1,-0.00979201589339966
4638,0,-0.686543956283059,-0.620781607707122,0,-0.892535039491916
4639,0,1.13179274269686,3.54586033745522,0,-0.581091009945943
4640,1,-0.589535248271657,4.44545514588797,0,0.225923225727046
4641,0,0.617522867818438,6.24720252922357,1,0.67124717993889
4642,0,-0.268106183562845,0.153013267855886,0,0.28271866256087
4643,0,0.73858791477003,3.4781552819295,0,-0.0616884902891184
4644,0,-0.762023415891211,3.13783917422556,1,-0.737384009535952
4645,0,0.0899023541184314,4.66680008264606,1,-1.38041212376242
4646,0,0.800290940397057,3.98676320965981,0,1.05565393316595
4647,1,-0.45249164670839,4.51249492418038,0,-0.256410919724394
4648,0,0.941168955698457,5.95554749169077,1,0.854004116118758
4649,0,0.142033885005123,5.19670172592921,1,-0.261981678013488
4650,1,-0.272193956794365,4.37134194414308,0,-0.214373481888233
4651,0,-2.08545979275199,1.81425157732255,1,0.0222807702837919
4652,0,1.11840196166538,5.28955813051881,0,1.44792347406408
4653,1,-1.334649168362,2.50380972579772,0,-1.31192989075385
4654,1,0.688129445703614,11.2669634348516,1,-0.0602560085797309
4655,1,1.62115955084247,7.94093666878016,0,0.368157055806512
4656,1,-0.856808665236188,6.47686324625151,1,0.306563809499208
4657,1,-1.092158578296,3.09829649783546,0,0.543849911063041
4658,1,-1.19441798984615,3.87269533341899,0,0.411520568064337
4659,1,1.26513545664295,6.66830460262887,0,0.946299616456635
4660,0,0.168592923078224,7.01485665505379,1,0.964962629103749
4661,0,-0.294950301085655,5.9751222274419,1,0.286496296857696
4662,1,0.0480446267548747,5.2080755438672,0,-0.411699467453053
4663,0,-0.658924223383667,0.455789720477388,0,-0.780744489705698
4664,0,0.321047010638188,2.21757584582616,0,0.11428556541262
4665,0,-1.15325536326996,2.25369860708378,1,-1.37314497862948
4666,1,0.996721584411466,12.5497301063941,1,2.22897724341824
4667,1,-1.00211357784924,5.73965587664337,1,0.730254214959053
4668,0,0.910773624371477,3.3168936479957,0,-0.141936286225792
4669,0,-0.483460088562646,3.16113214427183,0,0.718429955051924
4670,1,-0.377575650177662,7.82643235066187,1,1.00441410830149
4671,0,-1.28559533396559,3.51976336598426,1,-1.13809197302186
4672,1,-0.740972688447722,7.63071459354243,1,0.893088413560338
4673,0,-0.0437825735656701,4.89926737770454,1,-0.587964545102622
4674,1,-0.53048438067918,4.45235148822947,0,0.813571977451715
4675,0,-1.04592970680823,-1.16499874591576,0,-1.48556325344553
4676,0,0.81207273314357,3.91667547951969,0,0.171478820719037
4677,1,1.01028246521236,8.08733216465446,0,1.34971814795606
4678,1,-2.07288727926711,4.42111096632525,1,-2.17722243133984
4679,1,1.16373499635127,10.6654612875883,1,0.396514135976972
4680,1,-0.727650097756012,7.11131447784982,1,-0.440670265418338
4681,0,0.26314522149316,1.52301032835893,0,-0.789265264314676
4682,0,1.40999691071781,6.0552375140115,0,0.461599730511767
4683,0,1.3747988495722,8.7441982928524,1,0.896326641063939
4684,0,-0.201897271708638,0.162937373068565,0,0.650020500417538
4685,0,-0.259534353274528,4.77933567733785,1,0.30021898875886
4686,0,0.395315141501675,6.94581241177727,1,0.209312056789978
4687,0,-1.21967935137193,0.395612570550876,0,0.345179415484602
4688,0,1.23173539643316,6.87444381303816,1,0.630455634744078
4689,0,0.892066402813679,6.88836687071601,1,1.4421203210755
4690,0,-0.484462665116438,0.625999744307811,0,-0.0513999048697974
4691,1,0.188538470575229,4.08660787504215,0,0.396884587688568
4692,0,-1.52745672856629,0.214019673876628,0,-0.558401016964079
4693,0,0.965696265264823,2.53377394955179,0,1.13105915852429
4694,0,-1.44008085752197,1.09035720486756,1,-1.17694656580274
4695,1,-0.0448287927722683,5.81236964715319,0,0.317736676366168
4696,1,-0.00852078100084177,4.13726331943151,0,-0.578469642022023
4697,0,-2.62429753979134,-3.98998066473969,0,-1.36188278386224
4698,0,-0.801576758500208,3.46208193657782,1,-0.879791332763415
4699,1,0.372367533755401,6.39976477996069,0,0.630004235101587
4700,0,0.152651272223272,5.18956843412156,1,-0.337769954403293
4701,0,0.114509738947274,2.38439601468176,0,0.208610562639793
4702,1,0.209896593569909,8.27285360912554,1,-0.282122890628019
4703,1,-0.825147230588329,3.71923003508924,0,-0.400116917594961
4704,1,2.10363825421015,12.7785586510918,1,0.407544526513898
4705,1,1.31854590408336,8.28836143157361,0,1.07936906712851
4706,1,2.69418602126945,9.0654064804224,0,1.82960327289962
4707,1,0.878495268950138,9.38087887441485,1,2.43833109213986
4708,1,0.817801525054696,10.0777237120231,1,1.16922909580375
4709,1,0.413516095801667,9.5413724514816,1,0.605967987118361
4710,0,-0.0795022629878297,3.1540500689789,1,0.0909537321248307
4711,0,0.701140360330376,5.67130328993346,1,0.573408213986799
4712,0,0.750947463738607,2.00891991002323,0,-0.536933667711148
4713,1,1.98620885157089,12.9850498989677,1,2.09426412586769
4714,1,1.22722330377339,10.9177645471123,1,1.03891769274745
4715,0,-0.617313953279963,5.55526958983175,1,0.19179569205894
4716,1,0.614795106009156,5.77918222114648,0,0.59709451254236
4717,0,0.0817218914191737,5.83408802893384,1,0.646345068972479
4718,0,0.412104842560305,5.3275627385512,1,-1.10755568026897
4719,1,-0.751161167714052,8.49586881171802,1,0.317459155793644
4720,1,3.00185118720823,9.70787080143712,0,0.924033181244366
4721,0,-0.00520751304342741,1.4953234887672,0,0.731651189723348
4722,1,-1.29693116790226,3.76945392692605,0,-1.16145332328892
4723,1,-0.19385449604553,5.13496499021587,0,-0.0497795497690065
4724,1,0.0340900338744926,7.34654528541501,0,1.80777307157742
4725,0,-2.32438797444971,1.19458252046664,1,-0.486298788706474
4726,0,-0.899141537879493,3.81496429154576,1,-1.15800839610332
4727,0,-1.62064122200008,-3.13464537111611,0,-2.05972598466251
4728,1,0.137733390326489,8.41658237476074,1,-0.32008021435938
4729,1,-0.247593222590547,4.16567529689287,0,-0.253982209341412
4730,0,-0.425183454810346,1.83191810432854,0,0.330529909317977
4731,0,0.212242100411634,4.65219151378242,1,-0.0815949806595572
4732,1,1.45553495419639,9.45199859834437,1,0.353003222463858
4733,0,-0.693006048053582,0.564251285288714,0,-0.575842797124387
4734,1,0.306992544952392,7.35712823096776,1,1.03742784655745
4735,1,2.73617249875014,9.08197247932542,0,2.33341728519148
4736,0,-0.270073434767028,6.24438663960876,1,0.429118429810279
4737,0,-1.01991222509981,3.89970482493479,1,-0.917390724428
4738,1,-1.03622993155202,6.85996077724655,1,0.320463259719515
4739,1,0.468783953142013,4.60860478115193,0,-0.406181606268919
4740,0,-0.574911245994269,1.39705375551496,0,-0.911905453198645
4741,0,1.67748752025201,8.47013653375443,1,0.936919253864002
4742,1,-0.898368015029456,7.72249053371595,1,0.945742027414938
4743,1,-0.993025291615763,6.7270302129816,1,0.0355952852572416
4744,1,-1.41279389041079,2.78592418632783,0,-0.359326798284087
4745,1,0.364181443198878,8.58536685175574,1,1.04265252126977
4746,1,0.644144858679414,8.02640238605256,1,1.25898938347092
4747,1,-0.122572368943693,4.13291729683095,0,-0.317151734678122
4748,0,-1.06419517533269,-1.47234059192528,0,-0.00937536625693358
4749,0,-0.415390532959127,-1.45822772820885,0,-0.699023493674359
4750,0,-0.888246505147554,0.272411024271867,0,-2.22153908125649
4751,1,0.120135433259087,4.89577212606356,0,0.555389267347692
4752,0,-0.0772881875706407,3.8499870225211,1,0.136604168905039
4753,0,-0.378333287161098,4.48320714075539,1,-1.39419046659436
4754,1,1.90346335177483,11.1555021722568,1,1.81969467906865
4755,1,-0.286715449711197,5.66780052279657,0,0.719143815767175
4756,1,1.88750001428795,10.4318644737323,1,1.63207713695137
4757,1,-1.15796940839866,2.8968876366542,0,0.593188183174061
4758,1,0.445629697167162,6.39885972965454,0,0.66127548677858
4759,1,-0.265508412309366,4.95381401324976,0,-1.0741852470557
4760,1,0.851789608942179,7.25622749766515,0,0.948097751486608
4761,1,2.36304154813132,10.1496157567068,0,2.1423554913377
4762,1,0.151410100000202,9.87369217678456,1,0.249164344092767
4763,0,0.475324020291787,2.46438286247921,0,0.885921024292851
4764,0,-0.0391185364852665,5.57617291331277,1,1.75074922300112
4765,0,1.09010342236912,2.24423103973138,0,-0.755340050745386
4766,0,0.796125761889229,6.07804840147123,1,0.468165824866063
4767,0,-0.917677058800726,4.22929702619893,1,-0.138115121955399
4768,1,-2.0922989198895,0.697615919213743,0,-1.07572140450555
4769,0,-0.704715714361157,0.0846888112855289,0,-0.767433434452604
4770,1,1.11842482282112,10.2093356462571,1,0.634188752111874
4771,1,0.295368212017027,6.4187305827382,0,0.217014515833496
4772,0,2.07491669088176,4.70403486645023,0,0.617047311710802
4773,1,0.0047777141313792,5.30453377253831,0,0.323992874527504
4774,0,-1.08111657057011,3.16551454629949,1,-1.24959609336034
4775,0,-1.350985312868,0.250931826872255,0,-1.18671098313051
4776,0,2.28686773140983,3.56345912488504,0,-0.657907427135233
4777,1,0.00178953246734467,8.77863283424453,1,-0.367980069244828
4778,1,-0.821444483222197,1.62141594769127,0,-1.17665625881877
4779,0,2.11565127185268,5.11143998005272,0,0.874589076771659
4780,0,-1.39090897853213,-0.368826253250646,0,-1.41568466057106
4781,0,-1.10677526315269,3.87984736863207,1,0.598920144759917
4782,0,0.379826905782511,2.32934122169072,0,0.928012804294579
4783,0,1.42231132597513,5.96976299694766,1,0.516072791315778
4784,0,0.34974343015636,7.3228712330902,1,1.12633407234823
4785,0,2.31044246720764,9.59062555934099,1,1.21430274752027
4786,1,-1.3558984741312,0.712780633268285,0,-0.66402170179357
4787,0,0.430536058464119,2.21193144633801,0,-0.460700318074305
4788,1,1.59972642831775,6.60352454755519,0,0.621085173313258
4789,1,0.0153382228900055,4.86960086602655,0,0.0902152333694285
4790,0,0.759302433481895,3.68855756153679,0,-0.133795102949858
4791,1,-1.57624373400163,2.45509855091962,0,-1.5668668394622
4792,1,-0.338265175703211,6.73669656427685,0,-0.577323128197442
4793,1,0.194690139473909,8.83863171361255,1,0.762507200288873
4794,1,-0.779342847958044,3.19474476511623,0,-2.48087932301114
4795,1,-0.283188889914427,7.26558396149187,1,0.562510441363679
4796,0,-1.5364646459521,3.93709180430877,1,-1.24804259703617
4797,1,-0.423126228059491,4.9531840103792,0,-0.13923162664692
4798,1,-0.316737046150654,6.77790280468322,1,-0.321879873361622
4799,1,1.41652274288249,10.0498758452913,1,1.8963118878152
4800,1,-0.233906463873738,5.01153922892318,0,-0.922282926134196
4801,0,-0.391643287163017,3.94150300512394,1,0.572267905250969
4802,1,0.0397352405516878,3.70433769664008,0,-0.519548750996478
4803,1,0.697670819666587,6.93364756444877,0,1.27492567265729
4804,0,-0.157957176474083,1.650740722264,0,-0.626020979573904
4805,1,-0.26263617365166,4.33973221533988,0,-1.66410261985117
4806,0,0.733574595446349,6.55463616534923,1,-0.452389416958203
4807,0,-0.164795991362336,0.604148417388969,0,-0.396221038157755
4808,1,0.180150784333101,8.5428762691323,1,-0.0555253989299
4809,1,-0.337273961318734,5.93881914478632,1,1.05354222962798
4810,0,-1.88678146543733,-2.21695210013938,0,-0.216569180727153
4811,0,0.151134783959152,3.74283094276807,0,-0.457302963509235
4812,1,-1.35365101693944,3.48653604338154,0,-0.648674274575621
4813,1,-0.873461605712122,3.98838204427847,0,-0.464819384678439
4814,0,-0.693670788372124,1.70273823674708,0,-0.484735188250368
4815,1,-0.69077960487491,4.51637505614146,0,-1.17403968744061
4816,0,-0.87807077860221,1.78927145475191,1,0.255960083703274
4817,0,-1.31896517309485,-1.61782155765115,0,-1.50915582296226
4818,1,-0.790795179093153,6.52083007365371,1,0.423933669649625
4819,1,1.00576759827581,10.3964928711339,1,1.28613186447314
4820,0,-0.160512063641687,2.34028099532557,0,-1.0203773484743
4821,0,-0.479181054435899,0.623325327638581,0,0.375674822483743
4822,1,1.70775373050893,12.237689791985,1,0.64818155825184
4823,0,-0.695962954093336,4.08251081353304,1,0.0195641389643588
4824,0,-0.744057818396242,4.2216769991145,1,-1.06823245839693
4825,0,-1.04071420612145,1.18109092141382,0,1.3424119973162
4826,0,0.173379282349185,0.706379566814069,0,-0.183727774322845
4827,0,-0.698258355833962,0.710179288270801,0,-0.369154661031823
4828,1,-0.984368464981459,5.76128553951653,1,0.26774008613229
4829,0,-0.667000036207063,3.82860361364202,1,-0.261640649516185
4830,0,-0.485045274885975,2.00614629534923,1,-1.3133557226372
4831,0,0.561382652278962,1.16966720388867,0,-0.392261962621005
4832,0,-1.87439022651355,0.173037671802148,1,-0.873094872735665
4833,0,-0.13351643215847,1.45382781758611,0,0.241699266549384
4834,0,-0.768222778268148,0.657990075303648,0,-0.414239174313615
4835,0,0.480706120827397,5.82265134598661,1,-0.00762119827724361
4836,0,0.840033223543782,5.18908453622121,0,1.95412343009303
4837,1,-0.321025744791073,9.20144059485515,1,0.624033060071972
4838,0,-1.07662973775032,4.04605168850595,1,-1.12307972863519
4839,0,0.32440168192467,1.20880678234582,0,-0.342306748355015
4840,0,-0.33772734070279,1.33747244680071,0,-0.420670363435302
4841,0,-0.552344843078979,2.95806402192213,1,-0.72685407192471
4842,1,-0.0741841337108356,7.79698498072582,1,0.943500872001499
4843,0,-1.51898397524303,4.41496415037605,1,-0.42494452971474
4844,1,1.06457836504715,6.78759783033568,0,0.00647615555619141
4845,0,-0.421796227935968,4.35947901415024,1,0.801559401879907
4846,0,1.2603309878219,4.19486226353848,0,0.267669204073073
4847,0,0.0290474046857023,6.48024183567903,1,1.11274957733093
4848,0,0.988295918515893,6.27733632063617,1,0.676595214906115
4849,1,-0.0698798302069955,6.10496666622198,1,0.0602985804011955
4850,1,0.363375770937946,7.6811842492314,1,-0.183562459486609
4851,1,-0.523472882818537,5.36658025189143,0,0.558168154283416
4852,1,0.651562431525359,7.77894350535479,0,0.248825973499705
4853,1,1.4034422848629,10.2417898035754,1,0.165370445953138
4854,1,0.811303732086458,8.51508115965235,1,0.227288871460816
4855,1,0.281572786343128,8.83446920850342,1,1.68704978477801
4856,0,0.770047497898077,5.77873065925709,1,0.0527628401801737
4857,0,0.651350978652679,6.28947611388559,1,0.418577549574177
4858,0,-0.0536260298617829,6.27215897639297,1,-0.820668709423614
4859,1,-0.180664491827346,7.31086106296212,1,0.296308470585761
4860,0,-0.103830469890416,5.56261109158404,1,-0.348218147414009
4861,0,-0.491634919370387,0.663750589402873,0,-1.3449700271062
4862,0,0.164667558286951,2.29450622658212,0,0.215824068842433
4863,0,-1.00298818459602,-0.0896302594269483,0,-1.1217471235335
4864,1,-1.64582408314165,4.76811675156869,1,-0.220295862359458
4865,1,-0.995124717935994,4.72851168233308,0,0.414509632855465
4866,1,0.066374661316575,6.05838808724712,0,-0.226042098366926
4867,1,1.59401865963532,10.3543697035461,1,1.64689594331826
4868,1,-0.118670725096623,5.31222810888852,0,-0.946492529524869
4869,0,-1.35958927699149,2.08627831151009,1,-0.0674357262533517
4870,1,-0.33356945204451,6.28513988105614,1,0.559174661631953
4871,1,0.79800712846721,11.0537700224417,1,0.458753717100307
4872,0,-0.24309241201469,1.31882055907194,0,0.620513351181815
4873,0,-1.00402195895447,-0.730903437046667,0,-1.54121271820092
4874,1,-0.284456758453242,8.19730405884602,1,-0.874118787572433
4875,1,0.957103901638452,10.0297696103057,1,-0.325658017471406
4876,0,0.786504694998086,5.47427186442489,1,0.155646169339188
4877,1,2.22374672703409,12.6407835550386,1,1.05029502485768
4878,1,-0.852311384244669,4.04031466058472,0,0.530998887998556
4879,0,0.262082157852072,3.43754001222003,0,0.56144255247718
4880,1,0.636117379897045,9.0196640288288,1,1.28054910379137
4881,0,0.261647006680048,6.9326310156543,1,0.841490592427578
4882,1,-0.291549682641516,3.53643594998946,0,0.29176636894017
4883,0,1.50070429224152,6.85125793598827,1,0.310255345609588
4884,1,0.241214913882742,8.96753979821565,1,0.345687832467102
4885,1,-0.850758667360055,4.84244620324142,0,0.853528001923545
4886,0,-0.238510113288683,6.32080286228084,1,-0.629507129021022
4887,1,0.623673631335277,5.80574859455617,0,0.00637780897475637
4888,1,0.468535016290381,8.35701267889824,1,0.587180292815805
4889,1,0.985939738129521,7.03793424199722,0,0.151913806341466
4890,0,-0.366495199983865,4.88720345375186,1,-0.582092114131916
4891,1,1.38470006981751,8.23650579751972,0,1.37087836151684
4892,0,-0.792521047483231,0.879630369889978,0,-0.352787239383744
4893,1,0.0457887466708524,6.13157121304833,0,-0.22262171910928
4894,0,-0.962481737310768,1.39352886084794,0,-0.309200621633313
4895,0,0.752118807116945,5.30168873196128,1,0.662731425967471
4896,1,0.739550513124298,7.81065511235398,1,-0.875958727959934
4897,0,0.92588170611788,5.24811342095992,1,0.538200574972383
4898,1,-0.0345010846632824,3.32527183766888,0,1.00528631589958
4899,0,1.26130352323316,8.40603045546321,1,-0.618264551052855
4900,1,-1.88658281942422,4.80282936303034,1,-0.475172060480525
4901,1,-0.443571228668692,6.95151753725864,1,-0.0308894959743628
4902,0,0.902463727911412,4.34043516607039,0,1.04280280422669
4903,0,-0.383012014017393,3.51462581470296,1,0.745481478074998
4904,1,-0.151295736326107,8.26200226165678,1,0.193802742360763
4905,0,-0.16104733334667,5.42344284390689,1,0.74284253843221
4906,1,1.82172086540011,12.596518578386,1,1.58870621720588
4907,1,1.2860006314607,10.5207295698537,1,1.23033991105122
4908,1,0.512750307377402,10.1352673124451,1,1.28420589563384
4909,0,-0.218907559190468,4.45410007487434,1,-0.488601449743374
4910,1,-0.394258195049821,7.11593812800414,1,-0.274639259521654
4911,1,1.45878326213766,7.01933712490473,0,0.894689079979567
4912,0,-1.16336764342311,-1.48602729398882,0,-1.20406291324096
4913,1,0.757239741172839,6.36067639118088,0,0.996484515024496
4914,0,-0.874183874018628,1.36061426811001,0,0.0893151894218042
4915,0,-0.339685187261582,4.97231520320088,1,-0.714753340791947
4916,0,-0.381865631549437,0.768635500115008,0,-0.388967279788479
4917,0,-0.410706729332668,1.13417910861258,0,0.351871629672339
4918,1,-0.104472205763692,9.20059371932103,1,-0.222924570966783
4919,1,1.393706192031,7.26621718710905,0,1.09945706439008
4920,1,0.960750868219837,5.6612473525195,0,-0.18260547624836
4921,1,0.718649937886677,7.34516404434852,0,1.27705883379476
4922,1,-0.628747520996626,6.04661047782133,0,1.14149078663842
4923,1,1.21204292922863,10.3599363953115,1,0.529251399485315
4924,1,-0.0827940152009661,5.19708319320848,0,0.152562737456427
4925,1,-0.411133203194521,8.49488847838484,1,0.872450163718513
4926,0,0.8356158605004,4.62055368678614,0,0.800471522679474
4927,0,0.42008437245089,7.74941740347562,1,0.413984947023578
4928,1,-0.797633391732448,4.0027588817617,0,0.0529823962436231
4929,0,-1.30141703739457,3.20470492832425,1,-2.43366281293436
4930,0,1.90448774569178,8.36519261437567,1,1.53318801206028
4931,0,0.400208977188302,4.17679175531553,1,-0.368733875980227
4932,1,-0.625317817136039,6.75082889432247,1,-0.472701851936721
4933,0,-1.01145390781181,1.07152094017163,0,-1.48485963304135
4934,0,-0.557018343415822,3.93314544352588,1,-0.402199088175258
4935,0,-1.92598929996278,-0.123277502915552,0,-1.38778751933626
4936,0,-0.171365628458422,6.02069218197321,1,-0.559082863520108
4937,0,-1.10537869890971,-1.03914119030408,0,-0.830901637866521
4938,0,-1.97372534416222,0.121939797617875,1,-1.26532856401895
4939,1,-1.10755908109085,4.2116818743568,0,1.19196572913232
4940,0,1.09658407301513,7.60548142459432,1,1.53313640439895
4941,1,0.132347784477522,5.37511566589037,0,1.49976302751453
4942,0,-0.232958595262767,4.03280414855268,1,0.161397459854789
4943,0,-1.94833183547275,-1.84431919850604,0,-1.27997343355334
4944,0,0.324785438272981,4.34317482981381,0,0.235674369984303
4945,0,0.838045055532253,3.51075327521944,0,0.7868166225988
4946,0,-0.334127915474401,3.63864097707582,0,-0.53052898756174
4947,0,-0.511352071822805,1.78104592257534,0,0.201690294101897
4948,1,-0.953859792225668,6.52819022591156,1,0.282360309684559
4949,0,1.19985848696506,8.8681924504078,1,0.345592891921176
4950,1,-0.058060077634502,2.91684731714305,0,0.783339480991387
4951,0,-1.08709163152807,-1.61026941541813,0,-1.44121887491606
4952,0,-3.26331968626658,-3.99714541085776,0,-1.37050332752751
4953,1,0.0249702035182466,5.83557459699633,0,0.232486110515445
4954,0,-0.725048574503334,0.590796641647758,0,-0.483457502903205
4955,0,-1.32910612265301,-0.564937325064036,0,0.122504440327592
4956,0,0.238975872104318,5.41503774942077,1,-1.4426037552457
4957,1,0.645383307390151,7.66592571020574,0,0.216164985955593
4958,1,-0.992476895070948,4.50353789102641,0,0.00874203628806108
4959,1,1.05988212908299,9.32464028803724,1,0.597816164957134
4960,1,-0.326848344264387,7.4922643474197,1,-0.985744093735599
4961,1,-0.457217323092239,7.90683328276115,1,-0.344112595576923
4962,0,-0.769484303421858,-0.114346989575814,0,-1.8155348031967
4963,1,-0.365001557591245,4.07890654907055,0,-0.11856245427141
4964,0,0.357742743842113,4.65907671925192,1,0.686592071664575
4965,1,-0.495095182599918,4.56718172166383,0,0.627047443763036
4966,1,2.33314209634942,12.8376471487143,1,1.62123382328535
4967,1,1.48132986487907,7.79130857870447,0,1.11113943043925
4968,1,-0.298536523656195,7.90785268771951,1,-0.328453776435585
4969,1,0.307399704938718,8.73986603441907,1,-0.139217304046732
4970,1,-0.442639489787155,7.16528736267424,1,-0.682535607276943
4971,0,-0.550222383942758,-0.669142956580263,0,-0.511080093993795
4972,0,-0.130695214645865,4.11174844267579,1,-0.33010768201121
4973,1,-1.47228269162677,1.83873507065728,0,-1.53801362998283
4974,1,1.27743503164232,7.09008588011558,0,1.75135721682128
4975,0,-0.877573440323251,2.24993288262789,1,-0.666538341369743
4976,0,0.685215509459374,5.98134269534238,1,-0.624901417506882
4977,0,-0.0428545702578166,0.936930822609279,0,-0.336712536515921
4978,1,1.61449943321123,8.90185467166153,0,2.13618063820932
4979,0,0.906051389796964,3.17847350126332,0,-0.13006793360701
4980,1,-0.545781431739829,6.03879172097545,1,-0.800639359998617
4981,0,-1.47140459218066,1.88224416038762,1,-0.994881742471428
4982,0,-0.101475728033325,4.54901288866806,1,0.9778312808595
4983,1,0.925222994594908,7.65032881038217,0,1.00766873608479
4984,0,-0.523944364262872,2.65786039066892,0,-0.52426078676819
4985,1,-0.616765844179033,3.34561161077707,0,-0.632644430696283
4986,0,1.71607063594844,5.81897024984377,0,0.326368981115863
4987,0,1.55698113169588,2.95799280008716,0,0.794744911914342
4988,1,2.01489494563919,12.2834584453874,1,2.11557521716582
4989,1,1.23345268910446,11.0614934060818,1,0.883006880957335
4990,0,0.143667460829395,5.35708951505768,0,-0.106527182999007
4991,1,0.928073541532678,8.33921250218464,1,0.235405435583054
4992,1,-0.429961888807851,8.18357779722927,1,-0.761765029811001
4993,0,-1.41220157853827,3.9464482525136,1,0.0726077605604358
4994,0,-1.84898923944872,1.13379712893628,1,-0.441552728845876
4995,1,-0.798873056187759,4.71657437661366,0,0.594685265516961
4996,0,0.526582879256228,4.41104936392159,0,1.41279953025221
4997,0,1.02449276137798,4.99217034918971,0,1.23665201063439
4998,0,-1.82823127845847,-1.57840426404866,0,-0.676324532345229
4999,0,-0.152196759241752,2.7431503457904,1,-0.542493751819164
5000,0,-0.476174174955032,0.62846096599558,0,-1.21345281789846
