"Y","A","L","M"
2.44179625503157,0.839580225685957,-0.326036490515386,0
4.42494917195619,0.469672900339203,0.552461855419139,1
-0.238882604625642,-0.646723485518596,-0.67494384395583,0
11.3801503693834,1.67102287721622,0.214359459043425,1
3.10303663846617,0.0178272024313894,0.310769217313602,1
3.96204280965557,-0.181366099127558,1.1739662875627,1
4.16740237070083,0.309308615151903,0.618789855625968,1
-2.50970488644263,-1.5972935538642,-0.112734314754215,0
4.3462150456941,0.364050768704541,0.917028289512712,1
-2.08654545887959,-1.12769127865878,-0.223259364627263,0
5.44500531198485,0.308778435620384,0.526448098873642,1
7.22685373510165,1.87772083694247,-0.794844435415055,0
9.08548743229306,0.869200510223904,1.42775554468304,1
-4.02876529311256,-1.42449506116314,-1.46681969416347,0
2.46010860313576,-0.0576851149168191,-0.236683378602896,0
3.76965707601728,0.953889218583908,-0.1933379649975,0
-5.11025524426316,-1.47797495081173,-0.849754740333862,0
-0.611719968030494,-0.501827558010769,0.0584654978495017,1
-0.133043232380711,0.450892747080143,-0.817670355875958,0
0.383247821137252,0.301924378088928,-2.05030781563963,0
2.48754809217734,0.695787953319277,-0.163755665941423,0
4.35957706044668,0.15836792671355,0.708522104156376,1
0.124445826717022,0.278524916771936,-0.267980546181617,0
1.28775017934052,0.485563318252046,-1.46392175987102,0
-3.37151330169571,-1.0170365449043,0.744435822875318,1
0.608758003676678,0.303207291701589,-1.4103901810052,0
-1.71664731085706,-0.698659625886228,0.467067606015246,1
-3.16494511996552,-1.60071690341789,-0.119320107694245,0
5.1910532975217,0.496898499199914,0.467238961765515,1
0.761815786002889,-0.911380899496083,0.498135564435914,1
6.07012020591956,0.526177111557988,0.894937200540396,1
8.02165792615551,1.26636380112421,0.279151996413743,1
17.1705118889131,2.48871955345552,1.00786575031424,1
-6.30924566388313,-1.65694028570363,-2.07310649057379,0
7.9459857614614,0.994630742772457,1.18985338378285,1
-0.236112042937858,-0.196825160997643,-0.724374218369974,0
-11.4976537881349,-2.47990480249869,0.167983772348879,1
10.5523200507329,1.12348259673466,0.920335158580844,1
1.78533358449277,0.166527530183254,-1.67160481202292,0
-1.45994424964179,-0.658887070518577,0.448469069614306,1
1.72701025069098,-0.466591325843836,0.482458809858766,1
6.15663704445562,0.758905820798603,0.758213782399003,1
-2.89547613868701,-0.803324945144479,-2.31932736896749,0
-0.0968067444898895,0.00352503631168954,-0.459504780196151,0
1.5645514625818,0.647260580496576,-1.10538366697927,0
3.72922655906767,0.349005357979857,0.402928273406297,1
-6.9793247369485,-1.71006164943979,0.568934917844047,1
1.73867741383584,0.3992760697675,-0.706083282429614,0
-0.417861626805035,-0.594547459097616,-0.290090625815567,0
-3.77071451193774,-0.693696868851393,-1.48387807160556,0
2.34862385024593,0.880940635363115,-1.15025528126137,0
1.45996584308376,0.0701342895656556,-0.274471161816463,0
-4.24483628683386,-1.49493325464709,0.577901002861171,1
-0.331123561092225,-0.508056466111288,-1.39690264657703,0
8.08780890483934,1.2128131093717,0.74905771616478,1
1.3434608088745,-0.69350357205194,-1.05118669692296,0
-1.53092615836222,-1.10384020061547,0.165380870625706,1
6.96695667508805,0.637540967682286,1.12980912049522,1
11.987384452247,1.49887456683121,1.17372246423572,1
1.33627071913421,0.0852760056444165,-0.42786323185042,0
-2.72755958454244,-0.965725813639831,-0.259802107839475,0
1.28552277264409,0.527511181135365,-1.41117304365668,0
6.3702049108766,1.5107333747282,-0.641357554081644,0
5.2786970239386,0.42023397724955,0.112457509152448,1
0.900858490117879,-0.363426919546004,0.422604331138563,1
-1.27749847249464,-0.614511070818468,0.386835291215675,1
4.61602728922056,1.18258534030346,-0.687798326082019,0
8.01094557177285,1.31349648744806,0.148902488663005,1
3.76054870036549,1.22475764559552,-0.0576497484824952,0
3.11113629338751,-0.0735612353567773,-0.0748233649223828,0
6.97573364628361,0.417833297592388,1.50989743811878,1
7.01463553479816,0.455845588836233,1.61993700793992,1
1.03239767803783,-0.583870287036924,1.1531581669848,1
2.38361149046669,0.0182768281539257,-0.0776035954486494,0
0.0712191384087631,0.0174180388274777,-1.81893450079797,0
-1.48842366838177,-0.876723407265872,-1.03744458273607,0
5.28380515792501,0.0753618065497,0.302492245643734,1
-3.08483716317554,-1.32128756330975,-1.27794616724639,0
3.96889231510048,0.349498867305877,0.138339047584972,1
7.87963289608058,1.59241676145729,-0.0509841237610558,0
5.58714206099716,0.279592151132872,1.85214757493023,1
0.123470224037741,-0.589878224105152,1.11167526953782,1
0.126825622809551,-0.465337992870184,-0.51137532176584,0
-2.86766733384689,-1.28218471573311,-0.54388110381726,0
-4.43446119285432,-0.998704854115486,-1.72892728363495,0
4.61747232999921,0.109688976578016,0.470749538951291,1
-3.39234131438672,-1.22107423796768,0.00538712217177903,1
-0.16698138378878,-0.777737084662493,1.34804578555275,1
8.37782155353338,0.972661478328227,0.724096713299373,1
8.82562737375128,0.568809243047378,1.5525491646626,1
5.40314280661124,-0.014929217463104,1.32546983172223,1
1.54906232387717,0.543648908338297,-0.0342650924931979,0
2.35344106432802,0.266549371153048,-0.36101339765776,0
3.26400649191276,0.663101707742038,-0.720165422308313,0
6.96029927364486,0.9954210418676,0.282014933367502,1
-3.51016686100319,-1.13830907856248,-0.790525663563787,0
2.22077790204694,0.341550377924252,-0.444904550728676,0
11.9512174917988,1.38325980675938,1.3649931693787,1
10.7037014501207,1.69534103313798,0.49745433829489,1
3.33741218147928,0.901574035315681,-0.814396475841322,0
-3.74503669933863,-1.09970833269415,0.268065837240828,1
4.86366081598893,1.32864917463338,-0.59220831099559,0
10.2639083567646,0.743611036611345,2.1334863572493,1
-1.15592862444383,-0.877586151262718,1.17274866696687,1
1.99412761700647,-0.063069254624601,0.746760989259751,1
2.498833036998,0.508739998908095,-0.230508693259376,0
7.08239262844803,1.26050090343938,0.087771702263277,1
-4.90393956196989,-1.00907833127745,-2.18373967936393,0
1.75850127033427,0.388110755711472,-0.466631586162683,0
10.551821563856,1.35082752662294,1.68595983797615,1
4.73709830657016,0.797408739450627,-0.567920925939037,0
-1.33199084121871,-0.349468010994837,-0.0467430156271661,0
0.29814774003105,-1.05693036283793,-0.156980587612414,0
11.0600472228318,1.19055365631103,1.60224243993513,1
10.4367736565944,1.36315447924957,0.768653673570072,1
4.04505576625171,0.986602252926825,-0.771629356355782,0
-4.81856658993978,-1.8942919914858,-0.630681983107717,0
-0.334877141088015,-0.615165721332661,-0.830280595600525,0
3.56690267400083,0.304560542404851,-0.591112738264032,0
-1.7861331891373,-1.03454895871141,0.981085406761843,1
-6.91007327651174,-2.53449309012648,-0.661605265920387,0
-3.71006329570459,-1.56234695874624,-0.772417686267463,0
-1.68884374304087,-0.427474301289728,-2.01847346685034,0
-0.981421156338581,-0.654324037353043,-0.533585424847069,0
2.6040011532611,0.0395347130089295,0.434728333631805,1
-4.00659900219374,-1.04621861321378,-0.771167342250685,0
-1.88702592522009,-0.744737393244444,-0.753940822242337,0
9.94737665479426,2.56770522038274,-0.299357818093206,0
10.4777158841621,1.13723764382939,1.66396642633394,1
-0.518650389044922,-0.41452374447232,-1.24432983614235,0
-3.6957381851905,-1.66915211182583,-0.783134374083311,0
5.77462169501086,0.891525212481914,0.244830557556244,1
-0.789582475186152,-1.06410888674273,-0.143887168528834,0
0.953139041889186,0.43657090708039,-1.60863141694511,0
4.25839552814649,0.415458008476441,0.951579971801912,1
-0.0872614036002728,0.150816001895629,-1.81913169113661,0
7.175603227313,0.650496061662714,1.78367170513088,1
6.63992699889803,0.229495292670515,1.88713936034755,1
13.8182078763963,2.0109101970072,1.49071877762558,1
0.84298928443139,-0.0604695563815965,-0.380599521961682,0
-0.388651240646359,-0.258785943649293,-0.909375011345674,0
3.66484161549258,0.476367184756118,-0.338094107473901,0
-2.86577445191659,-0.763432327220986,-1.41188351912177,0
7.35380689526084,1.07756564825868,0.21754288752496,1
11.065962457299,1.70235729214025,0.670126170494309,1
3.69845726566782,0.597606497031802,-0.28785937817374,0
-0.217154007065089,-0.48490994522851,0.469303495405441,1
3.3332646503408,0.640527145158248,-0.470071427334035,0
3.90636212334039,1.16619508040287,-0.239265919007744,0
0.668908775586675,-0.779749261952959,-0.447462488469958,0
2.42163966077735,0.101339095291408,-0.618829657395325,0
-2.9635523011513,-0.959082874926085,0.252963051455575,1
-6.40029326023538,-2.39016729106761,-0.753368175006862,0
6.05225791006251,0.259678687253891,0.732276852534275,1
3.68637655102097,0.900755677326139,-0.40258671277439,0
-5.87272167425648,-1.18259201538972,-2.82300011864761,0
-0.197291953867238,-0.553769410169873,0.462973827409201,1
7.08563205383052,0.128616836197038,2.13286972606545,1
-3.26350459222652,-1.79673518150214,-0.270486687454884,0
-7.12256231683319,-1.60171462903309,0.248525349077002,1
-6.43593271014095,-1.42694624460563,0.0381164746693863,1
2.27827026451152,-0.212469885982978,0.394068949877276,1
-0.499848777534999,-0.453133816744572,-1.50408519764693,0
2.83476488684896,1.14385745546088,-1.58689079440535,0
1.89141768098143,0.365698717470796,-0.92711807673826,0
4.85952175044874,0.209374703551098,0.776197039664536,1
0.270103466605392,-0.546015069017905,-0.780684439992302,0
-1.38346652515023,-0.320428345237591,-1.2785670240803,0
-2.66264472856574,-2.11656968881555,-0.00142812822527075,0
-0.034305583886732,-0.00202142812832273,-1.85097812380288,0
-7.98162818613225,-1.92255495458355,0.451505334944176,1
0.200160398471992,0.286044428302314,-0.4329470546316,0
3.91261222108441,0.00057364904762397,0.713602899314127,1
10.8582635414377,1.13106219521723,0.960695470250525,1
11.9508562756315,1.90929697408571,0.381535209730526,1
18.3596683185895,2.58235195488861,1.21807279764716,1
3.63319432663701,0.267794796873312,-0.0171372605280001,0
1.11492187662471,-0.0741678564923044,-0.03820949270208,0
-1.52274416262162,-1.22372441805258,1.243734394854,1
7.57027805916013,2.01671547451532,-0.955858745208508,0
11.3523552751117,1.38637797708461,0.915425235164844,1
-1.71928923046371,-0.406045725136404,-0.939337975547167,0
0.0277476453919724,-0.425063882818037,0.112124819542646,1
8.64370979090459,0.888055656441789,0.553012618613077,1
1.73415901004484,-0.195283941926038,0.5317419632335,1
-5.33816243133396,-1.78108473240209,-0.873762389439209,0
2.58068200099066,0.29276473993966,-0.186849272904419,0
-0.891812482923533,-1.15249305506482,-0.213710488041523,0
2.91862638391107,0.286816112076053,-0.204011273018691,0
4.95959150119668,0.15073101857056,1.71970924052031,1
6.75879520014798,1.09283933916112,0.202033482217385,1
2.85419850585928,-0.103220611418538,0.512655777512822,1
11.0789194477646,1.30285962841201,1.45240001198695,1
8.82142104123193,1.73402876973087,0.363865465173405,1
0.706291801524785,-0.0536666855979386,-0.875848946464095,0
-0.263913817217272,-1.23678683400329,-0.0145607330910744,0
2.38816507273153,0.219578775497615,-0.724493164867117,0
9.91570250407417,0.976936057011961,1.969370094487,1
-1.02076953923887,-0.832615915754681,-0.536402426950987,0
4.44704587528228,0.724397804390201,-0.0262323400230254,0
6.05160114183557,1.05635914498028,-0.164032353386482,0
-1.84823609986344,-0.822756038948243,-1.38327506389604,0
-2.35381276978632,-0.998265155986739,0.423511264154112,1
1.40954058837503,0.282275322239524,-0.790488911573172,0
6.86655885877258,0.41994287511294,1.20992484868538,1
4.63597696817438,0.230198259059398,0.894516769107157,1
1.44199473440594,-0.234956066668558,-0.101198541182539,0
3.60708680601793,0.0999223643289277,0.29712256945725,1
0.268791935465295,-0.654144927149262,0.197297723223939,1
0.445987116722043,-0.773615699698884,-0.156983744620943,0
7.40556655931348,0.818007251905192,1.53657101159021,1
-10.278843138043,-3.02085560670782,-2.16766968075807,0
7.38421255654763,0.833666281047501,0.598448151380301,1
7.37108178202742,1.38263941097592,0.0431123594716387,1
9.88698081872365,1.14594951633971,1.29502719092384,1
-2.77600891736304,-1.33404936349464,0.706302935737444,1
6.30404072327297,0.834173004098733,0.345545075357528,1
6.64740760762294,1.59949388493277,-0.0798966533465162,0
4.0312016731052,0.0235347921738076,0.454807547451574,1
-0.683819257044854,-1.2732170811583,1.27625236923049,1
0.936027064855099,-0.538911252276724,1.2648376462961,1
0.0914017879309045,-0.590402519593124,0.26925353035912,1
2.36066811275829,0.299699764732671,-0.120544093437728,0
-3.9754021049251,-1.09878358305975,0.795271350663759,1
-1.51420331152902,-1.2001843690418,-0.514027644033044,0
0.938897309919811,-0.280304754075002,-0.40659346739169,0
9.7645628297854,1.12587991676453,1.21971897898245,1
1.74332119826523,0.0728732323609873,0.083711370245897,1
15.3351700518878,2.42476543797594,0.589902151192238,1
-2.24483451581823,-1.14611903997971,-0.517419284506192,0
9.4139280716806,1.07254073008193,0.769463486620852,1
7.22879928691735,0.715800771412321,0.801969741044952,1
2.93369166210775,0.593449760283274,-0.696860144353812,0
7.87997477609685,0.640193610917765,1.177853178306,1
7.39549873439675,1.13897289574078,0.585845258165705,1
0.374190840202986,-0.484141964749175,-0.466893883407381,0
2.88138764916645,0.109885539773758,0.3856496369842,1
2.41652225028841,0.416783029873831,-0.534605584623016,0
-2.4863360215799,-1.19984111556738,1.05666840136629,1
1.93451831697731,0.105279827146178,-0.206093269636223,0
8.83318042553354,1.08108275367587,0.60701223616656,1
10.5927163478331,3.0917034506999,-0.548063857565169,0
-3.57061303661377,-0.687346613533446,-2.09997632605104,0
6.7070478150372,1.08287688699621,0.250812763244473,1
3.48949263037949,0.373654774810685,-0.0549452806115849,0
0.0386125037239039,-0.534727704175889,-0.65972780854019,0
0.700724969536559,0.270885098370239,-1.45585737900865,0
0.496848513385259,-0.286410559269498,0.0237294264634486,1
7.91090866217243,0.608598585421357,0.547908091268769,1
-1.195887236395,-0.421728676083109,-0.808901395385087,0
1.81649514323413,-0.0460738975636805,-0.239023245607069,0
5.25484078857453,1.23768688272075,-0.353118732175528,0
6.31399473083988,0.950789087648116,0.819599207165928,1
2.29665583368385,0.420768644281701,-0.345279614352431,0
-0.457426754412261,-0.0673176846446226,-1.18288445586158,0
2.46053400422898,0.645764252760121,-1.03132108779389,0
-1.98268769214007,-1.26575863705363,-0.0750893152514983,0
0.393079820823261,-0.521565834839085,0.828585474949519,1
-0.919321486171431,-0.197302237606011,-1.03598465538748,0
-5.17375123455283,-2.3535345926122,-0.147156109684944,0
4.13321902078126,0.877383774682471,-0.281453876038291,0
3.40936392066937,0.717077671113753,-1.37368566941537,0
1.47734744883176,-0.518943284069403,1.55845014155207,1
2.48882433978121,0.319133030729901,-0.57494503613467,0
7.24968806938591,0.553456410986235,2.18733524053184,1
-2.89831694579981,-1.31536566564492,0.794291623143929,1
7.04124715291473,0.891582352818598,0.202560260341176,1
-0.844983225183556,-1.23328219797649,-0.0220500849832044,0
-1.99761910844449,-0.742588737900398,0.304530887225146,1
-0.0248714390604476,-0.292222143241372,-1.1092492414154,0
-3.09563994764874,-1.00944803727378,0.765473097985681,1
1.81142752329577,-0.129407973528639,-0.0220264291577605,0
-6.45927061874769,-2.25050576315957,-0.903998222855681,0
5.43207118007593,0.529538128891636,0.400001736564898,1
1.98160792461698,0.698560796651512,-1.14928759196062,0
1.85109912933864,-0.334023107733027,0.188167629294663,1
7.45298812658177,0.666679159350853,0.217290096347952,1
-3.10238148360859,-0.942762734578572,-1.04908572462521,0
1.67026021707383,0.27394526844051,-0.0751234328439355,0
-0.677147801463911,-0.0876689678626624,-1.56798896178066,0
-0.85256230898268,-0.833256520402397,-1.17379709610829,0
-7.28364345890963,-2.60757549213563,-2.14830605620601,0
-1.56577014344509,-0.453983742508282,0.341715452527099,1
7.55407612238702,0.5439629609026,0.904970837787923,1
-0.454171077526004,-0.671513767169992,1.09649045333733,1
-6.48956730506585,-1.89791264572301,-1.47126092934297,0
-1.24645110502494,-0.566691877218555,-0.280596864560926,0
-3.00748518458127,-1.13368648544303,0.846139617007925,1
-0.966122991705569,-0.494667193263553,-1.28591371800217,0
2.12800867417161,-0.0760691623384587,-0.312435869163608,0
1.62768784912467,0.00192875101221138,-0.36284324052178,0
6.83255152180271,0.834137674013475,1.41245391943755,1
3.06721179954696,0.486079507707736,-0.255202309202219,0
-9.83438967659523,-2.40463702592648,0.387017528534366,1
9.67280174382434,1.2095844247454,0.524940745178194,1
10.9774501936672,1.55600106698621,0.615145179774206,1
2.27395199976125,-0.394694883756092,-0.332816293049665,0
11.6648075686144,1.44371523235346,0.745328759898821,1
4.53744177954216,0.424801127727106,-0.311265396437325,0
-3.39769747935355,-1.60522052671332,-0.234251449605013,0
-2.02251799778714,-0.818500343595016,-1.16585694436698,0
-1.6875437401762,-1.29482188921183,-0.23979867027602,0
9.462005391262,1.16545583149412,1.18438266837219,1
2.24321700556291,-0.353606107863994,0.207508387039108,1
-2.44500986684572,-1.15402705995602,-0.0436325970354455,0
-4.251355824081,-1.67297356978899,-0.971077502028354,0
1.69591834069447,-0.224216344041727,0.574222580105223,1
-1.51703995180415,-0.897700611630601,-1.25986542223968,0
-3.88043479036224,-1.51091527252843,1.06167880703241,1
-2.09672631244619,-1.30550037140094,-0.433993679431673,0
-8.76214806941371,-2.09957969216297,0.239176945168019,1
-2.09974924149856,-0.534179955012703,-0.502328611745041,0
3.75069705139544,1.40280800487546,-1.70387658397506,0
-5.58962057388626,-1.48759330835462,0.523772241427614,1
7.60661808062081,0.470375904732029,1.56417215406704,1
-9.09251903274275,-2.22095936141964,-2.46625286976607,0
0.0121984364138671,-0.287106396965956,-0.148820765084651,0
0.82774743471149,-0.649044445622608,2.11083700324841,1
0.100130247612469,-0.637723199836965,-0.346195291528631,0
13.5105647542638,2.30727652361906,0.982182546338488,1
3.16295001732544,-0.131054118626956,0.391431404190546,1
3.27181253228379,0.956670608668365,-0.509994056962535,0
0.420026465373988,0.210453067080756,-1.0496464305767,0
-7.51727968075509,-1.79059108708859,0.0460071520322676,1
3.14623022777375,0.920384520605092,-1.0088281735442,0
1.55030824627748,0.290362924407037,-0.656249673336281,0
-2.38105436817237,-1.12265726266763,0.0940179307429689,1
9.74183147213033,1.34909698069255,0.0179242749626461,1
-2.13690596900861,-0.39419011683935,-1.60352449503172,0
4.25294672906057,0.177630270317905,0.483076079040992,1
1.01894242941391,-0.336379378414756,-0.224422824935508,0
-2.55475402818593,-1.39506551935632,-0.437397855900056,0
9.82268636402658,1.08660514285736,1.32776845840738,1
5.21796990485701,0.891013433652798,-0.468477873025446,0
2.10630046546099,0.84730161299385,-1.33995772628447,0
7.61062391004901,0.723132004978158,1.66543272776861,1
5.35780708137719,0.411661938438849,0.538949952138077,1
4.02379195750038,0.11671087912983,0.999384763413126,1
5.76801384027532,0.939115345164295,0.341489328926142,1
4.99025638153796,0.783390479038445,-1.05862733130268,0
6.15783654310015,1.61515784440469,-0.0415993014090398,0
-1.42613507532885,-0.272122672595827,-1.29282767682497,0
-0.290387919573562,-0.713460993176732,-0.893863996540352,0
2.08529543355495,-0.158778992164819,0.541909198067899,1
11.174112076529,1.60669746763808,0.96963598454945,1
-1.4477909064179,-0.809926635930671,-0.244988917948808,0
11.074027168319,1.20324539993312,0.860180084424709,1
-0.059541065331372,-0.326841223156332,-0.675843952185185,0
0.176642599688246,0.14465035797989,-0.500043688364124,0
8.88916751111102,1.22416863103307,1.83203289065985,1
4.56631593149692,0.568990616262698,-0.329272263378209,0
0.536749753917202,-0.202198247177349,0.261307886624712,1
2.0363435145605,0.323325005650455,-1.11216053142065,0
12.735790478738,1.81683249481759,1.06221046113754,1
6.84116639599908,0.614059260767425,0.205000244171687,1
-4.41495085274328,-1.17306063634325,-2.02432771517004,0
4.02727332940414,-0.0951302121181917,1.22737475432954,1
9.8167267105121,1.28818927135855,1.1953441304346,1
8.13774292400692,0.762751253002223,0.772515546839223,1
-1.03047283184654,-0.307141773885248,-1.40953802636953,0
-0.806794839503146,-0.623001490718953,-0.43242997230287,0
-1.49965278777162,-0.292099183128814,-0.442288111399416,0
8.3659910500317,1.14421714221512,1.34899226158638,1
-3.25088307279108,-0.911151785972326,-1.07463159377551,0
1.86456421051616,0.127107631523916,-0.335082418815194,0
13.5342150248919,2.04018202985464,0.750832412618636,1
8.12614650950412,0.803507257591365,1.99720657393103,1
13.361507940609,1.60438034721912,1.79190783602721,1
-1.79480137598777,-0.529278757668832,-1.23297630910884,0
-4.51173341161695,-0.27597182134716,-3.17720974034715,0
-1.36414685392198,-0.440337695635762,-1.08484173165399,0
3.94028768521847,0.380037523204922,0.0607634334966003,1
7.05300136483127,1.41888268234854,-0.181766151621347,0
7.66837471538913,0.893194359111857,0.341311013584644,1
3.85715241901146,0.112007748462398,1.10679158982067,1
11.7784423558507,1.78952726102996,0.688816160126333,1
-0.497714592066013,-0.622748325090515,0.470991750342963,1
-2.64436230253742,-1.38400827198093,-1.64006703209326,0
-3.22540574049781,-1.16733732060468,-0.679023165379527,0
-1.12286647340086,-0.949698229405175,0.486308057492237,1
12.6089351148123,2.0369502130969,0.226175395529003,1
3.64770911373242,1.03578137545919,-0.646680736793556,0
0.50486026739198,-1.096780876016,-0.113285802208356,0
8.58933860894707,1.35275340207637,0.520523659696982,1
3.95767249401588,-0.123340129303182,2.58674304062644,1
0.972291757335954,-0.509457793974232,0.542192343473393,1
0.698736754026592,-0.561586575716038,1.06520387801695,1
1.87161059478591,0.00438611637416686,-0.7501478658908,0
11.2917950403191,1.4467134519422,0.793791101470642,1
2.85638593231772,0.163919034214707,-0.74976285868803,0
10.1525398231177,1.2534151365447,0.306302268328381,1
5.28894861236744,0.40102176537802,1.31836986941428,1
4.0461814693659,1.01160909201147,-0.266540210545316,0
1.33216984520954,0.068616725695889,0.265806173685163,1
7.24117940853955,0.496577484257576,1.13983841288017,1
-1.73091955709646,-0.467323674717086,-0.986544820498611,0
-4.79154246480112,-2.07163854371777,-0.673666787834073,0
0.490596966167947,0.766494019975911,-1.9047442725501,0
-2.51352733437579,-0.787275167392667,-0.7179220878804,0
-1.22449701730798,-1.06231292348173,-0.383542012478036,0
-1.73567181363133,-1.27941851370873,-0.320536946168522,0
-3.57055832215091,-0.278070503160639,-2.0919207780441,0
-4.42790674386026,-0.798074145417065,-1.85183190983504,0
-3.21464889792851,-1.00130694708628,0.439665272322799,1
1.54087002885467,-0.451326818960617,0.141904835351357,1
-2.29484974447379,-1.03021178486493,-0.825059120475535,0
0.0560000934656518,0.00799243785993065,-1.37117981596442,0
3.66219208232148,0.326195979395259,0.0248814464127859,1
5.912021693322,0.699215179867722,1.58099249126551,1
7.14789272913837,1.79571090206442,-0.759716027054064,0
1.89053978414205,-0.194455218412407,-0.538544784126462,0
6.52002438651908,1.33852362358157,-0.260291279435667,0
0.968263179615635,-0.00207994178711191,-0.644601306755667,0
5.76907985807683,0.66491226866087,1.21525293567706,1
11.3460482526246,1.12542720540329,1.78200261661201,1
8.62518856654287,1.89006788611117,-0.0640374279297368,0
-0.82775906330163,-0.476439102610256,0.624481143281806,1
2.89035831829348,0.38468092983164,-0.938595151891697,0
-6.31167650124701,-1.65979810114983,-1.8326834165082,0
2.13665599157004,0.749406926789553,-0.901485727138233,0
2.21184956722462,0.502161774496179,-0.950902079388975,0
-0.694530745201302,-0.529873032279312,-0.835303305479703,0
-4.62424877230049,-1.29039490930062,0.546097928453923,1
12.8258574213442,1.36122148243689,1.61253588475273,1
-0.831383751878688,-0.299438726107483,-0.653114667017496,0
3.5984937942034,0.0934154681472501,-0.0366466527552756,0
6.36026877658715,1.09950349186207,-0.11063269749809,0
6.02448326173491,0.420583171955616,1.24200543155469,1
-1.22756705750027,-0.723592747235363,-0.692423648640847,0
1.47949536594428,0.0633914007597919,-1.16544261178804,0
-1.14009540077272,-0.737160304780376,-1.05609325823517,0
7.23617439427042,0.95827446257735,0.723485112002042,1
4.56912570587537,0.504860984032086,0.360227511693603,1
-4.87369459270321,-1.51817311348721,0.256221180288194,1
6.66936403090139,0.487138781050731,0.752887908098141,1
0.762380564509696,0.177769150587726,-0.99262436174322,0
2.47840433916912,-0.074093014014703,1.48632630711899,1
-2.77175422187483,-0.990407954070664,-0.726653653578297,0
0.355124151521223,-0.31159295235707,0.0966503179347832,1
1.058800155026,-0.577529289145712,0.214864061434575,1
1.75112871031324,-0.143980048066689,0.518475485469224,1
-0.293430826240136,-1.04370456903569,-0.296302894744337,0
-8.28443486725965,-2.73988271542685,-0.352000868785788,0
5.67350850775516,0.392817443258597,0.133719626529231,1
3.95463404518025,0.750748087105283,-0.226863013066367,0
8.95691077774306,1.08844436939964,0.863076731007076,1
-3.80440707197626,-1.66764760274541,1.60421219913685,1
6.35740405869248,1.31038660668604,-0.445835718074259,0
0.0999392644640431,-0.511758868987188,-1.18957146629936,0
4.209362939963,0.408337849345951,0.246621550628576,1
1.3902844156018,-0.359450807877219,-0.761491024515474,0
-3.86494180474029,-1.43046919448365,-0.393981667023994,0
-3.13471904777865,-1.11282895128971,-1.72826292188549,0
-4.66158048175158,-1.24718705881294,0.26293965828286,1
-7.9592346133398,-2.26949894853738,-1.61558979829955,0
-0.0883296675324973,-0.499458509167298,-0.117269628962947,0
7.97854963420949,1.18367588195406,0.325928044349314,1
-2.55663212421328,-0.626264156438198,-1.90093451424353,0
5.34650013729581,0.724975226919209,-0.469805110693186,0
3.50348204584717,0.2356857630184,0.12384558683103,1
2.01452226029863,0.477152070092713,-1.12703977794798,0
3.52640408037164,0.859645595794389,-0.40179926027606,0
0.435596143523545,-0.279886159909746,0.00515375780451839,1
9.85538302051009,1.1239113521351,0.672541593562754,1
0.815601461725539,0.215557363283142,-1.44636079888457,0
-1.15124603786489,-0.953384992360812,-1.14362000748856,0
5.90306581321008,1.4904840143012,-0.300824962520737,0
-1.58456180556255,-0.402947072598087,-1.3889142652328,0
1.00054683730047,0.7849364640342,-2.02747974676345,0
-1.04944724293221,-0.93867516038345,0.505215906503121,1
7.71754659132642,0.86002749381229,0.771499632311908,1
-2.87353978378999,-0.70673996102381,-1.61288294516713,0
5.8751884620102,0.424454703755164,1.14242107325242,1
9.7718355648205,1.23680517791723,2.09829328975597,1
-0.463377069491477,-0.78492652497576,-0.167363074959246,0
0.942146456109608,0.51249715186654,-0.266927381557538,0
3.99416156434259,0.18495291854205,0.794821728110916,1
0.51523185172319,0.0789972306636108,-0.456845694234203,0
-2.2499122944297,-0.497474708659438,-0.971702757548201,0
-1.85378816028949,-1.09842218577147,-0.472534566018054,0
6.1454201008475,0.488225361889881,0.947655042454646,1
-5.1761553884161,-1.71361287486407,1.01603959389946,1
7.45723702989628,0.647495811064353,1.75186717882185,1
3.97490654672459,0.289071711530295,1.04770237040486,1
1.46741909379437,0.153174003972922,-0.377857303194348,0
-3.51716551166142,-1.49710046496931,0.508104782671683,1
-1.78485980714847,-0.85075883961165,-1.07018458754786,0
4.07600833398228,1.19718850074454,-0.144224762219455,0
-1.32836155075201,-0.445443508487013,-1.01170541546209,0
13.5246558271792,1.9633079419464,1.24302324833439,1
3.9897831830369,0.555943864596497,-0.0788894233080728,0
2.87854190080854,0.876517227920858,-0.807295116986153,0
-1.37174613853847,-0.197925084703844,-0.996201639682667,0
-4.64064395734446,-1.99836660501785,-0.858331208674942,0
0.896815452322896,0.496166235653523,-0.95073827250376,0
-5.176547867954,-1.5566923276226,-1.12179377839042,0
-3.04351990228448,-1.76670207309699,-0.135076212757754,0
-0.353609850963297,-0.301819914670148,-0.874073743405184,0
9.05954324568167,1.03307206839814,0.258678991135885,1
0.531849722096865,-0.139044476521882,-1.74514130053885,0
-4.67592575547267,-1.31822433567274,-1.27235813384977,0
-1.59661551201182,-0.988473975250961,-0.663071583784233,0
0.699825889193879,-0.194945022116749,-0.296543129823535,0
0.896012624252565,-0.335215173715166,-0.573966426857788,0
-0.742403915506684,-1.08262996868316,-0.0261740819891586,0
2.35170189560347,0.154646909137842,0.259727223858613,1
10.9499737885384,1.69374264215336,0.533417571564717,1
0.639978780054335,-0.0401142811668807,-0.542068604028933,0
1.23294486195468,-0.466691193962598,0.337668446597593,1
-5.91968963119071,-1.79129849367762,-0.237912860236372,0
14.9360502648877,2.41136061794391,1.12569776459416,1
3.66142063480937,0.252898420753054,0.204687898185319,1
8.76319457829117,2.18869256143616,-0.0158696557762988,0
4.98923713893528,0.296551626247338,0.185196040701289,1
3.44871350903859,0.16179856321295,0.108231141887518,1
0.964671895753377,-0.472574742532292,0.673992699568888,1
-4.81345108217654,-1.94201442258735,-0.951967116015085,0
-2.10701881554353,-0.685073877215516,-0.49847329238345,0
-1.02561862995947,-0.928131714017609,-0.653518730626198,0
-1.73036425812698,-0.997238360348293,-0.126079083822503,0
-0.1310680281273,-0.215190424342924,-0.63786646305784,0
-1.99089487092763,-0.944964549659942,0.337567398663831,1
4.43900074856912,0.542086500831246,-0.0293290444389355,0
10.1942398295997,1.21157053367796,1.22872814344106,1
8.54735498680509,0.877781548788425,1.5852807887064,1
5.23236090264103,1.23653897778601,-0.314372753193934,0
9.94224860865006,1.10212185943226,0.975752659352041,1
10.3520091283775,1.52728597561407,0.742089703332306,1
9.10910113250853,0.672753701116247,2.22545763479131,1
0.283106993114674,0.195038294834992,-1.49733966351932,0
-0.16314047514268,-0.812499329538695,1.10607312374539,1
1.28141821444204,-0.434304184382769,-0.528306606953451,0
-0.108947983036748,-0.851438908907128,1.37600858615402,1
-5.87625285124777,-2.07709027320355,-0.902418328445858,0
-1.55425827192921,-0.800514860795288,-0.187779424621619,0
-4.83501877381725,-1.43333684775495,-0.870346851499633,0
1.77009825574324,-0.230502380178208,0.242566741570346,1
9.21934859723856,1.03272461881851,1.21833015656087,1
-4.46994741920506,-1.27341276416987,-0.980230859274554,0
18.108008567711,3.2802703097261,0.559592003462406,1
0.913462670638919,-0.470016869264216,0.720403503457711,1
-7.50213377618495,-2.00243570073991,-1.77663789126202,0
7.87017138205995,1.03664448755241,0.224056026698433,1
2.63740523432062,0.647850923809369,-1.13998461912096,0
18.3580240471262,2.42007565418485,1.37689935228885,1
9.55199007928931,0.872511906223925,1.78010861285818,1
-5.40346661660794,-1.67729946363375,0.294056166084933,1
-5.16041114267342,-1.76084530906236,-0.931644250838032,0
1.80151590695068,-0.218212871066978,0.635615730133026,1
3.46954110186823,0.517737091055625,-0.835824653377363,0
-5.50095022900744,-1.80859171246324,-1.01989727087461,0
6.31538918785999,0.432508013880715,0.161469222777442,1
6.43935414305176,1.08600306821594,0.630325928930935,1
2.48187597220581,0.405056120583485,-0.0295000730129872,0
-6.41448847329515,-1.55156022740428,0.0123096815697504,1
3.66845962233925,0.456365500013279,-0.291542071228928,0
9.82814381509953,0.726419669310072,1.70555685861385,1
-4.33761259275668,-1.47292897932368,-1.4681797348409,0
7.17130530659237,0.748933140741416,0.234854036923787,1
-2.79553093068896,-0.923771577050768,-0.50907606118858,0
-6.95160315767869,-1.78050055116144,-2.11623551713465,0
3.91481982986077,0.0751923441431984,0.563936262019612,1
15.492226629262,1.90672610001185,1.78903387677195,1
2.21005507967793,-0.271098027743061,0.0531982872022936,1
5.32041171134998,0.717683206618926,0.912892722040135,1
3.99842432961678,0.16592468687681,-0.14650964773353,0
-1.01042255074182,0.0630637843899254,-0.176198701701301,0
-4.08663042877727,-1.6595788007556,-1.05553674309767,0
8.47662367938475,0.842511959589757,1.23906895247316,1
7.03314978160349,1.14114002159709,1.12782635671548,1
5.70375112480437,1.7339416052312,-0.685512759930939,0
0.330844209329857,-0.808040139430083,1.75405541628753,1
8.18507247465945,1.15574827383035,0.285918893561696,1
-1.80436059490567,-1.22230023526648,-0.0962387387695353,0
4.58159483359874,0.414093798834822,0.5360352486976,1
-2.59150982244234,-1.35765998503503,-0.709831218060594,0
6.80776671178268,0.725197507180949,0.276400851281746,1
8.92670888435299,1.28166945896471,0.307538741741893,1
-0.678447124841318,-0.477068641749146,-0.826253016429561,0
-0.399611061883977,-0.432105736945688,0.445342810177667,1
0.616370613213112,0.791165484910579,-0.54951846472008,0
-4.88151325731747,-1.56373277351902,-1.4429819561099,0
1.72391710794574,-0.0126063484085669,-0.224787352050971,0
6.85702477617936,0.680565533530352,0.301541205096059,1
-0.0536456418492063,-0.398802017868818,0.174550551163889,1
-1.82392597086581,-1.0468222776811,-0.582841397247516,0
0.751612446820958,-0.54834915979739,-0.229003608218135,0
15.801830175162,2.42740303801131,0.995383822650051,1
10.6196143638931,1.51626548408929,0.702549863325071,1
-0.498523965084542,-0.0704910788055754,-1.06911765608834,0
5.9235452321464,1.45714872172285,-0.115622009338538,0
3.15845140498531,0.39360413825379,0.692424214921812,1
1.34560324479146,0.185146736923234,-1.67194797365458,0
0.0288025305703948,-0.535305300148757,0.160245362696853,1
-1.43628815371814,-0.492256103398803,-0.774689485196757,0
2.94132058746373,-0.0639684154201359,0.115530664096697,1
-0.5008866726591,-0.0671929417454493,-1.03897772143373,0
-1.64336376450738,-0.893793531962622,0.177564889148007,1
12.8603815386296,1.49782204037576,1.68886362116128,1
9.85539244208542,0.904544124156345,1.17859536149139,1
1.86786766538619,0.327707201885412,-0.389312673408208,0
2.32905104927914,0.688267574258065,-1.07264845556647,0
0.459425903684473,-0.496042902216297,-0.39534635863751,0
-4.70671413818715,-1.7245351510479,-0.84498759833155,0
6.67685729239327,1.99142864005121,-0.655940482090013,0
-7.29109172055268,-1.36650582371444,-2.50699143903884,0
6.17789732915252,0.83769479601606,0.167839957700375,1
16.3225817043761,2.35734143899187,1.21561048096742,1
-5.08033503994562,-1.5225750417564,0.255145945830071,1
2.44126062849047,-0.409811579640622,1.61906288695254,1
3.27615950302332,0.723609420555567,-0.00412130949977466,0
5.72240066389125,0.702042780231315,0.314819995605099,1
3.88309478439077,0.304385054109276,0.164851018642503,1
-0.779790549965843,-0.23512824969245,-0.712664522447988,0
-4.001559581063,-1.47967077689387,-1.27655759046954,0
10.6423307140488,1.64601379610159,1.06812336608449,1
2.60475697124642,0.335642695791126,-0.802880168469588,0
0.139504055953878,-0.354126664796578,-0.843216047181376,0
14.9975007008186,2.020285380386,1.43512874262739,1
-0.23307596717181,-0.301245314335737,-0.977376748638873,0
3.97010609213864,0.273081194091375,0.283812105970106,1
8.40469129715922,1.23549744055366,0.31291940345886,1
11.1910937437196,1.50451643138085,1.52153985940757,1
5.18626157783127,0.864741071471107,-0.812133727248252,0
0.155039663673717,-0.346576528190152,0.051060062193872,1
4.80255440074783,1.01486032596621,-0.488129438847273,0
-2.71763481372091,-0.901799013744947,-1.33949671949949,0
3.42353788410805,0.3771988135336,-0.935759787148833,0
2.09167638471939,0.300418783635809,-0.874912261575764,0
-1.30641579940946,-0.692231888420224,-0.832404217116367,0
0.698926670831722,0.268002934478037,-0.213056632540335,0
-1.49975883557079,-1.4374769701284,-0.148486001349966,0
2.667245292949,0.410873205263815,-0.075830456184338,0
-1.46098735199552,-1.19041619287431,-0.622058351431822,0
-1.1989603627471,-1.10215118468116,0.453513837844088,1
9.72143042496122,1.20709819504926,1.1347752001438,1
7.08298247549692,2.12255259298469,-1.28924386007341,0
3.28918427526603,0.260073776822994,0.137448527951058,1
2.889405624686,0.0304702958980462,-0.164076238697848,0
1.60589440076245,-0.232484399540415,-0.0187064791585083,0
-0.711357731189542,-0.782693214297213,-0.214808995802467,0
1.28064480043062,-0.631617269915073,1.04961835618881,1
-5.8680529029203,-1.62554246799391,-1.78140148959061,0
-0.194107543295003,-0.661931294318612,-0.231624274801336,0
-1.14859742186817,-0.851862687104763,0.585334071069629,1
5.22884741559557,1.09311413949434,-0.377512595578079,0
0.403061264294784,-0.767168680356566,-0.23053823886158,0
-0.884945308362499,0.334114731421815,-0.922248071805758,0
1.15555023140581,0.28580169233722,-0.604722476749972,0
-5.3584113072876,-1.38591904362543,0.064299909750879,1
-5.01957755794157,-1.77358286585286,-0.658668650512465,0
-2.10222699970553,-0.441856932370548,-1.05431768446357,0
-0.340072798472026,-0.384254044996241,-1.53297740769771,0
6.30061529333936,0.712188793239344,0.406597647058725,1
11.054279663031,1.60127817615979,0.351893176000245,1
3.68237205145285,1.55429253914212,-1.73077161998235,0
-4.13068722761514,-2.39908926780551,-0.188787487707429,0
-3.50834966389813,-1.30045094860359,-1.39980045820974,0
-0.916140760265307,-0.60932476875459,0.176797450702696,1
9.86594035779906,1.2217117548366,0.45284804748212,1
-5.09277496656272,-1.36592432357347,-0.853308074312363,0
5.35231408295195,0.0422298543756867,0.927235537733398,1
3.93395086632188,0.345137362897783,0.0281387795127144,1
1.27429014611258,-0.0466454311357023,0.355998281972547,1
9.43931805692562,0.974561803048417,1.2735139019278,1
-0.297523866475874,-0.292730598775083,-0.412535514799906,0
-0.138878103696605,-1.10539243054262,-0.310894123332722,0
10.5962731047905,1.34555126903915,0.675603609119909,1
7.36470123208603,0.980008313410124,0.85146402085391,1
-10.9229662381594,-2.42502792799696,0.27203534818749,1
5.66934265020589,0.377919316794357,0.0415970246209602,1
5.86024432367048,1.35511771141163,-0.168975788829986,0
2.86572460725088,-0.417504822486094,1.58833186364889,1
12.5409834595686,1.57810911600078,1.39681851713682,1
-1.29446310470377,-0.536578101587384,-1.04585395394354,0
1.60444301163722,0.199165494555685,0.116828985723749,1
10.643780519719,1.8056886493445,0.105627569292953,1
7.35521723100226,2.05823370658874,-0.0680292333109252,0
4.01602370310614,0.685300782614692,-0.315498488862788,0
8.64654506307763,1.35511262866795,0.483263395608939,1
0.601210736466035,-0.587542332237137,0.512212941323003,1
-3.38464939334793,-0.921416356820608,-0.948130671347777,0
-0.866545087617003,-1.02470763860941,0.769933744518087,1
-3.58606015195357,-1.32185878856094,0.309143208179424,1
0.823767428434666,-0.162266477884967,0.305915466286798,1
-3.25028898765196,-1.27870359356323,-0.251582897250923,0
6.78127176549506,0.897505919611955,0.118933932872746,1
-3.17439723016438,-0.785689858934005,-1.52972671702058,0
3.10921133685114,-0.0387657854157206,0.5253109118915,1
4.4735267578244,0.158328549652752,0.864481723143058,1
-3.20512928949577,-1.38433651286781,-0.0714244278783087,0
-5.47470693050135,-1.27815091629828,0.167393804081031,1
6.19172475641639,0.654994287635263,0.394576906268911,1
0.340608306980137,-0.584221905087574,-0.529635778161571,0
-3.79228530483809,-2.13637801797278,-0.87611396306851,0
-2.25471287042864,-0.85167857216891,-1.18464588457791,0
4.37557132901701,0.968898049751841,-0.589205082381583,0
-3.19232955073317,-0.974877625468097,0.180912463954528,1
-7.25266071973639,-1.79698026718505,0.14567438780584,1
17.4857085922484,3.19060612165789,0.755681478581807,1
0.237048398402237,-0.404940415990792,0.0277737773282606,1
5.35911158764787,0.822841731950715,0.144705488339872,1
1.26157470968468,-0.02734727865084,-0.237564377306518,0
-3.73734678013043,-1.17791914415397,-0.742848058234538,0
6.50863223110148,0.622197511915198,0.260905598625214,1
9.50916478213667,1.41539804512924,0.429427144905415,1
9.21375772947495,0.984851612925132,1.56498749169822,1
2.68982566206305,-0.0418208661800151,1.49764928127945,1
-6.25743172082803,-1.98379985914515,-0.735300315178251,0
8.01378462040888,1.29952564787016,0.253423045269848,1
-1.00944026962835,-0.598011695760922,-0.816298159670332,0
11.0262613012996,1.21302752727172,1.22654969181861,1
-1.29016496478493,-0.555995739618534,0.63448636466062,1
13.1013694849566,1.71452409185833,0.643104970594858,1
-4.21769537844345,-1.2268236623292,-0.831522767058475,0
-1.46646129126797,-0.862852154858513,0.236540121497751,1
-0.274341694729001,-0.77290575104391,-0.0522003471774552,0
2.58076972929884,0.0466765203526348,0.916528630152632,1
4.16021515968813,0.923751492356059,-0.369646117874659,0
-3.42357791960687,-0.796433844441396,0.264991720267756,1
0.579577096801018,-0.61450459571445,-0.43885937509959,0
-1.74435625534728,-0.731369736155611,-1.15910817194557,0
-1.0539733189894,-1.97638367779196,-0.264056236444659,0
-4.80217298842861,-1.68844158208703,-0.499405318597747,0
-0.208920861157459,-0.529100090935439,0.824626035634075,1
2.73491794691686,0.662494873713773,-0.532473663936229,0
0.0378292725330913,-0.703703954752744,-0.380586083049859,0
-1.51757706485279,-0.652467445710884,-1.17563295864031,0
-6.24236657024676,-1.38652144473055,-2.76608509992879,0
1.14176391327173,-0.0471155534312545,-0.251807006013961,0
6.56296347852356,0.830393869300849,1.66618935634074,1
1.5986722173314,-0.0340042283849379,-0.0880591825401264,0
-0.325539466304342,-0.386715568453693,-1.24708723117431,0
0.461488701389543,0.11089185560365,0.419411324722489,1
5.46975753277228,0.309594729745246,2.03751818029119,1
-9.01426447978093,-2.69542225324903,-1.44145175911153,0
9.62982255544558,0.783124257227156,1.94525308869588,1
4.44619989551268,1.50257434090319,-1.40917018373548,0
5.30471216544426,1.13623467476009,-0.155258793930334,0
1.972702533584,0.660529711366374,-0.497006992322277,0
0.793576007879492,-0.537781641140348,1.00382656060215,1
2.40706128177967,0.418196179657295,-0.5109301961095,0
4.52834801930156,0.499024214160986,0.127355940327176,1
4.79088013396123,0.369980897139444,0.239050867850135,1
10.6533598697157,1.41433578178516,0.162167074391946,1
-1.26426041251744,-0.955053306108806,0.364840089258136,1
0.621483658564091,-0.442664861009846,-0.550850540760611,0
3.79928439421849,0.832885675025922,-0.594389565671837,0
-0.362340136739783,-0.235657134263151,-0.889360820702206,0
-2.9933712674303,-0.867772886678299,-1.16274989009123,0
1.47914945808212,-0.641836946251728,-0.460774119343181,0
0.0326962035519498,-0.164499628123615,0.121650037441516,1
6.92968003816806,0.662201829775026,1.62089007856492,1
0.484072705492784,-0.87286125922865,-0.0311224117580291,0
2.77931927391437,-0.13653743547818,-0.279156118830204,0
-0.376820793391469,0.0181194283168993,-1.28695101726452,0
6.82408026929184,0.62215667728786,1.21359120155132,1
8.37099696115613,2.05715262465985,-0.247989688010855,0
-0.334463706887333,-0.335892687460054,-0.473628685483107,0
3.12108193117245,0.429836242902888,-1.18198948479498,0
-1.17898378720563,-0.433141892656714,-1.21089664711863,0
4.02170435005532,0.0616186317046867,1.41073414705462,1
1.33550569824873,0.272819921226687,-0.691545067372904,0
1.52145896447033,-0.487307046863603,0.995946074579261,1
7.39592680168737,0.674376322572131,0.767395224029981,1
16.8077082721485,3.21381991932375,0.507057800443686,1
4.37620082362622,0.731452614416459,-0.121106582928508,0
7.13392996094072,0.388070106356526,0.932526966371414,1
-5.30766295311252,-1.99830439115317,-1.47971913494515,0
-2.92837936803487,-1.02859436926222,-1.37116443244933,0
2.27621165077573,-0.294312662460198,0.439347516199436,1
0.806297727945798,-0.561384717933184,0.453040961375937,1
2.24939494122026,0.42843459153656,-0.281335101115636,0
1.31444450374196,0.334112507514024,-1.29505166801752,0
-1.14186076301368,-0.858504203852572,-0.966489630651524,0
2.73905916363346,0.346356046130656,-0.515450721226044,0
3.17435023989675,-0.35777407313211,1.16651883111341,1
10.4880202537552,1.06203283458133,1.04524726142961,1
3.96235267014676,1.09779219914168,-0.790664927463106,0
5.42207141309095,1.07454054235929,-0.196895831183498,0
10.5206374610159,1.38169768833974,0.661122033845145,1
-4.78066757385972,-1.13775218685293,-3.12633725536277,0
0.469790055437558,0.309062420555033,-1.350073071204,0
-4.81283282288687,-1.54223303315318,-1.57067814340508,0
3.77962177864202,-0.720290716741471,1.87019982091401,1
-5.2889208457304,-1.79224891873776,-1.42627868377709,0
3.14600335232974,0.338012046270666,0.537149717326747,1
9.55028042538489,1.52480918813816,0.0486195858993556,1
-1.92391482840057,-1.29642931741786,-0.266021595034429,0
-7.15781274748315,-1.74332495676951,-1.52116439158314,0
-3.57162897845092,-1.62728735894351,-0.62145355052132,0
5.57060466905552,1.13525605806282,-0.413309127610222,0
-4.19607917619691,-2.00229009171114,-0.0670096589099768,0
-1.80392376219229,-0.961328062250297,-0.187796557923129,0
3.29998735865858,0.208934729905981,-0.182381760719256,0
4.52407816420443,0.492749723491491,-0.282883812204051,0
2.95037054489948,0.971576411835279,-0.242707660589089,0
-0.339094156759828,-0.23340699795611,-1.29694840077246,0
-8.94549419991812,-2.05838699489148,0.504440095100473,1
-6.1560238907926,-1.64724885466809,0.431198206392467,1
-3.98927251193417,-1.23699653954237,-1.45973606603282,0
2.4501223640533,0.0428672016928504,0.301499102627661,1
6.72162103878942,0.591966945252116,0.306459501195574,1
-2.19640301028956,-0.884957478712651,0.3734141553098,1
6.98224212890937,1.20656911585274,-0.240935361719603,0
4.88433266208522,0.696674124843422,0.909535923816785,1
9.50151496969149,1.5153937966851,0.718611185458861,1
2.5742710467437,0.101887223683268,-0.0538369266366969,0
9.14129691697984,1.07505454040806,2.15305438918141,1
-3.73869077083018,-1.55961647591761,0.958050322501568,1
-6.11277817801967,-2.15649111048171,-0.509290001946834,0
-3.09229430627087,-1.67759852396311,-0.567622510641306,0
5.40930887824167,0.326345294451915,1.50029980090041,1
-0.0500413068230963,-0.130358691524205,-0.771761387895712,0
-2.42033723527288,-0.815913002702623,0.155532470316294,1
6.25170633545547,1.51631519619574,-0.0415210912715856,0
-2.04320811373678,-1.15239453663675,-0.251836044196307,0
13.7166693983386,2.02073006368736,1.11917801363158,1
3.46936893189787,0.0394426794525987,0.556302343694588,1
-0.483317615541492,-0.360737968955826,-0.068090583701055,0
12.1396922829981,1.48744398352966,1.03097997427639,1
1.25598580180301,-0.424202211426181,0.264188246880342,1
7.20481596045022,0.752232431965372,0.26323313107329,1
0.834595660170675,-0.392935330741864,-0.0637947475265203,0
9.67058736209481,1.34794808710697,0.206351722741228,1
13.8023031194161,2.0280460644367,0.424853330428284,1
0.971863608410693,0.0690154188314963,-0.734330202871955,0
7.32677129032727,0.996066884682903,0.353575934887986,1
2.47079003146695,0.581820412276879,-0.618447726554261,0
-6.95302985057869,-1.68940886484488,0.488580963341309,1
4.2947708467271,0.15118638570395,0.730603495598745,1
1.67210322812864,0.434840354849893,-0.794361834232792,0
-3.46799789290176,-1.49725464438927,-0.568435782741688,0
5.91638298699111,0.520202485584102,0.778598104205667,1
0.839574901797046,-0.107260608165656,-0.156846818368193,0
-4.60649945690539,-1.52486368853279,-1.81059190083355,0
-2.1122925453116,-0.26605700585251,-1.90281490112947,0
14.9097521212614,1.65661318263112,2.33700230533656,1
-0.969645634919096,-0.887622320792522,-0.461896922631811,0
10.5502442145099,1.64220262730475,0.547213220776952,1
1.81063866315416,-0.39515684857128,0.424586597486192,1
-8.82891982719024,-2.89179840478017,-1.21873267938438,0
5.70470522680773,0.886467515664802,-0.450814902248466,0
-1.67069881964393,-0.675100677297168,-0.921365841561038,0
-0.805464778993264,-0.606354309139008,-0.759222390936618,0
6.04868376056858,0.788011800123026,0.170040375795359,1
1.48887671287004,-0.206743715227423,0.411604922216656,1
-7.62148693179205,-2.51163343176291,-1.75167735386702,0
6.29405625272268,0.547708360041576,0.593160412499759,1
3.53342994913121,-0.113826508442972,-0.0337576630636299,0
-1.652024073609,-0.579146575409026,-0.641647322844946,0
-3.15544538967682,-1.16144555254436,0.276056095948532,1
-1.11922730686481,-0.83165864621617,-0.23519299683451,0
-0.502805273238237,-0.153708422128681,-0.832866105281167,0
-0.255082228518144,-0.938643314476202,0.395888733426926,1
-2.92777595629891,-1.04778127499318,-0.610732486409056,0
-1.40151753007069,-0.518265663866887,-2.08365835757821,0
8.14826415889999,0.625347226273572,0.729776257692283,1
-2.02892398672229,-0.396021044658121,-1.71726386519034,0
4.00275135028877,-0.122762807141289,0.287532378088921,1
2.8428260335415,0.294972699289594,-0.351659671270507,0
1.26431247667497,-0.261443717549892,0.740497257459944,1
-6.52304019927503,-2.38897868631241,-1.03204398706021,0
8.1980783459574,1.12755845902152,0.561915798556893,1
11.7732366376963,1.36969607423698,1.3012976406801,1
2.80140012964639,0.197366970922805,0.474705440217097,1
-5.09040803975338,-1.66911374033696,-0.646897680078973,0
4.61874826104872,0.977582376081312,-0.104515928066243,0
-5.17629079809122,-1.58367254238274,0.705186120466464,1
9.62997945959001,0.917788315038925,2.26549293957927,1
2.33041107296767,-0.0414550275170561,0.286845560439544,1
7.24957802827004,0.819428960394408,0.295080546166277,1
-9.349542290067,-2.64719725223945,1.41146460700959,1
0.766546248291446,-0.0480485994838531,-1.06011663250737,0
-6.73527954740439,-2.03116158585132,-1.68830392993212,0
2.79552902358088,-0.195387175381865,-0.26829494690566,0
-3.76525108469151,-1.14972935602382,-0.586185558135709,0
1.76563334092699,-0.0726607550816583,-0.325451596552554,0
-9.22047706772962,-2.81603420766638,-2.34858209415369,0
-1.81534462294271,-0.565824289956441,-1.22146439597966,0
20.6156925391424,2.74671147215062,2.11049444246755,1
-3.80598523893607,-1.94997661308921,-0.315956776441677,0
-1.86130269911757,-1.45010352338058,-0.0565177067610501,0
5.90356772937613,0.367449245986796,1.42860859162545,1
12.6309561687278,1.75862269973249,1.15524482815696,1
8.91537917035817,1.00088437581015,0.570964013609086,1
8.36145527789137,1.13309573430605,0.409604901088043,1
-1.25089741571706,-0.731484568528595,0.193476881867247,1
3.71111164695373,0.0847535231441806,0.647272865887272,1
-8.40495170082326,-2.14613927138121,-1.3801425463556,0
7.21084216680752,0.917677424126206,1.00195460303612,1
-3.90768184594113,-1.50709229169252,-0.56927067901856,0
1.90396794202549,-0.448499628114481,1.48162269110778,1
14.0299695906695,2.13089010091697,0.667906060698113,1
5.85853127718792,0.700065522361754,0.82305491769527,1
1.85214416067599,-0.109204645222074,0.446273163348723,1
8.28688883791521,0.83888288974493,1.53702211925097,1
3.23706620583311,0.321958705062824,-0.2533980580628,0
6.39294766517901,0.924569999047219,0.461022766542025,1
-0.285711377312269,-0.506356699239908,-0.999959993437846,0
-3.0701155513766,-1.23423778748256,0.0573901512068745,1
-1.20482984752924,-1.21209325535729,-0.0877257023676464,0
-1.92948465771092,-0.688309061316414,-0.454781837948605,0
9.58582524647946,0.985775675210568,1.45654645919367,1
7.80586619004732,0.498985899830535,1.61883970043734,1
-1.03369378825886,-1.03602096896604,-0.928905353689972,0
2.07557362825315,0.0986206200816367,-0.310674659396673,0
7.4931730426241,0.704357055783015,1.00902853250075,1
3.6217804966679,0.0218101116703359,-0.127679301038085,0
-2.25392633532554,-1.14275520750204,-0.199335678120185,0
-0.812921654637332,-0.830227777836732,0.625659305836271,1
11.3871384226229,1.38845759280146,1.08018712404559,1
-2.49660377489053,-1.89787723227503,-0.46242085268093,0
8.30572631154405,0.939836579024451,1.65814526975629,1
4.52542947504384,0.472460538844082,0.700314074110231,1
2.19228905680179,0.424141606515932,-0.467356743804601,0
3.55539447814086,-0.287364137269326,-0.185913426734877,0
11.6048281487273,1.55833793584346,0.91597445356878,1
14.8679046498612,2.08839887443769,1.01841854545567,1
-2.44215597124616,-1.04414339872725,-1.80634179122405,0
-2.68143107310701,-0.756582533124155,-1.12909930442111,0
-1.57941380711683,-0.643807620495226,-1.66111590804562,0
0.202294740006117,-0.215522928524822,-0.184286475743005,0
3.59107103563343,0.476410590236026,-0.746136460949364,0
4.92808794490364,0.412587409913517,1.14435093187724,1
8.35013275981813,0.722412673487354,1.42898070687233,1
7.11455722302795,0.232252883101001,1.66338500820405,1
-3.725254135231,-0.733749242371973,-1.81725380545853,0
-2.82030839127991,-1.17124341612032,0.0729272689684406,1
-0.763201673710869,-0.650594917151595,-1.57120443120447,0
10.2862561874258,1.70772441266894,0.557589097443067,1
5.35444943227348,0.226904295042061,1.28723986183483,1
-1.27850996328597,-0.8188769448915,0.249122281330722,1
-0.524548868168036,-0.262264138230388,-0.164619536455239,0
7.79673113649981,1.28642778545559,0.37593032332565,1
1.48321206295476,0.329890227635118,-0.795117587763548,0
3.91444180568482,0.470721145068043,-0.137800929733305,0
4.91160497732877,0.160744356706515,1.88560944553046,1
5.11742928145887,1.4092182807796,-0.934814477876768,0
6.05234470774508,0.542672611150294,1.26122751202516,1
-2.22596635876551,-0.954811165995868,-1.41431078108456,0
5.59553991740739,1.28135092481044,-0.156979154196829,0
-1.01114217532089,-0.651078333649566,-0.3156018612983,0
10.373030736778,1.51558069275606,0.679700673274977,1
-6.50671341929419,-2.53349756072964,-0.515133819659668,0
14.2431927975399,1.68773628913331,1.24719131721444,1
1.10299363388167,0.223363501955132,-0.314646516836174,0
-3.15253451142115,-0.77349534224752,-1.57180403556226,0
1.59012797564635,0.322670657770661,-1.26594149641929,0
14.2870878472483,1.92510492389989,2.14420594228033,1
4.44165746590234,0.287089845648231,0.151614886788511,1
12.9258151076814,1.74508474528718,0.737627453434734,1
0.867523950461855,-0.725038217237309,2.16849377749542,1
-2.61585715466523,-0.97720869749068,-0.315626927224075,0
5.6265734553684,0.438653553695847,0.242388611930577,1
0.732064084726338,-0.276791430489883,0.858476283727962,1
1.03184157252532,-0.118827392980065,-1.68829738684271,0
-0.458569908418618,-0.52343193209207,-0.908179960328401,0
1.83787988813645,-0.357708655921658,1.52012038441352,1
1.77228579779771,0.132376656007267,-0.311665019266125,0
6.20023538362828,0.696601450410271,1.13073595116948,1
-0.279019210774361,-0.14629882197124,-1.29906450122593,0
12.2488895330284,1.77190469753594,0.636805499368148,1
4.79871814335551,0.0750299753517595,0.240755749368654,1
9.04531551749563,0.822979501388278,2.15752474248753,1
3.90490732294057,0.0537420636869995,1.91951325355953,1
8.9184979977782,1.20552700709501,0.894498077628106,1
4.06283486529137,0.083362409174111,0.818826353705481,1
0.477331192733588,-0.222761861025675,-0.0408471905190615,0
14.5303823404077,1.8402620618651,0.683770623222954,1
-1.93022249340434,-0.497512320646879,-1.32029922281639,0
-1.97439830135997,-0.362573101793306,-1.8213365235324,0
3.28183011001003,-0.220553268136631,1.53499112750139,1
1.63496601198641,0.214143491995806,-0.569532390524762,0
-8.08820429500137,-2.11147982476256,-1.03928839310685,0
-2.46919083855507,-1.4802751445809,1.03367865674845,1
7.59955827792575,1.11324521353296,0.408282309790019,1
4.90410698181452,0.263012409361591,1.40024589133753,1
-1.68032673257309,-0.654919595650249,-0.541398989448632,0
5.51861810279811,0.581648524675204,0.717427725215501,1
-3.19510723106212,-0.846465953476402,0.0911611433361456,1
-1.51749781085885,-1.11392514562537,-0.0140877034395557,0
-6.3148862393486,-2.06918258834882,-1.01555115057266,0
-2.57065275274072,-1.14836946181117,-0.65473791115727,0
-5.55885634160791,-2.01996468241167,-1.48727385043753,0
17.2519912830469,2.1877926489565,3.17848928192999,1
1.52867515756361,0.434658060985796,-1.55377707378046,0
7.2079844922411,2.21003103134442,-1.15492645299432,0
2.0222018042429,-0.0187392677347058,0.065042317502296,1
1.94426754784059,0.252825278736269,-0.749742117830888,0
-3.40476390092647,-1.46183076527366,1.02293685936462,1
8.45491657732071,0.911758137033535,0.372746709336929,1
-14.4370129895896,-3.07882690781414,0.742245141643024,1
-2.71663286042007,-1.55445521397704,-0.076994708519396,0
7.27323180178457,0.910460063041757,0.245339355111299,1
3.59601918694311,0.795459485662915,-0.253886873065219,0
9.47857568743233,1.11091500809266,1.31737938491007,1
-2.63803831797607,-0.798879405631035,-1.10403946571589,0
-1.07477766246382,-0.610433774680744,0.0294510933990909,1
-1.20968952760677,-0.730823097089088,-0.834312855278951,0
5.10845783818258,0.255202421988961,0.503195813326394,1
-7.80372551361035,-2.03299306666333,-2.09747067198796,0
2.7961708905897,0.524158599051467,-0.0944845798294065,0
3.35273667440479,0.0517667096025556,1.01454241130906,1
-0.101747150604804,-1.02860420572227,-0.0794004506489604,0
-0.766951285105251,-0.849406819663065,-0.255128937044001,0
5.82522946368696,0.276587966048219,0.780950544195785,1
7.34997791871018,0.978736284691903,1.20741265849372,1
2.33437168906056,0.795636735616899,-0.907852659628467,0
-0.545580975198482,-0.738329232133105,-1.40320784568114,0
2.90695440300637,0.333373863672571,-0.0713814095005859,0
5.70964112333496,0.43140016352749,1.04739210062907,1
-0.983329563412009,-0.826138792551178,-0.266767820115031,0
5.17492385247602,0.491105183506161,0.95795200493075,1
0.203671595500163,-0.438231104238559,-0.982806096754553,0
-0.321277246008949,-0.812521211937249,-0.81053528160856,0
-3.04577819486989,-0.698264352839402,-2.2816639541806,0
5.66615412748033,0.391058065468233,1.57935272083815,1
0.251833495576696,-0.174955162049616,-0.972165435214201,0
-1.50309521167385,-0.582019165491407,-1.02897471604725,0
-0.0963502119726349,-0.864305085426114,-0.604412458241648,0
8.75810815702311,0.756460932177542,0.72877074688592,1
1.69650336435198,0.007099584932547,-0.450630731674166,0
7.41317341343454,1.19550418115164,-0.269391216877118,0
12.5026972940962,1.78031668021777,0.673621632397077,1
5.29485068811181,1.0959154093602,-0.616631691003852,0
0.177387462626456,-0.73197604416442,0.713247141905714,1
2.1056676170998,0.0316499113061618,-0.281956162459798,0
5.6540826116404,0.714233749647676,0.822164134915625,1
-3.38268545837404,-1.09000475156524,-1.13055244401329,0
4.00582947587298,0.318301076747284,-0.730051547390874,0
2.24569910792884,-0.399671102619686,1.09575807017862,1
13.0798434608884,1.88846418034694,1.88730665710539,1
-4.72844531038133,-1.74964557901057,-0.87418056451546,0
11.3260296038773,1.38258484760499,1.45835744288251,1
2.25324603979896,-0.560138340988705,2.25969584724276,1
-1.56307222985834,-0.485550072999947,-1.49529438042122,0
1.85669069406357,0.0602462859110721,-0.862014019110745,0
-1.93533764682344,-1.2466688198578,-0.243878362607998,0
19.1908004078847,3.20248358037471,1.4449739755708,1
6.61127578496364,0.90648674025058,0.00814683161857419,1
-2.29834799486953,-1.29384256784348,-0.47314204981421,0
0.321203145835804,-0.375024651436097,1.08093861036147,1
-4.0593731832268,-1.25830003742972,-1.33952080463538,0
-0.565043124210078,-0.813981398690337,-0.0513417768167838,0
6.13414539620097,0.848256860786807,0.317765555165783,1
10.9853471400032,1.72742306834906,1.33818632699403,1
-1.54052076915688,-1.0043315160443,-0.0897971698623024,0
3.08197781358558,0.0334410131529769,-0.336000075058355,0
-0.180557645745508,-0.361362903415791,-0.0280811418641816,0
6.50714728273164,0.842758216685563,0.529080313654834,1
4.79188517454755,0.18157382459025,1.22430795340343,1
1.6998817363398,-0.29718839719093,0.755842400647379,1
-2.84626023416713,-1.15959716221851,-0.465786902004346,0
-1.69046717479173,0.00401142557507972,-1.76632105547138,0
-4.00658321633788,-1.39657993329988,0.0252991009560438,1
3.65135281769102,0.0351149638285454,0.222579604574569,1
-0.745398323386505,-0.241862623500273,-1.41861801524378,0
4.57454917365635,1.04341749646537,-0.245081626746495,0
2.41821901555899,0.509469410299019,-0.467971398370404,0
16.2783828804942,2.56308023598334,1.1533099339711,1
11.062904285133,1.62112407530327,0.569290525497297,1
5.79171069436299,0.410930181921778,0.813123553896886,1
8.98853022972814,0.886417914373814,1.4424138739242,1
0.237511345296978,-0.486457788979608,1.00217152451073,1
-4.78561984010435,-1.01240513427442,-1.98826014058337,0
-6.5510038706235,-1.66634197570874,0.363550219427455,1
-2.00823550532759,-0.298376111963602,-0.706626186972582,0
6.22891049894995,0.915082418912161,0.327060265992002,1
14.7008312194087,1.99130467877807,1.83021268948591,1
1.14137355204819,0.74019153340708,-0.546140569042446,0
11.7924574780614,1.89435222609707,0.195454679799926,1
9.29663003682386,1.29980268867239,0.72502320050313,1
6.09899090546779,0.909430299650967,0.230988517222347,1
0.78349494893994,-0.154077353654693,-0.38154120976723,0
4.09963516160868,0.124150731289266,0.248263240623375,1
2.6471827790231,0.789332083577765,-0.685207233098008,0
-3.63051295880748,-0.871083721850996,-1.07579452527709,0
2.33480314833684,0.911043277239023,-1.3360584201516,0
-0.651307979265505,-0.62747587316709,0.920189089342788,1
0.149063818294227,-0.533567642636314,0.110653702897258,1
3.03747210913579,0.0483981088757061,-0.672617312885972,0
-2.33506436032017,-0.813592591479515,0.218616264111817,1
-0.750021942358287,-0.434663019871295,0.125513453115575,1
4.42416807291756,0.313810362393077,1.62975641101744,1
3.7225937658201,0.284519763807584,0.5958725589448,1
17.1480693712557,2.65152340431794,2.36202282194684,1
7.84264348188233,1.03333028419133,0.574408405352501,1
13.9827610555188,1.88195834217856,1.6877165105041,1
0.923404341720075,0.197485579643842,-0.430368268730682,0
-5.04843223181469,-1.20163825574615,-1.25429225997553,0
-4.93077546761378,-0.839323856131604,-1.7285124519146,0
17.798339940797,2.7377929772401,1.4215456684492,1
8.45106923126244,0.556414220018563,1.72380537594262,1
0.201045414858571,-0.664672573398494,0.233168323016641,1
-1.12498901064231,-0.995917037327686,-0.727001018143893,0
-0.271714264785066,-0.682145017988694,0.402264952436963,1
14.1738985757416,2.08346846031084,0.585961782997166,1
-1.40816118614467,-0.524427389005651,-0.544374179905052,0
0.0513410505792293,0.187728132120297,-1.09094966715928,0
2.59641135611557,-0.0977232627027668,-0.753637303111916,0
12.4800055298623,1.9167288394106,0.570097919124717,1
-3.580505842272,-1.33738234102867,-0.789219278256285,0
-3.12402040782154,-1.24068256659523,-0.803075824414239,0
-2.38351156326236,-0.932673123735081,-1.06399277199198,0
4.06779137570765,1.31049415192049,-0.637139602858397,0
9.64355235960963,0.982370375366693,1.10721245296224,1
-4.79391178525346,-1.97004791874135,-0.209230149761168,0
-2.23332449169344,-0.612800206635378,-0.363533915129391,0
6.05120662385015,0.769370050346243,-0.181649307521847,0
3.78349328259429,0.387183689250222,0.480430382658912,1
3.75412905947938,1.1064739621732,-1.00317051087535,0
9.38740556331824,1.23309679303834,0.534279327053123,1
3.83468472297306,0.407961221992134,0.182908914223469,1
2.81515599642387,-0.0117730040738626,-0.0813525307257733,0
1.92901356648242,-0.115125879934932,0.1384163564404,1
1.56374630333471,-0.216191104478155,0.588899054635062,1
-5.69481317150185,-1.60041677053313,-1.0739409797129,0
-2.77752147825244,-1.17337078785779,0.457626789177041,1
7.6509685337694,1.42458834566905,0.0543110102029748,1
10.8928895729073,1.76361961254422,0.158470192979915,1
5.57547435001037,1.39281905800456,-0.813342932895247,0
2.40539616091425,-0.281619785545812,0.0356984708147624,1
8.36496216105663,1.32942339983731,0.96158272381332,1
-0.218529964841667,-0.757481224095714,-1.45760980001734,0
0.179562099017689,0.219974042767671,-0.778625248191587,0
0.467078450469129,0.191533615245023,-1.30662832689946,0
0.1816940161055,-0.150178639303643,-1.13747439742242,0
1.74130650572851,0.0523315437139207,-0.657669474390037,0
3.2798156050557,0.17582353878321,-0.123637489032013,0
-5.01550357958827,-1.54293084135561,-0.58947067196639,0
1.76002675313497,-0.257252650743965,0.315866466318541,1
0.7281264613043,-0.2908364122239,-0.481851294139575,0
3.71943392029336,0.330625139045134,0.20359630749665,1
2.89026667404219,0.323460600232621,-0.683082748337142,0
-4.47516128081747,-1.9427396499031,-1.37527857223938,0
8.20344718188632,0.731821095718524,1.9553358883371,1
6.48427681623369,0.307672452855558,0.970875471679785,1
0.301759493892259,0.474730266429267,-0.628727383336176,0
0.139379422404585,0.025232833881722,-1.90684467390533,0
1.27334586145907,-0.105528783116967,0.430279699269625,1
-3.05693203059516,-1.15851896301924,1.04751073690678,1
4.70999161589473,0.389894108810902,0.907577674699647,1
-0.660523930068179,-1.20616231070139,-0.0257771043389371,0
2.24903261087792,0.257434211768232,-0.104157971599655,0
-6.39897729501046,-2.32151147447152,-0.724529123567642,0
-4.28308986439357,-1.75736602767615,-1.62290237786785,0
0.967262723523227,-0.105826775514358,-0.362541323631485,0
3.41794851623543,0.188081119062129,0.363161342534548,1
4.76123459335852,1.06756094611748,-0.312669862379037,0
-7.8070971275125,-2.18084488727131,-0.718459587738167,0
0.0473961725720204,-0.450923823790458,0.0184763208293739,1
8.50747986401058,0.585296241473606,1.5608785746115,1
7.10530338763744,0.76136452237532,0.358970732772651,1
4.39933072520862,0.276813824597207,0.3909250786151,1
-4.40012134707754,-2.23555113224769,-0.736088085427668,0
8.21733102369218,1.95290230658437,-0.643125188297812,0
-5.19162801733425,-1.12671390033646,-0.977764857434923,0
-3.5942990178221,-1.2240282680173,-1.92479318720243,0
3.25336338508578,0.475254176979937,-1.42497492749134,0
4.86114266874556,0.434112990009373,0.760596911018952,1
1.59488275702411,-0.259913704987992,-0.262639248090302,0
1.24249565453687,-0.0249033672417668,-0.024962172011046,0
11.3806964538271,1.17123593066868,1.46739797311283,1
7.88845652632496,0.707455018159827,0.955475840411498,1
-0.802854006932056,0.225374924018144,-1.66444702422506,0
5.46392410594017,0.287386816651027,1.39007003168009,1
0.183349433752618,0.0179633010464845,-0.453595015625295,0
-0.85376233737757,-0.416306861969928,-1.02657155973886,0
14.4215971026007,1.43642614913767,3.05834395978086,1
-4.31429580310543,-1.22786613152428,-2.18025886406638,0
3.32324312799831,-0.125179360796992,0.154773029604536,1
5.57397553678314,0.792805724061232,0.676776971264683,1
0.0157822959930328,-0.330618359220948,-1.0270637908282,0
0.980941586055767,-0.054108899136609,0.28271686041698,1
-5.31787996389783,-1.70886401083772,-1.6931570482701,0
7.91531122422983,1.26149642520697,0.371972778731193,1
12.5597501919003,1.79224251820346,1.33643652337677,1
-0.069546859568181,-0.308598887363576,-0.297441516166575,0
4.2292808209781,0.647622470522937,-0.244721369311094,0
-7.91227143026653,-2.98423134954455,-0.413637678802945,0
6.14211498803149,0.654984516498898,0.607376466439766,1
-6.56853508753415,-1.59289343030323,0.696859046720892,1
3.18685787411979,0.654206424052676,-0.411334331051676,0
1.08597066648587,0.371314372197979,-2.1474977270024,0
3.3295241510376,-0.57712367459985,1.40632627376014,1
5.68303977184305,0.797552001936172,1.06877313516691,1
-4.41981768723582,-1.05162054157209,0.148383591663828,1
2.37539818644827,-0.212183563407275,-0.564039533662913,0
-5.19111185399752,-1.22894124112207,-2.34613928398795,0
3.74777482308938,0.80991533659059,-1.36419896888708,0
-2.2102914316373,-0.814856490986578,0.956998068886062,1
1.98990030738772,0.530951673842742,-1.76773984318153,0
6.60878124061231,0.641891628221729,0.224320507387706,1
5.51283999806481,0.676137023318248,0.780771497213218,1
4.47044863975006,0.504615688412002,0.617022287295306,1
5.54985976358246,0.262548022672828,1.84852941100212,1
9.82334866314279,2.67526367973952,-0.583950532115303,0
-3.23652063384132,-1.51595373522327,-0.1623272532161,0
10.0970656094877,1.20592116980735,0.522778175036325,1
5.08215414495556,0.0936331846364161,1.17314878878531,1
-4.91027252808065,-1.55837022598763,-0.512928554618491,0
-0.489072989606338,-0.483835200472861,-0.000137571321359344,0
0.995080879562329,-0.550097385585477,-0.639127325142142,0
4.94246605872406,0.590811655390772,0.178497150503847,1
0.654565694722041,-0.414413566311054,0.497458218916702,1
-2.00828025640968,-1.49460100239258,-0.163392869712998,0
2.60143252981069,-0.247752240201373,0.414794373609588,1
2.43332681208195,-0.0166369515397965,-0.577372784950053,0
-6.88982892908886,-1.34126565843355,-2.04667444820741,0
-2.72052841468363,-1.07067624796854,-1.54858713111953,0
14.6141032219083,2.31825593073386,1.79963146692588,1
16.0828003516028,2.75709085945203,1.30944017885248,1
-9.98222402907643,-3.00409701934975,-1.70286263613771,0
5.49111393149382,0.20061931274982,0.836186704283928,1
8.45918410980239,1.07317556231393,0.679595147471236,1
-1.98493935189185,-1.40000288450827,-0.347847196840641,0
0.264585584096359,-0.532223638067429,-0.809367218244861,0
-3.57438430805643,-1.01227321377203,-1.07832392450432,0
-2.25349528028638,-1.18755418263463,0.534267786094732,1
-10.0970849427351,-2.07504762187838,-2.30410054309062,0
-0.877208104423028,-0.539363365195814,0.783977578232646,1
-0.635646692661215,-0.326267846137508,-0.804474676001696,0
3.84365919823036,-0.03278223481291,1.03579906282525,1
12.215152939336,1.47743548898289,1.5908332063773,1
-0.699199667565102,-0.464647526954388,-0.728440627919304,0
4.01651667820012,0.0649864952339813,0.734304951061589,1
-4.91329142652073,-1.2523041273357,0.154366945490961,1
-2.31550652480697,-0.710719803515601,-1.32458052616229,0
3.1138245514469,0.803672658470878,-0.386334984391695,0
1.86042634564532,0.74930359139993,-1.0556558102555,0
-0.0611677931226773,-0.58032328082442,-0.0428628305640364,0
1.16465143260665,-0.562571053389885,1.26843173713222,1
1.72375636015054,0.322117554255475,-0.0535401462262305,0
2.70492392253905,0.647614212224632,-0.061700692306365,0
-0.33177139116293,-0.875666229482808,0.367152596162325,1
6.23602962616916,0.476015327816373,1.09537210892865,1
0.110146351802993,-0.328396731722402,-1.42977655331528,0
0.992933299481393,0.251076947527661,-0.504991557893732,0
-9.14217379934255,-1.95188441763041,-2.23119443565364,0
4.46611428480237,0.268897729232162,0.786126206572782,1
2.98571382607969,1.23710962505786,-1.06765187880377,0
4.59039226235026,1.31446431907799,-0.637938687744245,0
14.2214676200637,1.88635815630146,1.58507214905885,1
-1.81735714805457,-0.549627976940061,-1.4438926128979,0
-1.49086230334509,-0.529338415862369,-0.822341743096868,0
-0.872710502381811,-0.718933169057543,-0.355228821091102,0
3.72603925213887,0.501835285545907,-0.540403361973478,0
6.59281120373271,1.17289028323197,-0.266305431024857,0
-0.140835700099524,-0.715672387156505,0.172190100256439,1
12.2971799201105,1.66183291701629,0.699783557218427,1
4.01542252394449,0.0213339457120518,0.72189931021328,1
-5.91822005285982,-1.22546072312133,-2.58515946969759,0
0.703876256011041,-0.528832472710104,-0.0865285229430773,0
-1.95396855462222,-1.59330969677886,-0.359312856619618,0
-0.132360408600537,-0.642002908997066,-1.02355342649085,0
-0.860591835802558,-0.508154995691668,-0.426247827706524,0
5.90911284663934,0.395761127212342,0.75280313308748,1
6.19479068338772,0.644921779884784,0.87631459889301,1
11.9231171779813,2.21773319197624,0.0771536426742581,1
0.650943763806997,-0.508967574379369,-1.05721457816035,0
1.25535156384166,-0.682214475029097,-0.259175536161623,0
2.5275354021129,0.0769199460367986,0.0973780706468923,1
1.36813183205367,-0.206645318251908,-0.152880001631529,0
1.40635944816606,0.271331865977167,-0.546619237430835,0
2.03097527970863,-0.578571803769589,0.565749949052529,1
13.4306590610384,1.28393490452949,2.27135738317937,1
-1.79175293480281,-1.08407719130808,-0.807882850557068,0
17.9206514374804,2.67536040963681,2.75113513899181,1
5.12160780492098,1.32903199754975,-0.428215732553452,0
-0.999345647962982,-0.867713059912618,-0.488253353809171,0
-4.27771060597578,-1.48328214667874,-0.606956411279562,0
6.27861399405283,0.551736565454479,0.726965454561883,1
-6.32795858620609,-1.58289898237306,-2.31051834530429,0
12.3675903455928,1.70000521255414,0.00887154867682331,1
-3.54712859638351,-1.31056066948423,-0.781116258305533,0
8.54008999317739,0.711546680054592,1.76929570864634,1
2.6534911711552,0.159076709209853,0.244726669145148,1
-1.33322857734394,-0.519151765548421,-0.862378513962217,0
1.86396302345287,0.248060544725758,-0.379650067964077,0
-7.25385817435324,-1.6882635995407,0.0609364781830097,1
3.40381876082203,1.01150808711075,-0.788301515901791,0
0.977423766522151,-0.286336296699469,-0.52660895537555,0
9.04293327047547,1.20175161875286,0.667483831945841,1
2.34617860779619,-0.324196730686081,1.12038058727414,1
0.0940265677003632,-0.864298072337959,1.2243488231696,1
15.058333070927,1.99778343116568,1.57004432958644,1
-3.47511895768601,-0.862655936647671,0.26034498396314,1
7.89369680365411,0.593829999406479,1.55197248033522,1
-2.49270588174142,-0.567005651627822,-2.49887881266718,0
21.2198742220056,3.35620312210644,3.12877176920555,1
-6.99680899713796,-2.6999340160905,-0.115169301203628,0
15.2136440909895,2.16688349076714,1.91544922687215,1
-3.84107835979659,-1.60711664366556,0.946108537668961,1
2.59884548498552,-0.0226419222159476,0.6918382182806,1
10.2993939885515,1.19538018241209,1.10547714940451,1
3.63786668374344,-0.117385477582714,1.19818202300961,1
6.01739336935233,0.878973420454854,0.649487029050166,1
9.5479219206039,1.53180442001631,0.920199661277721,1
0.813258966782794,0.508879969545198,-2.02048004530365,0
9.54265332021942,1.30028216128516,1.07120435439418,1
-3.04161014479324,-0.987355101086516,-1.75373926344523,0
-6.01173408408802,-1.40094418467321,0.275681559856663,1
6.89496951896412,0.594256772568489,1.31642205984195,1
6.84327035968468,0.475108848585693,1.17014775965846,1
0.879290263258261,0.266135161085687,-0.541754707176925,0
-1.94044336850661,-1.13121339659247,0.683410743294678,1
7.2220389408952,1.1582528735293,0.0790148133366155,1
15.8341989015047,2.47630617227848,0.191551304124236,1
2.78262991433289,0.204827466027294,0.159890021622137,1
-0.688662292216118,-0.440947384108968,-0.206755167095005,0
14.2580099337522,2.22016615357884,1.2780306711156,1
1.27903648788329,-0.517284311872463,0.217215681623593,1
6.37284482483903,0.768910528964153,0.861911766723987,1
2.04311757925863,0.244262215353936,0.101767686016352,1
-0.278493181079581,-0.698507580454297,-0.776899896139624,0
5.9595011447905,0.51407798342144,0.859253378654104,1
-4.89952685755405,-1.73367030757023,-1.92208499075112,0
5.31520088855454,0.726533543783367,0.318467642555755,1
4.0275125310696,0.0748808326127768,0.482255977421717,1
8.0979481499163,0.504807891730614,1.8106138439587,1
6.40405193388577,0.677427245532999,0.805200856497575,1
4.86579474249102,1.1561451517473,-0.0269046363526938,0
-2.5353970765655,-1.29416134761001,-1.07788044891084,0
0.691531442136665,-0.17025734825381,-0.381266935306929,0
0.930496566136145,-0.0550276688213889,-0.786234387077252,0
7.03293266014964,-0.0240241205195932,2.30961622202911,1
-0.377713890536447,0.446951731984332,-2.47989317852734,0
11.4823402033264,2.16435917495655,0.337169341012557,1
12.530984087012,1.57814866405818,2.04770120361367,1
9.18012963717705,1.16344682993429,0.657864407339683,1
-3.4327491417583,-1.35893561119886,-0.259047807367126,0
1.69357715604766,0.351134652734242,-0.613414560767393,0
1.8985727074526,0.0953060172010842,-1.31534373932769,0
6.43705295542154,0.674110384348011,0.679335199114485,1
4.5751911885995,0.773022355392847,-0.346215569638448,0
2.86575925939531,0.132644032584094,-0.258056037561732,0
12.5849802004437,1.30297943145851,2.77824543152634,1
-2.7188552226622,-0.626689543168012,-0.548645770471773,0
0.247530216986369,-0.447212875734525,-0.245947804395918,0
-2.37397403250272,-0.144180087451506,-2.66144964106275,0
2.21631546853657,0.371124589546067,-0.0734163424614197,0
16.902635401091,2.80665639279771,0.593249943513178,1
0.131804231889091,-0.0114865484606015,-0.957356100216804,0
5.07997203301893,0.301647409231858,1.40229910580271,1
7.69206840643322,0.76117758042293,1.08168141279582,1
-0.876299147852948,-0.207338420672778,-1.5844033126702,0
-4.10405702674306,-1.41066533290438,-1.15485472079407,0
0.719674797813863,-0.448404209583551,0.981903751781213,1
-1.37021092545335,-1.56938004020045,-0.0653468693578523,0
8.59691151804463,1.10525005974885,0.860469467210203,1
2.51062754664969,0.42760970846348,-0.454307308612034,0
2.50841427947816,0.731141276012853,-1.50587155091811,0
-1.50161991981853,-0.683830408099409,0.323352872514993,1
-6.58450741729138,-1.18485605037515,-1.54882899439551,0
-0.264577523671842,-0.550705272998313,0.425808518855348,1
7.11627546371599,0.714723577491516,1.52254102456902,1
9.6991482583108,1.8394711214119,0.303927309954779,1
7.41921665303753,0.819744710705586,0.369689145006531,1
-6.32862546522661,-1.5074155503313,0.55724724063904,1
-5.04275811290475,-1.40909846244071,-0.926496804969672,0
12.3049772094882,1.58351966689604,1.04103947029836,1
7.05825447423463,0.577737371582911,2.11506553693887,1
-4.00232593512712,-1.29122266132258,-1.31153955633845,0
2.51935489743041,-0.350083518815234,0.301759570447193,1
1.54758388383048,-0.327672430707701,0.924448633907612,1
19.8110620619525,3.1752739010262,1.5772372169976,1
12.0380620684862,1.84469636181733,0.0148385672198086,1
4.33356855865866,0.0950828813898968,1.22303344847271,1
-2.10202373658088,-0.0615293621499057,-2.11757431888434,0
12.6347903264519,1.62833622537854,1.20696521659694,1
6.4449201060826,0.921459066848521,0.662352403989179,1
-2.65189051364246,-1.66821839086588,-0.0442629850522854,0
2.12191879254952,0.204056619192586,-0.25894483932365,0
-2.46193387345427,-1.26228819075377,0.686589846495019,1
0.609438419641745,-0.610909094421357,1.23244828541912,1
-2.66537598779221,-1.08254559849509,-1.03456979570349,0
1.75885148975812,0.344136924016039,-0.332540610921363,0
-3.30326401871012,-1.41746417918853,-0.153419603547388,0
5.66181479466004,0.738971465465665,0.324339543107369,1
11.0422082637289,1.35084539561229,0.873467926189518,1
-1.22740513452073,-0.67564747356287,-1.07891656034469,0
2.10607288660196,-0.0571295825643939,1.61169992227815,1
6.67644041948184,0.897914336339607,0.405485487676356,1
4.72579990400487,1.32561131319114,-0.143078447848558,0
3.3127282025908,-0.0673718716172939,1.14082771952394,1
1.93303226935965,-0.447346074272748,1.00530049981121,1
1.26177745792207,-0.204079699773749,-0.0839644060760025,0
1.57052069345494,-0.0585305241300227,1.33488560815381,1
-6.5842683700407,-1.61815689877992,0.00203984929321682,1
1.77862845343667,-0.114476926210495,-0.819167880648558,0
9.19241093291294,1.4185776647309,0.931273144734221,1
0.598488177443758,-0.145479439843482,0.185845483799013,1
1.44901060711394,0.0213546137809328,-1.31188279900004,0
6.6336417193138,0.657128659287065,1.06569140177438,1
3.48804140248235,0.145478438663084,-0.0344076011301899,0
-0.122945706605303,-0.510427766663882,1.01782346036601,1
-0.557180788472045,-0.229213345704844,-1.6812652375396,0
4.94801294350926,1.03093884443162,-0.0677871815610214,0
0.477448913361936,0.0957821905343973,-0.920119890435983,0
-2.10258005966244,-0.712535835616169,-0.923834020622518,0
6.98551769980536,0.382788129642749,1.99971933855773,1
2.34350776369224,-0.316003599443866,1.15467613745445,1
0.166652397878402,0.382325424217988,-2.00848863685618,0
2.66022733861161,-0.241000319579316,0.58398114702446,1
-6.80349032281104,-1.77766923439539,-1.57882020191653,0
-0.132941092016015,-0.328860586809742,-0.419284765868428,0
-1.41189357782006,-0.814281329439011,0.705383567367887,1
10.146868229883,2.27861658134066,-0.156393927795675,0
-0.924325754233899,-0.807987578407421,0.129039829787012,1
8.11712627079072,0.868050042546436,1.57954636591282,1
10.8460620949427,1.5963638497921,1.28674591586063,1
3.3742229690625,0.490012941122123,-0.511088793663411,0
7.46747707552935,0.803640310830995,0.262153125503786,1
4.70117676328599,0.425674599844829,0.865161979277222,1
-4.4603640482367,-1.29638335334791,-0.91847038774304,0
2.59775497882311,0.332465254522207,-0.782179186909749,0
-0.545678812942052,0.191056384037036,-1.49133218643122,0
7.28640422487868,0.75673581975038,1.02294339848831,1
2.34745972644298,-0.21480799815816,0.593890551695799,1
-0.343624051308567,-0.939952059604604,-0.5037884826166,0
4.31759770137497,0.195866799999863,0.224442840438576,1
5.34903470493876,1.0785044647341,-0.405234092259327,0
7.0734165999603,0.515199971481218,1.05827154398766,1
-1.16470929331075,-0.290379393593722,0.117780953962308,1
-1.08731235651745,-0.684792520102184,0.115200334479677,1
1.40299737745478,0.0747794863335481,-0.07349471360836,0
10.9082644811356,1.53760471474834,1.2133684749506,1
0.681953582243421,-0.507577674200662,-0.36194132872867,0
0.46369213083839,-0.793135896176547,0.734710754622703,1
5.45347634092147,0.450683579932361,0.593729093593836,1
10.9527979880902,1.30421336765771,1.3519311047518,1
-2.80730308119337,-0.692436248713624,-1.52988577389466,0
2.55115189744936,-0.0461700982549773,1.0228241558758,1
1.38515874472036,-0.0686702700978072,-0.371312675160168,0
5.21467215954667,1.49247785405993,-0.563418576695258,0
8.57967287717794,0.846075713790624,0.481268145965538,1
-0.520352329232951,-0.322704589614016,-1.22654845474168,0
6.98928854670585,0.811827707444214,0.252589857995811,1
6.09451131995953,0.910016538981868,0.202934087915993,1
-2.05055833484187,-1.24706462519518,-1.27956877699206,0
0.19864776697393,-0.15353428269276,-0.0687626576742244,0
2.75747713053677,0.520580028583275,-0.67367987625101,0
4.16731190935164,0.109619228267485,0.160761113696101,1
3.60011670571365,0.576555169691369,-0.81162160458202,0
-6.73874742556227,-2.77386133564598,-0.614804682614717,0
4.48651410325813,0.848422382358798,0.016100895053602,1
-2.09754837644891,-0.497231175837858,-1.66418039360963,0
2.86265996635951,0.0480402299065024,0.518753517567113,1
-0.572954884453609,-0.383128033262188,-0.569803021326482,0
4.6107942053767,0.0893223476261323,0.913096556326596,1
-6.39596542803693,-1.27472584036652,-1.88439841252892,0
-0.356869087043595,-0.830668543795785,-0.709569455551058,0
-1.3593967706813,-0.755631139807377,0.0979938814314584,1
3.78228494936688,-0.0613395020128419,1.37924946466707,1
2.58084334438399,0.518975570280775,-0.332526272700064,0
7.00146359618012,0.847249481082576,0.591221791575089,1
-1.66935134930125,-0.822837176864558,0.744665099811122,1
3.1810776937759,0.0653541532042991,0.637987361836533,1
-5.08772178375171,-1.47878619604187,0.467928521656444,1
6.97657541732092,0.65174756604814,1.52227351873698,1
12.5933377121108,1.38615142707825,2.19138530053405,1
8.4485546533243,1.15869998823228,0.756461202635131,1
14.4304991721473,2.1230753301335,1.04849163580756,1
2.68884208993938,0.243442665845542,0.220171994881037,1
4.41387721816689,0.792941484101447,-0.139350896214325,0
-0.451170559205214,-0.750312997143035,0.34180470508012,1
8.12720087831512,0.37414344845617,1.96420875190739,1
5.89317668518258,0.751129705684385,0.0607169011567854,1
2.50129493368215,-0.167152295341107,0.57447044768947,1
-3.08753760686292,-1.00846986962854,-2.13835159759462,0
6.68217203180506,0.544089051938968,1.98061358170823,1
2.85561934550888,-0.0378319905158873,0.726418452433634,1
6.07251653500237,0.339187114207369,0.927972379181866,1
1.46558855927821,0.0823574278225011,-0.444027720239296,0
10.8121734270396,1.40611521920654,0.944926038658913,1
1.02370560570522,0.45866785632066,-1.06132860447641,0
-3.75536000369441,-1.07201103756044,0.630804863091798,1
2.45933819343187,0.48245224903155,-0.0808100857962901,0
3.77573800702947,-0.551396346219179,1.40582233165784,1
11.3829553527744,1.5102983389684,0.646613308990792,1
12.4935749775639,1.59199481189932,0.131255210731207,1
-1.40568556958497,-0.498161896799692,-0.479936661962204,0
-4.94588871461269,-1.12518728413717,-1.40724231019237,0
-1.62520514754794,-1.56708623871931,-0.254969651484534,0
-7.40827965026552,-2.00917683909169,0.242072904780165,1
2.81552514766584,-0.0175355721129039,0.886492382908966,1
15.0497177242609,2.27210266910789,1.67014262635259,1
-5.68926111804089,-1.80861975009754,-1.09649543817897,0
7.56946240837082,1.37028954265035,0.0536049808871986,1
-2.99881685246434,-1.1436581406771,-1.52071698764449,0
13.8944900111674,1.89456951895009,2.1272108106145,1
-8.19640911298307,-1.81612618081164,-2.64756572019599,0
0.106339632103774,-0.620824824297313,-0.383653337855821,0
-1.18821945552547,-0.817681492822032,-0.721910048312091,0
-1.70804498356113,-1.17491643681268,-0.286634304439779,0
-1.14896401398327,-1.08538895306944,-0.323054294498277,0
5.05173124712618,1.42565256713344,-0.816445763409812,0
3.58055619126316,0.641735780282499,0.107793368927712,1
2.34790831534611,-0.29309032785037,0.873253716512985,1
13.972404518739,1.93871877727464,0.0446718868034176,1
-6.58874925248747,-1.67907819961723,0.568291285983242,1
-3.14197154558446,-1.51040724145347,-0.614224930836447,0
21.0635909465906,3.84138646182559,0.567520859439886,1
5.68280901102105,0.572713469036581,0.180721761785466,1
-9.48455879347376,-2.43298307052864,-3.27472578209813,0
-2.60269103846721,-0.0219633515596647,-2.35070383228034,0
-6.82090171616588,-2.45753903541598,-2.00271120130773,0
7.41984227859974,0.54467300225681,0.974682864406464,1
-2.91078136561299,-1.23794533528824,0.233003329969515,1
-0.635335926471524,-0.52624195458719,1.22414310385772,1
-4.46672462540794,-1.34675136207291,-0.747669343161602,0
12.0699735399574,1.63281787974881,0.80350123204288,1
5.21117432913895,0.185990227148358,1.58343490041554,1
-2.70721696556833,-1.36206008306659,-1.39261910282267,0
3.5616240043313,0.561185576667047,-1.13911911142723,0
-1.46264568898241,-0.811524985995605,-1.56460176836916,0
0.172415582472609,-0.167681847334465,-1.12748119569485,0
15.2391187752464,1.94546447623849,1.67989988056872,1
-5.38722504232657,-1.69183373305757,-2.00429158448763,0
13.4311987190687,2.08317288563206,0.364511586468923,1
-0.896013398007232,0.0652329675968002,-2.07565794273433,0
8.52516854774462,1.14265786311711,0.390196897637273,1
-1.78188379321098,-0.18270225156878,-1.1694460322383,0
1.86957959815606,-0.355529630738078,-0.00963802700247465,0
6.76959239077598,0.921165029339149,0.145420918428939,1
6.37064741634772,0.58505246046806,1.19638393966605,1
2.58561830853427,0.838445886741624,-1.04029482457902,0
-1.88488500548257,-1.03410195124357,-0.0808029571579285,0
0.703534175716507,-0.453131547160579,-0.588585748894091,0
0.561291802048768,-0.0785388939292822,-0.215998555221335,0
2.68613617300889,0.173110803447341,0.0836280053241318,1
-4.15910836429933,-0.691673555145356,-2.48184320500485,0
1.75240101929114,0.0629835969885544,0.0952900974174779,1
9.05498656956807,0.88451454909452,1.61216218943337,1
1.93749520229443,-0.0796455569614793,0.238961185229975,1
11.7911526627079,1.75162744091187,0.839704393991894,1
-5.47088847264744,-1.87617381702755,-1.08461906907179,0
-3.56989326726662,-1.03100603541572,-1.15262951764408,0
-3.36054743974458,-0.72097155970623,-2.04627067832703,0
-1.78689995910352,-0.237610668711915,-2.06910956617001,0
2.2669373363349,-0.15160489347325,0.67683640493348,1
-2.05775210029228,-1.05448400457797,-1.32793614648867,0
0.617846363726167,-0.666620104121847,0.454119911316242,1
4.50112548403027,0.000927169227831426,0.685020546352811,1
-7.32190462172981,-1.88149833159269,-1.17098379827154,0
0.179780127646156,0.195874334225897,-0.821140032892981,0
1.67456611543725,0.368167037373578,-1.26479622634489,0
-2.07008208349048,-0.957257551993108,-1.04917271853916,0
9.49123637003122,1.22108737264319,0.29275434918373,1
-3.45414002059738,-1.57561127922978,-0.0484765558096757,0
9.3043988662443,0.482501617877574,1.59323665876186,1
8.01568630875692,0.889917579340747,0.709167262105417,1
0.473091382740667,-0.312825051140148,1.36704470006789,1
1.13715117816741,-0.0184346914497118,-0.63720887876017,0
-0.644174321590426,-0.982545447907812,0.726498747324106,1
-2.55647892560463,-0.605477560950374,-0.72175659734535,0
-6.05205744576607,-1.86376142782616,-1.23313058936898,0
12.4635639885346,2.0170866011823,0.378507791889889,1
-0.375502902310118,0.375421778811293,-1.50268376667482,0
8.2631672026436,2.40247381569644,-0.42803350065468,0
5.56813947580286,0.494578353618382,0.639970364540764,1
0.492755194071276,-0.248270257534112,-0.254145767841719,0
11.198887290129,1.57353883079841,0.544845801484191,1
-5.86368260171047,-1.66024657330312,-1.58941652122607,0
4.05728811747079,0.66839111014875,1.07253166481527,1
8.03376570860224,0.848702738128187,0.790684499232722,1
-2.59711020022173,-1.62722542580693,-0.0721034823742581,0
1.30356488154327,0.287569955979802,-1.11465739715198,0
-0.00431947342374794,-0.199694274574897,-0.170369420241046,0
-0.141735195069028,-0.310687676879583,-0.149698778805238,0
-5.43275945056533,-1.77940094101063,-0.348365580376372,0
-6.37358595431043,-1.52195153711199,-1.60484123644795,0
3.01419288703067,-0.110166432456692,1.07951283669029,1
-2.42698288715543,-1.07666330074094,0.483529923595307,1
11.9442189870776,1.98135800374171,0.54835850890245,1
-0.534704710741408,-0.220300924515113,-1.05875404675908,0
-7.05971985722102,-1.80652947022298,0.408089884272555,1
-1.69829287846994,-0.93851101068388,-0.27511926478174,0
4.15702570628842,1.04047055863121,-0.461184682459357,0
10.8716684736059,2.912873968233,-0.00866588101768003,0
-2.00170391036684,-0.851141971198276,-1.75647114533299,0
-4.74881478159677,-1.05413560882245,-1.16441541881917,0
13.2181161287194,1.82298897601029,0.933207077620594,1
-1.57874433441984,-0.798203240791705,-0.745688676462762,0
3.29088175669435,0.362460253149265,-0.0959782979618609,0
5.72110951036932,0.685669134714969,0.147794434691715,1
-4.78364976154237,-1.30953670025636,0.62949618252157,1
-3.44840339751368,-1.45459201770112,-0.820709556096283,0
4.47642802819235,0.345675605049901,0.160136186303752,1
2.08263671343552,-0.132352267289629,-0.384700394812512,0
12.3275675982522,1.81666810761796,1.33891857489866,1
2.18776649841413,0.468800498607656,-0.346152326872133,0
1.43805722063603,0.106548138349621,0.0228459607364296,1
-4.38263672277233,-1.3112400966099,-1.74489861897601,0
8.4004670560555,1.4003579242248,0.105884159358155,1
-8.14158515517558,-2.11288889387079,-1.77933081843316,0
12.3066214958196,1.65380841969994,1.3610811305649,1
13.8902595641384,1.84114151343096,1.05206048475978,1
7.01952020322156,0.74942753778675,1.15452322768418,1
-7.10673379100418,-2.07345628361142,-0.911738405244205,0
0.832173995779969,0.519285262171809,-1.12009230670202,0
2.86205860965699,-0.101318684071542,1.74863924791231,1
4.34628078500882,1.11747692641204,-0.518216284412504,0
-5.18223049736105,-1.26742794532435,-2.33233106649063,0
0.369890299466283,0.0216756385361663,-0.564710247305162,0
-2.57811246680551,-1.18036278782737,0.107859969486894,1
1.83202432125221,-0.348630366443582,-0.0924730315482417,0
0.865546960415038,-0.422471131764376,0.841766648789561,1
-2.9457920683283,-0.76643021321085,-1.52847630579273,0
-0.784746194257538,-0.159397122037642,-0.983707663244281,0
2.35480513378019,0.274253132731046,0.102608614930469,1
21.8409216227797,3.65930146112881,1.63078783023288,1
7.2262205390092,0.88380884530442,0.381796793289551,1
3.59067015111826,0.343553898312998,-0.57427325895601,0
-1.96697451404742,-0.784406323392426,0.120103259274226,1
-7.32369575494084,-1.88399174824404,0.486999173113743,1
3.26153214805049,0.862588227965936,-0.48197128138337,0
0.660149054860452,-0.686534603046956,0.870431054522862,1
9.46057674159986,1.38582837380985,0.879803885069601,1
2.25360481555228,-0.523215923417469,1.37459853000102,1
3.028437563314,0.266378662643058,-0.621604207853241,0
-1.84617570705045,-0.841141365635114,0.280815444716415,1
4.81538119975472,1.64733325663339,-1.41204254202729,0
12.5613076508236,1.03381860572072,2.61439763396677,1
0.604868370595718,0.0887187753959832,-1.02114735627058,0
7.56980758966613,1.12080384719044,0.906549777261523,1
-2.93089325956306,-1.41076238141996,-0.265757022497442,0
-2.90488611724716,-0.90831927682236,-0.374660060703743,0
-0.940003501453648,-0.88782741423256,-0.724148011806449,0
11.1682783963724,1.74234303961569,0.260968354560899,1
1.89061480584779,-0.370835090295451,0.911609249974026,1
4.48409933629145,1.0572855680685,-0.558372353543086,0
1.98528402242517,0.592124094537001,-1.87309310639109,0
3.13037154752707,0.326555642760016,-0.107218869334768,0
-5.17975290268515,-1.88407916788369,-0.831663745065972,0
2.31760705031873,0.0329824608424271,0.303760200631701,1
-2.99703788135597,-0.980546584996793,0.057533797173928,1
-10.5209222824104,-3.18048174116641,-1.14414525128585,0
-4.25993759377626,-1.47895520320505,-1.18722139951787,0
0.966394577933628,-0.240177152046601,0.0994944321297081,1
10.7092897868862,1.27113945837716,1.72672857225051,1
-0.986904243637631,-0.802184343913008,1.49284392294287,1
4.02348825186448,1.10551526448578,-0.80054904346449,0
3.545347757061,1.19893364527844,-1.16473602681753,0
-1.77415813071749,-0.62964322195354,-0.376544690148888,0
0.220239023109988,-0.463453026864254,-0.794207882794121,0
-5.91638844648543,-1.76421221647564,-1.55082717956549,0
-3.99223159000492,-1.51022328938516,-0.565544075738754,0
7.28949334365747,0.922536982184517,0.583758527549887,1
-5.23358256670379,-1.80729672733909,-1.89121917140663,0
12.5432613739235,1.58274615388151,0.280511012399283,1
-0.446514440904142,-0.773789528486045,-0.00121842922246968,0
-2.86740936604784,-0.99296571555166,-2.06260788530826,0
6.77683902825353,1.16116474105304,0.559793205235868,1
1.85594940403669,-0.468295053347845,-0.925705226180167,0
-7.60486488113382,-1.96078740084822,-2.07640486096565,0
12.0926277311649,1.60669402057742,1.07273406819358,1
1.69576308921976,0.492958792034955,-0.835241254227017,0
6.65837822467138,0.0548356485373789,2.16243134523932,1
-4.42802404252759,-1.26656736812692,-0.606428025225023,0
-4.61019170530297,-1.43519688136147,-0.695015658436615,0
6.62280136282554,0.74311832758839,1.13961921666316,1
0.4149038692033,-0.155869365507183,0.215867975073958,1
1.71774940867187,-0.234362215098985,0.0860799402948753,1
6.29576338213968,0.88441356139678,0.0644478572069678,1
9.16064051592785,1.23847055616807,0.385819988353032,1
-0.924997311935863,-0.411643669320554,-1.07787679286892,0
-2.92221585883932,-1.93128135726999,-0.318315227053066,0
-1.83872670284793,-0.718475683518699,0.305394473063018,1
4.71668659984628,0.443581723551561,0.190163934484088,1
-2.42983210903363,-1.10231334676985,-0.373478807514647,0
-1.79561633890194,-0.461293390008293,-0.0287497823749213,0
-0.974384655592293,-0.142848576041395,-1.01890016250098,0
10.1106641273119,1.41742063827168,0.180161489188249,1
9.22990935551607,0.630324293734373,1.9647131777949,1
1.90559916792758,0.0591778078345914,-0.0717089141321678,0
-0.401939578308214,-0.62916212029863,-0.0943614337846335,0
7.40615810266463,1.06409994925556,0.251383867523242,1
3.79825648478707,0.128519841453554,0.561766211823825,1
1.15428674112921,0.78582967280888,-2.03304889486307,0
-1.93087770060422,-0.996532867418545,-1.5059892345135,0
-5.85372152433422,-2.11584483605305,-1.47386647798914,0
13.580621844537,2.15371055915863,0.669741593248103,1
10.2536178244427,1.36500599089586,1.15299647087347,1
13.9846618657872,1.61813000267577,1.2329807080375,1
-1.22621349033067,-0.706426002356071,0.349360123285058,1
-9.51750640592827,-2.44846438587497,-2.37142292839237,0
1.36601684309997,-0.153374761645366,-0.00026688412969048,0
0.321535433842267,-0.200446313318033,-1.16038260389409,0
3.77105513426538,0.145483021121651,0.989151532583701,1
1.35763501739862,-0.464332465285624,1.43576889187546,1
7.82971268615893,1.02916509847524,0.122653565872089,1
-6.54820839957769,-2.39393167727755,-1.2473017482383,0
-0.116362216614282,-0.15197872889195,-0.755010783579252,0
3.38303764369432,0.338297415591955,-0.899743812190683,0
10.6395974602154,1.39877785043017,1.36692752414388,1
1.06773930708648,0.252636497988201,-0.164920421466188,0
12.6661601158834,1.79138485181349,0.783275861048595,1
2.17639642336638,-0.40943012933661,1.12254506838344,1
3.52706825925228,0.00779293047058838,0.562938813858937,1
0.603954770971658,0.0131177791643252,-0.420010452704111,0
0.556343796420474,-0.02361142203466,-0.647078953109282,0
1.65800437183658,-0.119049976723162,0.0751836994368231,1
7.74700060563405,0.696104446802243,1.94562907808029,1
-4.48349981052688,-1.39656767767091,-0.94770178870054,0
7.25502217356234,0.306965262683264,2.3190402158657,1
2.71269489813565,0.176262891657978,-0.00964789224303822,0
1.34127773682383,0.621809979830058,-1.14111850769508,0
2.75121714505363,0.732769683778086,-0.288108899740477,0
3.95886751386638,0.621509861171802,-0.132985168861337,0
4.87132874898245,0.272275906612993,0.84548535118944,1
-5.62268198131001,-1.95586161901716,0.369850103286845,1
2.36485437652131,0.356666813132207,-0.260936649257345,0
2.52626511474825,0.397078764748374,-0.123058151754665,0
9.13773766870107,1.42407896151847,0.169713359729811,1
5.22183345119241,0.589859979962588,0.789256800804347,1
6.18449154613503,0.634584435105385,1.96865213504576,1
3.6172803740313,1.10800344341834,-0.655033112503761,0
4.09269578153098,0.674728451633712,0.421352461850474,1
6.25188239798588,0.357265960477616,0.562481704412026,1
-3.3012529738517,-1.76355370124683,-0.606479489220191,0
4.93364498699939,0.473992658217388,1.39139341182056,1
-5.65105993502279,-2.19615837850933,-0.372630738771838,0
-3.91915436925614,-1.1152797611515,0.328481174591335,1
13.5811306687678,1.73150100607541,0.899267296278749,1
1.28877849026375,-0.0631343072920577,1.2466838975188,1
1.81269656413382,-0.731342763542465,1.53657622213191,1
0.765564541179852,-0.504235076173287,0.461103406878774,1
6.89965019577947,0.898348529485226,0.314646862690623,1
-5.56151693301227,-1.45546699846507,-2.31010816846516,0
18.096613589644,2.65058726658872,1.67469876825725,1
7.1493236555668,0.835880873095788,1.08411743759588,1
6.42656764191125,0.253848362387955,1.05686574308177,1
4.52068621036197,0.270727046970717,0.172142379220252,1
-0.714236178784779,-0.71037764643663,0.108270986559389,1
5.34064151711206,0.79787440930123,0.200671799797617,1
5.56636799859591,1.32283302682361,-0.81085778318964,0
8.53421355779396,0.964469566022234,1.27374872370616,1
8.0592240726244,1.05774429465002,1.11001434086661,1
3.51849075807824,0.800747071213938,-0.280981001124193,0
1.77377230756377,0.110536401366507,-0.380262550688543,0
3.40552064003087,0.83678524192935,-0.196478101314943,0
-1.13593149706289,-1.09578254750285,1.40448062721728,1
-5.24287146807365,-1.89310747563752,-0.335543786612351,0
-2.00925431081059,-1.58132384524999,-0.122079670035393,0
-3.57855208476353,-0.407255184303197,-0.845369684617699,0
-1.78282372364791,-0.714673721791762,-0.393345037617706,0
11.3357764220559,1.42434343811104,1.11970875573138,1
4.17241785567231,0.236283576151997,-0.341897674345075,0
1.90787758969473,0.192442032993828,0.0762608155127678,1
12.4533717632743,1.65643422461188,1.0129384625626,1
0.0768048317486643,-0.751491685880486,-1.20478643931236,0
-0.974373938464232,-0.80760243078059,-0.832857293801954,0
0.363079669320171,-0.672164342594882,1.23099762065948,1
-0.21735497533025,-0.889870097294217,0.569575796658991,1
6.78176841090289,0.499235873950362,0.888007656876646,1
16.2783316348261,2.24595459829933,2.49371076285425,1
7.04937391199606,0.74750709139725,0.711517175710277,1
1.80514422034828,-0.0741833921714143,-0.189154014170306,0
-2.68346924995042,-1.22560501734768,-0.587743312275961,0
7.28650658433179,1.79650888478266,-0.0895860429703095,0
3.79573836787085,0.115258217116988,0.915763022583979,1
1.40062670611687,-0.258941616148446,0.555195969698649,1
-1.34717747270407,-0.727403060302081,-0.51185511389132,0
-0.692943551929968,-0.734409049439606,0.391107328148371,1
1.22925820193374,0.289948521525819,-1.58408842546412,0
2.01369100192834,0.0444013979164587,-0.24253174128666,0
0.711661312854775,0.197356187578327,-0.133759056498348,0
13.2228690261463,1.73698327298004,0.963869477938082,1
-6.48220775147602,-1.88213278842647,-2.16302792517267,0
0.199247774098526,-0.422872180248189,0.448725193243326,1
-1.22588613693876,-1.16276303232401,-0.296717145190413,0
-7.38432489390182,-1.96892150076901,-1.78498387795703,0
0.0227994182068978,-0.688254564257146,-0.3205357323145,0
-3.55641233758137,-1.21131316795459,0.381892582683205,1
-2.35567536712015,-0.343839591889218,-1.13687118918972,0
12.3512025460923,1.86666939436642,1.08830456771062,1
0.349687864020095,-0.259522647386131,-0.487942694354744,0
4.64565591969262,0.6781230428504,-0.00388018292343139,0
-0.396106187001924,-0.765492560721102,-0.73609748483155,0
-0.457193070229168,-0.667555251739218,-0.845168998776437,0
7.2524119500196,1.51407744330629,-0.0433811547784795,0
-2.68380299541031,-1.29210874142582,-1.04426012502585,0
1.12975743088386,-0.407746984129665,0.170415922451948,1
4.39124535136654,0.0675212840900176,0.611681478405954,1
2.08335214809073,0.630410749804775,-0.140193748737236,0
11.6751371004795,1.30731270595983,1.7063598962522,1
7.06800711828591,0.776815056478443,0.386017585174254,1
-3.62483255599428,-1.03731226768843,-1.49397022868185,0
6.25520529752354,1.45811604316466,-0.755194556491576,0
-4.64189723268567,-1.03077953961456,-2.19459413112319,0
12.0805528437945,1.94649890635363,0.830990502472002,1
2.08326633890699,0.0513008371499125,-0.0930907466116409,0
-3.83547318527007,-1.59432750862827,-0.24478221374434,0
-4.21735575718179,-1.37402003647817,-1.65812307344885,0
1.44988930082754,0.0852501647792995,-0.707517187171975,0
17.6519186620287,2.7510820849949,1.08991852088253,1
3.89102901818795,0.613275278661128,0.234556973188288,1
-5.91183191371228,-2.05913277294693,-0.97672798230835,0
-9.82726654680758,-3.22885679127075,-1.22448330948647,0
3.09189014569764,0.0458772120303179,0.546485651164496,1
0.301872659647905,0.415697425829718,-0.873994161330058,0
-0.950351874099679,-0.778298689449886,-0.0292131435225772,0
-1.58001905847164,-0.581461766582079,-0.556447545398077,0
5.97131613714762,0.806015426608295,0.33313449065802,1
-2.96683271615661,-0.720639229751145,-1.15511008369447,0
3.00681662061802,0.0229572850592234,0.840609543440712,1
3.61070446827763,-0.0780008668741582,1.11407234456493,1
11.0113872273215,1.96592078782351,0.585076505157092,1
9.97160930490385,0.502158047024751,1.86241145086029,1
3.79869900710889,0.349894475640347,0.266153551618423,1
-3.19648893804045,-0.93329143689626,-2.46771238735828,0
7.89559273548124,1.40286468110544,0.29837045239462,1
5.10874257034887,0.795869647279029,0.614497790605847,1
3.98824009956344,1.05329224219672,-0.170567514158724,0
1.67074152662108,-0.822257361726726,0.870821779317659,1
2.95797510561972,-0.227339921800176,0.700267617472689,1
-6.79375959981775,-1.88407158221248,0.202335401567139,1
-5.9383355535917,-1.23116705872308,-3.09866452837446,0
1.60940823295105,0.612188569525333,-0.0648849754196804,0
-3.55119188897916,-1.72929922790962,-1.69073344430572,0
6.89192725206072,0.592449111347817,0.451214559359452,1
8.46874733616795,2.15405197361786,-0.841695071707281,0
6.82016095317427,1.60102486202996,-0.52166363024482,0
6.55310413177971,0.292043413167026,0.845734284174294,1
7.30784286787729,1.18114546228016,0.7050164157158,1
-3.1433030274648,-1.29741757255066,-1.52204882481246,0
0.760963964314305,-0.485130894288187,0.435064583789573,1
5.04171446811001,0.518330668541391,0.432416933628405,1
1.07985666828201,-0.0492248761457486,-0.0132113056658891,0
9.97073279692481,1.43846784755415,0.792547026785751,1
-3.95512137529289,-1.16545932058776,-1.79034337671713,0
12.1474252996857,1.57853285768898,1.96716570572158,1
0.475900279231855,-1.05256522153354,-0.0367471541018269,0
9.60920834219391,0.991912677236261,2.22856013245129,1
0.751991282758287,0.426204080330074,-1.57536410331916,0
5.15936300639434,0.719270243771218,0.333809274825518,1
-3.49702447743159,-0.913709178265928,-1.35309750711904,0
5.32809771110446,1.31771041673351,-0.221649518192383,0
14.2347709653371,1.65160834893406,1.98500663407143,1
4.18341979244451,0.241302297788328,0.47046336568705,1
-1.79340353800681,-1.27962480069843,-0.372885600795382,0
-6.45915458843483,-1.43050566088013,-2.14145755990379,0
1.02823366718421,0.206461927565396,-0.590928862111981,0
1.44470828526111,0.0346949525592224,0.0291280649040465,1
5.99964814927791,0.701769098549246,0.56394056978389,1
5.85699917661079,0.66543441023707,0.975398684022928,1
1.13392482211756,0.442713481180048,-1.39515018751232,0
3.12053428315282,0.459099493126351,-0.55148011042001,0
6.07714498286649,1.4854402385851,-0.332628658620974,0
-4.2411219758492,-2.48874698400829,-0.130056499041055,0
9.34781832882948,1.41092660855991,0.467433926538207,1
-0.312270540207073,-0.645490765392115,-0.455261040907654,0
-7.41363224701815,-2.52363127282926,-1.90799736373411,0
-3.42292221792388,-1.43109575119403,0.268016201503449,1
12.222212297764,1.2890333631171,2.97300329137596,1
-3.81229681221146,-1.41253470451785,-1.21580381596741,0
-6.57740774344713,-2.42736859582331,-2.03751484576049,0
-5.4060462188685,-2.31329079122848,-1.37021757680998,0
8.12787185045395,0.642574500413843,1.38512319406984,1
2.67471663113099,0.127656946174373,-0.862608165677284,0
-0.760739881325553,-0.417138643260903,-1.23535762503635,0
1.08759123530257,-0.383883374561174,0.3718966466807,1
8.34284599032772,1.23372093978876,0.325665143791807,1
1.46241892905634,-0.319556921937053,-0.0315904352931023,0
0.0907217856330897,-0.425262410253032,0.938269200584796,1
17.8212505362656,2.53327814354662,1.78841356122434,1
-7.44598490908196,-2.46298127555656,1.00595526321922,1
13.4320121057389,1.73598025865009,1.72251345782201,1
1.55668280690684,0.469954973166287,-1.78967995067582,0
-1.79934580057212,-0.300658342546347,-1.09965554135755,0
2.26578744997412,-0.00224652199852947,0.21794464964738,1
-1.84777052959282,-0.6172633170124,-1.76232674413674,0
4.73684103699981,0.75858268455202,0.254349587061505,1
-0.873454415422689,-0.80157828045509,-0.71120719818832,0
2.93619371312953,0.581946273469175,-0.193601722754728,0
10.2891979861158,0.824833079392019,2.70243946617063,1
15.0957755826618,2.13417616914512,1.27872833332577,1
-0.454653923909135,-0.297018362557168,-1.00752806363713,0
-0.454783337314837,-0.68624546151153,0.683976079325817,1
-0.62777893528715,-0.976313708263778,-1.08460228691613,0
8.41443614244863,0.372406768034513,1.75532403173671,1
7.10659176800085,0.802711421070075,0.699361026386431,1
3.23544673946809,0.548767283587081,-0.286774310629375,0
-0.505565076194165,-0.80809471605223,-0.142179694974085,0
-4.43150116248006,-1.62844669032338,-1.20397454979359,0
-4.84790571719057,-1.92578503368258,-0.782299430398675,0
-0.103820373006213,-0.327900794011889,-1.07996226675,0
0.919514282317535,-0.43719128199031,-0.206354697326042,0
-0.141322794980562,-0.511906126270343,0.940675162233956,1
1.36086916128188,0.132430365599582,-0.0514881744389029,0
4.66230589660194,0.509249545060667,0.751762427367678,1
-1.02953099064006,-0.44973709434528,-1.31494827142859,0
-6.46075631335786,-1.3610407996706,0.0788605705428446,1
4.10510116621054,0.1955572980013,0.779628458482915,1
5.44969984772096,0.698800572977226,0.473533057588416,1
-1.04620846075606,-0.451224406412322,-1.1949195774989,0
1.24244786031939,0.0511210734545023,-0.316511334177786,0
3.4344119669966,-0.314023249229837,1.101957761612,1
3.89449070860935,0.235421143436085,0.548551968710226,1
-3.92986277416216,-1.19730615493257,-0.0239197028229863,0
5.56792418297805,0.36735621892111,0.855318581184831,1
10.4480454229039,0.93193075520574,1.03575564505517,1
-1.40264057320154,-0.690094649949136,-0.22060217714758,0
3.43040428473921,0.055238442575111,0.683269051677046,1
4.27362989571608,-0.0323640054060879,1.53948353179504,1
3.85744155149809,0.0311134008430139,0.0650031334568678,1
10.0295852175265,1.25736333898925,0.965832380868845,1
-2.21630241214129,-1.75027541073613,-0.350307643804304,0
-3.33879678700305,-1.18590518166789,-0.472078995542261,0
0.82222408959201,0.361054186290034,-1.40923104533195,0
7.48440255920203,0.412674221528753,0.389518718190637,1
-3.68610415951635,-1.06335518764675,-0.868454145348628,0
-0.33891659820046,-0.244040085401969,-0.84276131123119,0
-0.461293440243737,-0.659288360466856,-0.30882441858339,0
-3.79737440639491,-0.956660554413652,-1.05796691660012,0
-3.66393720346001,-0.976696407560041,0.177014115351365,1
9.07525674550056,1.58860907251751,0.200478589175074,1
-3.07053861224858,-1.2421273124678,0.073003539609115,1
-3.93289412234534,-1.22284251228694,-1.69194702255482,0
9.16805518741017,1.19821572183272,0.932855342808055,1
2.2726553023202,-0.0623973925390908,-0.130461318335514,0
-4.19505084063241,-1.8828129023883,-0.217956226969429,0
-6.94095074687016,-2.07362116756071,-2.15045150800759,0
-3.73387513058601,-1.47259008080682,-1.60021045226529,0
5.55386803088482,0.407403985077673,0.549586159949746,1
8.39276309421089,1.04401463435347,1.00808248505989,1
8.380894578835,0.769806543102909,0.575829830168803,1
15.9091882227453,2.38145389321156,1.18500526022439,1
2.90143152541168,0.404648428028715,-1.059542978879,0
-3.54357886599056,-1.13311425892287,-0.819174543932001,0
5.04696969416459,0.233966243246617,-0.0938887560587653,0
-4.88367192838306,-1.40806644672852,-1.76261673617318,0
2.94846050775363,-0.0802375273390473,0.417896758170385,1
-3.93465654807782,-1.06691482693056,-2.05689971810106,0
4.82937234376697,0.263909771637948,-0.112055368493563,0
2.73515887549253,0.458283126135741,-0.405026503180527,0
2.74432574964318,-0.150045311319235,1.03268484376711,1
3.87908702060315,0.115496768302158,0.127150136554524,1
6.1669688402113,0.612141708213116,0.619906429520275,1
-1.74562765957565,-0.800370208881016,-0.371690500504009,0
1.19711049046542,0.439142733408012,-0.47025633485781,0
-1.50314816315612,-0.13005857971073,-1.10267939600732,0
9.12874220995405,1.15848983552291,1.55198219247593,1
-0.773918232878343,-1.28429249299116,-0.397268283243169,0
8.38414360094194,1.20322569900467,0.0492985496265255,1
-0.0641005707261852,-0.643693108152918,-0.945437810368301,0
-0.384212083786338,-0.782523578180369,-0.642595200061938,0
0.406320675750846,-0.16631909772156,0.105892710105494,1
-0.113582738126287,-0.199614416428638,0.839942276843874,1
-1.98810148339789,-0.595788126214439,-0.287651864744668,0
15.6748316479748,2.26212713460319,1.69317915611863,1
6.17487883121498,0.257775819486216,1.250737419643,1
2.83344258484959,0.0733754291357713,0.498511380577366,1
0.211169516231037,-0.8041961673802,0.631916752962984,1
1.76248041812343,0.211237138512147,-0.563929699491117,0
1.94936646196165,0.779921310820265,-0.348980386942581,0
-0.0454712533149773,-0.83003659782256,2.53207937134145,1
-2.93754098642512,-2.09661977936874,-0.0530929103511034,0
-4.87032821818424,-1.67563847581864,0.542523714030377,1
1.44511583263002,-0.537216154906216,0.413084346165318,1
-0.036063575524317,0.338554527050514,-0.886897396862436,0
-5.17860410781116,-1.18606777340852,0.38227341255148,1
0.798049703797076,-0.438256224353455,0.555649758871505,1
-1.34063016211633,-0.745551341056638,0.107043105860885,1
1.6594594660954,-0.156210982963071,0.441169187056153,1
-1.84070898325293,-0.413121851353084,-1.01458403669232,0
0.84446779820406,-0.692735969361699,-0.199671815728856,0
-4.58957831370119,-1.13180272406099,0.249977884227865,1
6.0561742978403,1.1021030495004,-0.188842299492747,0
10.3247976152333,1.48813123792856,0.812639363397592,1
11.9960966423091,1.6913441569926,1.08963875845417,1
9.94722134648251,1.43366939497362,0.318410180105006,1
5.84621554063665,1.02352393313172,-0.0652738136998639,0
7.6033234319829,0.346863688584851,1.8497001985408,1
14.4620700500665,2.07515570990351,0.751864714737708,1
0.766515977622274,-0.480283984966602,0.911538040583133,1
4.7846548856186,0.616901506111885,-0.217389920991168,0
-0.343049866644766,-0.205691615131496,-0.838183481723345,0
6.94029296830503,0.563971717996474,0.191780742362201,1
-0.523311066828501,-0.863472031761099,-0.169563774666496,0
9.31039976858541,2.13330148726321,-0.391600467575679,0
3.44800427210808,0.659342271896019,-0.954215889314065,0
4.73699433182644,0.502441465335707,0.280590731703142,1
-3.14508860747399,-1.02777563136544,-1.53436893879392,0
-1.32923193716448,-0.539353689446531,-0.730324758526062,0
1.75189991809123,0.476743280827766,-0.289107177606466,0
3.71731659000365,0.324426695992699,-0.292341696664098,0
-0.514734751845842,-0.899284303408193,-0.232504617751774,0
2.58919290080124,-0.0610421352529593,-1.1971590147286,0
2.17634617167852,-0.0987396092823886,0.674195529392555,1
-2.41773316127044,-1.49306492031314,-0.381927389576217,0
-3.69751133281166,-0.841740537095617,-0.90124438300727,0
1.00508958486521,-0.549383145580722,0.588983207996121,1
0.541030492462289,-0.461518983982146,0.486610218158456,1
6.37552952171534,0.702471123604182,1.3162958886409,1
-3.60729810282305,-1.38700358958272,0.348813385118963,1
4.82761005461081,0.458298124654566,0.690832054513376,1
-4.43723142576539,-1.33541172233907,-1.08426883283461,0
11.5298709594514,1.57567811112234,1.16438101590272,1
-5.06730355102256,-2.28428757549045,-0.427897924785517,0
-0.215640158923273,-0.530857138428757,-0.0284637676632919,0
11.4304110983402,1.38421709113601,1.31109762800066,1
2.84527574637868,0.076292026929472,0.474028822403137,1
7.10444798292285,1.08764415818053,0.637425480792321,1
14.0306240441563,1.58238936667266,2.28742993265477,1
-1.00164170930379,-1.09104212149439,-0.865931119003362,0
-4.37779610451121,-2.07879323403951,-0.516077152647529,0
-1.72393288914415,-1.2106765011671,-0.157166001050777,0
6.78600185517203,1.20944045213734,0.0895893163853657,1
1.57373155708322,-0.221254831151775,-0.213516939323369,0
-6.17223398394715,-1.68005522821132,-1.39578633305487,0
0.505350336327971,-0.14217271902278,-0.143237590332542,0
-0.165449575864557,-0.691762388639971,0.722718879052511,1
4.76136510482373,0.836975655082426,-0.348121159671785,0
-0.933512547843035,-0.297703498912051,-0.580234456179001,0
-2.64933043462605,-0.944086704226498,0.274938689385334,1
9.10544465774489,1.08267340085417,0.31573696519048,1
8.18131448506569,0.75180216660651,1.35391919610689,1
-0.418257142857171,-0.401757329392388,-0.81979826580004,0
-4.09611854786517,-0.958411011066415,-2.03038004825843,0
1.65573368276184,0.0924180945302688,-0.605988432533203,0
-1.5623244055731,-0.850919304600896,-0.990973177374557,0
-4.1114921929572,-1.46685183348122,-0.232978142936435,0
0.154139803364167,-0.393723771848003,0.432331988872689,1
7.16040605854868,1.14632720178908,0.146915873194356,1
-6.34806978338665,-1.47791803652248,-2.33188783585438,0
12.9097528683949,1.78719145152453,1.41725250040334,1
-8.43658075726719,-2.15584979278647,1.03005478047108,1
2.95390422280627,0.77285243728311,-1.22203370817292,0
-1.20278880092354,-0.833384437376081,0.205569963278553,1
-1.38432809510696,-0.43423664367141,-1.11955021868673,0
4.04503898445505,0.157492689609522,1.1781007104664,1
1.10093360643391,0.340521255642817,-0.11586770354474,0
5.05235183383354,0.704627263474415,-0.275694767623485,0
0.0750484920486572,-0.640801411958206,-0.677023957174734,0
11.4695135225593,1.3507438771811,1.8922857299696,1
0.0198861140858644,0.500137214920113,-1.9457780808653,0
16.8417976339769,1.6872248333763,3.51485792826361,1
-1.7594070237982,-0.444344224154775,0.181911458878165,1
-4.46103641389071,-1.19759030968252,0.335042808048613,1
9.41097344362071,1.23996526552808,1.08785997897493,1
1.70701503449105,0.0704342806763766,-0.186058598640391,0
1.43549958817938,-0.462785352359866,0.544627344921555,1
5.11741053946437,1.42108332050372,-0.0355543440355131,0
10.3351672522171,1.02176786509876,1.14413882762333,1
1.20555304282527,-0.267334366993249,-0.0934761088339234,0
4.85906983838002,0.134865564146195,1.41490832495242,1
2.9482480539081,0.0909108281451778,0.593789822693304,1
-1.68415430299324,-0.865993576600424,-0.916923737580878,0
7.76696301704101,1.37516257081143,0.535924227584175,1
8.09261454368187,1.52672907587032,0.304411814665085,1
7.91519419623902,0.361748267462881,0.664614543108889,1
4.79257568836781,0.731697559765568,-0.150043771413297,0
8.54975374146211,1.41317032084019,0.157319463228659,1
7.98802662953796,2.10048322827743,-0.372262480592407,0
7.35309286904202,0.84906252904115,0.218206012808067,1
-2.06917410211368,-1.27082143041505,-1.01529901606336,0
7.51378225242431,0.435741099822757,1.0815057192092,1
-5.13697129519962,-1.63485542010247,0.352757607899125,1
-1.484448190541,-1.13708290014398,-1.0940877596268,0
10.2398661152042,1.00814335006801,2.21967573645095,1
8.18944717542403,0.770199986370462,0.915044986913876,1
3.71805079018535,-0.160141433458989,0.874194747778761,1
-4.17639744064157,-1.71778708618545,-0.286562317953529,0
2.60571245177095,-0.133236448266084,0.623819170287219,1
1.12673749920736,-0.227671566246819,0.178287931618682,1
-5.63723661828584,-1.97604965850514,-0.836997965695749,0
6.03949078304325,0.443601148776531,1.42499176788757,1
0.637153896176469,-0.428816069757706,0.435242098334139,1
-1.69998606190363,-0.898564459128219,-1.46228687040292,0
14.6023768419794,1.91502431956127,1.65985277619529,1
13.4060158041705,2.03373895617353,0.699796211711845,1
-1.64700985934128,-0.830899694645248,0.201994132573551,1
-1.84062479406464,-0.694227792603456,-1.02395963808739,0
5.53184844599439,0.779915568818612,0.877212714045234,1
12.2927773687699,1.5703468793246,1.73904276684527,1
2.72663551669235,0.642151982578961,-0.261090175378149,0
8.03479031259756,0.917314305947202,0.311665758739737,1
-3.43210554080823,-0.917478064107287,-1.41967025276482,0
2.7766756447278,-0.223480030727753,1.86847045691192,1
-1.27041673518991,-0.767052895288076,-0.151784290171446,0
0.880700585780884,-0.438646822497172,0.185431270559042,1
3.72298019857748,0.0580642150693635,0.658748757108596,1
-3.89964965471779,-0.800264596542506,-1.34196014806842,0
-0.771209031605874,-0.856231751958582,-0.0949064916682573,0
-0.824215023905736,-0.964326637281593,-0.679012455072833,0
-1.10984252930161,-0.794402853222535,-0.323851902843084,0
-4.07476034394302,-1.96571749232402,-0.379706061107006,0
1.15960039535486,-0.784969589485579,-0.124628657992798,0
-1.84893814402693,-1.31375078271629,-0.212498117590458,0
1.61822922338567,-0.108117820260397,-0.202226390879831,0
1.96016655344518,-0.490447381890125,0.0538692690495384,1
-4.10541926313366,-1.43995203360687,-0.789372508191924,0
-3.11901733884172,-0.959818937940738,-0.171443629072688,0
-3.94988414757513,-1.44287410946878,0.827770013548603,1
15.5927858965461,2.23355947720245,2.35674619866022,1
11.7805313756855,1.49939452737312,1.03296187416408,1
0.332486572898114,-0.455206224249693,-0.61360179864238,0
6.1017729726094,1.1530295130584,-0.250375444786705,0
-0.611573047191709,-0.538802312439309,-0.0753475466389404,0
-0.071530174254673,-0.297406687059336,1.17503418613786,1
-0.354501121527352,-0.309847793376654,-1.62798723508755,0
0.626400479698068,-0.51957303077103,0.205211517675036,1
0.871717121101053,-0.398432191041575,0.988326753667983,1
6.28074359711954,1.51935264260185,-0.806934632887392,0
2.71662716241886,-0.189366455558355,0.686212083736866,1
1.93799777052256,0.0639118437172452,-1.18632833063379,0
1.307580036221,0.388145921756125,-0.810533214373406,0
-3.56797440868051,-1.0581928025842,-1.65982664366987,0
7.46803360628446,0.65002482954621,1.36171777563114,1
13.8325893523089,1.79126337000398,0.71374768680321,1
-1.25445361943165,-0.88099978768804,0.267915242229299,1
5.81368093218434,0.576606535703507,1.99728414901595,1
-0.547431846698058,-0.529936877885974,-1.19855931960338,0
3.19818111394173,-0.222856705050892,0.563810162392648,1
6.07306336739462,0.319344149387868,0.83689515228478,1
7.14671383160188,0.530562639954786,1.3757525369312,1
-1.79831780871699,-0.631075020902544,0.0946832672408562,1
8.99969423473881,0.985288292167236,0.290202635775837,1
-3.83309100884766,-1.86712472765983,-0.643117543046231,0
3.94769725513128,0.814984164088297,0.576554763660833,1
6.86292725807877,1.71084549828096,-0.357809858071413,0
11.6092444696094,1.42727167886697,1.82184149358125,1
7.26555415348199,1.09324542920582,0.503691576620723,1
2.1204190170826,0.39950296799604,-2.03115507235829,0
5.47670708441461,0.184124446982698,0.790524302160514,1
4.02967215472665,0.599488293406179,-0.227113128594819,0
7.59123074800401,1.06658877486512,0.240021863709298,1
6.51723803803529,0.948215271728664,0.388485398004808,1
2.4063901223657,-0.0648126415760296,0.68637635165886,1
-1.10781652170612,-1.03949637004863,-0.655208836146795,0
-0.819656665247983,-0.57337469135669,0.834784129422866,1
15.0508415907352,1.9163636771374,0.530373484829071,1
8.66649301314405,0.547632626212664,1.1765620872768,1
9.519118146125,1.10809136185292,1.40941261227389,1
1.81399042369043,1.02834673842032,-1.66284968059883,0
1.74409810537926,0.512951980540219,-0.115115150496064,0
12.6822876382842,1.47374946162626,2.00095755812346,1
-5.42490483960628,-1.82528025908157,-1.64113088037578,0
-0.100030621572193,-0.657870379228737,0.399944671444396,1
3.62012324658791,1.16634089447883,-0.846265476135383,0
0.628504680307863,-0.32590604289606,0.508014291300899,1
-8.41965679818074,-2.45015007952151,-0.702292298856906,0
9.40587914329918,1.09354496465503,0.674083574296769,1
-3.43452847511144,-1.02922481548818,-1.25328671435863,0
-1.85136085490012,-1.18014792708813,-0.568769550771129,0
3.43564945788356,0.850034603895339,-0.429015458944754,0
4.5797335518544,0.350080118295032,0.909531147962236,1
-0.152462171992155,-0.533907709731329,-1.37126104777363,0
4.57826261105762,-0.140119627157884,1.34801156248878,1
-1.94518486473745,-0.656368650212668,-0.426803518969688,0
0.334131392109675,0.0368512166791357,-0.520241551517808,0
-5.69341133208192,-1.43318055461053,-1.56261692610483,0
15.1688879100646,2.1060468187713,1.34901064695042,1
4.48136123442267,0.637680078346618,-0.36587172591345,0
1.92311122538293,-0.336734372922408,-0.0459870772542651,0
6.95608687498479,0.701598641039525,0.952449231566287,1
-2.73522525959433,-1.55013822644243,-0.886840412240056,0
6.18035214759214,0.247263837581649,1.55353643539159,1
1.30998440397603,0.0329475077204531,0.123809723971689,1
0.594714771732072,-0.126960473021987,-0.257462766503186,0
-2.72949703741698,-1.46757963897767,-0.174245199181365,0
4.55706892306674,1.35657981792678,-0.25748331109281,0
4.30866114740032,-0.0858629813268668,0.476519244117239,1
9.21266440087229,0.997871803583051,0.604155153651628,1
-1.81950347820902,-0.476395414061522,-1.0303832060881,0
5.70660108835657,1.06425594639656,-0.56269202929223,0
1.30372261348126,-0.0999097145970816,-1.10648435391064,0
4.53293241703583,0.204297313523015,1.47459851625825,1
5.81217624897693,0.29881487660778,0.636934250079494,1
-5.29327488153951,-2.0842680077226,-0.159948252772761,0
3.86881372760662,0.148102844908279,0.0179266296042985,1
5.2265542882874,0.417929404518222,1.66548465210233,1
0.101675295415708,-0.242127039087265,-0.560152749880394,0
7.65267052646442,0.842737629175367,0.445889547429658,1
-6.72941070506092,-1.90387214181554,-0.653483581335834,0
-3.54655597671063,-1.50438452481113,-0.231339396608339,0
-1.19434588322887,-0.59024426505356,0.193210038790464,1
-3.10746896770597,-0.400051001735548,-1.73670303389392,0
-1.38213690066956,-0.306465773477946,-1.41234786832839,0
0.358107979568184,-0.512691600015972,-0.266189948795251,0
-3.32377389942707,-1.45006382837662,0.57634300334451,1
6.04847179703022,0.57177691175651,0.387663314341117,1
1.14633770844499,-0.23469488046101,0.202220119020669,1
8.31087769137009,0.571563217628408,1.4016404347796,1
11.2653885207254,1.39823968106179,1.50237310515485,1
2.65608577184525,-0.159684018893831,0.030550634915891,1
-0.577765709597292,-0.645086762083397,-0.608254544340724,0
2.08423616210236,0.567579849878463,-1.0814680362459,0
19.9908522747234,2.71705657823386,2.74346177616626,1
13.0597611040628,1.84714569208448,0.60488254636292,1
9.31526410351963,1.03872518034462,1.84520070502166,1
2.24124100129136,0.410970425937234,-0.698968312100315,0
-4.03370425232837,-1.19018711108673,-0.817882892809539,0
13.2113825735769,1.74500441809325,1.70446333344899,1
-5.76695754248705,-1.88895006184012,1.57013682665924,1
3.31821572399879,0.463832160508277,-0.184449076156741,0
1.65171682528796,0.2997714813401,-0.44131867900482,0
1.54124170141857,0.381312658913663,-1.21116369956025,0
2.9185225012277,0.0806050387433783,0.991441799377348,1
-3.96432774486217,-1.7711740698804,-0.16277193155843,0
2.07802331358649,0.718877668448445,-0.495469163332243,0
-5.16053380772307,-1.53744505305324,0.23789993519935,1
16.0556184237049,2.4397045348616,1.06599150748643,1
12.3932709073814,1.37842243776031,0.732194566097702,1
8.71063952371946,1.15083652198776,0.203636227811032,1
2.96270156905549,0.438825345983301,-0.3293856736387,0
-4.68987291094864,-1.65548792406144,0.93514807904053,1
-3.25220487295963,-1.1143844428903,0.00305118123251714,1
1.34953970572379,0.724325473241454,-1.02206519673622,0
5.37760190957138,0.347495826304785,0.338074576376252,1
4.4094613301117,0.756706861993516,-0.0252458388676029,0
13.889683907729,1.78952746108154,1.48953310061434,1
1.86861266021548,0.0556177627860473,-0.189113285724875,0
11.5900988294473,1.70817925354186,0.128612468545386,1
-0.360573567716202,0.376175043959649,-1.08758420449414,0
3.62279794594455,-0.260594442063382,1.57995201726393,1
9.72930901698366,1.48652130508162,1.02454375591785,1
0.560600743250448,-0.202932527672016,-1.24599665130186,0
2.07958367588148,0.207667578703366,0.127322712919458,1
-1.14892668727013,-0.663499668914632,-0.533893684079633,0
1.66155853377014,-0.512102447163993,-0.606894638280047,0
-1.33214052982999,-1.14960596461553,0.97335275784007,1
-0.962992666638774,-0.273558518304974,-0.76029000752914,0
6.4596609163092,0.882788672268023,1.20842905286959,1
-6.33467343663164,-1.2654050903774,-2.37609340153167,0
3.18302099996517,-0.03977174961594,1.32683603675953,1
3.29122798721466,-0.0571132995656852,0.539136333580623,1
3.88685207149838,-0.238318993613746,2.22927839752784,1
-6.06763233385425,-1.44684469468809,-1.84855832632102,0
4.09819971048528,0.869317619461829,-0.123611820262677,0
-1.02133355711317,-0.800254476950662,-0.964249385216504,0
-0.783794448895861,-0.0883463809695546,-2.30645032020434,0
0.759423891461239,-0.350193025307,-0.658555262041208,0
6.83164540789038,0.88003614375357,0.671776162013834,1
3.96612297103316,0.0995439549576242,0.471159043566957,1
1.05523387233119,-0.0919737254910837,0.563516278032456,1
1.19000805578797,-0.216025274540677,0.768826564922606,1
9.55021309230692,1.07278030277518,1.36498030912939,1
9.607520848914,1.09483922404532,0.389910320196302,1
6.97292721993577,0.749816689037947,0.597062393799588,1
6.03763653076957,0.759940483645886,0.114244581587418,1
7.80153044965113,0.695317027133558,1.02146080956086,1
14.4813520090443,1.79755624719355,1.72855611895922,1
-5.21478278923394,-1.87548158013789,-0.534816965908375,0
0.825426621622228,-0.167630456472899,-0.94061524255337,0
8.92638132788555,2.69405745412801,-0.30729866134857,0
1.93680352894706,0.906485868390585,-0.179339003550001,0
-1.48124214038166,-0.966047873347973,0.715180560205905,1
-1.10326660595486,-0.525457591039324,-1.18315486847728,0
0.775362916345209,0.406778567932521,-0.493874502642367,0
6.3672384463155,0.605521989794453,0.357605010212122,1
8.6430046970218,0.997043816182976,0.574858872334951,1
5.03797768086036,0.477481583670766,0.0675948459303247,1
8.57844832916268,0.993831242686468,0.250568926448524,1
3.25346931827123,0.591840549802123,-0.478576829016894,0
1.46914839527935,0.190652560059547,0.181022806516524,1
16.6348145261951,2.31255561797324,1.83852934337353,1
11.461051720269,1.52187391340839,0.611413822382595,1
-4.25523121609295,-1.19177241569932,-1.66730559100571,0
6.29393549586685,0.353959049129119,1.07157570698934,1
5.62849346744823,0.222554373563092,0.00808488115440466,1
0.534724924574443,0.268398196383361,-0.287625332304044,0
-3.7611771306863,-1.36555486389801,0.644971103165163,1
1.39486686742861,-0.194648350854965,-0.316506315057116,0
-1.50389576412326,-0.391495633707369,-1.24221583281706,0
-10.2570395507653,-2.76440242928148,-2.25121783475529,0
3.43658743528504,0.743678392166307,-0.317477486919238,0
3.6582096121749,0.694608253116508,-0.0662660562147177,0
-1.854215663011,-0.763865758467513,0.373109409999291,1
4.06198708836452,0.117273865061038,0.963376712375393,1
-1.9257749175947,-0.798904280182252,0.714318245154616,1
-1.9619106537287,-0.88777197225932,0.799947399010524,1
-3.57279717639777,-0.409505614661995,-1.19786603040971,0
-12.0129915181371,-3.45093252617964,-1.80950805048962,0
-2.19660500255262,-0.728810859762961,0.636605093328071,1
-0.27950883766107,-0.881846212980693,1.59257190288102,1
-4.38880955426125,-1.57853119466506,-0.423104462650829,0
7.22482648761603,0.474229133569593,0.816047689630224,1
4.70650081638394,0.19005245842317,0.474938940756486,1
0.581797931295243,-0.324719432437256,0.320855957590969,1
-4.28157615086528,-2.15632263899861,-0.772119469072155,0
17.9223395694416,2.99023188805005,0.59175083395015,1
5.86874441309577,0.323733564306499,1.76976276733538,1
2.85909025095552,-0.00759193657979329,1.23534235890005,1
1.39709786909264,-0.221835137110059,0.788911968915486,1
6.69557785222569,0.422543467272028,1.92692449295377,1
0.574067015572559,-0.0286577255798332,-0.409224705887102,0
-5.46736035459086,-1.90436025637979,-0.152469210036529,0
2.23639758792058,-0.15428761888606,1.33957889950153,1
1.89906208427674,-0.509745269105791,1.28758079487608,1
3.02539438920964,0.876762684936957,0.0155064038598397,1
8.0200444523558,0.905413682812534,0.614323618291256,1
-4.57085033261295,-1.60047761113785,-0.727242201505076,0
1.87434470273776,0.133921186256522,-0.136964638508857,0
-1.81855415928776,-0.379145225123968,-1.35040963068474,0
5.85642193152995,0.406590907706233,0.37838287244687,1
2.33118397039708,0.923790774065402,-0.584677404914372,0
10.7501600951942,1.1647631907889,1.22673432278252,1
-7.74836575800669,-1.44406841377459,-2.81936433330107,0
7.32589409947851,0.834365458517466,0.179094310623836,1
-1.301067354854,0.0149924437562022,-1.714939944734,0
-5.40720593332897,-1.17318728532826,-0.863796889221417,0
4.57769040810197,0.350248778341073,1.3232915575195,1
16.0451048005918,2.28157384665898,2.05403224676833,1
1.60322433083013,0.405306849878939,-0.65501435775594,0
5.60679948683105,0.323607977202734,0.456400836460336,1
3.14190538103608,-0.0463400506279952,0.230483158616399,1
3.77527250723564,1.00988406240739,-0.333858130845115,0
-2.10366525871039,-1.05003934281587,-0.379396678880959,0
-2.24677733064011,-0.827816221359832,-0.866227562991768,0
-0.135116746473901,-0.526784326806697,-0.239829338026409,0
6.62654097590129,1.0669181592488,0.592068102799706,1
4.99333191837138,0.73936925446412,-0.138431912487786,0
2.07330208281133,0.591083122418318,-0.332218579946884,0
3.16391011613672,-0.236194989950632,1.07362650384688,1
3.27290277945957,0.717149210441331,-1.04130721323471,0
8.06403289922674,1.14746689711124,1.10415381997192,1
6.3399848274517,0.653602425099111,0.13457073329986,1
2.1086640450231,0.285274644659435,-0.0213324849091135,0
3.7854508389165,0.429512830042479,-0.0152504307763365,0
8.53546065876995,0.97505048693493,1.76319248369636,1
15.6578461957618,1.99966180985587,0.683455880773246,1
-1.44136623360901,-1.01048592527938,-0.0183203208483426,0
4.93516429211277,0.564114470263528,0.0952748337394759,1
7.1691857607546,0.469502580175014,1.44749443387843,1
2.05919930984053,0.729178773651087,-1.48664100316835,0
0.916236816915981,-0.349597679283977,1.4524079236369,1
-3.30785766600467,-1.10785152246287,-0.688402287204927,0
0.747437030136731,-0.310430264801255,0.139291283097782,1
-0.203317195471876,-0.455665260226192,-0.848364113428104,0
4.13040897912396,1.16046773900988,-0.872258077000335,0
0.214951140686888,-0.375938018217843,0.296886527690831,1
-1.69736557748222,-1.21598337453336,0.141997751057185,1
1.6217828127609,-0.307817831184783,0.317080359597693,1
-5.45034682913168,-1.58624392827864,0.871903471822222,1
-3.79578958497353,-1.38486412168314,-0.618477163194227,0
-4.30595471217779,-1.25585023292286,-1.45486371530241,0
1.92356824704796,0.199503154036337,-0.0250540751823913,0
12.1918862475101,1.44868786050037,1.32396212028098,1
-1.46184190873632,-0.669567572417996,-1.28417382914102,0
3.19915815049741,0.129427078719498,1.14659915974771,1
9.08046769666953,0.801436251567261,1.09430352572971,1
-2.1938048687835,-0.989165046065582,-0.47577504079207,0
3.23838631660802,0.176437753889398,-0.562701914678256,0
5.52455705398717,1.44680064055657,-0.71590950069195,0
-0.543636054112401,-0.17839899210071,-1.14590838740073,0
-0.348786923051815,-0.288400222604413,0.0226801667865409,1
4.96790543711214,1.06431159719704,-0.64019032323179,0
10.3412805669037,1.26711849629074,1.69252220097728,1
-8.14050893167829,-2.06486832499307,-1.84208363922618,0
-0.83351725554945,-0.75779076411113,1.0879626664547,1
5.69326129996125,0.126003286324351,0.867174851760381,1
6.50628700714527,1.80784505370192,-0.298240180355425,0
4.63308200376944,0.209568211151609,0.969238396290999,1
-3.16505858293332,-1.21234016073409,-0.270237740674878,0
10.9178066571159,1.22375752616858,1.78432703329716,1
15.1642795931676,2.42588534779698,0.969258967711171,1
-1.65755373979837,-0.438314083483228,-0.525450014256459,0
5.41424438084864,1.08153170384278,-0.0127563392113911,0
-5.34949696409786,-1.63575567337516,-1.04337313006409,0
-4.17224323164744,-1.1037948031503,-2.19254848468718,0
6.82093802892147,0.695907040236722,0.317201543834937,1
8.35656894549043,1.34350330924391,0.286614828184328,1
3.80513140085257,-0.119873545943708,1.08456134932743,1
-0.391909125562594,-0.235572701393287,0.309898765073671,1
-4.69619176115197,-2.1272683726858,-0.786928614551857,0
-0.385756599515504,-1.02388856546782,1.4208591231886,1
2.65554534833364,0.504998518677573,-0.346457077016739,0
6.72861601558909,1.74832326883456,-1.04385632052004,0
0.688194569347301,-0.140558623618691,0.573760586923663,1
1.26031510242445,0.684949686799041,-0.89014703173821,0
-4.35855927770318,-1.19174189794952,0.77449261660573,1
1.40525329646418,-0.445234642212326,1.31163492478874,1
3.48973854743623,-0.147593089941183,1.82603532502304,1
13.9670071377682,1.76093949690033,1.48863515565598,1
2.37585339765542,0.228544840897578,-0.612307150799135,0
7.04677069152766,0.66881011360466,0.51054479687043,1
5.91078726278175,0.243263015770704,1.12629143213894,1
5.58325593729522,1.42915617218025,-0.599150149454488,0
1.97039711258053,0.228305864982999,-0.0614197455523784,0
-0.0913309985301817,-0.825034196079088,1.42652822058978,1
3.27554921160571,-0.0324771924983178,-0.00760216081094705,0
-1.25867266100105,-0.563848337691591,0.188116285627323,1
1.22271708059847,-0.0421683552447043,0.193204797032007,1
-4.76548214101162,-1.41015432660646,0.140306342877725,1
3.54019371089151,0.131916747815915,1.19146676663781,1
7.1034345573938,2.03382618296108,-0.289328446876382,0
-3.62462483514464,-1.29001462478485,0.193418930365388,1
17.5735174046496,2.73780233918584,1.21535013358704,1
1.00313282931411,0.606749535520856,-1.36375968054692,0
2.41062832940545,0.18327254450306,-0.254993969810906,0
1.84902351510453,-0.114706058351172,-0.141515847923786,0
25.8443995837369,4.36190241099633,2.81392366232495,1
1.32953741199053,-0.530536916917575,1.25052578476533,1
14.8585748975048,2.05365023604609,1.04566819536624,1
4.16778278448033,1.34318860800326,-0.0636991012555683,0
2.86867479091034,-0.295427267197603,1.40536964207847,1
-2.87369174854283,-1.21580300358213,-0.714657699115712,0
4.34918723394063,-0.181556363220494,1.61357426880404,1
11.6391652865976,1.35933500124877,1.01159324744966,1
1.32047835441946,-0.149522113927439,-0.125167961919192,0
8.61616715068456,1.00761298525436,0.275791046901876,1
2.78899798959369,0.676718631582693,-1.18367502539202,0
1.69462893931371,-0.026961049720296,-0.420564976156647,0
10.2647149251428,2.45844174453354,-0.0932789432191276,0
-5.89675763882757,-1.53921200405997,0.223665439158635,1
2.48466391675325,-0.0145381572332334,0.727489795965913,1
-3.93755369533589,-1.58354093011853,-0.664288486895747,0
-0.405315633955596,-0.342421930153401,-0.331915260878041,0
-3.09146682637795,-1.21815942621646,-1.25767802592787,0
-0.136277994612273,-0.616162795103114,0.133389255583042,1
-0.100233061080814,-0.251706388740167,-0.382995817294766,0
-1.45383038390195,-0.422957044257735,-1.26993081753547,0
-1.54404000677154,-0.91426618713878,0.159503856423556,1
3.07687131292122,0.28714499410613,0.204533571739267,1
1.12022955023482,0.181771549938062,-1.04679268213867,0
6.73091485797872,1.02703754933521,0.638391850025149,1
-0.462855011734376,-0.903181294995562,-0.417945824238476,0
2.13831605459883,-0.565918441457004,0.888845962037898,1
-0.762385223565066,-0.616239280243851,-0.253889364554592,0
3.71369002982013,0.797809626755309,-0.353183522498522,0
8.01695427166893,0.865697323107498,0.392123863245483,1
8.66801227574619,0.808224834280103,1.39048004140386,1
3.68901281942,0.197235634709198,0.276277351736988,1
5.0993534352862,0.201950972222162,1.24994815957181,1
11.2968417880035,2.09458610048796,0.896926286376739,1
19.4187020585153,2.99506459237593,1.08120001065166,1
-11.1176047796543,-3.20673144431978,-1.79530101114384,0
-0.00332890553435439,-0.27798091311612,0.0247830865548675,1
15.4805202798564,2.40495000110849,1.89364865900667,1
-2.21241458209542,-1.27736033043904,-0.136939755587584,0
-4.54406230823616,-1.22654966171756,-1.50911032402829,0
-2.83594664085117,-1.02080825145275,-0.736022077571759,0
4.0973038008788,0.117991777901121,1.26719766857588,1
-3.29791682096718,-1.0601047324036,0.264278054725094,1
2.54048543267625,-0.348907551997188,-0.304922986298137,0
6.62435166757333,0.566082284059084,0.267439990252774,1
-0.468358449097703,-0.639168709307517,-1.43599296696062,0
0.603094672900223,0.025679374834438,-1.24461368713886,0
0.112361496696225,-0.0796565015451718,-0.810794574882854,0
-1.53479193516458,-0.99209133625369,-0.441435887270385,0
3.19850596180044,-0.161551801654461,0.990750381999759,1
-2.24341599152727,-0.813872359635933,0.226641987519068,1
-0.794092765224789,-0.907693391587927,-0.47855083822575,0
9.35985915888193,2.3480729527312,-0.22259609161032,0
11.2519017222294,1.49432096032453,1.42665522559289,1
12.8666654064865,1.47512535138334,1.84429248380658,1
1.56808388857701,0.820490501757679,-1.08259080124419,0
-1.56474752553482,-0.772700464117304,-1.07731814630313,0
-5.03493216698553,-1.45164536641111,-1.71124027290614,0
-4.24287749369917,-1.62006401024753,-0.807773379493857,0
-0.148448784783159,-1.03996397751658,-0.094416163626761,0
0.385817413176104,-0.13019096709431,0.830602336100942,1
-0.481369590200827,-0.553327297424556,-0.164314780629095,0
-0.463908806528446,-0.589643841903292,-0.656575640709075,0
0.626899576332039,-0.236359311607825,-0.223832205125193,0
-8.47074838361886,-2.21549531838048,-1.49137491601626,0
-3.96750231243462,-1.1065273641259,-1.37353928088746,0
5.38986665782813,0.735481776915522,1.15726943061697,1
2.317998780969,0.59644014770757,-0.758320026092888,0
3.90040110732046,0.538427785854643,-0.288605166478873,0
-4.61110470519516,-2.46822255263132,-0.0126914258396832,0
6.88264798578871,0.621227809783452,1.03852182847715,1
-3.031047342414,-1.3611151093211,-0.69824533688223,0
-2.1322237753578,-0.990056169045128,-0.32292307638118,0
1.15072342771992,0.00777117747145285,-0.0227190803904618,0
10.5692744243943,1.73003280665121,0.663754791742872,1
3.16508598526043,-0.0904112132997902,1.30056831553185,1
-1.68360281675355,-0.727135337379066,0.217667439027241,1
2.62382997184614,1.1085803749849,-0.762418949888731,0
2.85100605750045,-0.160647893134567,0.336666291130733,1
11.749206560289,1.74931268565354,0.883155042390848,1
-2.25125379534311,-0.525012516998305,-0.871967767500579,0
-1.08680873951871,-0.631006379678404,0.342735891600691,1
9.25379659099235,0.810717936982311,1.16338589466919,1
-3.5255983555967,-1.02907353806383,-1.07583921589293,0
0.445594357497864,-0.00825842482961887,-0.239344672833684,0
8.62170738562949,1.30955215778899,0.293654456563363,1
5.62881681830605,0.314777712333826,0.4002078814097,1
4.3228971863341,0.662690388769958,-0.00782483375101887,0
-3.34158500139286,-1.07148721768344,0.257855459305024,1
-3.93336978471268,-1.19080860232785,-0.985403257193311,0
0.294329611460396,-0.576021979086299,1.28421950075613,1
2.10515442399404,0.214372747842428,-0.373967290791904,0
2.41670219475376,-0.41140575134424,0.887243823527032,1
-0.102398889549788,-0.650632190625156,-0.0685438632949826,0
11.3503521125888,1.59838737841713,1.07377042883336,1
4.13257925531508,0.406117751785402,0.566392066733109,1
-0.297954729043207,-0.511725618536306,0.972137934415139,1
2.43394963342308,0.376968567444102,-1.19881084080939,0
5.79842680795833,1.5941929075744,-1.11142325778888,0
6.730883776739,0.537230857105711,0.708728691164838,1
1.19639131026793,-0.463256010786045,-0.692993726128088,0
-2.70390020751057,-1.33496160843836,-1.14898643248248,0
3.02478366545922,0.497957071282848,-0.536916637837595,0
6.83055197347328,1.03198824990734,0.220128923151626,1
-0.27108613098659,-0.358421476317778,0.600264463225027,1
11.3001468718418,1.79307256631253,0.443428910923646,1
-0.90684884465121,-0.515165543259573,0.358842973258465,1
2.54276184419417,0.0855927199140684,1.04802289108142,1
7.68880371481478,0.981520535801584,0.616421365123158,1
2.84752157224178,0.7005785015554,-0.294152862154105,0
-3.05848643062616,-1.21462514030169,0.150188397258546,1
-8.16513056731093,-2.29935466193137,-1.67689261459974,0
7.39794086867348,1.00931797819283,0.422508171854021,1
6.72784449656686,0.90688248357735,0.00105389876046364,1
1.30464896643216,-0.381789036802932,1.22140304127867,1
-2.62623341010292,-0.763035373219214,-0.956017003111601,0
2.15623521245845,-0.166642279108828,0.740516073952382,1
0.68294716891487,-0.339690117542335,0.740263823777769,1
11.2268552237309,1.3758783073916,2.00230469164992,1
-3.43739230094137,-1.44006952985596,-0.728982902854266,0
2.16710976342017,0.203201393929359,0.254350676289325,1
15.7059236318227,2.38604569732656,1.11123305027809,1
7.78560256174331,0.879993448749544,0.764116756390732,1
4.51438542893479,0.271343990382154,0.486130976080513,1
0.417767429932232,-0.605486252170353,-0.200442658667565,0
-1.30293949710549,-0.687218599626995,-0.94223749911795,0
10.7080530534755,1.21797658588309,1.30372829560113,1
-4.22190304005595,-1.58145643851567,-1.5032405652637,0
2.86280095564894,0.989512262695501,-0.275753959004744,0
3.07694679349367,1.19878839267058,-0.783443466264932,0
0.305267237585234,-0.664586198309064,0.420134643903478,1
3.2590471078413,0.0481656939017521,0.0990964589549403,1
4.48836512983116,0.394421787838026,1.26011751260577,1
-3.24277492599939,-1.77405199293336,-0.839264428903754,0
6.87574899152763,0.754102041358124,0.431574986881753,1
8.95164378241848,1.6707716524123,0.209371558501644,1
-1.53439920278375,-0.992528115946285,-1.06818443751903,0
1.43731877957853,-0.259188376510211,0.838524698142931,1
5.35291440546986,0.400623690752617,0.479545473701536,1
15.1854399265957,2.25722130572651,0.57439016723612,1
4.68077527245853,0.59818215554955,0.741306174853868,1
1.98145625969773,-0.0159693875348102,-0.324211308384672,0
9.11671904504996,1.12729145274282,1.4907394565722,1
12.4513725837772,1.70890355890778,2.08334925251625,1
3.77796827380224,0.0946145135293588,0.507311563498656,1
2.37676992256964,0.0874559648257826,-0.0973418422946762,0
-0.137714357521928,0.0101596743562546,-1.0749577765467,0
-2.67017632574184,-1.64311342786985,-0.077422372364826,0
5.32417189322065,0.777015053058913,-0.220498607058821,0
4.97840507876167,1.26926012203285,-0.10591954588125,0
-4.73677865592074,-2.39214964207494,-0.297996002880632,0
2.49300057523281,-0.0788371030002579,0.562374683974741,1
0.145891592285765,-0.152482889528083,-0.0568575277234802,0
6.61765012614745,0.472596335209829,0.901774546922975,1
1.79546753136282,0.121230424912831,-0.0860384537236405,0
2.86884336573972,0.391760949275756,0.012381790855712,1
5.29134821255871,0.277319522524254,0.81994706745131,1
5.26020104299797,1.17642464863113,-0.599271673940274,0
1.76217544435586,0.396171205682584,-0.439982853138642,0
2.20426664225881,-0.199269570752328,-1.1368181217714,0
10.8081997653583,1.77904330404623,0.251586990557976,1
4.39299139362935,0.105322113659852,1.72717701653662,1
3.20226759238596,-0.395211530524689,0.544140343806458,1
15.4960342898869,2.67221919376356,1.0331398182827,1
-0.941738425978187,-0.564834341984466,-0.422194561987405,0
-1.18103291817402,-0.770047212492378,0.758739043545839,1
0.332296944757309,-0.405283958350732,-0.260185964136495,0
-2.65807586083402,-1.28078975266408,-1.22320641169392,0
14.2677811334889,2.25292723963767,0.232036888444038,1
-3.81746956672849,-1.1296621287326,0.553594033430253,1
-0.613360918764018,-0.456880820912202,-0.222151328602606,0
3.29735296080633,0.55765456707456,-0.552793830033067,0
12.436042135704,1.60233877096686,1.36673727640898,1
-4.80508973280628,-2.29873362915511,-1.18075947952979,0
-3.2752131756177,-0.882289154279053,0.674299916559234,1
-3.13696951437197,-2.04863789420239,-0.300355749140225,0
18.3333874385306,2.78642472017788,1.75288018878546,1
10.2952885743278,1.40911323324076,0.646854049652489,1
5.25370100051459,0.884696636401083,-0.0401793499519362,0
-8.10597417907754,-2.31853760276638,-0.767136753672397,0
-2.05512766625935,-1.77413869430455,-0.556672487879641,0
2.52523525426047,-0.0423659216717023,-0.0712348227277985,0
17.7673677176767,2.05580221856744,2.27939138835552,1
9.93598822463038,1.4059427634726,0.919682477634402,1
-2.61791424514459,-0.945478927277971,0.21075910451027,1
-1.22020560435109,-0.947956199232248,0.0455349356344397,1
8.3136131287906,0.88885206138476,1.3794880135169,1
2.18825189251227,-0.271676778582746,0.0588511552180133,1
-1.04110631106074,-0.37161929665951,-0.607689595873443,0
3.29510590361686,0.183723894893981,0.22883884895172,1
13.731101519283,1.6900739870791,1.75709879461688,1
-4.85048805874571,-1.27937933421732,-1.95293422842215,0
7.1772644708775,0.917333421455896,1.13692737269447,1
9.86195171628932,1.66822504318042,1.24861312584163,1
8.16922838455984,1.16495451759887,1.0859599958754,1
8.94248587758355,1.14693969498799,0.293028106706522,1
2.49855129438172,-0.264060218527662,0.775622264378634,1
0.546825706027099,-0.0110212462643283,-0.103066600786783,0
1.78839481984649,-0.289526681526219,-0.6271043198438,0
4.95403896171936,0.183128254755986,0.781451426977811,1
0.331297996775851,-0.745281659916425,-0.0812194413168299,0
-3.36147071555635,-1.15635707948673,-1.69787030980261,0
11.5346801311744,1.88879917656256,0.573850713970782,1
19.6335466678051,3.34471907311514,0.702963725586142,1
2.08962641236385,-0.216443485293269,0.50173537083185,1
-2.98695694040596,-0.656452238745819,-1.30930100696652,0
-4.3537269217783,-1.50303999898804,-0.84186979547882,0
7.92401676059706,0.745360759478391,0.956890936672586,1
5.51594410852046,0.532510301846415,0.00569776979078544,1
15.3853156514204,2.46745561880458,1.3228648191701,1
10.0359784172277,1.50400175008216,0.643930773088652,1
-1.5397489655586,-1.009123076858,0.696798576264371,1
0.354282120527126,-0.874720981342245,-0.147215019662076,0
-9.44225915444695,-2.44255969972165,-1.52482257458377,0
0.751921692016782,-0.354528768168722,-0.0746190432862198,0
7.00602080737935,0.934139148914075,0.748194450505549,1
6.35626600815381,1.56269761710306,-0.0931873749814978,0
3.10558467162195,-0.058312752490242,0.62009607301173,1
1.00646375604834,0.233465008091693,-0.126531294586216,0
8.08217849860115,0.607397975353091,2.19161462732238,1
1.22364953626613,-0.295500270000062,0.0144191623011522,1
4.55532154370216,0.852600063185699,-0.0137974574718092,0
-4.8585667578031,-2.01617900723322,-0.780167384790967,0
1.23367815230261,-0.387417797719906,-0.414388391875632,0
1.92546691229178,0.548094474422685,-1.30211118179397,0
-1.2763238889143,-0.62909498499497,-0.626878907894554,0
13.803616881852,1.39866744509364,2.90254107588111,1
7.14239707866855,0.651049334415335,1.46410577795153,1
6.98218948008987,1.53238385774009,-0.352826463347171,0
5.788123662625,0.100913895261782,1.13944349183597,1
4.37715751286875,1.10684686730112,-0.389814417118206,0
-0.544168756548507,-0.261884088397171,-0.459829706578718,0
-0.260774867355862,-0.74734811248394,0.359231153611086,1
0.219319404800611,-0.665132707277452,1.7392291606205,1
9.86118246029626,1.27590198892004,0.586798340470307,1
-4.51225331357511,-1.05449837490266,-1.58480904198925,0
-6.1355760305186,-2.40535147326488,-0.992551005913007,0
1.25278403097517,0.199820651144506,-0.458243312664667,0
-0.930923954776858,-0.903780074049944,-0.773304933012037,0
9.45351174000663,0.931889012725237,0.757094000800576,1
12.7880671999124,1.58314806955959,1.38073613800283,1
-2.15824381758535,-1.80792424993866,-0.412660013966094,0
2.45251613222842,-0.449173407142668,0.610226541120049,1
-0.0891289829863349,-0.0153285792372284,-2.43499561408827,0
-3.42599947546391,-0.895355559749938,-0.545259774833389,0
6.07148118907036,0.416257544562269,0.638829848645322,1
0.84807303942046,-0.17662268870299,-0.219839592913162,0
3.09766042937855,0.64637305762684,-0.0114396487352918,0
0.116669833333127,0.422228494014279,-1.5060646215975,0
2.58860130224638,-0.369560551877435,1.92979707687465,1
0.838631441643341,-0.147033761489117,-1.62108909118797,0
-1.52354775684468,-0.496967336711089,-1.81910422281118,0
-0.58660068717213,-1.16907153306972,1.73093169015692,1
3.64070747628054,0.980501710611103,-0.401006727935797,0
-2.08525043084322,-0.479194284538849,-1.37038371158874,0
2.88229619398868,0.513079152256354,-0.0768662688355376,0
-3.07322505189418,-1.11658925644485,-0.556100407475451,0
-5.61201744775805,-1.48989342078697,-1.84477880247821,0
-2.83112452332322,-1.09441149000694,0.207666526563987,1
1.35123446917663,-0.328723288234454,-0.653618901802683,0
9.18843497775944,2.406787025489,-0.51782625678111,0
-1.81137403103865,-0.568452709673549,-1.41877072066739,0
-0.477511022608274,-0.810013072390049,-0.947670650984837,0
13.2434484057012,1.46637077730528,1.4994127890725,1
3.77683786032321,0.445918438511913,-0.301506046030953,0
-4.01033959429439,-1.87569999926591,-0.357296141119455,0
-1.85288679948155,-1.01320948682147,0.436658398823973,1
3.72989653394693,0.609439464795205,-0.0730178533167939,0
-0.111759110092768,-0.495344419544335,-0.030314062134676,0
6.25002834390622,0.684204326127455,0.320133552248809,1
5.21539845159129,0.484366679507085,0.820726351936652,1
7.83564385777769,0.755306823390092,1.09312965183467,1
-3.78180327056312,-1.11101570231947,0.435415960437215,1
-0.255281623639478,-0.982764111099505,-0.0876538238702039,0
5.77948948861564,0.194973542053175,2.66021281073653,1
-4.2561171461306,-0.503983664812687,-3.2895105663178,0
-1.59487710684165,-0.655638080849532,-1.19827251469914,0
-1.793303400635,-0.314908709073233,-0.879620729789791,0
8.12344316432405,2.18544323980035,-0.0500881058278387,0
-0.699665455706014,-0.640624598317172,-1.04124532127833,0
-2.13993595555707,-0.80182022025425,-1.39705000334748,0
-2.63570080379361,-1.54596276699492,-0.406362573914557,0
-9.24917966944047,-2.83790578484408,-0.796203735156304,0
-0.927221306631243,-0.630151761600296,-1.23833729671144,0
-0.977711728366839,-0.517889157059551,-0.780253176976843,0
-0.13233700315473,-0.205919357742849,-0.215059684123291,0
11.6276216706875,1.18461049821041,1.49932361304602,1
8.72731846101462,2.01207043576364,-0.0385824853917674,0
6.89756071796159,1.7538301689202,-0.0843735419408137,0
8.6069318781417,1.18229276485112,0.476360794196307,1
-8.46561247942149,-2.05433977412556,0.419896330477406,1
-2.7680990175927,-0.977949833363628,0.68581963157947,1
-1.29496354403408,-0.415415309709486,-1.85259616444868,0
9.38678248517084,1.33362726296939,0.818219522624534,1
-3.91819157661444,-1.30961852538293,-1.41350178361385,0
2.96031324433329,0.329313520127844,-0.0587966592648843,0
13.3273721510954,1.50641675505048,1.21131812713489,1
-8.36945660732369,-2.04662123970033,0.0243181796759768,1
2.88346158935305,0.536584459840648,-0.229596719654309,0
0.689179461648082,0.0820447628424416,-0.74543986448612,0
5.17153900076359,0.859634960569645,0.619523462040018,1
3.0750799931615,0.80655730963098,-0.726701801330235,0
11.6710336516066,1.4323889862173,1.34525248732503,1
-5.23098868308946,-2.24570893032555,-1.04153154692786,0
-3.36497424097278,-1.6357650246533,-0.56492174733572,0
-4.70321069110536,-1.95365798677439,-0.0551708351819396,0
-5.64874461192908,-2.98647976118405,-0.237027653109257,0
0.553100814363798,-0.496820834007774,0.974419469860601,1
-3.17605617130609,-0.919495257859122,-1.30810550723605,0
1.95950505826524,0.0767078731126163,0.344119215880025,1
-0.455135301816238,-0.140848720748675,-1.07081499966219,0
4.18419967811105,0.740198348920785,-0.417871974144287,0
3.67009023154753,0.226599095124483,0.501181287943768,1
7.45882118702271,0.731452760434983,0.459363312380484,1
-1.14611940601406,-0.598719405183467,-0.778263073327833,0
0.293179014714058,-0.0368855347618225,-0.929843844438112,0
3.57464545722062,0.922959298903071,-0.033965147916783,0
-6.10216109951353,-1.99575786270128,-1.59269769602689,0
1.84017225250785,0.229292794761182,-0.38170612713229,0
-2.2774447566146,-0.474064744059239,-1.90645330838275,0
18.7398466047933,2.55830896010504,1.64687789981953,1
1.72436253338015,0.0891378618100256,0.107123344675991,1
-3.95439592961605,-1.30617681291509,0.0583327107870056,1
-2.22908146503138,-0.89368970936697,-0.331459926587903,0
-3.0900243763775,-1.26810347355222,-0.214118142902411,0
-0.415665588760581,-0.610385127078214,-0.315510244951867,0
0.958170721163884,0.435445274521821,-0.784577012468681,0
-2.24487259713918,-0.567114297798565,-1.44962970505503,0
3.06347317646377,0.48341698962604,-0.178945601205496,0
9.14336603191238,1.24538774914592,0.0377422238306941,1
-0.431337161846776,-0.706953577291756,0.236768611471026,1
5.71105122480026,-0.0966614564915491,2.39429485648981,1
2.17339790934694,0.0471714990471368,0.932361026292347,1
-1.86149491865938,-0.749400855068445,0.167829857526035,1
-2.01126864157496,0.0258800911191508,-2.33164058268204,0
7.18935737366634,0.702819062297007,1.30822822953745,1
1.34130641831467,0.829481395001658,-1.40367958189773,0
10.8349512962015,1.28298715768615,0.5818339341173,1
1.57247973477069,0.123082597016894,-0.763887742770618,0
0.755755716091254,-0.710361703727252,1.23372357218674,1
-2.85363642328598,-0.714301082141149,-0.685210660270835,0
0.221714720302176,-0.526284249295568,-0.462854833172723,0
-0.866058813513781,-1.12586856265639,-0.451357838314478,0
-1.12246228438856,0.0480749423535706,-1.80951301712979,0
-1.91512141819391,-0.880369395540012,-0.161053503212362,0
5.47879390341662,0.762645213211703,0.256774123049659,1
-1.76792383353289,-0.834854057174066,-0.345842260146524,0
2.91292895342416,-0.0206140292914785,0.527847067048342,1
2.0848803130586,0.458880609991004,-1.25315653469279,0
3.26075099029861,0.105107660435171,0.0859871357674094,1
-0.332133956899322,-0.899782539101278,-0.468934565196943,0
-6.04563166225224,-1.27783513056506,0.950290926447146,1
6.8286726557765,0.604836186272298,1.37198549287616,1
1.56255830808258,0.881362172792709,-0.574251178360538,0
4.50087349580039,0.979570184871573,-0.0510503845382707,0
-1.58806268690593,-1.15783473398937,-0.21428884030854,0
1.18191100673126,-0.227733878814112,0.191247405735571,1
-1.57576125159622,-0.961698070747486,-0.643177415952509,0
-1.13419918500279,-0.565116498521868,0.235419568796472,1
5.37839349740721,0.349648658204954,0.874211673318413,1
6.95929797783024,0.529391839230752,0.308427255915904,1
15.975306236666,1.9889523359047,2.22842796707237,1
1.48172165524365,-0.776590183545806,-0.153480952654835,0
0.0564992305625934,-0.150699961119803,-0.923375465236722,0
1.75151163410279,1.07936116132942,-2.12082247326715,0
1.54452224882174,0.173733184314361,-0.334089548890623,0
2.5494530944513,0.105612630167566,-0.642139236793859,0
11.5251834732984,1.38535838663815,1.90737379486406,1
6.63095770370005,0.627283459622113,1.48640138867933,1
10.3389176803804,0.680274943659391,2.25553164882606,1
-2.78636106431705,-0.875550277340175,-1.02271234291515,0
-2.40008675179566,-0.972499394542113,-0.527184742036171,0
12.0364582421372,1.73600587443898,0.676649433174322,1
-1.8715345492237,-0.955352449614291,0.0620662769704189,1
2.67635481382102,-0.133487104355747,0.33033229346203,1
2.09658708290641,-0.337232204257989,-1.0310380164752,0
12.71420045002,2.19859748646417,0.584117346025615,1
-5.69305068961641,-2.35318794179191,-0.436454450442285,0
1.86930403624556,-0.27571239312422,-0.271274552472875,0
5.19958777402277,0.336506342965167,0.467425101476641,1
8.85553916778453,1.01057715557383,0.598792182892595,1
-1.38977459731503,-1.30739987973562,0.243807627750267,1
6.02207386337686,1.00362362905785,0.782444274524449,1
13.2318713672235,1.34397338736303,1.01712466388779,1
1.11314466043465,-0.510660372858665,-0.208907908874414,0
6.43033941566098,0.749865680798482,1.58812385550083,1
11.2620944272982,1.62238993604441,0.940619601021401,1
-0.570222441722661,-0.801518780714034,-0.704619161343523,0
0.0288373089188432,-0.221204363795602,-1.06781435930813,0
3.38847116397748,0.518393054877596,-0.340203381784192,0
-2.99857771277829,-0.679342242191861,-0.924952568771511,0
0.0263766756038467,-0.243269431993203,0.0936587734513225,1
15.7033567213705,2.27539398291698,0.995548506789924,1
6.03379985702608,0.446394898650294,1.50261707889278,1
-1.12923293446058,-0.753259705572845,0.557165442458617,1
12.8200229690486,1.47162908698363,1.53443119319042,1
-5.26772808943465,-1.74592666172646,-1.45810932117115,0
-1.42214876701165,-0.945849505753951,-1.08426339542759,0
4.7783314086621,1.31485884911903,-0.0735952963895676,0
-2.62929855283481,-1.23911522375493,1.13830826898689,1
-1.5415811822407,-0.748981725729176,-0.818059497109779,0
15.4266436083068,2.73871981890018,1.16262856112612,1
-0.400914502812088,-0.420909120696862,0.244989769679186,1
6.13555926708187,0.854254697383228,0.0966697841165499,1
-0.387044563899545,-1.00823713605966,-0.20314192310503,0
6.16584212627621,1.08105008089901,-0.292173949368997,0
-6.40627494115727,-1.75482812819629,0.422678441299709,1
-5.28909314894636,-1.8766927081476,-0.71827270812339,0
16.1781716346242,2.66021735547351,0.616464638031328,1
10.6518623557523,1.51586674537097,0.671389248976689,1
7.78103818895322,0.805745885851686,0.920795129553609,1
0.421781288091955,-0.245605356406382,0.0816374993174178,1
3.91923576840715,-0.0417502301087578,-0.109206318969146,0
7.90669324323236,0.470548868043865,1.11355497881837,1
14.4716253694509,2.58812907314982,0.515873250931517,1
0.642859828290137,-0.323040645613576,0.619087599928224,1
3.41260343512944,0.390257643909685,0.443398438250172,1
0.557416613864691,-0.0844026226556576,-0.344702695290806,0
3.1957405909692,0.316511667213051,-0.111625092318739,0
-4.28761128806295,-1.33593570723537,-0.665118210457472,0
3.52199968438017,0.080801309888564,0.332335596705746,1
9.92851240684349,1.2859862076594,1.03993460094898,1
7.73669934272282,1.10454151002525,0.742787481059955,1
1.42665113181857,-0.133623547930115,-0.719927295029055,0
7.687162852638,1.43382092457691,0.34366122447512,1
6.7968405622185,0.703731535258334,0.719294060899778,1
4.09684194667666,0.743762991770872,0.181053707184373,1
13.6845276241362,1.96322672521605,1.82684849623759,1
5.27055931043309,0.310112927262723,0.35682283397705,1
-3.01037119042814,-0.787187788281795,-1.69698979686997,0
8.08405623311845,0.756855843027141,1.59164292722226,1
-1.3917429631619,-1.04771537787563,-0.784672800264394,0
5.36976618381238,0.702911091442481,0.00721200347999325,1
0.758903069871103,-0.0660382803343236,-0.643585816611077,0
-6.19967453846005,-1.98117303346584,-0.654521764955324,0
3.316414849364,0.379642799263898,-0.165440636940245,0
5.78005601537758,0.110636197958493,1.25702287187484,1
6.09383665787451,0.190550849717353,0.72146857352324,1
9.19865381638501,1.3373693244408,0.0495126885514241,1
5.34803873899852,1.37737634983348,-0.741437009172367,0
13.7734763426716,1.82842009292043,1.03285833404068,1
0.69255321348238,-0.042761935370956,-0.584309844394447,0
7.62666541611662,0.591459534672974,1.46881863868041,1
4.08343347907869,0.182559463122552,-0.241636782556502,0
4.62550453411663,0.49660259443815,0.144773612319306,1
0.478652602018483,-0.244172371938015,-1.26220323667995,0
9.53466065295363,0.605870992980076,1.97290724738555,1
2.60573616769695,0.408079327196223,1.019116006744,1
-7.16179075120913,-2.96603028854351,-0.409665278116333,0
5.95138148920719,1.49742124441066,-0.120830542653908,0
9.29218703717195,1.58239050165648,0.0524001934105258,1
-5.29896272217922,-1.53360262210105,-0.348708057232887,0
4.80283535600442,0.949432356684978,-0.432693718655548,0
-4.34597690357829,-1.37429654812342,0.179757057761206,1
2.16648021167934,-0.144569226653883,1.75733293796027,1
0.156150591341847,-0.384843960975755,-0.818412487226146,0
2.06588999194842,-0.110704484354786,0.10608641090448,1
-2.05211534135251,-1.36763903289537,-0.590468407292489,0
-3.55129880395511,-1.74771258457151,-0.182110377862232,0
7.98677477300869,1.17980872269971,0.301591690501474,1
-1.82293053861392,-0.949930869302883,-0.36659539876041,0
4.51707634987288,0.606127274522118,0.484164466344733,1
14.8746195891507,2.05173908895085,1.89692525916274,1
-2.76930710218151,-0.999843241006218,0.295530531912516,1
-1.49439289076578,-0.816131527711214,-0.0508319163531285,0
14.0402229154696,1.83292213996424,2.00055495335867,1
-5.50688353094263,-0.945350927303577,-2.22366905347773,0
-4.1263194110811,-1.72623101675276,-0.612215964797937,0
0.796464949866241,-0.178249437173574,-0.0153180678812478,0
15.1897391337477,2.11177411539485,1.10795445432987,1
-6.38017958594646,-1.66538196107936,-1.86068806344556,0
2.54050321381233,0.386015760846446,-0.758663367091374,0
-3.96297649393897,-1.29984147742389,-1.16791564614005,0
7.45994928028894,0.71037730611982,0.871264144443247,1
-0.598806131898083,-1.214425413099,-0.228775171147233,0
-1.22060861369001,-1.06828248340176,0.42236243161067,1
6.48974736746173,0.505537439374061,1.47995527357008,1
0.358798708901606,-0.364628370072753,-0.741849900193846,0
-3.63191063549493,-1.05932818477885,0.661857764790465,1
-0.913429057644447,-1.14086370466941,-0.190849806036091,0
-0.274293656982691,-0.532423450230233,0.282600822242496,1
-1.75357385731831,-1.05997925876571,-1.14745200189338,0
7.67539830680047,1.06555633190716,0.283694102779039,1
0.279951025817484,-0.573609285336289,0.0377241312941825,1
-0.125869895370667,-0.550381935687518,-0.239317192766231,0
9.15964260056395,0.893830493022488,0.842076796099886,1
-1.47061952212207,-1.26394305455008,-0.303809983439645,0
8.13633143136554,0.684765722969324,0.986701544542104,1
9.55044515744546,1.02701011992552,1.57641889180192,1
3.25349747878807,-0.0133130400574448,0.367013049089853,1
8.8245859518852,0.674416855559314,2.16994359957495,1
0.585682817788807,-0.159233687778863,-0.920508925199989,0
-2.84776547782179,-1.67500703144219,-0.25815707657067,0
-3.83000075219435,-0.918000465161988,-1.11097958304634,0
0.496660430626154,-0.549287627429402,0.894997907223948,1
0.121279709452932,-0.486604830469637,-0.0859137208135009,0
-0.357764359260531,-0.324280338577553,-0.0992344968638634,0
6.00509957113503,0.59227422306649,0.474650227900176,1
-6.59773033826112,-1.75973502892248,0.486783400460879,1
5.44379668733953,0.10311885533488,1.31147594214096,1
6.30792143040516,1.18839480348792,-0.12391226886327,0
7.13314123236746,2.2649814523945,-0.608460145704072,0
9.14799295147943,1.15603288130168,0.132551791871476,1
-2.58207786964947,-1.10719909036065,1.14143104285166,1
6.40727339749377,0.555048600131955,0.650103069234177,1
0.63489332354572,-0.243869044339643,-1.02979365871568,0
1.92930410667394,-0.200093709010952,0.54916976075063,1
-3.97303212288802,-1.3886444402241,-1.09736529904252,0
-5.15614012829433,-1.25793843462321,-1.17831072214109,0
2.69577335251864,-0.188205165070556,1.06528079287088,1
10.2852682707436,1.3681143572931,1.93293486665544,1
-0.409485873633926,-0.680906065251414,0.496230872633519,1
-1.38090509122974,-0.694644698842637,-1.26327952617584,0
1.91348898072369,0.197892300838431,-0.130240934007302,0
8.59267581976928,1.25036577080932,0.81956678267493,1
0.0575793222786827,-0.153081432864735,-1.69805706890366,0
-1.75680086541051,-0.591894078997514,-0.942119332369367,0
0.12172278456705,-0.23924973394304,0.489581748054043,1
0.435766198491392,-0.495087948433137,-0.192941275105023,0
-1.41327412619076,-0.85543696218253,-0.0815509374107169,0
2.96360915842304,0.707485986974803,-0.3161217176837,0
-1.54767909786976,-0.364359594795338,-0.766778650223259,0
4.62297208466993,0.463835760758538,0.226992338551626,1
5.76122829769841,1.0423389593641,-0.47444263237261,0
7.63273936176927,0.85440267273087,1.26833720377559,1
5.74336306382794,0.636196895838519,0.396623984901543,1
6.54507496773304,0.967316429215766,0.154125892223905,1
6.39818384569641,0.688947668626893,1.71749658409968,1
0.633723424416232,-0.789147999751597,-0.220312370524019,0
5.47269183145676,0.681492627809078,0.306061521089599,1
-2.03798173761714,-0.559506037674289,-1.22922415978328,0
0.242523559639499,-0.00209370694719258,-0.32899740087261,0
10.3582068773253,1.62635863577951,0.214089857638088,1
3.95977883896232,1.21590987573761,-0.82152641112804,0
-2.72576950940022,-0.82965506332924,-1.19100929429009,0
11.2163147882315,1.26457014088728,0.632250628227388,1
9.49039121759815,1.02858506115744,0.712005089624019,1
4.75609215810566,0.740974298124893,-0.410020907993587,0
3.76995983417227,0.668233676049823,-0.15334363374632,0
4.89786842599419,0.346777948366671,0.545902395869332,1
-2.99078672447219,-0.884380380327238,-1.32694600344713,0
-3.15928780380795,-1.29096191150311,-1.3203622520864,0
0.0134037476549977,-0.840352292468601,0.611450633519406,1
4.21097353494776,0.774674318620048,0.493452584390094,1
-1.63718943186752,-0.196957271517445,-1.68688424768943,0
7.94763880098363,0.704896114998497,2.37227688743121,1
6.10108195696866,0.503621230402573,1.0447984672348,1
3.15038358088664,0.346091635332686,-0.531209335768512,0
-4.51125917462939,-0.987088223533092,-2.26722690849773,0
-1.56402431470367,-1.28132930832737,-0.417943233317568,0
4.39090336838407,0.373875373339257,0.655605153537173,1
17.695423150794,2.49507126740928,1.35637184772241,1
0.892651842380889,-0.849657112629626,0.578223092728164,1
-2.22463588492493,-0.984569439392057,-1.72152939281002,0
1.76682715791604,0.563066886104794,-1.08223485243209,0
-2.3008995713952,-0.95996951387035,-1.31434688018281,0
-0.831552020578363,-0.415063893330875,-0.418254369261042,0
9.93607719450087,0.8879311769575,1.86812349997109,1
-2.85634257365728,-1.12624074853035,0.0733444534671685,1
2.44262379068941,0.561948144329037,-0.223593446581291,0
1.32122104133747,0.124672708453156,-0.174568043329554,0
11.6774715911972,1.41705407673763,0.839963730510385,1
-2.16850836896831,-0.714353735270156,-0.402244128486777,0
3.68784728260034,0.774854122471654,-0.123376874847548,0
3.59214335482444,0.53205943408753,-0.446108994038081,0
-4.83983519333063,-1.542194591381,-1.09414950819908,0
1.24467301908572,-0.285351080587632,0.116356760857047,1
-0.250462577584624,-0.237636285668983,-0.72875047446437,0
-0.0720158767208217,-0.30112645405471,-1.20196697053847,0
3.18517516724536,-0.63226584872913,2.62384929692478,1
4.05797452584585,0.516128574209989,-0.247476518870943,0
4.297704442229,0.182944338949753,0.290254348881347,1
-0.149373862368781,-0.19960958931389,-0.382991172058524,0
-1.990409883041,-0.617819497000489,-0.603396852260609,0
-0.1485130697083,-0.752826984766877,-0.575248640597304,0
15.5683113097126,1.59059925770034,2.45586709128141,1
-4.78523676875126,-1.24933839193793,-0.807551375263229,0
-0.607738905487282,-0.653960675498513,0.88116838024794,1
5.58637550745954,1.30015136483772,-0.717412634675543,0
1.48430478023382,-0.104581909113182,0.200584487505788,1
-4.5950786857394,-1.68758241740694,1.41191694777111,1
17.9109823629996,2.78974087236469,0.398079400818512,1
2.38707096120068,0.120941411459358,-0.414868576773469,0
5.68030404392283,0.880660857916219,0.0353271756139726,1
-3.99757214513746,-2.51912052682117,-0.452522731775758,0
1.17024684407038,-0.0472970617256817,-0.866492284140543,0
-5.03156298317278,-1.71157626609827,0.987761283720702,1
6.47553332020846,1.69133836611191,-0.752805406456437,0
6.70790547547436,0.0954303238502779,1.92787654352049,1
7.88333281839214,1.12067466976607,0.257621033509399,1
-0.889429026946509,-0.501890841887715,-0.873802625421904,0
-0.618989645626917,0.0308634123276327,-1.16414059852088,0
4.40152268107707,0.40989235662634,0.415762813553895,1
2.520012511954,0.438964835249055,-0.600534042535657,0
4.31993305856077,0.337320371837741,0.399439786299345,1
-1.94464944268225,-0.612198033957592,-1.08834659762701,0
12.9706057550995,1.62162536937799,1.70666960376118,1
15.0968774747912,2.58722268675363,0.0739625415193122,1
-8.23561384764828,-2.45440220467751,-1.27160263848181,0
2.028200450617,0.104427423539944,0.457957076280795,1
2.37949503740493,0.329832915764088,-0.536340834978299,0
-1.77176297394863,-0.249766615224484,-1.20096881648409,0
-2.77406777179794,-1.12857621304176,-0.834221315131876,0
-7.83414941569064,-2.43441141970926,0.625815502831969,1
4.03061331943942,0.502554474991259,0.263728121597118,1
8.57653597928243,1.18076235277094,0.274417579490657,1
-1.50617518255261,-0.710080408804902,-0.194297836391784,0
6.81218217429792,0.512514751227031,0.706771791720971,1
13.385542967121,1.49902481499972,1.59034283057647,1
1.95472978077293,0.45277180374846,-0.123411533072684,0
2.54263421396701,0.20419603868844,-0.325663905473427,0
-1.21244427052521,-0.320078799384588,-1.11651476810406,0
2.03747875437279,0.0754402111060687,0.216748181037507,1
-0.173052872347788,-0.583879165915166,-1.14172133990612,0
2.39798884757359,0.52263647654598,-0.863711369784486,0
-3.0647209099776,-1.43837605717534,-0.55818502475836,0
10.8022005471434,2.43161126020937,-0.0110704976975086,0
-1.82371426590518,-1.654261746682,-0.441606184035662,0
-0.206653156859941,0.091307978951642,-0.548399628649697,0
-1.5164934203625,-0.57703959367822,-1.11237914511264,0
12.9909626764211,1.93951184234687,0.47331534079142,1
0.628350251379464,-0.430140647823522,-1.13747172835256,0
3.55146707540027,0.525832424253207,-0.981395039675674,0
4.31125654649948,1.08774617261174,-0.0415492717112391,0
-7.14369600153866,-2.76826653934611,-1.32057361517282,0
3.65857426272621,0.324555030962832,0.132193086042718,1
-0.386040558562234,-0.33293438170643,-0.90349977188226,0
12.997291386223,1.41675173010646,1.65487641274647,1
-4.1550343940833,-1.00020798695422,0.144129530259854,1
-0.197312077678369,-0.786906521934794,-0.394345613360634,0
3.29298440200773,0.256399383847058,-0.0551654042416525,0
4.48563485159978,0.207305037302286,0.212262627212198,1
-3.87806397834476,-1.08617712265005,-2.72032674993933,0
14.4263530869867,2.06105732354123,1.62705696336627,1
-2.60682516696201,-1.69706823854916,-0.297910992586715,0
0.865974174839426,-0.549002471111332,1.3756223309986,1
4.21541173667298,-0.0506942502122569,0.896642766249951,1
8.2476008106464,0.971762250223875,1.75692868965063,1
-2.26679410835762,-0.602829027466807,-1.17263112977064,0
3.25828747995693,0.149391481643993,1.11320494889943,1
5.93544779330768,0.733712816853605,0.336470995687765,1
8.63426938156507,0.930826063392306,0.274160244125433,1
2.19843284253675,0.546424051074956,-0.833085559111502,0
5.67792207180503,0.230176296236613,0.802583511986008,1
0.569608642766583,-0.377876233002506,0.172676800762997,1
1.72511295818507,-0.16472548473874,-0.374292519756178,0
3.94157747102067,-0.061539207530336,-0.0694230943739365,0
-4.7046492743491,-1.40610944290708,-1.30726990790352,0
-1.77712644669703,-0.488154940166922,0.131540125659432,1
15.6559980458012,2.23124890217136,0.581402087037336,1
-0.699653796292544,-0.842471125310847,-0.335291509215102,0
14.8734722338889,2.1961455499365,1.44085126126495,1
3.01337520037104,0.0239600053538452,-0.0163753104705105,0
1.16697177728153,-0.0409124581635539,-0.678897776962137,0
-0.281946406822292,-0.897318540076989,1.98812995137423,1
-0.354866739067774,-0.834355026442025,-1.1758198550957,0
-1.20156273311945,-0.493046218022318,0.124800115699085,1
11.1339458967439,1.37754309592323,0.190587605077361,1
-3.44979751599501,-1.27756332421079,-0.463545516901272,0
-2.98238003807343,-1.16331977113998,-0.824408678855447,0
-2.48676601754377,-2.11418241733013,-0.331058050383257,0
-0.193251419575269,-0.594449710207316,0.0684765079449716,1
6.32725764314612,1.00333884637483,1.41171609068245,1
3.94421137158627,-0.0418050386645369,0.72900931124112,1
-2.6912107997848,-1.34972268765779,0.860372197133211,1
12.6333584236839,1.63311387661561,0.920421338587252,1
21.6415453759747,3.18741454838448,1.15357013915577,1
-1.37221645399054,-0.831634144846829,0.384983385385244,1
-0.847350553009988,-0.64164716288075,-1.17012964065601,0
-1.27862314866119,-0.357284280927781,0.00901597567331041,1
11.5972525198721,1.97137476614481,0.25383389302479,1
1.79605241591952,-0.318632177230571,0.282265569635562,1
0.136700162159739,-0.465268352438329,0.730010049030437,1
1.25280295783966,-0.60393220206019,0.10091031036091,1
15.885829480718,2.39110755286499,2.04451149311693,1
0.00987256538743758,-0.310009927757901,-0.47522157136351,0
-6.73542000082094,-2.06297533016888,0.261998634497187,1
1.44635546439659,0.252874685411173,-1.00653965758463,0
-8.1656715148507,-2.37818709059178,-1.66581442495001,0
4.51477036229368,1.07667892316982,-0.738494491002256,0
2.0729682980537,0.27273767466086,-0.569052682041502,0
4.86673992447433,0.157780595913995,1.32227564243862,1
-4.40248180273635,-2.06991466644358,-0.0925129532150919,0
4.34053347438528,0.0107216415268013,0.674866670358316,1
3.35697199351387,0.00167783599432281,1.26387741564876,1
-5.68856699692972,-2.66116588540135,-0.440352205593056,0
8.47866471024142,0.567081790363285,1.65027212744807,1
13.4295290107036,1.7013072214796,1.20409576046333,1
15.3359855935836,1.94290553462974,2.23416053475812,1
-0.439477234301847,-0.160047745647937,-2.14306246161022,0
-2.68423148345855,-0.985684145668915,-0.705222745668016,0
12.8160051921171,1.53632449241748,1.35026166941921,1
-5.80820732749076,-1.48702467558051,0.35363298273035,1
-1.44141942573658,-0.800436762646498,-0.629099331149896,0
10.5739976317907,1.74810770176784,0.878945272386794,1
2.93365995538794,0.700171621945032,-0.921370640968944,0
-1.71917606311865,-0.682770065278203,-0.57030165060227,0
2.6668254474738,0.0215352663751319,0.0434030935809082,1
5.84572089816484,0.713537525077249,0.511869845862515,1
11.6901319829316,1.22189432655907,2.64946283407424,1
-2.51857974260933,-0.846976377886692,-0.236161797763202,0
-1.59264580611151,-1.11150113812355,-0.0571616843437522,0
12.4082917724248,1.94100613469551,0.680284276824771,1
-3.31089839692086,-1.12803377771831,0.0883311967540823,1
-3.45823391966338,-1.0184840335147,-0.804268187004651,0
14.1947804601707,1.52407893781062,1.95458741888656,1
0.0326361590858848,-0.667057024635076,0.597439751712391,1
-1.08821827694363,-0.382220461664459,-0.0302314254043071,0
2.48373091930814,-0.172034330333158,0.970330844086013,1
2.52570339715014,0.292130863065909,-1.15211678326811,0
6.58144544693485,0.536654868114258,0.373396378324388,1
-7.62813073587942,-2.32351714646215,-1.53426648213312,0
-3.63467349698854,-1.02791133448638,0.441563114578009,1
-3.7885836372173,-0.803526920958846,-0.96278856215666,0
5.05025865266185,0.377120012503719,0.837062083671072,1
16.3069298575257,2.66261346193262,1.07075665146028,1
8.23218475010409,0.834498319676797,1.5572817038351,1
1.96771668837466,0.263080846261569,-1.11553074222446,0
4.61797905939691,0.476265357718874,0.149246172421045,1
8.02381354471261,1.71591968038593,-0.103631612111531,0
0.122563234322305,-0.75457057973796,-0.0326433763224033,0
-1.82125177694657,-1.05102481746438,1.36388718795205,1
-0.0125025886654893,-0.0753581725241926,-0.86407190057103,0
4.49171503290043,1.73609585497648,-1.32106185777954,0
-9.08986269129363,-2.41611495240234,0.530366111921295,1
0.861014324258363,-0.191561731126637,0.353770709973031,1
2.09674753829386,-0.0820683194326064,0.309934091749878,1
3.9763074162546,1.22217438916892,-0.440296168670365,0
6.99790232690791,0.895872145449594,0.419035239108168,1
-2.22246288700181,-1.05480894253316,-1.17831419195251,0
-1.10376557261195,-0.524254802421211,0.117084615675449,1
-0.756032669974757,0.204421912754912,-0.677179624496665,0
3.34865343113799,0.717171800871406,-0.246512953163516,0
-1.09290430886902,-0.928908486565444,-0.883487183676164,0
8.25478777718637,1.23941532290065,0.0917295283433523,1
7.78236085873703,1.01918246800307,0.0955802504843352,1
4.37749075788161,0.863790672972615,-0.480978598972098,0
-2.69784975559283,-1.3029519286318,-1.26759584596741,0
16.4603377627225,2.75895471774653,1.03079630452932,1
-3.28912652604554,-1.04407815741461,0.320828717201926,1
-3.83663913422528,-0.630132351547845,-1.51208578735781,0
1.88327062010934,-0.178268850475087,0.561789239144423,1
-3.46436299034325,-1.17220664515277,-1.61273364430719,0
2.231688748638,-0.0713605901545566,0.694462485818927,1
-2.30164805217684,-0.812475342608449,0.180625049828585,1
13.7423851668786,1.98599502838609,0.662481123411043,1
0.50398039659689,-0.425722251295877,-0.589612296504217,0
4.73046030986115,1.91896762250052,-0.896492441965581,0
6.89811081649247,0.648878162341108,0.53760349910689,1
0.526863702589758,-0.0946592098305409,-0.283860159803694,0
-0.759431621040385,-0.739652365195582,1.13776271125034,1
7.37146413325619,1.07323149985914,0.00222867501388657,1
0.950636162424708,0.286259043193469,-0.966197503358667,0
-4.50323706428732,-1.6491355687982,-1.53883211825872,0
8.83567854582889,0.922518788445601,1.06562364134787,1
3.05758919129855,0.0815829068590517,0.318742354264315,1
-3.21164237057583,-1.16872358223292,0.203607666087715,1
1.65170867805516,-0.276253426962397,-0.9513317522219,0
-0.671220833569092,-0.674560133723817,-0.872104090185909,0
0.854939930936708,-0.353111714369439,-0.337275416712007,0
0.128048981192445,-0.226997402930562,-0.691830654789841,0
3.89145652680876,0.329823906217962,0.0418585037537216,1
-0.239899730626817,-0.770267308614417,0.854892815630824,1
11.8426753272679,1.66323933608761,0.584282042931392,1
-2.83742165401045,-0.838167754159042,-0.612646159009149,0
0.664249288138536,-0.207594808043439,0.197788932582087,1
7.59556914012589,0.644670569193613,1.73062491309578,1
9.54186322784689,1.08549506312844,0.637968391157924,1
-0.6686581797529,-0.0593948594757966,-1.08895026609494,0
-1.26312046002882,-0.620087185872455,-0.563402881164515,0
-2.6090440249558,-1.25994744450032,-0.0757234092134627,0
-3.93921326386745,-1.07683050261417,-1.05474956592723,0
-5.35315648339625,-1.45620120872883,0.876699018305014,1
2.09087836044766,0.249548833165153,-0.492547380181207,0
1.03889355169222,-0.373147512174681,0.776677816682009,1
-1.69138277882401,-0.617675604963324,0.424664610801944,1
2.37561370796672,0.884958614741709,-0.511172677369557,0
11.0233547684606,1.55622973866755,1.02520084616177,1
13.8887530960486,1.54200959909159,2.34633670498111,1
-4.86369846595683,-1.69018485871023,-1.08584332072069,0
6.35594126207052,0.889426125251844,0.42785318458427,1
1.47677812343259,-0.153774830574764,-0.539980618683443,0
1.28356382315581,-0.0389502451920506,0.561939968549989,1
1.64345608713191,0.0764820714791579,-0.767592230545918,0
5.42240660455314,0.544099985695354,0.772781341922921,1
1.0620872364951,-0.0489285916895573,0.474424760030203,1
16.9191669069971,2.71268383270475,0.859609778489143,1
6.46240995499517,0.649448055679206,-0.014596709034737,0
0.981991759790327,0.322053491799613,-0.527769665460836,0
6.43728862331053,0.297620360281115,1.62414061067927,1
10.0392136850703,1.19737818191349,1.05157374879068,1
1.46836660682764,0.0103625453330996,-0.672933443570146,0
-4.82636137186856,-1.04361484134031,-1.82121464974511,0
6.0448888019881,0.417622650093417,1.07798399033568,1
1.38892832240785,-0.293492596785029,0.493716288465781,1
2.8456920218335,-0.121842751568546,0.979662631804518,1
8.29548762259717,0.918103676476766,0.605892007370922,1
3.31752455378855,0.859559390470297,-0.463719131544619,0
1.81345244373103,0.0125086353292919,0.558669422869586,1
2.14780386440586,0.266280466063538,-0.526044418692946,0
6.1285089509732,0.47313808362327,0.927597449475506,1
4.53269478774817,0.329700691306385,0.987608415468528,1
4.36945187889777,0.210126623989367,0.853388374327395,1
11.3592143309433,1.57556135035572,0.565251196299758,1
-0.87185626232274,-0.359120195227219,-0.708476471496734,0
-1.23683223659436,-1.30561739080076,-0.406132138192824,0
1.87107970309413,-0.349653679431952,0.274263013705794,1
2.10938873346934,0.102309334107067,-0.26889012134537,0
6.29988214441665,0.412680897118077,1.88713945812143,1
3.33583901600359,0.26461015524018,0.167519622250428,1
5.9583234458326,0.0295731035751586,1.43859626512794,1
3.26579097407962,0.84845896959348,-1.53179295169548,0
4.35879532418975,0.762861462958734,-0.258373303832621,0
-1.74899076744972,-0.334083801833191,-1.24049201731505,0
5.29790436606942,0.432496130928603,0.551185513601758,1
14.5508432164751,2.12868336256945,0.292798185201657,1
-6.17703511897565,-2.99662137933962,-0.10885429132561,0
3.16103490852994,1.08658484161574,-1.28104795553005,0
-4.26687042789184,-1.04424329878319,0.152850493700395,1
-0.200147371926618,-0.640085978960274,-0.429495948203502,0
15.0864198822018,1.90324555747818,2.66230905093076,1
2.1476214563906,0.358655085036983,-0.873088807697233,0
-0.062994204406124,-0.512022174304307,0.220898313560566,1
3.50201322413853,0.723727171248962,-0.211492663001309,0
-2.25307486389485,-1.12856123972832,-0.728080193442686,0
-4.72590485894046,-1.75098563737463,0.464041833346814,1
6.83850985916462,0.967102699501717,1.04744583443335,1
-7.90767779564839,-2.39365809017849,-2.0440117948644,0
-4.20471054823357,-2.28490341878471,-0.727316061686649,0
-1.49180924867416,-0.397640917276735,-1.12350378348363,0
1.5436724306598,0.0400395245496328,0.139846246529439,1
0.523492290621199,0.267748385048538,-1.23660223604522,0
5.37000761674189,0.165183609116208,0.827041103601955,1
8.8635389798482,1.57989884347701,0.494512100624475,1
3.62697372577197,0.00598278852791201,1.17172912223507,1
2.85603968320657,0.113033880668914,0.490458682644851,1
-1.26500344003535,-0.738083972367736,-0.240850846578445,0
-2.73142068034046,-0.402654482994544,-1.81586938669171,0
4.73717002196047,0.264447133491772,0.344297483898718,1
4.39459690377231,-0.0145646344392099,1.57696143849576,1
9.77139029499735,1.56663274689671,0.116305774943622,1
3.02492698638763,-0.0377490312674086,0.328723515873724,1
13.669625509431,1.94737280119124,1.55775378957239,1
-6.56604020161907,-1.86946077051765,-1.16282433440365,0
3.11925040334967,0.432183167377185,-0.447286237707299,0
0.890840042432612,-0.270792426951999,-0.497499926587077,0
0.503468946061071,-0.324474418571009,0.594756213882566,1
-6.75180398268204,-2.08300145706094,-0.949277657245268,0
8.00309804082212,0.62833470141264,2.54527820785061,1
1.27026318759691,0.0121808484240459,-1.3382185654573,0
0.64848448765524,-0.128526497235638,-0.590493209211064,0
9.98254497399121,1.49535807790578,0.409959793168149,1
6.13129798105371,0.269464845109219,0.72518723584666,1
15.4472813548268,1.72404183188227,2.26858056859742,1
5.14132271771027,0.275756652896676,1.11119988559902,1
-5.06577819986889,-1.40139793646444,-1.60615905652262,0
0.0586243335188364,-0.372552612407625,-0.231878114194147,0
17.1744055760795,2.07572936290502,2.66051375033037,1
-3.86286773091721,-2.09247182503518,-0.744129820159994,0
2.82804815331153,0.0411598985873214,0.812879953107739,1
-0.841412412931007,-0.472092590773864,-0.0756433896948385,0
7.51798224055079,0.570475642358067,0.61440186434929,1
4.17908486364152,0.75209032877209,-0.288477553777536,0
5.4974589999563,0.523663573700409,0.0328894122340621,1
-0.256671748522362,-0.0130124134199684,-1.21744579674338,0
-1.85766373608228,-1.09909313539894,0.450840176456903,1
-8.7697953235867,-1.81597927699821,0.259244790196178,1
-1.57745475637944,-0.892339059101556,-0.298644514895992,0
4.17460201143605,0.607505283626299,0.262114471261356,1
8.92110202166306,2.27617415530498,-0.500064550030795,0
3.5261918526563,0.539419289259447,-0.018290283218845,0
5.00715350533365,0.629978778104248,1.27019611873009,1
1.72110605039184,0.102761757263423,-0.198963210257456,0
10.7551841591623,1.4059732784358,0.918297987643605,1
7.43519584351793,1.12395717230364,0.844411388725894,1
6.73269376945521,1.40299332127992,-0.192147806843537,0
3.65396410529103,0.784099149930938,-0.91867546974911,0
8.51351703868581,0.834321105126209,1.28899830545104,1
-2.17688552720377,-1.15450811084674,-0.767482786850346,0
6.77010447233713,1.02281177679143,0.17513946749619,1
-1.79681770120316,-1.08767829882132,-0.197079259299289,0
-4.05104679073568,-1.07767605901409,-1.41187986438708,0
-3.64448429611095,-1.92573082644517,-0.16452662286878,0
-0.781880417365015,-1.11826725352504,-0.453200991073305,0
13.0495716962039,1.78355310831619,1.93709324593457,1
-3.21175761640531,-0.920808255507342,0.364031678932398,1
6.72152521224592,0.6719157907999,0.922397800961162,1
-2.76756083245082,-1.13234271051222,-0.237883047801028,0
8.69297312557244,0.560676850260765,2.13496682624626,1
-3.09309757263294,-0.799780358067286,-1.56716835082998,0
-2.91421659481029,-0.641006144875364,-1.41735901019062,0
3.58467857337901,0.434995431279158,-0.375074846537596,0
-0.976893810737569,-0.795912795824243,-0.641765597115071,0
10.9029705554349,1.05016066579213,2.2611996099738,1
3.20109324917611,0.347658374664437,-0.0231929463065252,0
-5.83179083728923,-1.71172515105136,0.543237363822419,1
7.84061006446213,1.1618535097876,0.866262753440151,1
-8.05320385735992,-2.22802237065105,-2.57409379041253,0
-4.36128897962174,-1.38676760470083,-0.369900594940339,0
-0.553091383429425,-0.614911880162691,-0.149512802559115,0
6.78524779141801,1.73798656706984,-0.852435968887497,0
-5.89162335563624,-2.29498712963954,-0.865111934653452,0
2.15632734783703,-0.356696320396956,-0.239560386003729,0
6.80228411094604,0.548183334772068,0.443255493411598,1
-1.84607542711234,-0.660386640426812,-1.50513096606234,0
-6.43009195703744,-2.01213811236632,-0.852398691799486,0
-0.436233981192037,-0.604229289249753,-0.546917189039588,0
-4.57351989679368,-1.6824275326941,-0.376750652086099,0
-3.12378851591221,-1.60825994367168,-0.291181193549478,0
10.9859994753578,1.48152662951864,0.413770616153368,1
0.294620318440767,-0.794886902047417,-0.261348854839346,0
0.284341348223672,-0.263201750267827,-0.0853562074718484,0
0.744440713149298,-0.945804743985548,0.898333084333959,1
-2.6215140498612,-1.10757652635409,1.40673475915613,1
8.99540918029811,0.559879771625197,1.90643973961671,1
-3.52067970201916,-2.19684884361661,-0.0200368053905569,0
10.0580688690642,1.4887689610943,0.345525862180605,1
14.6412593033225,2.12284285394286,2.58570155838577,1
0.394075588249815,-0.704390042341335,0.6401388707306,1
4.03359122700212,0.322040866689554,0.568735893576831,1
-2.023038208164,-0.757644583661292,0.251235080212156,1
16.4856789777667,2.35405293009236,1.87438123161775,1
1.29174579100969,-0.273145882793967,-0.263251025028215,0
-1.81040963433002,-1.07564963003723,0.0147490494367388,1
-0.606660460564859,-1.38865665787358,-0.260505667429332,0
-2.82648993174631,-0.875274273968502,-0.672519056471184,0
6.05153987913533,0.524985543651341,1.08916891118022,1
1.86815283031693,0.124210021249676,0.458078385660602,1
-3.00268066359399,-0.715580230156411,-1.79766458285963,0
4.33697482000423,0.0171173766789559,0.887911601577522,1
16.6348394418322,2.71228971454635,0.381809566414096,1
1.08986306524609,-0.0193922746166168,0.139781242589434,1
-4.07314922454178,-1.6831417531568,0.560969520335308,1
-11.7159287463532,-3.28633259665257,-1.4783099607091,0
-0.232872585568293,-0.189314919474127,0.0315110994058907,1
0.532698203109188,-0.838450257900371,-0.138781270079514,0
8.30945242431716,0.839740124308881,1.39329463930765,1
0.500326244294045,-0.210452894028057,0.00321625137382201,1
-4.56258489804051,-1.89049836510559,-0.28939635553728,0
9.97300044784444,1.65972948790877,0.157779576525547,1
15.1403603103598,2.40223528236306,0.649606087544434,1
-3.58399773384425,-1.26692169384794,-0.646855074315119,0
-3.10701039913086,-0.720481942804962,-1.40452931634034,0
-0.743155567154723,0.0934823473290187,-1.21194918296719,0
2.50821535033245,0.38173175429825,-0.665660358601419,0
-0.911294112257765,-0.693756827201083,0.0264166671022538,1
-0.0829575597496516,-0.783918763195713,-0.0320497924239504,0
10.0251490943804,1.47819577900255,1.74461387641449,1
-5.43820101152556,-1.97607547937262,-0.310463448222264,0
5.16351222857687,0.551117985371116,0.355123586612516,1
5.57096744581501,1.25992974166016,-0.196511508838043,0
7.44270719357111,0.578290327818163,1.3348479794797,1
0.370640294125452,0.149560092374536,-0.335748054944976,0
7.49741425499529,0.888224253756366,0.67722913524065,1
-0.418707250412867,-0.526463141789865,0.248542994793182,1
2.50704420842821,0.151648029210891,-0.303160354393197,0
0.715262749477033,-0.188882025542693,0.0743558059138029,1
-5.40813994937369,-1.41126027477777,0.795323091044037,1
-0.341660696128671,-0.167249422775111,0.664575362601601,1
1.81195059029732,0.214189977853692,-0.509316781016113,0
-4.27161141938067,-1.71005430511893,-0.293222851016784,0
-5.50120906241888,-1.57807453276351,0.981766668223056,1
-3.32768573959643,-1.59888584442827,-1.03268670217803,0
-3.75845718967664,-1.33313077510602,-0.898319330380481,0
-5.64079104008068,-1.40916650962344,-1.85695735034763,0
-6.16025413395567,-2.05807580914374,-1.00309271505858,0
-4.67112465535994,-1.82882101553619,-0.969119539169172,0
3.27081086445907,0.255194104146953,-0.305433397576782,0
-1.16835043034659,-0.569126969648198,0.0513586282993109,1
2.43918546684691,-0.118451595329611,-0.245200941947197,0
-0.53688176501869,-0.416805617900309,-0.401504131159777,0
-5.5698954429005,-1.97161420446423,-1.47852016759291,0
4.98350744336319,0.516363449743877,0.391063713424272,1
8.95785465169124,1.04212896262797,1.57755999134014,1
-4.80078440344258,-1.84277985118549,-1.28130722971278,0
1.36943030737621,-0.388563759448644,0.404646996950853,1
-4.46506964217223,-1.67262808640386,-0.70595467947434,0
0.468748709551044,-0.523402993483989,-0.568817494906402,0
6.45303661564114,1.92330896976479,-0.151820678091548,0
-0.649796654043515,-0.460478019675267,-0.477103618511316,0
6.43059564562802,0.727415517167807,1.4874242135459,1
2.5565501572236,-0.00426011153306083,-0.818181725449886,0
0.932112705391685,-0.565661833422604,-0.498472107804547,0
4.46478090217408,0.651568330248665,0.0358913157603994,1
3.54640770968684,-0.26540752036639,2.10776059706056,1
-3.86297026816035,-1.27757023792066,-0.260223137329365,0
-4.256351275018,-1.40017828760681,1.00308041137306,1
7.36363787733997,1.8671168856077,-0.259322932008863,0
10.804660145041,1.33928592923181,1.02805893796913,1
-3.47482628638501,-2.00732040533557,-0.563628160955548,0
11.0944627978711,1.24038645784428,1.09311384557618,1
-4.25943964472624,-1.09572961783909,-1.56465604847511,0
7.2224568274827,0.70493903233184,0.474804020154351,1
6.99505877193833,0.814491928646884,0.880108349016301,1
-3.92988130420587,-1.36479234785866,-0.33590583377723,0
5.55911797677192,1.29364236160587,-0.33636336760831,0
-0.799920719438332,-0.342033772568714,-0.181164867259387,0
8.01394708014447,0.760614183402718,1.57972879382811,1
1.61000015183048,-0.384506717632259,0.435049780312902,1
2.90719724350677,0.9363311207959,-0.796183276249354,0
5.49660977668665,1.38119824156149,-0.544165279101154,0
6.46009342802334,0.327202090842368,1.44410776673046,1
8.14077597417443,1.4114196533992,0.427977650957575,1
22.6667969998132,3.25140159070581,1.12934485275357,1
-0.119067546927162,-0.188632238483617,-1.39606740253772,0
1.72783262368239,-0.145195774392471,0.0519688785827037,1
4.92246524026728,0.382778906116193,0.66663354767549,1
-0.806416556378437,-0.0433700067849164,-1.61605249040208,0
-3.93360847453351,-1.38284071402752,-1.12374827039897,0
10.7966449768019,1.55999887185877,0.0355199550968792,1
9.06556728058971,1.58182457438024,0.227732667382604,1
5.29487441883785,0.643093856221367,0.361991399748282,1
-2.15696589201257,-1.13858886612989,-0.283697707639432,0
-5.09554060736811,-1.20592306192673,0.0924537541497731,1
-4.31302535568835,-0.781346964017458,-1.84682054859956,0
-3.07923663567831,-1.20735539345585,-1.08662233709156,0
-5.15106887434981,-2.81225405493315,-0.560411287325125,0
5.36048970370508,0.84213620180108,-0.332511022486652,0
5.48326390140166,0.56620357841871,0.0403786162400541,1
-0.727187547497545,-1.10992854782609,-0.528507182073625,0
4.59250768700148,0.853814274954291,-0.037049809111881,0
-9.91853888792856,-3.01656621026012,-1.92818298669272,0
-1.88461756681945,-0.959572533646611,-1.4857071225202,0
2.21599593716913,-0.511288311069626,1.57563304178736,1
7.21042943362025,0.453342554184609,1.63598883794746,1
-5.01633247920829,-1.42196017857635,-0.495440967014359,0
-2.65015736406643,-0.935642459079043,0.335094006713831,1
-8.4016452931812,-2.06322707838397,-1.76206407951022,0
11.5641757987311,1.56081432237792,1.8685999749714,1
-0.0538785323744265,-0.670385696720985,-0.170045317634821,0
11.608272679375,1.34079591361052,2.37458063565111,1
0.437452256659323,0.748558686761147,-0.0576091705826097,0
-6.44352879002434,-1.65303879483085,0.366013451967593,1
18.6799848583409,2.71988513530985,1.6080425169668,1
-5.54710038673496,-1.99827153841379,-1.12024072586429,0
10.6004176227981,0.939931225846968,2.37136052895333,1
5.58371024911593,0.753223626946505,0.559607722148896,1
-2.30371760150065,-1.12835434155116,-0.64047734528044,0
2.40287046123298,-0.0331578147001105,1.35073929084755,1
4.63150570657327,1.15606868177769,-0.923430929477418,0
6.03405967874265,1.33439230281225,-0.726265546507561,0
-3.14279243951594,-1.10891519873674,-1.23603606736281,0
6.83297661928975,0.517179488694645,0.839156266398398,1
-6.16407124091652,-1.48836609310226,-1.39952419256976,0
14.6354759192847,2.42507391305314,1.24655004678913,1
-4.79372775194686,-1.47891574312273,0.399569507791472,1
8.0576130597565,0.622933995812486,1.86889756482147,1
0.546699224827912,-0.0838633932119203,-0.430957851402977,0
-4.13654245348305,-1.06372608158807,-1.87769936157249,0
-3.45152869285997,-1.47610503391346,-1.06815909021727,0
-3.42284496740615,-1.66477636512044,-0.911065049701661,0
0.567531048555138,-0.567652286014129,-0.083358878114799,0
-2.6800591834947,-0.885728343882068,-0.980454319875214,0
-0.112081550451961,0.0113045502326163,-0.053181178473146,0
0.052464616402428,-0.236631059766689,-0.676072544764055,0
9.24384134532124,2.5050172275932,-0.204113249480321,0
1.37510125829768,-0.0996803884305602,-0.810917650924702,0
8.92190014234085,1.20022153659808,0.659193931053915,1
3.55597436171183,0.408468478165383,-0.453007023478008,0
-8.70251084713191,-3.14723325226584,-1.38603016188343,0
1.71434362981084,0.138515842398826,-0.943246545726918,0
2.05875844218318,-0.25694552054554,1.11624254571511,1
7.04930770318014,0.938997927366261,-0.0719473124292304,0
0.0523271871533404,-0.953381274457398,-0.380059162356659,0
-0.698325526315968,-0.44200036911057,-0.963682664357108,0
2.68804399409974,-0.284165417858762,-0.696163020284326,0
-0.39198738201066,-0.499260905068759,-1.46385870622174,0
0.910546050752128,-0.745925335989637,-0.547957249881121,0
-0.214243139463079,0.443805465583935,-1.30927251992376,0
7.31065300851594,0.411963507177342,1.6116361504997,1
2.75163560638617,0.500910426370516,-0.119644382935392,0
-3.05093467635861,-0.912698462029241,0.27621084886062,1
3.75466912114357,0.905140621599855,-0.298166266316448,0
1.32084086650692,0.534037175076326,-0.519904008929684,0
-6.28243010893438,-1.87248803776328,-1.4272315148338,0
-2.233354244623,-0.514795037780885,0.0916078430297036,1
1.56416260753863,-0.018847854811896,-0.121114868828821,0
9.31768727613923,1.52966250819069,0.566915517470102,1
7.25283435685938,0.638751578102785,0.860274696131704,1
6.51623655767365,1.55020659584147,-0.51385893148764,0
-1.24037082747115,-1.29114836707204,-0.601400851081312,0
-1.3040247950844,-0.744569126265478,-1.04225868228433,0
-2.48257270792798,-0.776627930619719,-1.11470291833754,0
3.82361174934794,1.53517697297222,-0.537345653779405,0
16.454237325802,2.1227504179634,1.73005843513735,1
-2.9517076923302,-0.684800982888733,0.119507697458475,1
-2.13951549316622,-0.923229100427981,-1.30971252424887,0
6.51523711955909,0.121047179839361,1.80527480389285,1
7.35679712976959,1.23983351204402,-0.67460773167392,0
13.5571939376741,1.70517899769108,1.3302651118689,1
-0.579150401118266,-0.713764443542935,0.683209553819879,1
11.0514830972449,1.6896252265769,0.597063296796118,1
-4.94343692472359,-1.73226445593226,-0.527104805544461,0
2.37452137215866,-0.192658046676688,0.611809686959442,1
5.09601893629318,1.18592728166014,-0.295371877457854,0
6.04768516634237,0.295352421125454,1.21697029801068,1
-6.47399828490252,-2.09381033626082,0.603574020868609,1
3.57628114124137,0.0290744550088868,0.376141139885023,1
14.5226311653834,1.98247123035235,1.15733950517612,1
4.51334858575416,1.19455214795726,-0.596628116239421,0
-6.18683757924462,-1.60972630978749,-1.51337031753741,0
3.70242215595715,0.0186502012067133,0.783644336056005,1
13.0040579976894,1.83925312820083,0.503525715233825,1
-2.39832590096417,-0.395679565886861,-2.01946511114978,0
14.553611311084,1.91774966328138,1.16104386831817,1
-6.03796698505983,-1.82617094952258,-1.02297218763983,0
3.91881742687519,0.979096493674461,-0.193751430274277,0
8.24422554749923,1.29973234930491,1.46540889278635,1
7.17500738759085,0.841408200448167,0.93299481572352,1
5.72491610548335,0.691112809340687,0.735857458795383,1
3.7535520918731,0.028181661088465,1.05958370172946,1
7.29372300019384,0.833791964451847,0.781134757238248,1
-0.957756725536822,-0.302786299121008,-0.706187722812759,0
-4.00250191072972,-1.36491514520285,-0.234121759418426,0
1.20185585043319,0.108675813538239,-0.370487026487237,0
-3.08189661956987,-0.884224665210499,-1.99401725808108,0
3.68672593475919,1.20144686204142,-1.21937416888621,0
-6.30313731935999,-2.58178982701055,-0.31866449719614,0
1.76916417012037,-0.420866538213739,1.37025645622373,1
15.2635480769246,2.15623656278124,1.2935809199453,1
7.47706955924243,0.979766600766085,0.456319131149919,1
2.37907282565637,0.164808088910432,0.423446399451679,1
-0.907788637934018,-0.122434039542005,-0.766909118163384,0
0.452329400387922,-0.182139881755378,-0.532474116939353,0
-5.38436339683207,-1.78635656167145,-1.24301991115983,0
-0.674028501595278,-0.750112243840919,0.949433147511793,1
-8.65495940378573,-2.13984136909603,0.620090334644832,1
0.995861751209339,-0.0586088257821021,-0.210460637878556,0
7.08819346728917,0.848398139579258,1.54036938944196,1
-2.94431118687382,-1.45555157824586,-0.464259647736435,0
8.58583034751836,0.800284969069115,1.29719304702407,1
8.68564789843608,1.31381069206243,0.553279914075138,1
0.0816059560662396,-0.596865777701579,-0.166073042705404,0
-5.27245124802136,-1.23612555783762,-2.1481613769412,0
16.7953601769861,2.53532397758417,0.352956186813088,1
-1.49624338208796,-0.900212452232132,-0.199721213412136,0
5.23936024275331,0.641280933794863,-0.260102676262061,0
-0.081275915842268,-0.600847189348009,0.433130982655524,1
-1.65406760266969,-1.21271379611805,-0.780968398109799,0
1.79967690209949,0.266601401954642,-0.299477179092987,0
-5.81024363759021,-1.79590031910809,-1.56942244109875,0
0.109450832254385,-0.0397241029922583,-0.750454736327941,0
5.90619741904045,0.574379838850442,0.305912259336706,1
8.08260033123291,1.25319999492444,0.771871162273863,1
-5.00653915936832,-1.39238227672246,0.462249487278739,1
-0.521211948538794,-0.592611519238068,0.227010863139558,1
3.00859682513109,-0.320586875455785,1.06711843774173,1
7.30731882015851,0.997622999353946,0.413653131639336,1
12.8158988730994,1.99822369231339,0.921821133674641,1
1.23734549504426,0.158452552121313,-0.992557698260626,0
-6.09273460678458,-1.88403225444299,-1.33994581620378,0
11.0654780161404,1.34106152750076,1.91868322617206,1
11.7194054068662,1.49360150255437,0.707564874891887,1
2.04665649879086,0.328736684432392,-0.837841764688569,0
-1.86443236106204,-0.278031992721858,-1.26012811041053,0
5.21720673928133,0.869970022924791,0.273652043324261,1
4.12210723272795,0.717078307078158,0.351967970847773,1
1.7188718827068,-0.234011384435076,-0.551277413868724,0
-2.11050538968257,-0.770237663982381,-1.77765705494394,0
1.05755693435891,0.169730891436447,-0.897004134754907,0
10.3568548567704,1.16334638408699,1.12485357166735,1
-5.17528350728828,-1.23668948941011,0.100329369659736,1
-0.668125347407119,-0.613404353301073,-0.114988389112475,0
4.98786396526207,0.390224715140274,1.19174970137863,1
-0.806473399080213,-0.690106075692115,0.875072031116909,1
10.4673825888202,1.38030227772746,1.28986841281651,1
-4.33087614981071,-1.3099436256454,0.285829732259875,1
-1.00673926367947,-0.65183088005691,-0.820048871918524,0
-5.86850823830219,-1.78622983774884,-1.15189723168337,0
-7.39596411520706,-1.74316153327978,-2.05229540904382,0
4.04512059606444,1.09272505428648,-0.814268804191036,0
1.65750136402456,-0.0701874765416262,-0.228121039940182,0
4.13059358361849,1.24918590269469,-0.571769741552849,0
0.710549097098096,-0.688285409808357,-0.46426969977293,0
6.13081128261514,0.903798679079633,0.0412350856566649,1
-4.62293138822322,-1.79493522811868,-0.743567123573395,0
1.25562185679664,0.130006052366348,-0.116254988838765,0
2.28099457212032,0.0769762983705772,0.236356144239767,1
-1.84267198961986,-0.788157958720491,-0.218448266126731,0
-5.00043376672415,-2.31213073648603,-0.195977350924961,0
13.3100800111139,2.42403333902288,0.00503318534124582,1
2.48716155006076,0.355753181868563,-0.413734167540118,0
7.53746823835037,0.597447682689723,1.49688471762936,1
-6.2296170026781,-2.07910128287655,0.431354112985283,1
11.2567502139949,1.74138438842057,0.309655672501632,1
-1.52075090922153,-0.17641501204089,-1.17459960921861,0
2.75664142998179,0.341451913357064,-0.399657895600551,0
1.9030936992418,-0.522229176540331,1.05676016105623,1
2.82017682123169,0.199951109389104,0.533627843346102,1
1.36565885566472,-0.26265063481028,0.834741871473505,1
-3.43309654913071,-1.02872235892049,-1.71061909832857,0
5.39866631956744,0.720589892213946,0.550519582839216,1
-1.79916034220506,-0.996791111597696,-0.890872713884569,0
-7.49212869287385,-1.7273976616811,0.427083038393741,1
1.48659096440848,-0.0478728650950419,0.305188462883454,1
1.1279708549556,0.323448184842711,-1.07129690598776,0
-4.45912865477861,-1.3590544597151,-1.3240255632311,0
-1.2679189908004,-0.946079966989365,-0.0687073203754276,0
-4.94009448910043,-1.89231764653327,-1.38086373302224,0
4.33736499044323,0.17866939221021,0.69529151270054,1
-1.01994540874912,-0.649583044126164,0.608387818698569,1
-3.84447792910296,-1.41881712103707,-0.52011167627851,0
13.0830659417363,1.9077839982666,0.470287037842744,1
1.3553234243116,0.139802556121112,-0.653776059217278,0
9.32214212931595,1.09816639285238,1.0752693215705,1
-2.8337292697278,-1.08342983004359,-0.974823935107442,0
5.02998794535695,0.811319432607577,-0.247115300578852,0
-1.47331767261824,-0.811641888632705,-0.747059415709536,0
2.00985560361477,0.0827942614289775,0.675602170563905,1
-2.4299504450582,-1.19356062597544,-0.149598109629568,0
7.08798296161595,0.998305178707956,0.431657519048056,1
0.84557384044819,-0.0799025863015965,-0.479961191126508,0
1.41405983700469,0.361464909235831,-1.73240686928006,0
13.4077718549613,1.93054272471662,0.87025566493161,1
0.117878904344487,-0.307528217244704,-0.634789009156801,0
7.91052265507099,1.09165891549233,0.665639293981565,1
18.1074489971749,2.39436063308941,2.27865751975233,1
1.14332193749572,0.483574673398336,-0.688691256358845,0
-4.80043966634938,-1.19658910998712,-1.47570249282525,0
3.79340944926105,0.763431378798923,-0.240091591682657,0
-0.472326888811612,-0.449586416585135,-0.621792328681725,0
-10.8247353727358,-3.20282024172677,-2.07946981077781,0
3.51121290957889,-0.0723340013108862,0.770392749582235,1
-2.40462954249524,-0.50163549131564,-1.70321957153675,0
-4.80976524243622,-1.23188503927893,0.267342753151093,1
1.24394611374799,-0.202715920952307,0.823753848140459,1
1.84231500245746,-0.195250141730984,1.16409290101994,1
5.03648309205541,0.177990166194431,0.73712792231051,1
-2.30694755130167,-0.93012784240083,-0.420614933643249,0
7.23628923955181,0.785804783490105,1.119515455082,1
1.42248788018908,0.00415880275362085,0.167206529956563,1
-0.329203455068208,-0.235625005077413,-0.939485368376678,0
-0.0104818730094365,-1.05742744364571,-0.279268408111647,0
-3.14939107343858,-1.1354874293054,-0.622999899311516,0
8.67958920564953,1.17974547285669,0.70531696409298,1
15.4792129265559,2.3864198853806,0.802766349812531,1
5.72620700609911,0.231377919966176,0.888410526867956,1
0.595553502273018,-0.515748372197026,-0.825456836154413,0
0.25539591129612,-0.850850641469893,-0.725108608221018,0
5.71060584197561,0.291653926349818,1.25811921234356,1
-5.09238578600793,-1.100478340499,-2.13127810529374,0
2.93531969760147,0.183409660911184,-0.472634267264463,0
5.18249440222347,0.527997882889551,1.84513717301711,1
2.45045771497084,0.730189379916975,-0.38549200954774,0
4.10896390278786,0.100880704019738,0.436716232520864,1
2.50980384036966,-0.37667976780487,0.69476890854478,1
4.89661926686437,0.394006771817934,1.48347814782377,1
-0.691976017107441,-0.837797463999032,-0.470913412928924,0
6.61827814228444,1.45487705667368,-0.529665735810238,0
8.40409971686807,2.33566608193869,-0.0939492752809931,0
4.55648200857507,0.55337692554903,0.268999627794738,1
-1.42530733993376,-1.01202558951602,-1.17883740254382,0
0.601420372771567,-0.31857614142472,0.977230636617833,1
-7.33304619331439,-2.45542881781725,-1.47183589754428,0
-5.53883914455413,-1.07227432026895,-2.54670138748319,0
8.3209820926578,1.25241394123092,1.84500469344905,1
12.1525084672538,1.9105251919205,0.474248794400132,1
17.7810857710057,2.77357508164732,1.14074023466111,1
6.63959026117642,1.63113344482237,-0.336558203742127,0
-3.78222544003717,-1.27019978646845,0.404978253868549,1
1.04434482245085,-0.162017221336152,-1.20973585070339,0
1.7200875228006,0.0557365973385094,0.194011195120595,1
6.80131148627743,0.677698587468953,1.79792633039734,1
-0.693940347443717,-0.455432482502794,0.345477426324299,1
-1.0304301311605,-0.701692400135907,-0.032279081053165,0
2.82264366286519,0.181329961468353,0.267542836534285,1
0.706566538667624,-0.182370198434339,-0.453383324203501,0
3.46109780414504,-0.0670927845710151,0.955282907873008,1
12.9481095607479,2.40385215023495,0.421903059649076,1
-4.22550415236046,-0.782680171619685,-1.58695375981935,0
13.018204824021,1.43349299386408,1.51160636397727,1
-1.94371993858121,-1.65557702825111,-0.304279325358955,0
-4.97072610589347,-1.02056327714616,-1.02154317393284,0
2.12209658245462,0.10791210067586,-0.427106364949722,0
2.85611580306159,0.766281413598883,-1.23748273892299,0
-0.94061631054776,-0.0512605017512976,-0.522776220906201,0
6.71871377387594,0.700203070327792,1.17179441059897,1
5.77681509566895,0.125202894006772,1.57795435204273,1
7.16539644728029,0.65378488716021,0.450548273980034,1
1.31444631232832,0.331071529937686,-0.63634455555955,0
3.13857098213894,0.178063779530961,-0.00627756116582023,0
13.2344816629955,1.83347301709048,1.31016681450888,1
3.17040035721086,0.154839762377538,-0.206222689435822,0
3.24477946324843,0.457338988325723,-0.280937266628649,0
17.5855842872387,2.05422280174391,3.2863934920191,1
2.16311100409557,-0.0394265836322531,0.192988039967305,1
5.63842072663972,0.634632427696299,0.45246831620889,1
4.36735510213284,0.705821905143012,-0.0876467125751756,0
7.96241275159735,0.825162288218996,1.03965620962806,1
2.76693061211168,-0.0701761523683994,-0.53253487449147,0
-6.34355024889829,-1.4068891025586,-2.28796875321232,0
-3.89035313457533,-1.01404619642149,-0.944091874440389,0
11.8496300227335,1.68230837285695,1.66328196897448,1
-1.31809061415656,-1.37224548261362,1.30510206939015,1
-7.69786690654534,-2.49315593466473,-2.02055167227194,0
-4.39480716577806,-0.846037769952133,-1.7785759711782,0
8.00086933795881,1.13550911752541,0.370988421864402,1
1.54409785548247,0.222763871285244,-1.4320863731248,0
9.14484383687878,1.64868232857072,0.398623119741117,1
5.46203780027017,0.272211181744266,0.849787902787366,1
9.71547670443284,1.44593310501601,0.296054768330518,1
-2.53627226101034,-1.33425078948571,-0.713524753913617,0
9.56119838732755,1.11343578894723,1.13245780090167,1
-1.83819979050647,-0.52397312965573,-0.646765242168904,0
2.13726955714234,0.107080223267953,0.0260323583573398,1
0.303059308287502,-0.53657796698583,-0.508370226853385,0
11.2060923706256,0.86832902487854,1.89857634309614,1
4.02012982683362,0.402269269427041,0.449064024146676,1
2.12644210109899,-0.107457053156769,-0.44216624918117,0
10.6497805038582,1.26536981306837,1.18131444129095,1
-0.177864026090371,-0.757962755770532,-0.255913991438726,0
7.35263247018603,0.497820771650101,1.02938329099232,1
0.880075813835161,-0.208355692205335,-0.364041674445879,0
8.18217935664495,1.05034316781598,0.738664279691862,1
10.1560027976431,1.50135295172021,0.762485312413958,1
3.74635561248747,0.250249087148861,0.243820093127819,1
4.9149259085837,0.553407738065595,0.0897024831761596,1
1.01585724062442,-0.336677189649049,0.421432790658934,1
2.89406914524105,-0.688674254080452,1.95045752845764,1
-0.846364090345814,-0.717501184974591,-0.561546213742581,0
0.0190996158884333,-0.649366906003242,0.664154558471518,1
8.08854998888372,1.61061793502731,-0.374474255261088,0
-0.338746699369376,-0.418023769142343,-0.682017968561109,0
-0.355384439421289,-0.26555154841383,-0.168145338519772,0
8.52960580388805,0.775350447085128,0.635500398482189,1
6.07159361540093,1.67386995910523,-0.196873171697068,0
-4.07445715144005,-1.28827680016085,-0.437112167353099,0
10.1370255862306,1.6141327433713,0.63084303967188,1
0.208460268011943,-0.714609438243601,-0.15075626857599,0
8.72676434685613,1.30871721808311,1.14473772296665,1
-5.21864638170027,-1.95089191417326,-0.000974031875952176,0
-0.0144285801557436,-1.00321569170978,-0.49473605899009,0
2.75818035106084,-0.0313719349574558,1.23240027737847,1
1.39236809350686,-0.599371934024528,-0.0633866958873519,0
4.1925260973207,0.0613259339217758,1.3968986072285,1
20.3513728414305,3.21842520801149,1.03678034913725,1
-0.657530986025509,-0.870878313000064,1.14167092803321,1
-4.51911058359659,-1.07651456420775,-0.779421752973752,0
1.76622937310011,0.54677715143737,-0.955398207839828,0
8.11361872834467,1.45103009833051,0.102247107854443,1
6.10562128145853,0.207572086169125,1.39980866609934,1
-1.42332469535986,-1.16502268854927,-0.402828811431317,0
-2.33572398762951,-1.04144439346139,-1.34788793043457,0
5.2986503384874,1.02094288849468,-0.465124559279267,0
4.17919498229102,0.374666494923868,0.0734014126612619,1
-1.4998402019993,-0.844911261727913,-1.3437469186602,0
3.77431811151291,0.685418400838219,-0.565002919238291,0
11.5089370937942,1.57893152393386,0.843634637920376,1
3.91779381273093,0.121659427001177,-0.0535983793171819,0
8.13427860698051,0.33014037981935,2.30807374801934,1
0.547670169076594,-0.805864260434871,-0.459360397895655,0
5.0385724275146,1.14554479614871,-0.827753746624899,0
0.173063435026536,-0.148302924771151,-1.97773928561916,0
-4.21197141520251,-1.76502231469906,-0.651274276412505,0
6.68603761578475,1.72708441422563,-0.698121318131775,0
3.02951118135739,0.919772807491867,-1.24925558771799,0
-3.02511231927522,-1.26407340564294,-1.12656197841216,0
-3.92594022057928,-1.47451878287794,0.983588600508028,1
3.58082850784035,0.675890443499308,-0.424505176199174,0
5.48997580955611,0.818276816769085,0.240441789950573,1
4.70345415450974,1.55441823849054,-0.473384461515612,0
10.7214518502542,1.70360530179805,1.86658317681894,1
4.58887443305067,1.43012911800045,-1.40200875349785,0
-4.79009670701906,-1.44304115490196,-1.02468800288016,0
11.9151196372838,1.96440308444258,0.43152297619586,1
-4.87407773122401,-1.40574004009344,-0.87618684569473,0
-2.3378207623173,-0.65906045798548,-1.12552296872278,0
-12.3901155823411,-3.51154673131542,-1.84578503780545,0
15.5733907883284,2.0906964027416,1.32238136940975,1
-1.15084912499352,-1.17719386955968,0.689803793909477,1
-1.23580858680634,0.203396472362903,-1.34020653638384,0
0.387646175785868,-0.300355835450387,-0.609907341157432,0
0.684248574691712,0.186320284050393,-1.72957482784413,0
3.38147439731598,-0.120825144728607,1.19865200917685,1
1.23374222544006,0.0105462389558522,-0.648289774887518,0
3.1678778669174,-0.422568171654335,1.25997149670284,1
9.71364146793777,1.53370910478853,0.164050292425933,1
6.12941832428532,0.554786611190623,1.04533718491125,1
0.322564299841002,0.139166652124502,-0.108275473449448,0
2.30598617103998,0.691708057483331,-0.0663407204134345,0
14.1598902899457,2.10445318492497,0.958932263247797,1
10.2408693546069,1.26997626619325,0.0425749579756865,1
7.25811285418518,1.1343825636164,0.321469551863058,1
4.6388052196257,0.202802250959302,0.11374656803684,1
0.671575756803129,-0.350146166660757,-0.0717128948219577,0
0.866012656558352,-0.594130036568445,-0.00117298575187279,0
-2.17819944692666,-0.666520011952191,0.59396164117616,1
7.30875503679262,0.707116509305686,0.277847438640232,1
6.67633834100509,0.732073870513274,0.181243093191457,1
-3.43294105662319,-1.53485906041627,0.108245108565435,1
-0.549969160320292,-0.185794647929822,-2.5908786524512,0
3.29291882196234,0.131995540371348,-0.0223663862276257,0
-1.01906214919259,-0.535680895483657,-0.87978786875035,0
5.70490691850143,0.215790667792824,1.10135107688775,1
0.387365649176157,-0.195666645556189,-0.730867982221769,0
6.73680072690999,0.483526009580501,1.01699997454919,1
1.53583746286731,-0.328435373460826,-0.037167115517688,0
-1.75899370325884,-0.661490344226816,-0.440975954623676,0
-6.44971129980582,-1.27096382778245,0.26586108290715,1
0.240443535177738,-5.99027581704714e-05,-1.29089549138979,0
3.1271469314288,-0.173339120513791,0.36496623871953,1
4.50868522465722,0.217720700823583,1.12679755980098,1
5.48913044767343,0.676241701349776,0.302894915173622,1
-1.01019804390127,-0.799887027820671,-0.819167032676588,0
1.28443491903756,-0.129848669598917,0.163760359867626,1
1.23831296832429,-0.40103484784036,-0.321959475074093,0
3.05156962081204,0.878144018714262,-1.35122824897205,0
4.96329002052954,1.510925855305,-0.142305597648652,0
3.71077971126376,0.129607474477882,0.938410860438331,1
-4.24543879702442,-2.08752001888231,-0.309965364847697,0
-5.87697915067683,-1.78551194577948,-1.17320258673926,0
-0.168771030677544,-0.662783395722661,1.12098626646815,1
7.68459199899337,0.698658581085065,1.32992485275055,1
4.58911631188157,0.335387109716463,-0.181386371979876,0
-0.529480028572052,-0.353922771586256,-0.851825169886996,0
0.293284329062132,-0.758533924729412,0.102777337308741,1
-0.723697131593937,-0.793203970114593,-0.653439734122558,0
-8.28173785201241,-2.40964547975351,-1.89071098129877,0
9.50815817362489,1.19461261413671,0.453161113249733,1
-0.662005752273214,-0.472117119533222,-0.18688110130035,0
2.32785896066168,0.157253293075623,-0.536615562438262,0
-3.73972700755269,-1.61349764917059,-1.02883049562567,0
2.44677186198007,-0.0925593124977586,0.140272313514631,1
3.65939071544407,-0.511778745977142,1.63151156925043,1
2.11051185174618,-0.135159990690041,1.42649944469073,1
6.98206555662123,0.869712038613307,0.272292241715214,1
-1.09887838080664,-0.627875241028726,-1.55387822169893,0
9.90139447779497,0.839669965978661,1.79778192687114,1
0.612738827128686,-0.33992348821516,-0.34033509695056,0
2.10253058037915,0.390058830484295,-0.186383329040006,0
17.7876319717589,3.2295031820658,0.882971510658364,1
-0.496222941755394,-0.577639822635347,1.17616437816417,1
7.45934689017241,0.753057379608473,1.37535715882216,1
-8.39173925661538,-2.81354922203613,-1.54936734610745,0
0.331268769488314,-0.557222835241729,0.289127609754166,1
19.3521014123743,2.86666807451667,1.27879610279635,1
9.03624900452572,0.927694480152521,1.69820051395274,1
-0.455403863044711,-0.967405465586888,0.638833712623827,1
0.13162637779074,-0.583226168099095,-0.797658269448006,0
8.12548126117411,0.535976433967192,1.17294334594049,1
3.00478193073311,-0.324772831764983,0.455886163551905,1
-7.42017178258099,-2.32797382596597,-0.761777617126114,0
11.3370055975091,1.48692836869094,0.568512927182195,1
0.668999854504351,-0.467899074760057,0.297277924086622,1
4.56478610495513,1.40262613055934,-1.50445360287045,0
8.91068479278583,0.95995790251082,0.755422502523044,1
-1.83117440597044,-0.877138093587238,-0.364161102428952,0
-10.2533276650027,-2.30118491814945,0.0356287808440213,1
10.6294662116962,1.57557656320641,1.34268236972776,1
-0.269880026779811,0.00818729917840982,-0.709462123530466,0
9.16453116122354,1.14119071648577,0.285232262319814,1
3.27204411666106,0.286505003036876,0.678994230596652,1
-3.27728486132704,-0.445098686902954,-2.61566300307665,0
5.932473116998,0.904801449479996,0.50518574562501,1
-0.0355984063336852,-0.370304814525186,-0.29725640892919,0
-0.107728401685213,0.709874957663526,-2.41269214678648,0
-0.554610661635194,-0.639345286621417,0.243798887973565,1
11.6689557507998,1.60674172995088,0.655721053390452,1
-2.21879361599863,-0.657485960798171,-1.28014751027035,0
4.81334256843861,0.614027478632874,0.228800950505083,1
-2.73312659842001,-0.89144044903997,-2.21993836500487,0
8.14453691180064,0.828462974623114,0.697936490693983,1
-6.49156121475435,-1.99021601927919,-1.50703092935785,0
5.76424694995481,1.065708106157,-0.00954848431390432,0
-3.81131666728064,-1.38291287056403,-2.11290945129845,0
-0.303704672744037,-0.784878156819778,0.735108991411505,1
4.87761114122377,0.667495815015161,0.793611400121134,1
0.871700436799393,-0.0528457438007005,-0.985622277329878,0
-3.58976212345793,-1.38013646445354,-0.799892588548905,0
-5.17551474809258,-1.29124745801697,-1.08714701926876,0
4.92394296794695,0.123385731205932,0.751244351747911,1
19.917325520539,3.1889555001766,0.658357504035786,1
0.480190623065494,-0.0667284522836481,0.0172672754668699,1
-2.46985145895983,-1.26267857800674,1.28232740693522,1
8.09843444022296,0.523068349007916,2.5268996014742,1
7.49528067395417,0.8928734281977,0.226051925255075,1
12.9386428690948,1.58249812678251,2.25093936082881,1
-1.81854586052246,-0.631348778387587,-0.144222412675674,0
9.12760184675578,0.777846213653727,1.91394316551537,1
4.92894014047563,0.712550861097158,-0.473077684169064,0
-2.89455252677026,-1.25178879654083,0.2841197416948,1
1.42321072267818,0.00206515505447782,-0.372857280024432,0
-6.93141822361421,-1.27261981483272,-3.05846296563838,0
1.85119142086302,0.256821956581375,0.143357151833144,1
-5.81932519347654,-1.80680483315412,0.0325013254739696,1
6.34267507953615,0.451212971088221,1.57140908451537,1
0.372506339076582,0.299093641079746,-1.01848997509812,0
7.26077578489274,1.04279916405111,0.171461983217393,1
-0.882974997237739,-0.677842557589567,0.333205633934277,1
-2.74200566489946,-1.03547951690434,-0.448609852633357,0
5.03871993712092,1.87212099777018,-0.381384306994983,0
1.85885267417724,0.421573224961709,-1.15120965563467,0
17.1812240382568,2.6988400367044,1.98034688341938,1
2.26953553166671,0.410094581288866,-0.887203085383229,0
-1.45874753446525,-0.614810846905544,0.178297192804743,1
0.359992247832809,-0.216241121194354,0.426365527004837,1
-5.37023588380909,-1.39306047385116,-1.72622543247385,0
4.8009866471011,1.3111685270723,-0.537437896152057,0
6.75736346588171,0.850685548974539,0.723733692624811,1
1.24976863942241,0.203221975442928,-0.804885180419164,0
16.6425291763759,1.87558499373742,1.37660174200307,1
0.2841774729939,-0.627976820904837,1.04099895485798,1
1.52003926084197,0.50674805866353,-1.10541802038376,0
-9.78532175104172,-3.12028140627227,-2.05962592268245,0
-5.21990233209691,-1.84709618271058,-0.724389448743698,0
5.7106215320252,1.12217491067604,-0.412799984850787,0
-4.02581152290338,-1.36171728038031,0.0894624795395507,1
11.8225154902683,1.93084380213162,0.965691333197443,1
-2.28199916417688,-1.27860974915869,0.611586467230105,1
-5.14968355534454,-1.34977614626347,-2.23041811038134,0
2.80693150005589,0.252977468768994,0.333505810933781,1
4.55637150635656,-0.187349418435315,1.3336666315605,1
2.685435856286,0.521900784349727,-0.35457979146131,0
1.13461881658972,-0.351168391906255,0.623727910789933,1
9.50899632790045,1.0628771955043,2.50757417323682,1
7.35039444110215,1.1627513880696,0.0551040166337163,1
7.75291894491871,0.985065835717303,1.05009160116554,1
20.3724945210893,2.74778531896403,1.84559858576583,1
3.63836191549788,0.181401735036511,0.658958420359112,1
-4.99952099580559,-1.79192420198482,-1.76833859640474,0
7.60858980662056,0.783048430274942,1.4779261810268,1
7.06417607003385,1.80592481818539,-0.59881122423027,0
-0.354730041840248,-0.973038071732447,-0.20834654389326,0
-4.7061553829127,-1.95965226031456,-0.0667702205224116,0
5.47397912872772,-0.0231496910064171,2.10454253775885,1
-1.58355459760794,-0.83796470814173,0.384911498989712,1
-5.16189556854028,-0.948680716347816,-2.48022212749863,0
4.46463288919642,0.182849701884818,0.206691839246211,1
7.16992206179996,0.736367468540315,0.406268364442178,1
6.51183228092893,0.939437985315746,0.0767279448375845,1
0.0182710957439274,-0.75806280372207,0.622644581254757,1
-7.80149666307436,-2.26910358023508,1.37268725970398,1
-2.29596810534997,-0.788445634191627,-1.18596609036151,0
2.20856919288479,-0.126838304602324,-0.0326770487579182,0
3.68893266906196,0.50250299613262,-0.383358652036109,0
0.355969212939479,-1.18213112854732,-0.16228187871396,0
-1.90258618356314,-1.55113523830117,-0.604828904332291,0
6.16324293682753,0.797805737945151,0.155315056819976,1
9.07214921484905,2.69382955337533,-0.148602803803102,0
4.92681356240991,1.16699493368559,-0.258194584550153,0
-8.08354639297115,-1.82494319961637,-2.3952187197797,0
-1.9748588914821,-1.02718792715075,-0.76340433748113,0
0.602358809221744,0.0814033648439361,-1.86748863752499,0
9.78281167501306,1.26241549835051,0.767361967256909,1
-0.137245508365753,-0.477980152589386,-0.271243769975234,0
-5.56740050798427,-1.49129342385475,0.391272723831917,1
-0.842150992360372,-0.925779384062624,-0.556085818602144,0
5.46920818298685,-0.0667871435509643,1.3505458605202,1
-4.44419329222164,-1.2319152657332,-0.930693070065204,0
3.96261667261228,-0.0718984352707524,-0.094611632842031,0
7.90036237386877,2.24535067206958,-0.31865655065057,0
3.22502053724165,0.130681602341892,0.670392562645895,1
4.39705445782502,0.311611058544048,1.14610764349164,1
-1.39455834685644,-0.23028910745768,-1.040692823283,0
-6.70752781809097,-1.83472588702091,-0.7771397199248,0
4.98183855507692,1.15006237149512,-0.560267783576731,0
2.09058139140221,0.752505576627451,-1.54671648042337,0
5.70477716411429,0.340153129920747,0.829409161589246,1
1.42623995200361,-0.634488174851323,-0.656430628054394,0
-0.242249015403734,-0.507913174918588,-0.771963900852485,0
0.224914440010622,0.100039329332134,-0.322312432660953,0
7.55060336254584,0.809464717749222,0.677054685709613,1
-1.4674677533534,-0.825169288459968,-1.2413844194939,0
-2.78152485915272,-1.11730872734475,-0.479886378384815,0
0.262984012302975,-0.533641495738329,-0.128399276818601,0
0.947823542321636,-0.220721192124893,0.474773845871657,1
-3.50766036641989,-1.53549777724634,-0.641286901243125,0
5.15485054268022,0.791586071628916,-0.000486434843818393,0
4.37443030781831,0.134137824944533,0.69266886757402,1
-0.983321709072166,-0.620815209566796,-0.630108742887993,0
11.3239339778992,1.42831364319354,1.65611225799248,1
3.08678520020988,-0.46609954760438,1.60748473001724,1
-3.28104925010871,-0.280629360123851,-2.00768139295732,0
6.15839326808228,0.495482371949451,0.985287708557355,1
4.94261808391879,0.848334765745468,-0.671878014494179,0
23.4690650776291,3.36146837607382,1.79560688835131,1
-2.92453889356351,-1.5857755248782,-0.816711060987653,0
-4.10946482795927,-1.24143474438512,0.376095259157626,1
9.30911593319179,0.966397744154816,1.61492189473603,1
-6.75081552696128,-1.99571204530072,-1.55496358439168,0
11.3415516695857,1.61310378122819,0.773423589058292,1
9.19111336402156,1.06009188944276,1.13455967490539,1
-3.33734248946637,-1.2552078895785,1.24089619127573,1
-1.34638810832541,-0.52179134115121,-0.944030124476794,0
4.53529933667845,0.19638700154962,1.73720424044982,1
-2.18440436065672,-0.975082257137426,-0.108368716054875,0
-0.747610604765728,-0.949705340502111,-0.875317230712817,0
-2.11157734782275,-1.22663516200176,-0.207346131642204,0
4.31491687187089,0.54668622914955,0.528634790541528,1
12.249236452609,1.91974614673073,0.732960421463418,1
10.3438571708154,1.32709038438634,1.54363745009096,1
1.14422258374105,-0.0494454461915911,-1.43317890479179,0
4.91189952828989,0.408344522243564,1.23490849087958,1
2.14588387265626,-0.21445714748103,0.977891710424581,1
5.28924719669762,1.41784425549334,-0.0475857955511227,0
2.52586423974526,0.0516729309600641,-0.00519937162361392,0
-6.14529269027272,-1.57472679832849,0.375178589891035,1
4.6690692790715,0.609836055401731,0.0933648360840109,1
-7.46423717199855,-2.28585853573137,-0.982410130593325,0
3.0699604254229,-0.238698490430407,-0.489989119734013,0
9.1553532397176,0.437375055807358,2.39988146958953,1
1.91105580484419,0.494382033716418,-0.90315555477167,0
-4.84114326592809,-1.02885074795264,-1.29516742620287,0
0.534560633200682,0.319918720434966,-0.568840147041948,0
-2.20140734849071,-0.86518528215132,0.169793245425053,1
-0.44417492990142,-0.124815747956854,-1.02037754245157,0
-1.03548380195215,-0.579208680683391,-0.729605510467062,0
2.89428993764818,-0.213497922469363,1.02650430223629,1
-1.09177597429613,-0.443613875490591,-1.35582919071216,0
14.588873427821,2.04022671474498,2.04286843210838,1
-0.405032383453444,-0.380993642689223,-1.12788703254958,0
13.96676967674,2.27088963204243,0.684924590048412,1
0.788466621664359,0.109054757081831,-0.823670893230604,0
1.72485810998785,-0.625254121259141,1.43954897550861,1
-2.08984899610172,-1.1608904178444,-0.160974636262457,0
-1.86408715357879,-1.10531010786761,-0.183181409498687,0
-1.98513921061708,-0.58064551412615,-0.145031548315761,0
3.880830715349,-0.136906460084323,-0.120490262558088,0
-0.910325447281012,-0.743987175434371,-0.115212747377224,0
2.88620645351167,-0.0161686275342486,0.944256014650945,1
4.48325967888164,-0.169737076781803,1.44268353615577,1
3.75391731991184,0.92669602088837,-0.968533975752634,0
6.96454563424259,1.03047116283286,0.571069074761598,1
-3.28086334017983,-1.07722171177969,-1.70155329191569,0
7.31800891561273,0.769618629161043,1.375807314906,1
2.52301817920972,-0.280856760273817,0.365111604726398,1
3.03027378513608,-0.0702533665043933,0.942522128904085,1
7.72703893095357,1.16313112726362,0.981092180259409,1
4.8647606303273,0.533338933089787,0.104191529841221,1
9.03409415143275,1.63632877176566,0.336655558874182,1
13.680360663937,1.84135136919291,1.3993833479818,1
2.67865905344253,-0.0684347542673387,1.44175496221168,1
5.77322066001728,0.652775669789557,0.634200141362999,1
-2.02958917296686,-0.933276030380502,0.573202710515623,1
-3.43817061677081,-1.92830882198984,-0.790535741118314,0
15.2555810987785,2.6211225246541,0.56929878877726,1
0.337244931273087,-0.420288726191401,-0.638597291173211,0
3.80345348341976,1.0151560747403,-0.643097578777704,0
2.80087003283061,0.524076048640221,-1.32609180227809,0
-2.91552408291784,-1.36964181213173,0.827650916148507,1
5.75243073841225,0.294388599863668,1.85744073471596,1
-0.726144246873697,-0.842237759616502,0.741476454283577,1
9.80119821100082,1.71243119662378,0.169848405193189,1
16.6539801704166,2.25041600348057,1.76962342740425,1
0.033402875321742,-0.634064954600073,-0.0453110640141562,0
4.00039292709055,0.297427195401164,0.349707951961842,1
-3.93745311608252,-1.78103675153895,-0.0725233330241314,0
4.57964218754838,1.33194363251084,-0.205583443715042,0
3.04289072712836,-0.385518456772101,1.47355285854186,1
3.91915800731012,0.257309843555047,0.892707526019358,1
13.2563933507768,1.84286620202162,1.93135499154844,1
-0.123215250414311,-0.609679165951637,-0.111647067519296,0
-0.534060971448896,-0.808057538704917,0.944824545825155,1
8.83694398587336,1.31082943598994,0.990708647809456,1
0.0380289619616406,-0.863598513526695,-0.0534855559901145,0
-4.47948940590686,-1.46481427116515,-1.5341554050105,0
-2.15083913491581,-1.18108650045311,-1.05459935265913,0
0.751640095267843,-0.0770255809164119,0.880334079755888,1
0.53738599197108,-0.00291953888544305,-0.972944064902597,0
2.21711448373958,0.159828467784835,-0.00203518601183058,0
8.58739541143743,1.20362310253391,0.215491511622634,1
-2.15829899842674,-0.900707053524819,0.623395449021783,1
-0.153104536836657,-0.721693051609215,-0.769005355875207,0
7.45688995003003,0.649886718323939,0.42903519920744,1
-4.55044434957595,-0.792058446924727,-2.20009627215593,0
2.19316896716609,0.627085685202128,-0.00544066649686839,0
12.4086399562269,1.64474859218317,1.15097025147599,1
-6.25538953719621,-2.36542566409119,-0.565779164220707,0
9.98398007960673,1.81421432842909,0.0486798274675567,1
3.47692373796186,0.727684313083165,-0.649413189470634,0
8.9272872784256,1.0895337699459,0.577429261275117,1
-5.29779431637225,-1.6353657399492,0.014528095699989,1
5.9229794393609,0.110886291641921,1.89928447590023,1
-4.18889367789533,-1.20275312528351,-0.80057656110009,0
5.96220036937567,0.565908379693909,0.0168133692458685,1
8.57324515834181,1.28187824744295,0.833312043933596,1
0.935767851864411,0.0616825943713484,-1.52258066820206,0
3.26451954615709,0.848883229386999,-0.578751317098654,0
11.4511109838758,1.50184787510552,1.05376019778182,1
15.5248522690255,2.20236606841805,2.2275785271748,1
0.341287551483215,-0.515981025689829,-0.450106999664307,0
0.919597793204477,0.058475798213698,-0.475653787156009,0
-0.534185782519365,-0.385364882372745,-0.409683962324142,0
0.490686435171411,-0.407837437703212,-0.758888070280013,0
-1.18728057809861,-0.383173394487492,-0.493571280706305,0
2.98900772767834,0.133967599831421,0.741066763164376,1
-2.52043176153256,-0.53639462249128,-1.43733504126544,0
1.40135386986054,-0.194057915744621,0.538956340368049,1
-9.5668794035925,-2.11880295038867,-3.30840782290581,0
2.94304869636033,0.247535323805318,-0.955688329986032,0
0.699896529060148,-0.473099418645423,-0.306247619837947,0
2.37933660361404,0.120842215670927,-0.405918592460335,0
2.75932755381154,0.0402623417353485,0.0517881944644797,1
26.7489205666588,4.26161767259514,1.98437146247901,1
-2.5075062488411,-0.741565429361258,-0.591437912062113,0
8.16918420023473,0.389899875889645,2.51035226069778,1
-0.548155606828126,0.160766909423334,-0.844958097711239,0
7.64107000922534,1.1920666477793,0.716289703566245,1
-3.4069968630022,-0.98641554231583,-1.17088483735844,0
2.90908113428774,0.194815638496192,0.0787726166511113,1
13.2473066115576,2.02771378920939,1.41268590305526,1
-4.88093852547341,-1.31453626713044,-1.97996489945065,0
7.3090713708806,0.950266817992607,0.121441336585319,1
-1.58852925340336,-0.463308036807758,-1.13265731779557,0
13.466969394195,2.20812579229788,1.50305168522717,1
8.86690917923257,1.05003493409504,1.18922741580595,1
-0.613627563831077,-0.539783273158875,-0.559320934271925,0
0.0623493023363285,-0.446703224686898,-0.946900539977962,0
10.0855966630336,1.00079337062585,1.55739141468689,1
3.49291802957615,0.253570127140915,1.21551810066199,1
11.4026777779514,1.58046303950475,1.24553479466159,1
-4.92373606980032,-1.73731282501474,-0.868604366477504,0
6.24082434517982,0.438975081623479,1.09607339207164,1
-2.79566066524799,-0.658287443630267,-1.1979848627577,0
4.08398980340807,0.497688859277217,0.23176083444604,1
-7.86784018103917,-2.33064144647668,-1.93507095711372,0
3.77027890752856,1.14620873002675,-0.759562403166904,0
-4.14650938217914,-1.75164344410996,-0.841733354841017,0
6.93503026731051,0.487269371023961,1.02437555507287,1
7.22970568904142,0.834380404398822,0.955364927646063,1
17.7567500574316,2.95087802822209,0.416022974524661,1
2.94379741964901,0.138511061548905,0.48181504768167,1
0.845756529053024,0.459392761859097,-1.39168791952905,0
2.97535812099761,0.281961964326163,0.910854637347596,1
1.32402959667687,0.0593397497129816,-0.397754682874876,0
10.0615012906767,1.54179002820174,0.522492722556666,1
9.58560641786912,0.995408631660263,1.33949845899914,1
-4.52554623679436,-0.96697406250025,-1.87605229170433,0
-2.67010866654619,-1.39597153166356,-0.780127061951323,0
-4.45670606125994,-1.08077064559658,0.0452230968867865,1
14.3067613461223,2.38465423038807,0.678737033108778,1
3.26423187761085,0.752462278482071,-0.401802051105983,0
3.98018874704795,0.963911036149579,-0.498660113723723,0
-6.1910516539888,-1.59658419986793,-1.77489881612707,0
8.99644771558117,2.14414871679626,-0.191529501102123,0
-5.63554784012024,-1.57300735262737,0.529744753549286,1
13.2131538857545,2.25403463422132,0.0660529045627186,1
7.0467096161994,0.751114120925969,1.05817877772919,1
-0.0695147315733198,-0.296043056900697,0.756577336253273,1
-1.12806697766615,-0.521074602831163,0.129398670875964,1
15.6794803153757,2.05869219899574,1.74804335873483,1
2.78033652323957,0.273936367760054,-0.308369062916464,0
4.54107747883636,0.265733366767142,-0.0530975580772408,0
-1.01441499701697,-0.837801723007317,0.346128140440855,1
-3.73861462060189,-1.32586881511588,-1.79013973491704,0
12.0269939658212,1.97223699968417,0.0909237445698157,1
11.0416250142298,1.44941974256871,1.12631106503857,1
-0.703866072136244,-0.533590913713169,-0.0755106576168037,0
3.55076606286561,0.0894342272796858,0.258168600701261,1
6.10983980907982,0.187489421315334,-0.0267462909438968,0
6.46907034919524,0.786149346776666,0.933901676211562,1
1.85198650010201,0.66062573846785,-0.645918698294169,0
1.77663997875336,-0.4455699586881,-0.298181474032829,0
1.72301887129455,-0.11126186989867,-0.195567645157286,0
-4.13206623847424,-1.81651440538913,-0.326817800704707,0
4.2750006073607,0.713305561313415,-0.0213437632369976,0
0.0190206184499161,-0.571524735879004,-0.485046209889872,0
4.27021127225897,0.124946750561255,1.19072090119014,1
-3.97418402082408,-1.6517604111133,-0.346072093491196,0
1.06208005423823,-0.56447792449799,-0.863250421621825,0
-5.65632592657582,-1.77702210172591,-1.58506032322426,0
2.6633761267353,-0.100321934785076,0.0543818458666089,1
6.39016524862924,0.868854604501594,0.755071759662646,1
5.31179792615695,1.08484849666004,0.596111730920837,1
9.82869593184144,1.20768371653493,0.980378948843119,1
14.0188724324718,1.8464287887598,1.59836007869217,1
4.45936368287886,1.1208207795831,-0.464948528253351,0
0.151465074523521,-0.310815257455024,-0.483697205479896,0
-5.64933847821679,-2.13848239026865,-0.834855429332481,0
6.48658431920271,0.455129841595403,1.27917629889984,1
-11.0473458151921,-3.51517933469312,-1.49403911124107,0
2.340656491056,-0.190374486887265,0.310698990284129,1
7.41940351711346,2.27285435111704,-0.296281100670437,0
-1.48025356809497,-0.879129089570705,-0.501964182432157,0
-2.18213427974911,-1.32117644532932,-0.302149767997922,0
-1.79673790427396,-0.739233833467488,-0.422855106435575,0
4.18521395507236,0.211548217363443,0.214749291721792,1
-10.0692840425997,-2.22932344643559,0.133225724019565,1
1.82188797235452,0.85222743751876,-0.754441827646669,0
-0.626085916362858,-1.21151344349481,-0.0868469383343843,0
0.0477577358564825,-1.02510298301732,1.01605197442111,1
-4.34845700133309,-1.31523032157552,-0.862060190764234,0
0.56693820354722,-0.83779494475376,-0.079029789879793,0
5.75073946577729,0.101751359797125,1.13293005281761,1
-0.954362068671015,-0.73225056550185,-0.175382427291657,0
5.30044932382996,0.206302249865242,0.500384573515238,1
6.79169498577674,0.412656713437581,1.01651720391266,1
16.4377400083329,2.35616177915295,0.530174410817554,1
-4.1139256203551,-1.07248519461792,0.109982328920536,1
1.753220049324,-0.638580646765866,1.53463204499973,1
7.34949607494567,1.13928668524046,0.769107652838176,1
9.38945017562052,1.23266237421759,1.15317955497027,1
-4.10009073772299,-0.971603205034833,-1.85126987852568,0
0.151936686631589,-0.0506697434070212,-1.88968385446333,0
-2.58521037469293,-1.35333133335781,-0.661353966471871,0
-0.892686892087822,-0.735168163238417,-1.09130667184605,0
-1.80303260223575,-0.9723248683144,-1.98714161384437,0
1.3037849509389,-0.0762378146974603,-0.424013965946591,0
15.3832659242954,2.04232904811239,1.94670154402892,1
-5.28252415768187,-1.22550988055113,0.466281686361508,1
2.26021468321597,-0.140390534078543,-0.237126116305444,0
9.40089407811715,0.744950898600751,1.30980219497918,1
6.00891856640299,0.531237408744642,0.105309763479679,1
8.01540850291197,0.67740912225505,1.32880946712888,1
0.95173181223318,0.203827082547412,-1.21756012391138,0
-0.515266898072974,-0.246041234271965,-0.896069419776026,0
5.91394334189494,0.939343248188252,0.195266411204963,1
-3.20146479305773,-1.03894712626441,-2.37016412926914,0
-8.3233575553205,-2.95508537673165,-0.890513030272548,0
10.941314956387,1.78298694807952,0.247145064943297,1
10.8959893245739,2.09225981911783,0.281958228175316,1
-0.791337520754014,-0.820539710176025,-0.707425895426552,0
3.60087395522863,0.76239334541082,-0.496974493189511,0
1.58177393481486,0.355754920955932,-0.741644701142705,0
-0.779539934093164,-0.398760897017725,0.77134987444186,1
6.99489748004259,0.617333705449736,0.59772218423562,1
3.73082643123439,0.334598900986845,-0.200617959074733,0
-2.29556003678204,-1.24624330105146,-0.0691194443637718,0
15.8528980913207,2.17364523696898,1.13700170319667,1
-4.26485329196959,-1.25208828626999,0.744729435008429,1
-0.721322285919933,-0.292978149408924,-1.61924708927115,0
3.69436748592147,0.606910599346056,-0.629456925298921,0
7.70441939024266,0.681590228917576,1.05788436219065,1
-5.26640244320507,-0.494906581561995,-2.02844836507143,0
-1.64293870063403,-0.979642606369301,-0.142548849262066,0
9.35272022199897,1.14394357994022,1.53799712385037,1
7.41774837659796,0.65998531118879,1.00972961087163,1
12.9528790472186,1.71055798724051,1.03138779134099,1
-3.20303909451166,-1.00542884294368,-1.8389535047977,0
0.348163877670998,-0.415631679117799,-0.0809149287642641,0
-3.11113375744535,-0.816787298501169,-2.96498439251453,0
-3.82006735502685,-1.63493870560349,-0.949572236493295,0
-10.0077526697567,-2.6789405791947,0.894881297945835,1
5.12241137372495,0.209605379703926,0.472509750840798,1
-2.00840859135523,-1.07372875710162,-0.561530524088789,0
3.76500334198174,0.276360115464076,0.172538736625997,1
0.878005417898479,-0.389301214076172,0.696623502063269,1
-1.7586476657087,-0.625297710278281,0.425163057402694,1
3.29947024401346,-0.150737062475591,1.25384456270953,1
1.61481743186947,-0.200187499324195,-0.516861936276222,0
-1.56824732861449,-0.665418332899364,-0.231335070035178,0
5.8636668543393,0.291683090752879,1.26679587443618,1
-0.605116387560863,-0.585256348216823,-0.321248700588976,0
1.69820434231122,-0.0234613694958372,0.723854506667909,1
5.39375214675675,0.255351219131762,1.39827381494846,1
-5.51913414983259,-1.54052437028656,0.180137332760575,1
8.86858200153864,1.57626014168747,0.761320011224727,1
8.02866390408827,0.635038056820847,2.37742738251869,1
3.07754673898522,0.709605462286778,-0.213397079387889,0
2.4007944939691,0.47123744565056,-0.0129144390268832,0
-4.35525762062876,-1.42015987116321,-0.920592518159265,0
9.52793320953987,1.15992128941294,0.729144500484137,1
-9.81907464434262,-2.84089912643994,-2.3627348964563,0
4.19585102088529,0.867954995483895,-0.205518553861947,0
8.45772188162802,1.08548237734909,0.487192885469659,1
-8.58116301893679,-2.24323227249717,-2.89533269209451,0
2.87037606266568,-0.0883906300601178,1.00700618072487,1
4.53692203170052,1.01033193861709,-0.268118055003984,0
5.39919226179926,0.80443364612527,-0.317619407605633,0
-1.72609644349458,-0.567068223407723,0.389011712658783,1
6.17704306305972,0.440252353760788,1.31604116308666,1
1.77819719964016,-0.232207899023953,0.126118273111556,1
-4.8537506427794,-1.23163694598299,-1.79023422427201,0
-5.88714757753089,-2.28483128913906,-0.601302585635549,0
-0.0952282931331384,-0.299834711710124,0.150314910010379,1
8.10433754242631,0.704530007390085,0.324943806496477,1
-2.98230509742259,-1.18274853348023,-0.414885183915796,0
9.34071818713699,1.24885555554357,1.21842831655198,1
-3.85080551926647,-1.66289578581184,-0.818672567809297,0
0.814880556217755,-0.340362628198222,-0.0634314741278686,0
-3.1899545688924,-0.647892730897437,-2.13752680071421,0
11.4092798469572,1.66566916495246,1.16324516564236,1
-1.34820997375515,-0.036983407831601,-0.872817790185571,0
1.54834945154444,-0.115814052296541,-0.575109956639969,0
3.2146115940133,0.0286276426229567,-0.491385152019573,0
-0.574424402870545,0.0723462852069243,-1.80161219411383,0
-3.77475241994919,-1.21043821753331,0.424698416097907,1
-0.106623389373287,0.016775879134049,-1.14892178052345,0
3.52163719546492,-0.238765033996712,-0.318119054300326,0
11.6419495488766,1.52957526275908,0.407540086316565,1
5.07240412762923,0.408840319959041,0.651486229255932,1
8.54968118033294,0.680105787708934,0.180565411355414,1
-1.19660733478297,-0.615771153365279,0.659463884911051,1
11.4651683474053,1.30514884358181,1.28078467729458,1
3.43757995839047,0.807059962581127,-0.0684071762054496,0
-1.96398495935094,-1.06490009554902,0.117864107490811,1
3.5946257469283,0.141507018963846,1.0343639277469,1
0.170551857732743,-0.309868771483473,-0.627212333703182,0
2.44831580004925,-0.202663820903651,0.0983839370022002,1
0.53240874594822,-0.466069182484945,0.78367540785669,1
14.7376674550791,2.81761279845734,0.0608546850953133,1
-5.18449477354752,-2.26460880115388,-0.0789549968049455,0
10.1549690214844,0.875870371622293,1.64677257029148,1
-5.65951174773402,-2.65280711025733,-1.73751364185246,0
2.50893248075095,-0.189278887205311,0.513827595092794,1
-4.16982699230834,-0.626810414405764,-2.78859007508681,0
2.98582479950293,0.329787176003817,-0.877281858515841,0
-0.772802862832172,-0.664350749985576,0.216986180179392,1
8.71035833061326,1.39074232594026,0.546117688872213,1
2.54462289154619,0.0840787981538597,-0.101612314312139,0
-0.387238261393378,-0.607070846711984,-0.160088963029887,0
0.1915704067382,0.0172015756490457,-0.768311364771208,0
-0.718945580383324,-0.313352884222479,0.0173938922355814,1
2.76033408785685,0.552375869219337,-0.155955902545636,0
7.58016391232662,0.807688314234327,1.3047158654908,1
1.09071142336279,0.215365667204787,-0.932609879113302,0
12.9620664774775,1.77702194666515,1.23805331884887,1
-3.61261928382449,-0.600176292246303,-1.59486676204832,0
5.42080032000626,-0.057904426116462,0.0937457171271516,1
0.187903226895048,-0.65700629465858,0.364029584346149,1
7.73471597790669,0.616839867671309,0.722680966118,1
-4.18939869421702,-1.36752395103735,-1.25232935171763,0
-1.86592796746598,-0.945469715673528,-0.554983080965536,0
6.66591944987826,0.786470448198455,0.263197735967713,1
-1.10264345840507,-0.770346928403506,0.863742182091898,1
6.46575901250581,1.10320980021368,0.199661043583785,1
-4.19582944570692,-1.08441082758638,-1.92746715174755,0
3.82335560882639,0.52816648277206,-0.15138304398912,0
-2.09437102700731,-0.51841918033346,-1.68774482204726,0
5.99819504757468,0.808573240002836,0.542819373953786,1
-0.529950277494328,-1.07333260920193,-0.578117006182462,0
1.32071650996318,-0.430383775508166,0.199625861109459,1
16.884074024826,2.12338694275024,1.79991143120432,1
-0.112380217723282,-0.717638565143993,-0.563060372399261,0
7.37613515518595,0.413218019552583,0.980299390680766,1
-1.8229215914862,-0.226072757484368,-0.843447014550353,0
-1.93118991414528,-0.0952828166136086,-1.81583826635136,0
-11.635797224835,-2.69432064012445,0.170532311100871,1
-0.357300672410622,-0.203562100133806,-0.120374647251428,0
-0.714150067653795,-0.964454239381932,-0.242248417356073,0
1.90777426841403,-0.346192802094492,1.41287996829281,1
-4.89165969966394,-2.27427476782105,-1.69836768922572,0
-1.07394544527649,-0.253388285166756,-1.5072625641519,0
10.8977036681972,1.55932742728211,1.41490596778327,1
5.89428948780931,0.131068029262803,1.68720619134512,1
2.39736284962511,-0.430849299424817,0.10941282313001,1
2.70377842630138,0.726213367882361,-0.00770457238105294,0
-5.86560996486499,-1.6997259177577,-1.53760297650125,0
6.25907001925508,0.694856634214988,0.602242311514253,1
6.48285018522637,1.25238951612179,0.102285163063052,1
5.52160422755463,1.08898676820485,0.0293838690705507,1
-0.584795872204098,-0.801620306226349,-0.307940731985404,0
0.660500590415706,-0.504044119339646,0.826940696465077,1
-0.67611949982445,-0.785979980156216,-0.0556822854754709,0
-3.38579343081987,-1.45054479462434,-1.73815628805465,0
-5.07633727624564,-1.17916959749311,-1.6438743974287,0
7.80404437566378,1.71801038596021,-0.145192056627325,0
6.15107643153054,0.5206316905172,1.71729101495038,1
1.10220929320575,-0.580140622393602,1.16865138203062,1
-1.90354514559861,-0.554150475455812,-0.756641249532186,0
15.2168221724335,2.53392327623512,1.35619859050971,1
-2.33291209716268,-0.759269700022883,0.111247279911041,1
1.17865332864815,-0.305684510414542,1.02959130229542,1
10.3738309623804,1.34778970380072,1.74054970355907,1
3.83480519402809,0.242630575592009,1.43437198733928,1
3.44934178601479,0.700498231127429,-0.807485864557942,0
-8.99829364237064,-2.08266639558571,0.24540486635534,1
0.285082114598478,0.023234170754074,-0.863172514436452,0
-1.58566260547464,0.058711915415307,-1.14196517275131,0
-0.865536187053504,-0.219107058301937,-1.42011121826269,0
3.37457761812695,0.554735383090995,-1.55247734515219,0
-10.6328621472144,-3.0183559809839,-2.07070692181504,0
-1.7573484560196,-1.76139695127737,-0.717285424868587,0
13.3728173178856,1.60830967433722,2.10193554913996,1
-0.439147713656529,-0.695609398063282,-1.40847201091677,0
0.0666330724208306,-0.380575783085868,0.167010020218245,1
10.0566677089902,1.26098647719744,1.40457880260096,1
2.55943906182425,-0.0999978756289283,1.00301144045127,1
-1.89686404846291,-1.15232992461592,-0.531318037580133,0
3.78534252357112,0.267179438289288,-0.34630458710905,0
4.57224708470786,0.535296895131185,0.523609050138804,1
7.22337584100729,0.817129723994766,1.38794699884689,1
-2.95178081259482,-1.32990887906999,-0.27714381827553,0
4.29935404068448,0.566606077714534,0.0965060645440916,1
-1.79234935651568,-0.0722267034083527,-1.04082643598293,0
-5.61770635850035,-1.58744913814484,-1.15757007822125,0
7.31067347635391,0.254537816748587,1.77790714080675,1
1.91076944207768,-0.349182082778049,1.14126003926183,1
-2.56674162590268,-1.03989748273286,-1.40593033565516,0
-3.11403131027004,-1.25340392452099,-1.02588037659749,0
3.12994088706373,-0.350106826481364,0.611501647292082,1
5.3481489645742,1.53850943231288,-0.128362753616616,0
-3.25788030615113,-0.980625654388797,-0.461272359446572,0
5.33722585846215,0.588176122052925,0.417439736782129,1
0.379498664161864,-0.0711790341982972,0.320247187603137,1
3.3705241371445,0.478819306275333,-0.398739509138785,0
-2.4521033050747,-1.01721369828717,-0.719546952254205,0
13.6465459439904,2.01776153891596,0.219296886647976,1
5.81244431177677,0.440707193209161,0.222093978529395,1
9.44385412149784,0.99188565756875,1.11250579395739,1
-1.7956727302917,-1.20824143518105,-0.0283194316745225,0
1.9277620778143,0.288292544692977,-0.0787802813758919,0
4.59633620497685,0.330777448332858,0.239099097257417,1
3.49700889710988,0.621265824236712,-0.413949588909927,0
-0.59186361084178,-0.810652076493671,-0.00972992670301776,0
-0.50977380076338,-0.635068745520335,0.166067261394914,1
3.87325060117037,-0.109711544549682,0.856959150077612,1
6.53781823227201,1.05148296742378,0.188533081058027,1
10.8555126979436,0.947461969854086,1.22117126040982,1
1.03992623017655,-0.199406466841801,-0.342011711490307,0
-1.60244615899946,-0.404675729591195,-1.59975828899614,0
0.295028481869807,-0.813379108423422,-0.211354652663353,0
-4.6050994108725,-1.79357696813696,-0.583443280408093,0
1.93197418155125,-0.507315057691271,1.15861620315268,1
3.1156943512401,-0.14035434719221,0.599301466185779,1
-0.422913565094362,-0.267138073695239,-0.466306554839065,0
0.990434703689404,-0.213831319132732,-0.804569748421354,0
0.289521952336645,-0.897592466975054,0.860769272254416,1
1.18615884256302,-0.0278805262600697,0.0147304495136524,1
-0.428440257660037,-0.843013223237974,1.14633768275922,1
0.0702724765929285,-0.222751736162854,-0.403509352127671,0
8.49519064810179,1.77863546728774,-0.09118555473559,0
-1.70114606487572,-1.00605182815889,0.698278838796462,1
-1.18430803472109,-0.406023085314814,-1.06972906881859,0
2.06550773792211,0.213144011306903,-0.693062333932251,0
1.37071173383767,-0.196120112334567,-0.219042473730285,0
4.18208721760638,0.51698311586351,0.00139666879165301,1
10.5248826250762,1.37395420470502,0.934076732494943,1
-1.69558113475788,-0.493923273355998,-1.27877956409248,0
3.83474820489154,0.629731998077107,-0.197014341334538,0
7.48144822721747,0.995178198556898,0.872689403749991,1
0.15716188670288,-0.446332126111858,0.581102678489178,1
-3.74929748935245,-1.55495536182314,-1.49744378584749,0
-0.0295463507154772,-0.620477768358249,-0.746520322088202,0
5.87401585518122,0.736903111875305,0.723772390813154,1
-2.86023914785685,-1.36465108141877,-1.38350249198739,0
-0.683145600034249,-0.572837726495547,0.207849813271798,1
13.448094635463,2.15482731283936,0.267847960780474,1
10.578406477778,1.25170333525585,2.16083329510815,1
-1.61147842186499,-0.78110485198604,-1.13619049436647,0
14.3912926874454,1.88427844572988,1.82701638206277,1
6.55327418531806,1.42419827358518,-0.110147672443299,0
-0.81187937002003,-0.842800012107666,1.27635504960245,1
0.692734187484767,-0.24777743718945,1.11790161762691,1
3.23809470376984,0.265810702920412,-0.530630715598926,0
4.78289456296325,0.840092832607234,0.620941198965494,1
7.84008649877046,1.039822188855,0.464427424045131,1
1.04294999790795,-0.153918808018796,-0.318676080226463,0
-0.038897997083109,-0.516388729788904,0.0343406421232317,1
-1.11623684107305,-0.746957802251791,-0.136589405088062,0
5.32000232425513,0.979072313094301,-0.0848711273097902,0
-11.6813396453062,-3.25276275888628,-1.42449722309628,0
6.6637387323767,1.05732804878534,0.399195840490355,1
2.33430691356048,-0.164521868468744,0.34564757192629,1
1.1448644737151,-0.11076992391271,-0.848477204015522,0
0.845502421328161,-0.602315160443328,0.728939495243493,1
2.37156613912571,0.512019563041176,-1.03644646419242,0
-2.18291078631388,-1.16976391705067,-0.36397110569075,0
-12.447958892608,-3.2816868589681,-2.84477789670041,0
3.38228203947318,0.521281833212646,-0.111586041421202,0
-4.89052086834059,-1.31054535781097,1.08104777389472,1
-1.7056549776877,-0.369420692143794,-1.28536290398011,0
7.12195798460617,0.862001462659846,-0.120136486859595,0
-0.997932020874174,-0.335694030165035,-1.32227532547361,0
3.94177724316863,0.189966761217642,0.724903950677728,1
8.317404838595,1.15476182660151,0.109280835245796,1
-0.545381326793396,-0.87084639908734,0.59378549488248,1
4.95868266742186,0.359169857627332,0.717288112056582,1
1.07202681507194,-0.0679213387251061,-0.272939948126847,0
-1.28585210547736,-1.56028149499807,-0.952165187546316,0
-5.12976877926915,-2.44000429150469,-0.267009933283735,0
1.0154956461861,-0.709668745162618,-0.769977665558462,0
13.7297161652015,2.28145820365969,0.746542281833952,1
8.32899220571727,0.960019236454279,0.224396992899434,1
4.90359707590464,0.306886002016861,1.00206650348007,1
6.4730448030221,0.512888569633911,1.80100988443267,1
2.59423835991296,0.0620043995764647,0.207106692173459,1
-1.74737713337241,-0.538084783496336,0.259548675180328,1
6.9866027001228,0.965496209890551,1.40917256243446,1
4.3223081683179,0.668059757799476,-1.20200355355365,0
2.24794029111387,0.129385700531801,0.320980481463603,1
19.0180686903082,2.6135783740344,1.92593466135888,1
-0.0517039960400322,-0.317781571224486,0.321994820317105,1
1.35867779717909,0.0317956474015,-0.908905388538174,0
13.4627553645179,1.18539816435614,3.32100923041937,1
-6.95494674995186,-2.5497705155798,-0.697977594288378,0
7.73663265775549,0.514911619526144,1.14210383536446,1
-6.506069146672,-1.90901160184652,0.506184934759376,1
-0.286900891353006,-0.287741775298233,0.126550779961911,1
1.703289035198,0.52056454215953,-0.725919041462262,0
12.4601685114598,1.94547817570244,1.19514249933866,1
-1.28418113491061,-1.06431593881567,-0.0233665013500546,0
4.0277754152527,-0.0379457688551098,-0.0166657729026377,0
-2.98673070509999,-1.28341000824587,-0.656292389995299,0
9.86103638868271,1.24299520972203,1.74450526718419,1
7.03372173121177,0.851219886056229,0.276757429507094,1
-5.18853825653918,-1.31071471466554,-2.29773716047263,0
4.58987540648208,0.473633903051254,0.159927532012783,1
2.25855170028735,0.377632270474536,-0.932389027426074,0
5.75904275608478,0.7152520894496,-0.266799587839374,0
1.11643725177397,-0.111331886522024,-0.436358049906945,0
-7.55306498400218,-2.32144150077899,-2.04204131873646,0
5.40782637433883,0.468113949282038,0.607855992366638,1
7.8478412511255,1.07860294651576,0.375605071176543,1
4.26168508765553,1.02076478925205,-0.187246945531909,0
-2.85982426122066,-1.07558232308217,-0.0570777336562916,0
6.34947683159619,0.323435008274978,1.34090091479524,1
3.8095751371439,0.329747106607048,0.169249303915532,1
-0.434947477572206,-0.771413724761976,-0.39838481821789,0
8.23114361570648,0.787502050230083,1.02217198986039,1
4.75730291548295,0.313741352037811,1.41487702506355,1
2.92859441816037,0.512472167162791,-0.639271070321742,0
-1.14097567673355,-0.225585200889398,-1.26960465313285,0
5.1944149336088,0.159894235426693,1.35235042062814,1
12.8400231347156,1.92098181778831,1.01860264825298,1
-5.09703077912701,-1.34076889914378,-0.534841557546071,0
2.67732103455837,0.482065984102731,-0.91152680306876,0
4.37103354055973,0.415584794567534,0.539087615243437,1
-6.75596424469456,-1.59786571124447,-1.49853361171063,0
13.4473829874441,1.88057429117771,1.95297476918863,1
-1.14139133275835,-1.27661968553014,-0.588432350805027,0
0.66376106870425,-1.1139655058288,-0.639451909631254,0
5.82667830177495,0.799571816008687,0.265262092482092,1
13.3803381646004,1.83095395957997,1.70817893994824,1
-0.652042899324501,-0.321599411209387,-0.757073814613614,0
10.9433515542498,1.65490488321237,0.374535979894329,1
-0.995233477271177,-0.215050361875657,-1.85775552909686,0
4.66447262220993,1.29689066291592,-0.0219661509134275,0
5.81173272170741,0.726916688421177,0.134628702546028,1
3.30694761477559,0.635010115733766,-0.625544304479009,0
-4.92839041009514,-1.64128020134633,-0.66254233344582,0
11.5716779283738,1.48450964317658,0.842237912418206,1
-4.02550647774556,-1.04848077221111,-1.28003910698295,0
-1.87107125376432,-0.316175592007315,-1.64577239918658,0
0.242323372741366,-0.736481798461121,0.156612689433534,1
-0.958304547725791,-1.12812154476151,0.591755152274452,1
2.11103588359141,0.097125888844682,0.156895088846176,1
2.32367423432339,0.430011492954411,-0.108382156411667,0
15.0295528464694,2.79463115804533,0.634342531306241,1
9.427410829119,1.37858446309588,0.679107932624901,1
5.88138739961492,0.23485600326342,1.92761898333489,1
-0.78216109902088,-1.37595850159466,-0.0741974559778961,0
-6.61779653293552,-3.06765505042189,-0.067324432321669,0
-2.18798323531956,-1.34232318437497,-0.615935882939586,0
0.850630737132607,-0.303306857883375,-0.355341917125645,0
7.35834320348433,0.826162794750421,1.28808170001186,1
-0.707853349928781,-0.845804125923701,0.462123081676936,1
1.49865718502866,0.146764878751696,-0.394876975858711,0
4.22541155309976,0.829012451745331,-0.0818410506854004,0
-1.89243128011116,-1.01429231566979,-1.19664954019129,0
10.1389252728182,1.58839846910963,0.629361986499883,1
7.40993136919842,0.435078238147302,2.11081777862058,1
9.20760388407969,1.02734751908486,0.767040983083022,1
2.44078418512746,0.345297602186271,-0.175773413871849,0
-2.02834622372703,-1.18101281452391,-0.472733458379849,0
2.56098441872133,-0.12725919848145,0.373187801505789,1
4.34443077341113,0.255193078462149,0.956900222010045,1
-0.197901458049197,-0.232397698789165,0.030078352359532,1
6.15147707711769,1.71021586957702,-0.387603434824041,0
5.03094836570627,0.279668828213861,0.819748166518652,1
13.4555653051822,1.45533994771098,1.85583691549497,1
-0.0020180768099799,-0.125911666671393,-0.528940317707455,0
11.9741933938996,1.22481192555907,1.24449460077316,1
8.33966930769498,1.04801092116197,0.902150340804454,1
6.91397411118543,0.898746172780857,0.553965259934548,1
-3.56161970996526,-1.88084756198853,-0.713384441408583,0
-1.43650141663923,-0.637702637095436,-0.0540632084871965,0
4.58963658451716,0.0143589088887776,1.57124505121333,1
3.25426106293024,0.16083930971158,-0.649122255983194,0
2.4506589472536,-0.0703161151837042,-0.621989908306674,0
1.15312636256566,-0.165346661000742,0.023070022865278,1
11.5119669024257,1.40914774757899,2.00550542963394,1
-0.526914410916968,-0.0828280520992161,-1.31984568224475,0
3.32972840215338,-0.227152709135067,1.25402498559215,1
14.2973471518433,2.12457167214803,0.154444737693036,1
-2.79543542465579,-1.05987248800007,-1.10639613034824,0
7.66987139738113,0.659709234373875,0.808510049750154,1
4.7276127722465,1.12217302680364,-0.433059402749232,0
-3.79974723828015,-0.739191764213973,0.563148592126342,1
0.193553783297189,-0.634494998740396,-0.275877658013736,0
14.2492063285377,2.17885401294168,1.03090230147096,1
-8.31071203080517,-2.96330067477405,-0.294175700799874,0
8.52236007442036,0.885735164124442,0.776233482085887,1
8.55254819879035,1.3828339902778,1.02092238290592,1
-10.916078822675,-2.62208965795078,0.0609879530885817,1
-5.96462463594602,-2.32067286953594,-0.905055248640657,0
6.0251193168286,0.5965829326382,0.382635214884115,1
2.76997976622217,0.527322028554038,0.0391448525368459,1
4.1542110492544,0.13816472944177,2.23151675428047,1
6.7916437429168,0.553796677682201,1.89726341455754,1
-2.65945113637758,-1.07034478948707,-0.439619743829109,0
1.22157551153045,-0.473102479837612,0.0940979784320969,1
2.09097838075707,-0.328060473764293,-0.0607114684869263,0
0.127997116237666,-0.682563966578497,0.133370306192189,1
-1.47016418310258,-1.24553636062425,-0.199860566307903,0
0.556018558265649,-0.201100298347449,0.59546951980972,1
-1.47210072546806,-0.104452603000735,-0.384363904313878,0
11.0578628364152,1.09965984307146,1.36161115007345,1
6.07402888079298,0.795145866442991,0.927556340104197,1
-2.07142808285064,-1.20020789248848,-0.492019282044042,0
3.19824339757388,0.75956355399995,-0.294685892933701,0
16.1312369571195,2.01809753376712,2.44985271042831,1
5.79149556029625,0.896568971924203,-0.273180770596104,0
-5.18455851512738,-1.17025920449431,-1.80406893991174,0
9.24208529964033,0.932031722874368,0.962405285675876,1
-5.34768986569987,-1.47365655316921,-1.39266748873588,0
7.48944000203468,0.956542627990356,0.11102983006859,1
5.71085011497767,0.572420818863557,0.272464255945254,1
5.47691931720023,0.115957005012633,1.33104929541615,1
4.03553877015108,0.929584239135664,-0.493626091200728,0
-3.95211394905848,-1.48804149898044,0.20284239702114,1
0.321108796367666,0.0061597515747662,-0.311010388972934,0
11.1430978531211,1.43805846813331,0.886620731701284,1
-2.6924048160474,-1.1524473972361,-0.805392790631808,0
4.26577124831789,0.381484503348998,1.3183212556649,1
0.358559996527747,-0.559544540881852,0.166011934366622,1
1.67216863447247,-0.262854141146967,1.18387737736669,1
0.399353384826608,-0.510923517480344,-0.734741612000827,0
-0.714468753452544,-0.399552827694549,-0.0558750725896342,0
8.9314088651185,1.21720482321641,0.151662112323507,1
1.24335513490258,0.0370789214919947,-0.0164607006663502,0
5.46353650988837,0.83929178299658,0.694338158703811,1
1.19918294423576,-0.956703648009155,-0.141018251951877,0
-0.0126238211738359,-0.787450105839911,0.159954170202159,1
6.14814566943459,0.699985314816651,1.02503691533779,1
2.65111223391302,-0.179391839952636,0.412357185076432,1
4.05471498545265,0.161871883478278,0.545295334521848,1
3.2375639612339,0.10665272498159,-0.19204300730938,0
0.0269329846422648,-0.28695699314422,-1.24071389461582,0
2.14312156664146,-0.49897539174533,1.14625144379082,1
-2.49131449628444,-0.279788557905284,-1.75289155385969,0
2.8924494434164,0.438830329924348,-0.415116678304951,0
1.84468962726831,0.467866917634107,-1.09429667779521,0
4.40048535866708,0.304015925254795,0.137062364042117,1
-5.08120466873313,-1.30089815245495,0.973425772162256,1
3.73471178784301,0.501382370439126,-0.0511833197785248,0
3.81106872604312,0.589519120873583,0.81799874429129,1
4.94809356933702,0.292059475690552,0.853215050393648,1
5.02291711176288,1.00401873540599,-0.0374896414828984,0
7.72158285056977,0.964598080336209,0.54990118673344,1
0.293648256030486,-0.794248544137841,0.80655647904682,1
-0.59530594410008,-0.340611440746634,0.126228888001674,1
-0.00509853043552561,-0.502582888608331,-0.159402545525355,0
-0.026946453693365,-0.539128402890828,-0.00486177362042631,0
-1.29806493327289,-0.72243470710744,-0.506436828888856,0
5.72184363746158,0.486949788401452,1.02124031115486,1
5.13116094513193,0.515625725676588,-0.296240822223617,0
11.7357793758787,1.2570678472403,1.73127253357471,1
-2.91952371674859,-1.09437624721819,-1.24303250803198,0
-1.6020163215846,-0.374526482362097,-0.770831466895462,0
1.94286322848821,-0.165496146832794,-0.16371529453739,0
0.976528343113629,-0.0636465265220807,-0.428018082831913,0
1.28640483200065,0.0196662133087513,-0.686543956283059,0
4.45545097415059,0.203976917914163,1.13179274269686,1
5.12936417916743,1.1052762538632,-0.589535248271657,0
1.28283183979117,-0.694669141362499,0.617522867818438,1
1.16230874077879,-0.374270798142827,-0.268106183562845,0
-2.23062625670795,-1.53128645199037,0.73858791477003,1
-3.47648241098684,-1.59966680735773,-0.762023415891211,0
2.01039497999887,0.0203742618252133,0.0899023541184314,1
9.20890540493842,1.02814549654704,0.800290940397057,1
1.12776726924441,-0.3294188179586,-0.45249164670839,0
8.93374239965704,1.20597656484552,0.941168955698457,1
-1.51676522072449,-0.771025428765331,0.142033885005123,1
-1.0067419134305,-0.746297414097941,-0.272193956794365,0
-12.1835633156269,-3.51496499059993,-2.08545979275199,0
7.70117497681451,0.896619562534535,1.11840196166538,1
-2.59962443358813,-0.865969523335154,-1.334649168362,0
5.90326231138546,0.849344545804693,0.688129445703614,1
0.472806766262575,-0.757376618234405,1.62115955084247,1
-1.44478346694314,-1.14657362096555,-0.856808665236188,0
2.13599313430948,0.793950001935571,-1.092158578296,0
-5.28109356559416,-1.85206993523588,-1.19441798984615,0
5.4320894391921,0.213558153567353,1.26513545664295,1
2.900933556311,0.0870267505775959,0.168592923078224,1
-3.09568999930371,-1.35049782094245,-0.294950301085655,0
-2.85977570514093,-0.702678822872614,0.0480446267548747,1
-4.01748838077304,-1.34480534182993,-0.658924223383667,0
4.76611951427602,0.256970700381552,0.321047010638188,1
-3.90766157341828,-1.12710020533904,-1.15325536326996,0
12.7606152765625,2.04341580306839,0.996721584411466,1
-2.17471976646947,-0.669190832014488,-1.00211357784924,0
-1.57879147233529,-0.732929336106336,0.910773624371477,1
2.09010903379603,0.201418898768366,-0.483460088562646,0
-0.468629623661973,-0.709037696351668,-0.377575650177662,0
-0.126113688322312,0.15066301767418,-1.28559533396559,0
-3.44970351695552,-0.689811807918164,-0.740972688447722,0
0.0248891040266892,-0.924763158635515,-0.0437825735656701,0
2.24029799824325,0.1693633015309,-0.53048438067918,0
0.0149572195025399,-0.396343300373275,-1.04592970680823,0
11.0594681291897,1.3807248293555,0.81207273314357,1
9.75844281265632,1.47705910604003,1.01028246521236,1
-0.824848899037539,-0.00996458401660028,-2.07288727926711,0
0.0913168938571592,-0.574170615888333,1.16373499635127,1
3.48453443469769,0.570182569244288,-0.727650097756012,0
0.385666593286681,-0.694119694510173,0.26314522149316,1
13.1729960353619,1.73289869271754,1.40999691071781,1
17.2362937999995,2.71163828593133,1.3747988495722,1
-1.55975774258892,-0.403856011893953,-0.201897271708638,0
-1.00656603816631,-0.756356278966561,-0.259534353274528,0
-4.64368455118718,-1.4214465057909,0.395315141501675,1
0.236219069383604,0.326088675812646,-1.21967935137193,0
5.70274824132003,0.410470890289462,1.23173539643316,1
2.7104665597326,-0.00369820965565887,0.892066402813679,1
3.84485038977862,0.377280006127998,-0.484462665116438,0
-0.916882973339935,-0.592275046918698,0.188538470575229,1
-4.54165180988587,-1.6845750423501,-1.52745672856629,0
6.87300552925792,0.836208014500284,0.965696265264823,1
-1.99202523407729,-0.130695701813508,-1.44008085752197,0
0.831007201504595,0.125883315405385,-0.0448287927722683,0
1.60712170777577,0.213599938355995,-0.00852078100084177,0
-9.09561012455669,-1.75357755977979,-2.62429753979134,0
-1.50699197773397,-0.941389358209683,-0.801576758500208,0
1.72046284733814,-0.00737486179900512,0.372367533755401,1
7.69328238426385,0.646044490534585,0.152651272223272,1
2.21296636775744,-0.0146743912461108,0.114509738947274,1
-3.03074477940624,-0.88850738570566,0.209896593569909,1
-1.57543176866357,-0.996896995165211,-0.825147230588329,0
8.05618655792666,0.826724660817,2.10363825421015,1
7.9476985486075,0.964574227514845,1.31854590408336,1
10.5212449479688,0.982571705582574,2.69418602126945,1
4.41821176432117,0.0656127237534098,0.878495268950138,1
8.41168760714667,1.15889082539287,0.817801525054696,1
8.14950135648568,0.849715863522444,0.413516095801667,1
-3.23967662107404,-1.32732222477771,-0.0795022629878297,0
-3.14595439894502,-0.950226033284166,0.701140360330376,1
5.89237876159151,0.37545119072642,0.750947463738607,1
-2.56874358664639,-1.30880170356995,1.98620885157089,1
13.7939500583595,1.92684952429216,1.22722330377339,1
-1.91529868987246,-0.747754625982043,-0.617313953279963,0
2.79032697216185,-0.269487748479559,0.614795106009156,1
9.71254282500881,1.48159004806643,0.0817218914191737,1
-2.88473738430357,-1.31585270497187,0.412104842560305,1
-0.841764035737322,-0.494141569479593,-0.751161167714052,0
12.3345154797468,0.943832100016347,3.00185118720823,1
-6.22706208746021,-2.37106564107095,-0.00520751304342741,0
-4.3815720673546,-1.09873372414387,-1.29693116790226,0
5.42802860401006,0.326560775604833,-0.19385449604553,0
1.34607059360518,-0.148354324313299,0.0340900338744926,1
-4.84274605724416,-1.49017185320929,-2.32438797444971,0
-3.43272056730926,-1.02384774933087,-0.899141537879493,0
-2.82310570138602,-0.47518403335727,-1.62064122200008,0
-0.829890648304234,-0.726428568937994,0.137733390326489,1
-1.23259743195636,-1.29399750003135,-0.247593222590547,0
-1.69032485350014,-0.955388375584632,-0.425183454810346,0
-0.322072582860933,-0.254334612983826,0.212242100411634,1
2.46514192828522,-0.258057358536235,1.45553495419639,1
5.10415494144581,1.06249512042005,-0.693006048053582,0
6.08322412213446,0.67463526273567,0.306992544952392,1
12.8840300079697,1.41148941257344,2.73617249875014,1
1.43313823167443,0.280140862336745,-0.270073434767028,0
-6.89129591309111,-2.41073998543061,-1.01991222509981,0
-3.90094473051631,-0.96677949115312,-1.03622993155202,0
7.66999866074454,1.18884331034708,0.468783953142013,1
-1.24959944277893,-0.843824610679804,-0.574911245994269,0
1.88795046834957,-0.462302098672547,1.67748752025201,1
0.00861347306009519,-0.475156492587217,-0.898368015029456,0
-1.65420162067036,-0.860919711380715,-0.993025291615763,0
-2.57061880126053,-0.616125964176346,-1.41279389041079,0
-1.83092383250073,-0.706007884849641,0.364181443198878,1
1.96258058196413,0.103700946311091,0.644144858679414,1
-2.87433266968915,-1.39460230850315,-0.122572368943693,0
-0.902808861204683,0.038167545322641,-1.06419517533269,0
-0.6817107308511,-0.134267905260403,-0.415390532959127,0
1.58449257944806,-0.193221630126148,-0.888246505147554,0
-2.50118924771864,-0.879852477322037,0.120135433259087,1
1.47855948849583,-0.281771044011845,-0.0772881875706407,0
0.145989971635053,-0.0816413619653205,-0.378333287161098,0
15.1778735505577,2.11557014943433,1.90346335177483,1
1.86876512092275,-0.173696656190854,-0.286715449711197,0
16.772248601127,2.44194670535352,1.88750001428795,1
-6.94187682825945,-2.05659543099294,-1.15796940839866,0
0.916874478556971,-0.375888343991392,0.445629697167162,1
-1.16428608203641,-0.5001414745377,-0.265508412309366,0
7.75563271327706,0.775831399500934,0.851789608942179,1
7.59087923538061,0.498181314953989,2.36304154813132,1
2.68015640043533,0.0042344934007351,0.151410100000202,1
1.02903073043763,-0.405805267687622,0.475324020291787,1
0.483913719086368,-0.181134164299179,-0.0391185364852665,0
-1.18232535453374,-1.01435944021252,1.09010342236912,1
6.16821038365299,0.665601998268688,0.796125761889229,1
-1.03306822582588,-0.339127667190952,-0.917677058800726,0
2.80046511506981,1.78012526923946,-2.0922989198895,0
-7.45038999715301,-2.74164718849562,-0.704715714361157,0
4.16942009177673,-0.0166167504563559,1.11842482282112,1
8.25557278807044,1.03166711996807,0.295368212017027,1
15.6647646096548,1.88852035013945,2.07491669088176,1
2.10528871083407,-0.0108057128745637,0.0047777141313792,1
2.16390269113356,0.684468165013375,-1.08111657057011,0
-4.11824831249765,-1.24574418766294,-1.350985312868,0
11.6505216561137,1.80644298734892,2.28686773140983,1
-3.58052308204607,-0.992206813229764,0.00178953246734467,1
-1.69197783286389,-0.97020519706661,-0.821444483222197,0
6.10118179381287,-0.0206387045769796,2.11565127185268,1
-2.2737989701082,-0.214139828025001,-1.39090897853213,0
2.02465849745346,0.204564831091495,-1.10677526315269,0
3.66819071746433,0.424999604714831,0.379826905782511,1
12.8547249780995,1.92546477938523,1.42231132597513,1
7.70850465822811,0.940925045015714,0.34974343015636,1
13.5906557826419,1.0540108940255,2.31044246720764,1
-4.4276621767874,-1.46312308893392,-1.3558984741312,0
-2.75139896995705,-1.01716799060373,0.430536058464119,1
6.53059155913409,0.736151917168865,1.59972642831775,1
-3.78084595165771,-1.0942825801698,0.0153382228900055,1
13.3652120644785,1.84855175368337,0.759302433481895,1
0.671664516077852,0.105105629792672,-1.57624373400163,0
2.79603727203073,0.645001917500396,-0.338265175703211,0
10.2910954584557,1.17700119684736,0.194690139473909,1
-3.59155605412131,-1.20144268714912,-0.779342847958044,0
3.56551901417727,0.372392119374216,-0.283188889914427,0
-6.86632831451491,-0.929829083321498,-1.5364646459521,0
-2.85996187222966,-0.87277197786379,-0.423126228059491,0
2.7393244431236,0.17630899286733,-0.316737046150654,0
12.1470451763671,1.56517557020767,1.41652274288249,1
0.901425362510812,-0.418515329811743,-0.233906463873738,0
-1.20488803357388,-0.976695868807954,-0.391643287163017,0
11.0046557380183,1.56340190418218,0.0397352405516878,1
5.30259941621215,0.420852797866381,0.697670819666587,1
1.84148158986584,-0.0786751648641503,-0.157957176474083,0
3.74776991291715,0.424440446755003,-0.26263617365166,0
5.10015740741958,0.293594152599926,0.733574595446349,1
-3.64748280390916,-1.84800431882606,-0.164795991362336,0
14.1543719183949,2.17153690832159,0.180150784333101,1
0.3796626490968,0.270638452026108,-0.337273961318734,0
-2.79381354490722,-0.378567191316045,-1.88678146543733,0
2.55540845812841,0.55740828462793,0.151134783959152,1
1.37151073032221,-0.110869640611267,-1.35365101693944,0
-2.14720692089202,-0.73721889142954,-0.873461605712122,0
-3.72349771684532,-1.62550874473846,-0.693670788372124,0
1.56069402360746,0.320468808241879,-0.69077960487491,0
0.974261208383569,0.582761096483123,-0.87807077860221,0
-1.93735011369431,-0.524122122505902,-1.31896517309485,0
2.89614259672968,-0.115336026416332,-0.790795179093153,0
6.78470455322273,0.737834616986745,1.00576759827581,1
-2.79285927445816,-1.5402650378251,-0.160512063641687,0
2.82915621647115,0.482793640960873,-0.479181054435899,0
2.23038383419423,-0.351608037174472,1.70775373050893,1
2.44593099383006,0.217434600383048,-0.695962954093336,0
-7.93775753811745,-3.14085715700009,-0.744057818396242,0
-1.19769493002385,-0.691880148134431,-1.04071420612145,0
-0.171817066732374,-0.25720769409081,0.173379282349185,1
-0.0372995688886251,-0.0704931817306817,-0.698258355833962,0
-0.500428879850057,-0.5227350506145,-0.984368464981459,0
-0.514016063931511,-0.61121570661717,-0.667000036207063,0
0.0639916496083406,-1.11153163266574,-0.485045274885975,0
7.89973276952617,1.26420221727036,0.561382652278962,1
-2.95007815218294,-0.65547320508455,-1.87439022651355,0
4.65008377739249,0.84714699263638,-0.13351643215847,0
0.447899290204524,0.154032164320787,-0.768222778268148,0
9.34047284814262,1.05996316457661,0.480706120827397,1
1.24560945941735,-0.719388961771748,0.840033223543782,1
1.5265116896508,-0.182036156147984,-0.321025744791073,0
3.22668446851404,1.14458043174403,-1.07662973775032,0
-0.242509426922124,-0.855754963665504,0.32440168192467,1
-0.580667508329218,0.14184633565242,-0.33772734070279,0
-0.961908662914463,-0.742969799006663,-0.552344843078979,0
1.11912697790899,0.1336253532749,-0.0741841337108356,0
-5.58998949730046,-1.02404589253137,-1.51898397524303,0
12.3962884678103,1.59248721495633,1.06457836504715,1
1.04531185836493,0.305456453458191,-0.421796227935968,0
5.84213457354561,0.296991760601582,1.2603309878219,1
-0.0275860354848574,-0.60763847535867,0.0290474046857023,1
7.20690393367282,0.386371978470994,0.988295918515893,1
-3.51344061827368,-1.27285022023861,-0.0698798302069955,0
2.96026380824386,-0.0931569462238676,0.363375770937946,1
-1.67699305926787,-1.32902793691935,-0.523472882818537,0
14.0699275830473,2.20174204523339,0.651562431525359,1
6.83713851632254,0.34334419071116,1.4034422848629,1
11.7241765603582,1.68862670453716,0.811303732086458,1
-3.11862732743933,-1.11052732650305,0.281572786343128,1
11.5599035986436,1.66028500228552,0.770047497898077,1
8.78424366755755,1.15848841133747,0.651350978652679,1
-2.20575210167485,-0.827794168940662,-0.0536260298617829,0
-2.97865658375646,-1.13319252917937,-0.180664491827346,0
3.93254411050675,1.10011809057529,-0.103830469890416,0
-1.08536215269059,-1.27284777419771,-0.491634919370387,0
6.08992688552398,0.51022533015989,0.164667558286951,1
0.785746294891027,-0.111636409763581,-1.00298818459602,0
1.21930361941526,1.03253158557673,-1.64582408314165,0
2.13687296502409,0.169307135797309,-0.995124717935994,0
-2.38819202532025,-0.952838597298426,0.066374661316575,1
6.05295202112195,0.422039687892495,1.59401865963532,1
5.42452869895709,0.995575760225786,-0.118670725096623,0
-3.07794907888735,-1.19095790888186,-1.35958927699149,0
-2.11194750269107,-1.22271514999289,-0.33356945204451,0
7.59142082498398,0.940839068420921,0.79800712846721,1
-0.408593124277023,-0.556962979078644,-0.24309241201469,0
0.83342257381698,0.276308816309856,-1.00402195895447,0
6.10148434783596,1.12566809961236,-0.284456758453242,0
8.67861561495458,1.0875529143698,0.957103901638452,1
7.1766302548593,0.648988174345503,0.786504694998086,1
19.7323550739565,2.58982181663314,2.22374672703409,1
6.15073979011809,1.31962522818065,-0.852311384244669,0
8.05841119431187,0.962934515068041,0.262082157852072,1
2.95126731527832,0.0655842330398217,0.636117379897045,1
4.06764134399793,0.0178118007886282,0.261647006680048,1
2.48181787540533,-0.401788597501262,-0.291549682641516,0
12.3869164150866,1.66186602366821,1.50070429224152,1
3.17720343734357,-0.0215869341521632,0.241214913882742,1
-6.83825360120093,-2.13179935619055,-0.850758667360055,0
7.66177444002646,1.6069077891512,-0.238510113288683,0
4.88564578586172,0.20543571535197,0.623673631335277,1
9.16802450881814,1.34634364269908,0.468535016290381,1
3.30387843704367,0.152564617454639,0.985939738129521,1
1.2054239807373,-0.627753575339083,-0.366495199983865,0
3.87128315443243,0.327181476999249,1.38470006981751,1
-1.71037587507335,-0.758080059282342,-0.792521047483231,0
5.49958951873397,0.869386893074367,0.0457887466708524,1
-0.399974388803842,0.233582286488937,-0.962481737310768,0
-2.25802957038723,-1.10961719267338,0.752118807116945,1
6.19686876778576,0.797651936321878,0.739550513124298,1
0.868419534797533,-0.374031201738944,0.92588170611788,1
-0.979482017380594,-0.990061853730619,-0.0345010846632824,0
10.1445051809575,1.10062490498252,1.26130352323316,1
-3.56368599622098,-0.530743044605421,-1.88658281942422,0
0.882163525799823,-0.0897500246881069,-0.443571228668692,0
-2.05972268668765,-1.1734433047472,0.902463727911412,1
0.667298631171563,-0.212884723314865,-0.383012014017393,0
-3.12404195979281,-1.34603948752545,-0.151295736326107,0
1.03875913969144,-0.210981233042554,-0.16104733334667,0
5.87049462833842,0.367045647533438,1.82172086540011,1
6.98264451952843,0.540880532108983,1.2860006314607,1
-3.06893045191044,-0.945804981335538,0.512750307377402,1
-1.45986539975204,-0.988044164535958,-0.218907559190468,0
-1.73003332106682,-1.13160414374562,-0.394258195049821,0
13.3690687176535,1.61851869325863,1.45878326213766,1
-2.74683791420021,-0.781114462760814,-1.16336764342311,0
1.9611956842053,-0.357225904793927,0.757239741172839,1
-3.99195581100345,-1.31495088635435,-0.874183874018628,0
4.81199859605647,1.02856024232392,-0.339685187261582,0
1.48694191425349,0.30533382855379,-0.381865631549437,0
2.52330228017173,-0.00273494871969462,-0.410706729332668,0
4.33193749973027,0.406435904932405,-0.104472205763692,0
6.97979312980817,0.653425013689943,1.393706192031,1
2.24544679292869,-0.0465947925349676,0.960750868219837,1
2.99603934637931,-0.0808572559600139,0.718649937886677,1
1.57083263144326,0.0126907172661932,-0.628747520996626,0
8.82011389975731,1.05174351865861,1.21204292922863,1
1.95761778994024,0.734600637952574,-0.0827940152009661,0
-1.7594015817244,-0.75735507558814,-0.411133203194521,0
8.27867996908111,0.835563004769838,0.8356158605004,1
12.5595615056736,2.13397578328006,0.42008437245089,1
-4.32272473435781,-1.80867621438363,-0.797633391732448,0
-1.94133540895471,-0.48508477301037,-1.30141703739457,0
15.3440400965681,2.54263288147773,1.90448774569178,1
13.714590336243,2.25046192585956,0.400208977188302,1
1.17696622915423,0.0225085755450781,-0.625317817136039,0
-0.975172647586535,-0.750194769267338,-1.01145390781181,0
-2.53536386505264,-1.21049991938535,-0.557018343415822,0
-2.1062085941205,-0.442223401850376,-1.92598929996278,0
1.29508276213318,0.117838116250946,-0.171365628458422,0
1.03908000191436,0.422530441639826,-1.10537869890971,0
-5.96291445254611,-1.59821387916895,-1.97372534416222,0
-2.54851422313025,-0.860976503918223,-1.10755908109085,0
9.54448831645249,1.06879643704513,1.09658407301513,1
-0.265861159035205,-0.338047038847628,0.132347784477522,1
4.09366753125688,0.87557240701717,-0.232958595262767,0
-4.83832356195429,-1.40771600506959,-1.94833183547275,0
2.80585447367484,-0.19915705614579,0.324785438272981,1
3.46510542400039,-0.15643411708621,0.838045055532253,1
-1.96772470553388,-1.35667680476046,-0.334127915474401,0
4.75620875770955,-0.315854918172569,-0.511352071822805,0
-2.29356785560851,-0.729889227493045,-0.953859792225668,0
3.46082247657799,0.128334454316301,1.19985848696506,1
1.14086366672002,-0.76637795569295,-0.058060077634502,0
0.666240360935865,0.0969087205928224,-1.08709163152807,0
-5.94872477051968,-0.801648502326438,-3.26331968626658,0
10.3616999483859,1.66530934361757,0.0249702035182466,1
-2.28801664914063,-0.626391186759065,-0.725048574503334,0
0.522926365907565,-0.248391575547818,-1.32910612265301,0
3.83525458506193,0.205756730795207,0.238975872104318,1
14.7819305844378,1.97322626234212,0.645383307390151,1
-3.45360760276245,-1.56808169302965,-0.992476895070948,0
6.00872512175673,0.218404471107089,1.05988212908299,1
0.77149205335838,-0.545359728746429,-0.326848344264387,0
5.77773192807676,0.80238200759437,-0.457217323092239,0
0.706032943605399,0.258076444667536,-0.769484303421858,0
2.33121245946429,0.4551325388444,-0.365001557591245,0
14.0067956320773,2.50421602137964,0.357742743842113,1
6.16530544403352,1.44694156412255,-0.495095182599918,0
14.7309592746215,1.78113762232046,2.33314209634942,1
5.69084730864605,0.689940489879218,1.48132986487907,1
2.37908087464656,0.20953595637495,-0.298536523656195,0
6.01036474396864,0.990235750859651,0.307399704938718,1
2.683920468495,0.22526203627402,-0.442639489787155,0
-3.18331681050473,-1.79405836677407,-0.550222383942758,0
-1.99614268504552,-0.822221772176697,-0.130695214645865,0
-3.96178968287561,-1.67539110681604,-1.47228269162677,0
14.7795834585102,1.87004330212523,1.27743503164232,1
0.857467913086152,0.121541133943096,-0.877573440323251,0
-2.94839897541268,-0.898346374348583,0.685215509459374,1
1.09938126846545,-0.44249012203365,-0.0428545702578166,0
13.2054106188867,1.70860220039165,1.61449943321123,1
13.0864132176436,1.69292170735424,0.906051389796964,1
-5.09000764827608,-1.64505446705632,-0.545781431739829,0
-7.2004409367549,-2.31721512659359,-1.47140459218066,0
7.82320920313871,1.69523921475102,-0.101475728033325,0
5.81717962327171,0.435610667227391,0.925222994594908,1
0.189025076998543,-0.567785930783583,-0.523944364262872,0
1.60547334052539,0.218350174627257,-0.616765844179033,0
19.9581525353016,3.23977837432613,1.71607063594844,1
14.6828436923812,2.151538983113,1.55698113169588,1
13.3638390465144,1.55514591000056,2.01489494563919,1
10.2067449591024,1.4125063063724,1.23345268910446,1
-1.70465063068186,-0.567163843181997,0.143667460829395,1
-0.459063872230612,-0.867265267887922,0.928073541532678,1
2.55894275815926,-0.079765726572656,-0.429961888807851,0
-1.57977088304419,-0.837371746894725,-1.41220157853827,0
-1.08734647415945,-0.182828508651881,-1.84898923944872,0
-3.81528435761176,-1.08399959848318,-0.798873056187759,0
-0.0515142546355404,-0.546701023579532,0.526582879256228,1
8.61748458237794,1.04638522047048,1.02449276137798,1
-6.93485593195284,-2.26056352081859,-1.82823127845847,0
5.74893184807943,0.90837655798276,-0.152196759241752,0
0.860721980563971,-0.193747511925707,-0.476174174955032,0
