"Y","A","L","M"
3.11892345806184,1,-0.4969391017803,0
8.33354023368229,1,0.278838329062106,1
8.7785872428649,1,0.384467846123616,1
7.86132143485569,1,0.0685822113833399,1
3.3803607089675,1,-0.578210061813751,0
8.60016299469516,1,1.31389320945878,1
-0.589358627896342,0,-1.26078827796217,0
1.61309859473335,0,-0.726860088834376,0
3.31946060662782,1,-0.23134136807485,0
6.63812928079784,1,0.607994337497171,1
8.27211909055903,1,1.02162983269072,1
10.1368676989636,1,0.943725733742313,1
4.54954474390444,0,0.945019387979116,1
6.34521736399908,1,0.849180477703402,1
1.8833234398427,0,-0.72766300368563,0
1.87219982943566,0,-0.984254262804858,0
7.76566995299451,1,0.774233079588881,1
5.08028804300759,1,-0.494010541904783,0
5.50504571280449,1,-0.451832588429801,0
2.83132086205639,0,0.555608524365211,1
1.35866360812995,0,0.563773714295169,1
2.82476648835653,0,0.358079827136259,1
0.859786657200603,0,-0.984181610914282,0
4.00622713978249,1,-0.678118328186443,0
8.46740136440634,1,0.779219988063854,1
7.16323036702717,1,0.147615573458638,1
0.158733531002989,0,-0.202593083288215,0
-0.557735415847987,0,-1.11073952170524,0
8.9426339191225,1,2.31013000245457,1
8.97749807412607,1,0.669870568950467,1
0.449713979667281,0,-0.628589258558071,0
-0.213960778724705,0,-0.870726019684844,0
2.88225061349637,0,0.0464923710835162,1
6.27806129365253,1,0.671939167933273,1
4.35348140499213,1,-0.261523036478982,0
2.46970743038723,1,-1.27931312115298,0
2.18845786001538,0,0.964548268021204,1
3.83981407327108,0,0.562419714029749,1
0.453182977572936,0,-0.971760632882492,0
2.4839118682276,0,-0.0716990810670248,0
8.91545609245278,1,1.54981829633567,1
4.2987281010858,0,0.598254233943448,1
2.00517052679764,0,0.80454736654765,1
2.33439919210358,0,-0.22572961207513,0
-0.421659552613801,0,-0.520817099379317,0
3.19838375877373,1,-1.15001077455138,0
8.49809325351753,1,0.871092058804254,1
-2.30598313946395,0,-1.5218399227928,0
5.50965927025983,0,1.70651773665141,1
2.77525508411693,1,-1.59472540299147,0
3.75156120801416,1,-0.594061638987921,0
6.46536499822649,1,0.205612493680158,1
-1.12069373706753,0,-2.73181472095333,0
4.02554621709013,1,-0.0874300762841977,0
0.763352040200376,0,-0.782403387058403,0
2.1882632176185,1,-1.75381425158226,0
5.47737516864455,1,-0.556623797057545,0
2.47005293629246,1,-0.908722270084729,0
9.71125453013046,1,1.47146829526233,1
2.60863847939943,0,1.26489699104597,1
1.32306044359076,0,-0.34903976320908,0
-0.894100260683876,0,-1.63895881206078,0
7.7048827408325,1,-0.0714228471555172,0
8.11834661240608,1,0.51157247660863,1
-0.664137859566627,0,-1.04430539887499,0
5.15590985168765,1,-0.472460893856843,0
4.49295923002837,0,1.53859163525188,1
8.1068072377251,1,0.487563326279534,1
8.1492284055826,1,0.368986695129117,1
7.54303887333646,1,0.771211017585017,1
7.47946994946818,1,0.22199259953262,1
2.67514575941599,0,1.13192106461855,1
10.6846487858929,1,2.55375585898191,1
3.08508022021977,0,0.0255697032954354,1
4.77065571486317,0,1.09949424456594,1
1.9010295729645,0,-0.707240519807327,0
3.12460079884126,1,-1.36098705075151,0
9.42826593425249,1,0.512025436293544,1
3.96349906632793,0,0.881486296682479,1
8.54903088489602,1,1.06565882873745,1
0.185004735112498,0,-0.651713169304757,0
3.53629249123014,0,0.704943541306371,1
6.55369217943611,1,0.913833231311557,1
2.07693585318072,0,0.815364920759088,1
4.42440737256452,0,1.35591399376163,1
-1.63432158851318,0,-2.4883016403336,0
4.98634617338868,1,-0.0235025990495313,0
4.09452776718648,0,0.000155988967560688,1
0.276115795104233,0,0.0588777042129048,1
9.88345760797313,1,1.88953796365054,1
3.02236061792527,0,-0.108767704560516,0
2.4302157238593,0,0.192643491333072,1
1.40048939221866,0,-0.983401676090744,0
1.67124860863049,0,-0.92346643312798,0
4.34772027804324,0,0.726290821575061,1
8.3830860136751,1,1.24844619221404,1
-1.16561833199485,0,-1.42324503395155,0
1.96475946859516,0,0.343081115249685,1
4.29197154897452,1,-0.35855856162904,0
2.41768648736419,0,0.602262239129416,1
-0.247099293623678,0,-1.31271009115269,0
3.01586180346193,0,-0.760191804003976,0
2.347062228667,0,1.06863121129536,1
-0.113161560358578,0,-0.773585063508365,0
2.28838680701438,0,0.360416804996878,1
-0.679690267226483,0,-1.99492571456043,0
9.1360458654074,1,1.98864928939037,1
10.6397786418365,1,1.04535971072679,1
5.41847526249065,1,-0.0528562157596886,0
2.41098596579811,1,-1.4449355256232,0
-0.859662899178156,0,-0.63621180957284,0
8.17777753353131,1,0.730769426310584,1
10.8696611706358,1,1.13906860635403,1
2.92027083957428,0,0.203228172892314,1
1.71656370491941,0,-0.608878305804103,0
1.36831637892033,0,-0.498408375369803,0
3.69391508686322,0,-0.279209763611654,0
1.69445635058945,0,-0.0731545575571626,0
3.77553968369984,1,-0.451350581665538,0
-0.724065451096221,0,-1.35771149847674,0
3.50003136102192,0,1.47230991792774,1
2.64311632153774,0,0.321773855406345,1
6.52261322327237,1,-0.48905256197682,0
2.74755387673033,0,0.638408127344,1
0.977118730936412,0,-0.607190398869141,0
9.60097048075515,1,1.09100587451809,1
3.84491859613701,0,1.27404886296062,1
3.46183738084872,0,0.990287252634639,1
-0.142862036241593,0,-0.586540289473703,0
6.35355025678439,1,-0.0120782858196073,0
2.6685322544405,0,-0.418347599677139,0
2.20238093436974,0,-0.421052096944219,0
1.51570604114862,0,0.839035467462852,1
0.240074902182594,0,-1.1462382880049,0
7.94057262006302,1,1.19983022253472,1
-0.33915003395783,0,-0.651150151581682,0
0.481796681960391,0,-0.0626804427799675,0
1.60934042190778,0,-0.722158330798606,0
2.95771854116173,0,1.58979900431147,1
3.64043219328512,0,0.766421386951189,1
7.0971057259695,1,0.151135235079588,1
3.32233623745074,0,1.80697952838374,1
8.6563055375285,1,0.591340472220444,1
0.945811471309918,0,-1.5139631667704,0
4.40288364648037,1,-0.507503700252856,0
2.24105845929589,1,-1.27855348501386,0
7.95314193893842,1,0.734740999137672,1
3.21649667244478,0,0.0858976324604245,1
3.05541187717961,1,-0.0564338344443415,0
-0.0161878810888237,0,-0.971865757847812,0
0.203700843778445,0,-0.920700414014845,0
7.27576845383304,1,0.22943996465074,1
3.66741539378798,1,-0.790396480041855,0
0.889699136593596,0,-0.424742362817436,0
9.90239310174849,1,1.4551209960936,1
6.02478776457203,1,0.313571948671241,1
4.27034154899079,1,-0.34852044874135,0
7.6745842596009,1,1.08019107445415,1
3.33682559098659,1,-1.598390354404,0
1.61755743588313,1,-0.868763715032902,0
2.59973670488514,0,-0.0597253333729822,0
4.74961185540928,1,-0.222331559682236,0
2.04217171587266,1,-1.24909109623097,0
10.0818760329778,1,1.62188115542463,1
2.49223613903525,0,-0.184855645440321,0
6.8424352028477,1,-0.198130666065449,0
2.45533472458943,0,0.79299991056195,1
4.25735180389905,1,0.165953422583804,1
3.31257578184034,0,0.488723035723765,1
0.140843842295563,0,-0.238598448698615,0
2.68093289449162,0,-0.406541967883445,0
1.17600776030185,0,-0.867035417764335,0
2.28199122849275,0,-0.406567188319036,0
4.28124954474183,1,0.0678439604974005,1
2.647589411201,0,0.592317077854325,1
8.59365039319768,1,0.484244824417251,1
6.8376728425098,1,1.72161612310353e-05,1
2.79554002629703,0,1.4694095881362,1
0.572912571157452,0,-0.86440805362759,0
2.63758875223081,0,-0.410521539850004,0
1.89196580975375,0,-0.887217835351627,0
1.44573947463587,0,-0.542510819142363,0
2.19254161110019,0,0.692713994699586,1
2.13366122055162,1,-1.81830358676713,0
4.8368316200536,1,-0.788502259658655,0
10.3297693980045,1,2.05339255914181,1
5.908167908088,1,0.433253578413932,1
2.87869582913682,0,0.465765674761805,1
8.996309850494,1,0.926450695658422,1
3.22906476362513,1,-1.94559424900501,0
0.290829894880528,0,-0.769330974510664,0
5.36134293820348,0,1.01698962774478,1
-0.320247251898023,0,-1.77075090032617,0
8.75274666893396,1,0.554120936489373,1
6.1285625124355,1,-0.0123693829163543,0
0.427512018261416,0,-2.21892167074536,0
3.13137937548223,1,-1.11078629872122,0
1.76768227191358,0,-0.846169323602684,0
3.21513421000935,1,-1.03111532788605,0
-0.81229263642277,0,-1.03638379270011,0
-0.0819628607011559,0,-1.52848363645235,0
6.45544955965889,1,0.134331462519694,1
3.19121426360261,0,0.372937710712377,1
6.31574533391629,1,0.120333867418178,1
8.17109094831411,1,0.578308229812226,1
1.20977503643465,0,-0.497818615743,0
0.406182672025382,0,-0.717859020111784,0
2.90625746686862,0,1.3430309273194,1
-2.06590627249296,0,-1.42365870164516,0
4.34374236222624,1,-0.604001045879005,0
1.42540102399909,0,-0.268826010630236,0
3.79837957000035,1,-0.558463754937368,0
2.9130156194326,0,0.176823334797227,1
-0.832285699593303,0,-2.1491198475448,0
1.64193508911965,0,-0.23854426608345,0
3.26497079984798,0,0.0254749367709046,1
2.41284841106136,0,0.417669412993249,1
7.54518421669016,1,0.16771167420613,1
3.21641142133957,0,0.792176055393242,1
4.59013809416548,0,1.54240471307375,1
3.31127872894141,0,0.935957589598323,1
-1.45101184641399,0,-0.387223271640005,0
1.75405665121955,0,-0.25041592236873,0
0.359466981483345,0,-0.906223066477636,0
1.31474612438488,0,0.223102210776266,1
6.66301052048546,1,0.494315353756314,1
7.66550426235202,1,0.524279437087987,1
4.06532125007819,1,-0.673491052673331,0
11.1980026616682,1,1.68789074864768,1
4.24244954861415,0,0.41179847469012,1
1.50061809513321,0,-0.145239457885986,0
9.44227866317975,1,1.34037045988769,1
1.17157626316576,0,-0.921533787648776,0
4.42029076467531,1,-1.289758754688,0
4.29229338462584,1,0.538982639570473,1
-0.94256316946471,0,-1.42726268419883,0
6.66340030316578,1,0.252154134174718,1
8.51210856675081,1,0.813015169771485,1
1.09817336487759,0,-0.0855745045410536,0
0.904324302279885,0,-0.168771026656493,0
2.57753233795496,1,-1.5754931528139,0
3.58661345244466,1,-0.182380798078063,0
4.5172321576977,1,-0.0184755285274531,0
2.07550464735641,0,-1.18512130760536,0
8.41198486305195,1,0.915536603757266,1
2.02914520873014,0,0.81622274521091,1
-1.00875598263901,0,-1.72637946568393,0
0.98530728627642,0,-0.858249319131048,0
1.04418439038172,0,-1.12841202004878,0
8.8934939749791,1,0.449944441047739,1
2.74708298250805,0,0.484947914632816,1
10.3453577392168,1,2.25864872235219,1
-2.54642806608695,0,-2.48615825563224,0
3.32785791346443,0,0.128850968978653,1
1.89144324668963,1,-1.4060489012702,0
8.9951183749023,1,0.846300092212529,1
2.66071254311734,0,1.07591505915571,1
8.05076448779478,1,0.445854991136643,1
3.63804877383004,1,-0.727156730019995,0
2.1313718352598,0,-0.405702972163398,0
6.57686037825498,1,0.132820449144592,1
2.99091127632183,0,0.686755640515798,1
5.49550234266672,0,2.44019526569501,1
8.21396879250374,1,1.26968970887891,1
1.55754874402708,1,-1.94500176096526,0
5.91796852852414,1,0.0211501773533711,1
4.55905798713989,1,-0.508599813178906,0
7.71977761135581,1,0.988945692222901,1
1.45433637340543,1,-1.48817390758976,0
-1.91688804536613,0,-1.33839036568526,0
3.67349309095152,1,-0.625804794759933,0
-0.977551707078686,0,-1.83561114547536,0
4.7806216166872,1,-0.0941831619434449,0
5.4704002926127,1,-0.0676437794520131,0
2.70289874332984,0,-0.268788821872265,0
2.73362991095179,0,0.919743292767916,1
8.21220665968935,1,0.957105205548284,1
-0.301385061523755,0,-0.991909923193012,0
0.47305255390783,0,-1.90087348242753,0
1.82094818891221,0,-1.20870052037397,0
5.42029656910459,0,2.09444579970143,1
7.14079040418275,1,0.308752589506304,1
3.64591692312535,0,0.249531527679841,1
1.46746907556242,0,0.0109653023197661,1
0.259690098432677,0,-0.00249628480743145,0
11.7815343275445,1,1.63563668783571,1
4.5445952849903,0,1.12919188344404,1
0.719360981173718,0,-0.816276393640051,0
5.90179633579476,1,-0.1891391847405,0
3.76683345041225,1,-0.0565837754289651,0
7.19151233311054,1,1.3421880856638,1
5.47949869506701,1,-0.751743219674778,0
5.29088370994422,0,2.22346949787952,1
9.06150865609424,1,1.99866386934324,1
1.1022265217395,0,-0.236142703743522,0
4.18746789702449,1,-0.398856863183416,0
7.6075648335619,1,0.258951645074821,1
6.85096165068974,1,1.65798416380946,1
9.65850622480479,1,0.983642303672335,1
7.95316771000163,1,1.38651027422377,1
1.67196615237951,1,-1.83537391227621,0
2.71625971287417,1,-0.65010864225852,0
8.36705206586079,1,1.58954239269869,1
8.9728772402246,1,0.403274480789661,1
4.7044377566529,1,-0.111685387213517,0
2.7612358825922,0,0.123618380420661,1
-0.191771059543231,0,-1.35667852012903,0
6.49441880657838,1,0.331931301676117,1
-1.4322413255053,0,-1.57041889298393,0
1.64442365031488,0,0.109721654480248,1
3.4007683726106,0,0.728265442792556,1
2.87851562659923,0,-0.0147748983333468,0
2.83690862110933,1,-1.17463960753452,0
5.50670979956855,1,-0.957706628182992,0
7.29608463845733,1,0.328327850202563,1
7.65308647721121,1,0.386676570644483,1
2.21040237519008,0,-1.0626394285753,0
4.77916231296205,1,-0.583258003353777,0
1.36075063921331,0,-1.75899185100448,0
9.1326342403805,1,1.43608673453935,1
1.83995006853769,1,-1.23864742929571,0
-2.19324165797225,0,-2.03321914561138,0
3.06112992411849,1,-0.189243270545959,0
2.2279192298635,0,-0.715871739414055,0
3.03125789197449,0,1.28973583865214,1
7.9105181258587,1,1.12418036407771,1
1.00554218793893,0,0.381018663671779,1
0.717280046288653,0,-1.14885812272931,0
2.99265354928046,0,0.209983339472674,1
2.81241397356792,1,-1.38405655929244,0
8.73092235665401,1,1.15244393134987,1
-0.660905462666453,0,-0.809669546542801,0
2.20807595952846,1,-0.3719473029864,0
0.606205836915901,0,-0.464212670176854,0
2.58734967967885,0,0.309149382783782,1
2.23965930794171,0,-0.414283949050059,0
1.91523801302268,0,-0.805857214732244,0
4.54622987630129,1,-0.184228806640988,0
8.06993573982303,1,1.26269682302213,1
5.36303720776923,1,-0.390598899446145,0
3.06710132885456,1,-0.038000270973205,0
5.856796752403,1,0.500485481713346,1
1.03467533106533,0,-0.773239183689541,0
7.1763437850875,1,0.00309870249865195,1
3.40363362197921,0,-0.0368367608121546,0
1.66175886504098,0,-0.880838405298272,0
2.24397437629338,1,-1.73031474361616,0
3.48050308304032,0,0.696054826661068,1
3.19049380738174,0,0.668493907416986,1
7.30176388244411,0,2.05516634257578,1
8.31907487542465,1,1.47245020599364,1
4.55441265112757,1,0.0846309028649299,1
-0.838021721001407,0,-0.984304966938117,0
8.88693697470338,1,0.64501377383479,1
8.27755288267341,1,0.970212441429,1
8.69268708703372,1,1.43717744054333,1
3.17470841160999,0,1.72921898442463,1
2.51141928037831,0,0.515665390029823,1
0.903764105612876,0,0.682201029911469,1
1.92990835308307,0,0.0250539871776203,1
3.37754410558516,1,-0.493217132737013,0
7.61787880924323,1,0.657033039775699,1
2.42373556398348,1,-1.21706613452973,0
7.50598720323917,1,0.0726554359193115,1
4.69022685944421,1,-0.42070327411795,0
2.92915601712416,0,-0.447355421117576,0
2.74722274076714,0,0.493135778106158,1
2.85604043559885,0,0.272623389757549,1
1.3069782297924,1,-1.90712314479152,0
3.27457052204139,0,1.12767901091994,1
2.05866185750492,0,0.760446428260047,1
0.642275192568078,0,-0.924892181409287,0
8.14769672291316,1,1.21841097950079,1
0.116858272290117,0,-0.962279426738194,0
7.88647222357466,1,0.938660948593835,1
8.58265894322821,1,0.0226291772307208,1
2.30879680288994,1,-0.542618575382362,0
3.22725625540286,1,-0.434251612199236,0
4.10210182619391,1,-0.412873401682085,0
3.18792980047444,0,0.387050737884022,1
4.97656083029329,0,2.01642447378808,1
8.05962637565579,1,0.344263968140773,1
5.36584762799804,1,-0.0965731258307257,0
8.37904495306087,1,1.04642041585977,1
3.39686288319804,1,-1.46507771108386,0
3.04115423982906,0,0.788732483626246,1
4.95186760430317,1,-0.405805463946115,0
-0.655982480398772,0,-0.674082488093274,0
8.7596029218638,1,1.99452374921551,1
2.02538868877972,1,-0.853983907265558,0
2.76232321489533,0,1.03049192079049,1
-1.43381107861102,0,-1.19423845985667,0
4.3820730825299,1,-0.956152206189711,0
8.40552636141121,1,0.806238473402802,1
3.34205565902109,0,0.969587681092169,1
2.80761747255844,0,0.585822976140486,1
1.07019220224807,0,-0.0204358767848241,0
9.1118503619954,1,0.915729419892782,1
4.45043932153416,0,0.685254602381334,1
10.0052713052652,1,1.56625096043052,1
1.64505224617762,0,0.907036210787444,1
4.5412063371,0,0.75442810105082,1
1.21580879719749,0,-0.626749569746035,0
1.7127300622833,0,-0.208929956912392,0
1.74508868673071,1,-0.948482105241945,0
5.84285740977923,0,1.02809590104119,1
8.11890524389209,1,0.399103611971727,1
3.56401077434738,0,-0.33554278427471,0
8.38407226257473,1,0.530537091938317,1
3.04027121306771,0,0.697588536811164,1
8.9328558629548,1,0.139273897751683,1
7.2681404992233,1,0.615852909986663,1
1.77437196245191,0,-0.994659670292406,0
8.63167485629946,1,1.44162757392455,1
7.99003296244841,1,0.947598820728373,1
6.15496334655467,1,-0.268160609901925,0
7.25167841367103,1,1.1612890179966,1
8.0342906683974,1,0.0901015009560011,1
10.3218493967862,1,1.54254726659464,1
3.12003931127434,0,1.03140760063249,1
1.69602786769819,0,0.745851253101028,1
4.08128482403438,0,1.18721305388069,1
2.01826592287982,0,-0.0495257219257048,0
5.24537893392548,1,-0.465194592377263,0
1.85669071831114,0,-0.647680143405664,0
0.158766514223454,0,-0.22478533742944,0
2.75563304975614,0,0.316603285207596,1
7.06198113635769,1,-0.08846088741484,0
6.03219095288405,1,-0.0248973205628432,0
3.58057973289262,1,-0.591136674755321,0
0.425446188393637,0,-0.614025092914628,0
8.40324572468653,1,0.379816410674452,1
9.81184487398077,1,2.00671048425649,1
8.91652985425262,1,0.384618898705774,1
8.83303063587155,1,1.38391112136896,1
7.53072700051585,1,0.313051992524837,1
3.8646565894646,1,-1.12767596312885,0
2.22836807472203,0,0.569597704977103,1
6.46422771202291,1,-0.270838321725092,0
6.56569228869247,1,0.445662914353086,1
1.76302984284938,0,0.204284771171396,1
0.799580657725392,0,-1.00178057442684,0
-0.107558350185056,0,-0.807570332528759,0
2.15005103492954,0,-0.608409032161551,0
10.1776296258563,1,2.29338761038036,1
7.91712082654834,1,0.0663831120664148,1
3.23197046449983,0,-0.136646086462035,0
1.91788325365933,0,-1.13721533263138,0
2.50302876043628,1,-0.611137632318441,0
1.57692512541104,0,-0.391494975167433,0
4.07160512059647,0,1.27741374948808,1
4.64786543050184,0,1.04886338117368,1
1.4680896159794,0,-0.385633576371727,0
8.35363322101314,1,0.924652044323443,1
3.24091981000386,0,1.00356906600795,1
-1.61922365952398,0,-1.71190285575538,0
7.52585389865242,1,0.0156403860694211,1
5.93605206094371,1,0.307974853414363,1
2.48982370727259,0,1.06465449399311,1
1.24445328966474,0,-0.331969890532059,0
8.30558413715451,1,1.57936961547445,1
6.10001607570767,1,-0.252779620420584,0
7.31855257780122,1,0.43121849765835,1
2.68882123529879,0,0.435542305408639,1
1.80726475436459,0,0.501281316771782,1
2.22830383448386,0,-0.112793799248791,0
3.79435170861637,0,-0.332141472075158,0
7.28152822209327,1,0.671157970505236,1
5.46636176849021,0,1.8422620380811,1
0.770235451580465,0,-0.0837112679083033,0
7.17012794768505,1,0.123358030207879,1
3.79483552359202,1,-1.46932543822257,0
9.95497748037858,1,0.705673152270934,1
0.18467918493,0,-0.252949642298029,0
0.841272062090275,0,-1.63906447622269,0
2.51831303940722,0,-0.502118204171504,0
3.65434813559088,1,-0.888179729250165,0
1.94775562283649,0,0.198319758062905,1
2.63872611495341,0,0.417115758254613,1
1.1125597955419,0,-0.309722300494124,0
2.8459693880789,0,0.768337843175113,1
1.98869032266865,0,-0.224715091616536,0
2.91655716045548,1,-1.12306280904502,0
3.76237604932993,1,-1.17767280270717,0
4.1922950474684,1,-0.703412277542416,0
6.77941161283829,1,0.625581963659614,1
5.6305776142812,0,1.03570994588204,1
8.13242782152314,1,0.673872403221294,1
9.88495266284567,1,2.20417715595608,1
3.3607319957235,1,-0.642436425280503,0
1.17217395902244,0,-0.371304655890257,0
11.8514637171883,1,2.05557661729506,1
0.882879067650355,0,-1.28145400669158,0
10.0073187820557,1,1.25732741388048,1
5.24777452602692,1,-0.318105931976919,0
2.81613669939931,1,-0.25304314126066,0
8.83355853690816,1,1.15053667110646,1
6.8396934761456,1,0.557632995427226,1
1.46378289343296,0,-1.0132433960589,0
8.06082866190604,1,0.978146955753982,1
2.95015346524815,1,-0.953667496431049,0
1.39233089924414,0,-0.088846812943758,0
4.08741459258078,1,-1.55619871997752,0
0.324012880821737,0,-1.12089146946041,0
-0.509053026868909,1,-1.03225990543359,0
7.48189932554143,1,1.01738486624186,1
3.30396148234189,1,-0.635918427238397,0
3.59193389099733,0,0.535256035951669,1
4.43555762908067,1,-0.459656832142282,0
1.10428696181884,0,-1.90900689948886,0
-0.240304384376563,0,-1.07200153151153,0
6.65740876619697,1,0.728680780042073,1
4.82227803417222,0,0.996544639911394,1
0.841823546913184,0,-0.732294687477853,0
-2.64664782490459,0,-1.49707743645826,0
5.2716083346218,1,0.336029223162974,1
1.06779836160679,0,-1.31184064176838,0
7.37090987410667,1,0.674207570179493,1
2.98780368479875,1,-0.739313865001398,0
7.67297343475386,1,1.07975644204745,1
2.63393311583832,0,0.00110561659608238,1
1.04557402239477,0,0.0113230121822828,1
5.73581844331426,1,-0.482426769324635,0
0.702375146557739,0,0.135131865920216,1
4.72415146339954,0,1.45579248087073,1
4.06963352708916,0,0.636060392135546,1
0.908937237504137,0,-0.364956505370241,0
6.58675524002997,1,0.69119475356665,1
0.511047229848742,0,-0.406699815262852,0
6.84892897247274,1,0.373822744624698,1
5.36389575281357,0,1.69639356922613,1
3.016100345512,1,-1.49036852007376,0
0.896955371193181,0,-0.500302007960131,0
-0.0577374333218436,0,-1.74867298650106,0
0.24924423204059,0,-0.029444085789081,0
2.1068040225829,0,-0.278303642209002,0
1.01272221106795,0,-0.182105581393801,0
9.32882869525616,1,2.18324895640319,1
1.23469682526329,0,0.016719315707429,1
6.62476590184739,1,0.261178522708595,1
8.08402024899266,1,0.725991079179099,1
7.1761768265254,1,0.224792572967841,1
7.17397343181139,1,0.429828530605299,1
5.97613855246297,1,-0.301873207405249,0
11.0064763302165,1,2.47532919959593,1
0.294429510412709,0,-1.03281066729797,0
4.42927227723658,1,-0.244540838237869,0
0.0286004873866019,0,-0.170978226723584,0
3.67982185570143,1,-0.205068752479582,0
3.88489919275494,1,-0.617018264832565,0
0.640057579383924,0,0.283306497573698,1
4.0505598401759,1,-0.577321583958907,0
4.14330408406901,0,0.371592171837665,1
0.424381634954135,0,-0.522049833343528,0
7.318008056231,1,0.675483139360624,1
1.21921307510304,0,-1.23060128643183,0
8.64281468992446,1,1.05112188549237,1
7.2780336523591,1,0.33112761432682,1
8.82386570998858,1,1.39444779745178,1
6.30648450792391,1,0.193071185865185,1
0.734767667984627,0,-0.935594586360543,0
4.35629818339039,1,-0.454738561661722,0
3.00807472531597,1,-1.21786902436036,0
2.71494427194613,0,0.868478943969839,1
7.00259991338688,1,0.531901880482975,1
1.94818555339934,0,-0.162477262044344,0
1.42274019323496,0,0.0837101680188825,1
5.59387733160548,1,0.01553014641722,1
-1.20004303585364,0,-2.21998050193049,0
4.64303596643356,1,-0.301497396979279,0
3.87607219421364,0,0.097193800269137,1
6.91942385822943,1,0.157539428256379,1
1.90435880183042,0,-0.293496840819537,0
8.45815390890881,1,0.81890620229305,1
4.08176891761947,0,1.1231216097244,1
5.87084387670248,0,2.17956250298114,1
8.90267521003357,1,1.4539141084039,1
7.08888253619984,1,0.885407190187929,1
4.67776240791587,0,1.46144441148594,1
1.78808314546963,0,-0.785531582479391,0
3.06165043672091,0,0.0520524592452395,1
1.07302400089253,0,-0.0118708223528527,0
5.09885519540167,0,0.823776157723103,1
3.04274638315439,0,0.744956820711938,1
11.1065467049361,1,2.67526783582289,1
1.23556904322416,0,-0.0108080143342469,0
4.83001598386391,0,-0.0248906100393384,0
0.617296876313081,0,-1.06875725269439,0
6.22548118988364,1,0.0771639833731761,1
3.50986437373498,1,-0.769657881438138,0
6.78362612301063,1,0.372588317245507,1
-0.00802675569922517,0,-1.0667467162804,0
5.87379320205851,0,2.30145092117821,1
8.57372995006672,1,0.635543279195952,1
8.23489875064617,1,0.554931029426802,1
3.93428281584025,1,-0.604688036856434,0
8.0733846719453,1,0.412124953512258,1
9.06664371907199,1,0.933246114098841,1
8.83191663960926,1,1.14427206294485,1
3.06394629558612,1,-0.221184276448553,0
7.35023978176923,1,0.643851498425289,1
4.13921828392661,0,1.0505674350926,1
7.84765479579908,1,0.277053659943295,1
8.76826350259493,1,0.145213889664208,1
-0.482348056977382,0,-1.81192473031789,0
6.87453366424264,1,0.775710273793954,1
3.17937064827352,0,0.371022040380077,1
8.69719934408226,1,0.53370001906253,1
9.79779118704681,1,1.77999342060144,1
1.97641676840646,1,-1.26409949063635,0
9.68653026957988,1,1.14101315358225,1
1.8251353152144,1,-1.28756801098547,0
2.41449455127817,0,0.550511184196667,1
7.33207306998218,1,0.238527945262162,1
5.2834386926001,1,-0.0320499088638012,0
4.76767563030417,1,-0.52782026199097,0
8.10905203835226,1,0.566148789048598,1
0.833362213310117,0,-0.522333887894933,0
6.18701662433113,1,0.290863573828033,1
6.80864523412346,1,0.325585621185052,1
0.431722254284831,0,-0.251125805764044,0
0.743602387443854,0,-1.46266033898342,0
2.02462981642499,0,-0.998223834834483,0
1.54522968163136,0,0.106039706202298,1
11.2936906875542,1,2.42090862838945,1
8.17103370008049,1,1.15754320026054,1
3.24783486639199,0,0.821932285953924,1
6.39071036736617,1,0.332391594046207,1
3.64295522536831,0,-0.546688214098216,0
10.2081530628109,1,0.658171264987902,1
1.00910471939705,0,0.384496149213396,1
2.34388665039743,1,-0.505711404174637,0
9.18869423890457,1,1.19566664955237,1
1.08173092845572,0,-0.769781595282387,0
3.57804428398972,0,1.0470610262691,1
4.25891693464983,1,-0.490894922137083,0
8.12130958786732,1,1.20635027304002,1
0.93440240380147,0,0.11716120774252,1
3.16645062947931,1,-1.09935421074414,0
2.34064702691869,0,-0.421654365941182,0
1.02827452890919,0,0.055901308744283,1
3.00419295575328,0,1.00055222324491,1
5.89338439865963,1,-0.543399508752843,0
0.125716037200557,0,-1.53342210147758,0
4.1112171115879,0,1.51531344191626,1
7.84149914539208,1,0.866237052691492,1
7.95749834897663,1,0.460915237790328,1
2.32732441929281,0,0.953234748170994,1
2.44752308245035,1,-1.38820037099189,0
0.74629945030288,0,-0.112016297871452,0
8.54270085034239,1,0.706795026254172,1
4.35842809145173,1,-0.176125716943432,0
3.78182573239725,1,-0.542805931823127,0
9.04955094272294,1,1.42462796332791,1
0.688280739672918,0,-0.20497866543948,0
8.14427390028122,1,0.0673841783530705,1
9.81100883270972,1,1.2252774970359,1
9.92851298815372,1,1.26968784324903,1
0.744945009620918,0,-0.511211547949914,0
8.23830118068412,1,1.04991462907963,1
2.46504369001708,0,0.836787424711267,1
-1.03146440056748,0,-1.68543811966929,0
9.4787706433798,1,1.92414477955661,1
0.647397758029202,0,-0.58912488434294,0
0.155098215497253,0,-0.598784573289242,0
8.20440397621992,1,0.916817981825398,1
1.64874271590736,0,0.674030916594421,1
4.81147661389881,0,1.97905850679031,1
3.23270290001949,0,0.565038842645337,1
8.22181746830462,1,0.0955497074686661,1
0.64416545898632,0,-1.41220770532088,0
2.51353745091337,0,-0.547557279412725,0
3.997158115311,0,0.605163794422783,1
2.01776566993586,0,1.39210067472935,1
3.1557177153648,0,-0.456472710195567,0
7.27979931561919,1,0.206287450125311,1
3.37679689315165,0,0.0974709137997077,1
5.40661733902773,1,-0.0749129393110519,0
7.73954877954715,1,0.329442381941296,1
0.41850287866334,0,-0.354094251752165,0
4.71433167116262,0,1.83439583029443,1
9.10600736144682,1,1.06619283686007,1
7.52098039327585,1,0.770364357255736,1
8.77436665352399,1,1.33943194924613,1
2.31692121662505,0,0.586200736787182,1
1.25129685824356,1,-2.61319586713026,0
10.4775420943519,1,2.02614975008528,1
7.05756262655735,1,0.462905829329954,1
10.1448404366657,1,2.84106713870049,1
2.89304047576653,1,-1.0741306357481,0
2.93681841798662,1,-0.360025089789008,0
0.751823612160025,0,0.0636807475776029,1
4.21568618240606,1,-0.271167895905824,0
1.84135439676968,0,-1.23074984772016,0
6.62073324425617,1,-0.142109089281627,0
5.3943296267496,0,1.56022509773305,1
0.778042599364806,0,0.624889739340899,1
8.13819818354522,1,1.295130246479,1
6.44706070676454,1,0.401793191816653,1
3.09249961829486,1,-1.12185201325637,0
0.246373664201116,0,-1.43775077028609,0
3.92445830610393,1,-1.02352518008244,0
0.431820643885696,0,-0.7271196566956,0
6.23846787211763,1,0.201668349455647,1
7.01015596193387,1,0.0179825093776138,1
1.59761341934203,0,-0.429103198084629,0
1.80417853121936,1,-1.88591771353789,0
7.4993213744184,1,0.430622632963453,1
-0.125864992966278,0,-0.493447136214117,0
4.33607704546408,1,-1.32856204855638,0
4.35230621967052,1,-0.0494886983079502,0
8.23686732297183,1,0.171584183004845,1
3.06065661627415,0,0.284437002142149,1
7.20283373623038,1,0.219995552005086,1
0.315609857339326,0,-0.639385760665208,0
9.99365789250969,1,1.63204878934687,1
7.5080396340229,1,0.0290115249428155,1
4.06193908044534,1,-0.657822057127087,0
4.83481034266372,1,-0.408517952765438,0
3.33709000571993,1,-1.28182226970878,0
9.01084702240814,1,0.910650626014916,1
2.90459741228232,0,0.210065566036394,1
1.41486028812292,0,0.105743962511073,1
5.33492903424231,0,1.5974826261165,1
-1.08195390840141,0,-0.569972831055283,0
1.6942706044897,0,-0.998227732075755,0
1.66404260594812,0,-1.16382518039083,0
-0.36797791637165,0,-1.69866523777503,0
7.07658709240481,1,0.857391704593958,1
2.14074635823802,0,-0.120530667355582,0
6.47769636242618,1,0.718142613447292,1
10.6552204773208,1,2.02820644467004,1
0.0962655504836318,0,-0.278730284498532,0
5.01872319889146,1,-0.391846963930679,0
2.95817363647573,1,-0.968575413025514,0
4.20476670172379,1,-0.443244009915927,0
1.00180326793575,0,-0.555935359409801,0
9.55003254336304,1,1.85415445870556,1
5.2060545413021,1,-0.557170852523344,0
6.83964878766879,1,0.213187412790503,1
1.75690136397779,0,0.346107171330038,1
6.17768867312485,1,-0.101994199380584,0
7.09408704426506,1,0.68114474708755,1
2.33469405442944,1,-1.63269414823082,0
10.8970388089748,1,0.736998760676591,1
1.52216101402119,0,-0.646552383508576,0
3.8487014905726,0,0.688518693800495,1
4.08796661448936,0,1.22151061538483,1
1.84606412471636,0,-0.316765406407902,0
0.0934041916375533,0,-0.860007837068897,0
3.04540856006717,1,-0.640048836201268,0
3.4966655507115,1,-1.01099651040875,0
1.98720472616537,0,0.242368164371733,1
8.45065180722239,1,0.74631615715074,1
2.91608334921581,0,0.166737413775283,1
2.95995302987542,0,0.349150137615046,1
-0.65616247554929,0,-0.769513658387921,0
1.67799420562118,0,0.0583887973049773,1
1.23243706855114,0,0.226067903994394,1
5.18496979155084,1,0.266566080017753,1
1.90791345182291,0,-0.00539239317425509,0
3.53866055762788,0,0.582065950199975,1
2.59696119142958,0,0.0219188487488998,1
3.01117801931212,1,-1.04133023265304,0
10.142654171181,1,2.3651718215295,1
0.345843984575129,0,-1.53947002184886,0
-0.479259819432323,0,-1.0661739069494,0
0.146097738556236,0,-1.34506654816386,0
5.47217100869895,1,-0.750561080995817,0
1.39830220946411,0,-0.0543490082385613,0
3.34189967342262,0,0.782327651364621,1
6.31837422737518,1,-0.283781391374396,0
4.76638930016077,1,-0.553668555777446,0
3.0284791130763,0,-0.746257659642274,0
3.54941037729101,0,1.07249803636189,1
1.39927093171917,0,-1.11580388327375,0
8.59058097931806,1,0.930178543765009,1
1.30166387234266,0,0.326742305585208,1
3.45884735646008,1,-0.989128763350737,0
7.9250663064227,1,0.583843844659654,1
7.16009432609231,1,0.59707104665572,1
9.07450041112593,1,0.902941451654953,1
-0.0928440680080046,0,-0.92012649626371,0
4.08268674703508,1,-0.997601565289754,0
2.30079852842229,0,0.183956139593562,1
-1.33332553261864,0,-1.70740984832156,0
7.99108364939926,1,1.06430619577819,1
6.20151151821951,1,-0.719660760671263,0
2.05927893530611,0,-0.676518732090654,0
2.22316113473063,0,0.0831118483576644,1
0.169671616669629,0,0.114735154224901,1
3.7110640783489,1,-0.587597153351108,0
3.40988987429571,1,-0.450768546003956,0
6.30002436364005,1,0.997456182448306,1
8.22918726130904,1,1.12880506730552,1
-0.766798937608116,0,-0.863384637351891,0
3.97168890164252,1,-0.507256732229345,0
0.31935219706226,0,-0.404791233107074,0
1.73955600981984,0,0.227990953335087,1
2.8082098716598,0,0.92910030708643,1
1.15428109398392,0,0.240813362454316,1
1.38045037467659,0,-0.18339756956759,0
-1.14570121746658,0,-2.49656176168823,0
1.99431173977381,0,0.175903857787206,1
7.37030250913885,1,1.03954703541274,1
0.860315091779782,0,-1.17467891681457,0
6.4855833610587,1,0.4130240597899,1
4.10154569998974,1,-0.905985334540219,0
0.91722601887935,0,0.477226034369633,1
1.63466084557426,1,-0.812598232557345,0
2.84322690457364,0,0.421601086455735,1
2.86904237090263,1,-1.74430745055164,0
7.03666511954099,1,0.156334583847498,1
1.6207642594964,0,-0.204575925671668,0
9.76936010126583,1,2.21809367949203,1
8.20786461476729,1,0.132937122120927,1
4.55216904900341,1,-0.192590694221717,0
7.69400308171043,1,0.335908897490224,1
9.47436259925411,1,0.808349156021186,1
12.0226507027946,1,1.97859099298421,1
3.35138753712574,0,0.915548307950987,1
8.62518622846318,1,0.81759925970134,1
3.36498572286835,1,-0.241408547847609,0
8.56941568264787,1,0.0821638301282337,1
5.5451543882562,1,0.191557724673171,1
8.3777300330844,1,1.35259170531328,1
5.84968737191152,1,-0.653102406091336,0
4.510147479194,1,-0.345612682540144,0
2.80590673079408,0,-0.119467609189188,0
1.40882347236581,0,-1.29565722773946,0
10.1756948977127,1,1.20979190889213,1
1.29465257006236,0,-0.651420030610103,0
3.92538412457173,0,0.864201331479803,1
-2.4913317902698,0,-1.32410675502425,0
3.4629625140185,0,0.377361626119298,1
8.78011401500299,1,1.23352622549681,1
6.46503136391145,1,0.293136195053963,1
6.89237493841264,1,0.00499960970892244,1
-2.16589821364151,0,-2.10451916758228,0
8.36822246589513,1,1.4464863440167,1
4.12849573075278,1,-1.18857497541473,0
2.01651344785365,0,0.0988684364651956,1
4.33434090076457,1,-0.542837457840798,0
11.1825709107063,1,1.49667261930558,1
0.967758918532525,0,0.244223494130525,1
2.00082367139387,0,-0.8338762496684,0
2.24783705187019,0,-0.505239487808055,0
8.86364783537701,1,1.5869720830159,1
0.0571633823382582,0,-0.441395784909736,0
7.81071107354882,1,0.759432772805311,1
-0.377803142353913,0,-1.36056989760392,0
1.38900694148461,0,-1.25231277984622,0
8.64614895848169,1,0.358287276388293,1
4.54313459782535,1,-0.288642198393534,0
3.16306419699468,0,0.713755752391735,1
10.0826305798867,1,1.09585899609873,1
5.61726234114645,1,-1.26102162067733,0
4.57354400277485,1,-0.789200088580234,0
9.49922160375017,1,0.799433676561077,1
5.9091983505105,1,-0.0822220161820615,0
-0.40628414530702,0,-1.60526865198884,0
7.54097817131196,1,0.832690722733719,1
0.237227974990485,0,-0.723340668211605,0
1.50834957711651,0,0.23282511505478,1
0.532725983198184,0,-0.95636192427751,0
3.50034326718837,0,1.75358401340877,1
7.2018686491639,1,0.12638295906603,1
2.52855645849225,0,-0.226539419419711,0
5.5418703888449,1,-0.0816895775935801,0
9.10159629897911,1,1.07499556792845,1
7.50158281842893,1,0.0609328349951631,1
2.42220396878592,0,-0.20989788448534,0
9.2639061137735,1,0.945420745356464,1
8.38711205707136,1,0.370398552754434,1
0.530594505314747,0,-1.71498739906818,0
1.61209312515622,0,-1.83722367499765,0
-0.692591708596169,0,-1.04551202382546,0
0.732487732283639,0,-1.43924861630138,0
6.71479246719702,1,0.568210943595424,1
1.3783121121081,0,-0.756321963308479,0
4.97805734415923,0,0.786161253407763,1
0.17264294603536,0,-1.15505619114866,0
2.13711065106711,0,-0.865362132475438,0
8.68194355898068,1,0.493095473819995,1
9.69666040682399,1,2.03766157178834,1
7.36215554063207,1,0.14526068435659,1
9.24285645913103,1,1.36931004741797,1
9.13432271113393,1,1.69324814466093,1
0.0940406608934998,0,-1.17627570236065,0
4.18828445551462,1,-0.914626351896595,0
10.1019085752963,1,1.30697903305811,1
6.99358092277013,1,0.905091555068149,1
8.30570777571812,1,0.868297520284443,1
3.07341442426584,0,0.079121152416788,1
1.69216561247537,0,0.598518528256351,1
8.39265970350892,1,0.073478744768411,1
0.319849599182331,0,-0.0695898374988402,0
-0.321515675123996,0,-1.15066919631717,0
1.24529163316678,0,0.23435067321978,1
6.90562242188374,1,1.37795461686521,1
4.11981986520581,0,1.37177613641725,1
-0.932441394052866,0,-1.71115992091159,0
2.86076542505807,0,0.0950719129124074,1
2.27774827298894,0,0.197726973836163,1
8.37549258320025,1,1.37441505929561,1
0.89069638188,0,-0.546767660515899,0
7.16409032343526,1,0.640840358386004,1
0.0259129855334919,0,-0.42216187507782,0
5.39412797546026,1,-0.220517217516188,0
10.1468552730388,1,1.15820650491274,1
11.8929388106491,1,2.00379151485851,1
7.51684818977925,1,0.434842963654633,1
2.69634057758379,0,1.08024443918987,1
5.12125925220895,1,-0.33218396750634,0
8.66310756612197,1,0.600569390432864,1
0.75178636595627,0,-0.669697693397226,0
5.03037780361051,1,-0.122449314138991,0
0.343341076092621,0,-0.593485331623106,0
7.51982918690899,1,0.538594833053505,1
1.32140126026893,0,-1.09004123644449,0
4.45226089164038,0,0.611765606927533,1
7.62722232133188,1,0.371247068529465,1
11.087814512372,1,1.9465407828145,1
0.443699899985566,0,-0.825916949657005,0
2.30312101968891,0,-0.926840280509203,0
-1.78250270894248,0,-1.49442412020446,0
1.31522061525881,0,-2.23615083622414,0
3.85258604326286,1,-1.20159140540057,0
8.91965015095234,1,1.12592956338394,1
5.09746358672844,1,-0.656874733157507,0
6.18396326559271,1,0.34485483403237,1
0.197957217558774,0,-1.18335952502098,0
1.44123767061109,0,-0.834066768344257,0
8.18062517224497,1,1.69907490408014,1
1.61699829782352,0,-0.77333970408069,0
4.92886206934579,1,-0.704156379698203,0
1.26422247057546,0,0.133843004239721,1
3.52213001521093,1,-0.266638280824621,0
3.7408186581628,0,0.0467250448077655,1
6.52456359262239,1,0.344857454254042,1
2.56725286903122,1,-1.85638736477382,0
7.52066436592449,1,0.26879523622227,1
2.21875958947266,1,-0.364545153361984,0
0.385152034252145,0,-0.80373167996399,0
5.42004717760449,1,-0.0362838542386693,0
4.18019170545424,1,-0.875404190640104,0
6.58291136665439,1,0.56440875588823,1
5.08959713630395,1,-0.819603443812252,0
3.41471239753196,0,0.275901676150688,1
0.994013079979325,0,0.27345578622167,1
-1.09734866556691,0,-1.79596539228048,0
5.04972113975998,1,0.025533461276358,1
9.00054498689808,1,1.42682671714389,1
9.1163399205807,1,0.490175334078333,1
4.38869541210911,1,-0.00722071169407351,0
0.617864493252228,0,-0.142764992694034,0
10.2700698740008,1,0.88250602380557,1
2.33777276962594,0,-0.997550270943361,0
3.92839326680641,1,-0.277804884622691,0
3.94466719293941,0,0.456121537605277,1
4.91830444792694,1,-0.373066600233929,0
6.43880968925523,1,0.074694934485121,1
0.417346969479764,0,-1.00002242004466,0
2.53669348643329,0,-0.461363400456986,0
8.91030443027129,1,0.116342882606053,1
-1.33543808663606,0,-0.941291007249415,0
2.38059265493099,0,0.00577996019728154,1
5.65462790957245,0,0.89061062513797,1
0.72336716833498,0,-0.581767730708618,0
3.60138962643967,1,-0.455360933919705,0
0.864792122519542,0,0.484353777448917,1
5.29965945997277,1,-1.0901689468307,0
9.50729313922047,1,0.794876305397834,1
2.30784520175179,0,-1.28599443321546,0
4.62500938320088,0,2.71951658481925,1
8.27036551379061,1,0.105959671336515,1
-0.0790658059854177,0,-1.95710473239146,0
-0.78082259404979,0,-0.3426971838585,0
0.609218604981587,0,0.344815477613716,1
2.3784457445566,1,-0.559632239445093,0
2.62139998817918,0,-0.0723914321272515,0
8.54912681127164,1,0.633872930209894,1
2.12095095477394,0,1.54189081797869,1
6.74919313145346,1,0.219212970838242,1
1.88580285303343,1,-2.33196398422931,0
8.74747995454058,1,2.29601972653619,1
0.867295872862882,0,-1.01091508767378,0
2.61719075369033,0,-0.25481785747281,0
9.64962363538314,1,0.959640535670463,1
0.691211706675605,0,-1.56721645487211,0
4.47623316512691,0,1.66389886522106,1
4.91884160275686,1,-0.072385514202543,0
1.07141085686006,0,-0.403337351255838,0
4.81528608742215,0,0.72344794656056,1
4.94957115702753,1,-0.291383985381302,0
1.15685069159556,1,-1.98138460737526,0
2.50390190136895,1,-0.457560220385883,0
2.69383352575682,1,-0.591970925771915,0
5.63670625729698,1,-0.0357308768552834,0
2.83511755143973,0,-0.122339089803659,0
4.60650703810914,1,-0.181798517641379,0
1.91757996509055,0,0.906168323916026,1
5.17142471724148,1,-0.404687671540464,0
11.1963710386199,1,2.37938882235979,1
2.7424629442525,0,0.803423985169891,1
-0.209023288771434,0,-0.886385127002199,0
6.91690282852168,1,-0.00324393036139921,0
0.739886590822071,0,0.102377308954082,1
-0.871459153128573,0,-2.01680837329862,0
0.791636973609769,0,-0.96776143232047,0
7.38559653798283,1,0.324936504347414,1
4.43612586459408,1,-0.457363011590447,0
8.86633758834782,1,0.213086041047511,1
0.573149715928855,0,0.301832976775555,1
9.58896693483374,1,1.64995602735999,1
7.48036245759041,1,0.66143813864327,1
2.98391834546263,0,0.227156036839173,1
2.7325766509777,0,-0.127548965444058,0
2.75082515186793,0,-0.677028898371764,0
6.6725889024224,1,0.322546390396368,1
0.146637875870368,0,0.0412556170944091,1
10.6757768710381,1,2.29213624228462,1
-0.73617730803845,0,-0.946414842408255,0
4.8763028809647,1,-0.413999122782682,0
0.423154228887901,0,-0.85278979634155,0
8.75708936515417,1,0.302035895594014,1
8.59902283764797,1,0.521322711057899,1
-0.765230147293203,0,-1.32805647910058,0
-0.377457209921605,0,-0.570710840049435,0
-1.72195486246569,0,-1.70720940507571,0
2.92213886329982,0,-0.00963430674199173,0
2.55318821790687,0,0.0552540577540321,1
10.2524043743284,1,1.77568158199305,1
7.13055133130657,1,0.547124027293261,1
5.38440646601034,0,1.01414389907338,1
-0.437909100420775,0,-1.03724509577366,0
2.45612772470671,1,-1.33096141929007,0
4.13860648150132,0,0.690549489679246,1
6.68476059955637,1,0.699372364701292,1
1.67796319880856,0,-0.198726928420471,0
1.06888623700915,0,0.507988354149409,1
0.263354152025295,0,-0.72749491288019,0
7.75799925748798,1,0.42519937189046,1
2.05896553520765,1,-2.12434433638088,0
1.52086295143872,0,-0.0292073397257967,0
8.749727000351,1,0.306658442709129,1
-2.03072276849457,0,-1.25662783990408,0
4.94780716554174,0,0.127065837033582,1
3.06213107388856,1,-1.06445393663418,0
0.0495655478972488,0,-1.4700634566751,0
3.12539971308263,0,0.567832709427642,1
3.63161209180496,1,-0.900334917637651,0
1.08508108691597,0,-0.552068907820062,0
-0.537695578636608,0,-1.80430458277841,0
5.0428982254329,1,-0.69510983596158,0
4.60781165944587,1,-1.23081516201027,0
2.5567463007784,0,-0.392397798371379,0
5.363733748788,0,1.67861304725941,1
2.77416357232613,0,1.0921807120496,1
2.06486881269582,0,1.18269970178084,1
6.71133255590998,0,1.99289997298479,1
3.9359222795823,1,-0.0770068826538559,0
0.922172558579528,0,-0.935079577574999,0
7.34817662745281,1,1.03739169316604,1
-1.25620911008011,0,-0.880711090264144,0
2.04788263116359,0,0.623140285498662,1
1.78743276446587,0,-0.130399357411062,0
8.31185811950885,1,0.868930423778832,1
1.74054172854351,0,-0.690432655020983,0
6.00362833702735,1,-0.105331120215806,0
7.20304762470916,1,0.485678978635231,1
8.37447899145029,1,0.398563206634653,1
1.45562677681246,0,0.301483449076733,1
4.89734843757651,1,-0.889649794960629,0
7.53929913908964,1,0.638193077282745,1
-0.0334868049916377,0,-1.22190351250323,0
1.4248447019068,0,0.0780196913434845,1
3.40016868132985,0,-0.31014954386773,0
1.71384516793679,0,0.814578566683783,1
3.91547144730661,1,-0.810210605262507,0
3.86727003693065,0,1.41327909379734,1
4.21275277659243,0,1.12598592478788,1
5.91874311629639,1,-0.0594978451010867,0
2.92789588578501,0,-0.031837103685176,0
6.42407065939069,1,1.0628551957469,1
3.28512353401329,1,-1.38305332097264,0
1.91216420122518,0,-0.671267639376231,0
2.49167001428392,0,0.460724780609131,1
3.74825767471323,1,-0.0381733178686489,0
2.84774441174521,0,0.526835083295738,1
6.7534180208946,1,0.436332666465048,1
8.82908670476537,1,0.183862645804627,1
7.79432088426845,1,1.54334103961292,1
10.5228650873425,1,1.86907036635357,1
2.62199513450443,1,-0.739850589850917,0
3.6196338568821,0,0.0601476640052418,1
7.46923249486308,1,1.09318395961136,1
3.82654516116891,1,-0.98978847722826,0
10.86209622755,1,1.95071710805527,1
9.25268797720153,1,2.07820340736455,1
9.88990949408558,1,1.3276413862755,1
2.98366242984428,1,-0.220215653083313,0
8.06537274335444,1,0.837685992180044,1
2.02127398233676,1,-1.27722350136641,0
1.01209374494815,0,0.477461450409602,1
3.7839997477898,0,0.21909225955707,1
7.79751638887014,1,0.460498537494261,1
9.07651021939493,1,0.95226123213593,1
-1.86573213543391,0,-2.03101757689157,0
2.6649510730525,0,0.805837890506053,1
11.0477494870789,1,2.46919627228646,1
2.52323929679797,1,-2.25925378085762,0
9.41770081648222,1,0.516068619403792,1
7.89205915752899,1,0.070059751991986,1
5.2426999967678,1,-0.28547215640845,0
6.11629002751109,1,0.466010156938781,1
1.6498607091676,1,-1.83130941997532,0
-1.06858161619261,0,-1.96381263791006,0
2.53595619326778,0,0.43418900510728,1
9.60256935025144,1,1.48190232172559,1
0.265161859750598,0,-0.984883026456233,0
0.488216947225067,0,-0.254278912772027,0
3.58886086369306,0,1.197931222491,1
-0.45901252041154,0,-1.38429462322971,0
7.41811194376958,1,0.429256180429965,1
2.59202020727023,1,-0.677225309770176,0
0.94387575504198,0,0.220652592563591,1
9.78518894110658,1,2.50049845201374,1
4.19536409404275,1,-0.491096075852116,0
3.47466661385931,1,-0.585866261808418,0
8.10547901613428,1,0.687132059643069,1
3.26044846273648,0,0.533574548778009,1
0.394536972894555,0,0.139787654980521,1
6.66394043705145,1,-0.0558782227220642,0
3.96904893298191,0,0.660515735054054,1
9.58280876360002,1,1.34276325403013,1
0.650699977910641,0,-1.74385236001192,0
4.05341965695334,1,-0.0918830380220557,0
2.91084074774063,0,-0.239101370748671,0
8.54955596128544,1,1.41917143422831,1
5.41999961584578,1,-0.0731403694042871,0
1.26524616880763,0,0.582188729739699,1
2.48648183913716,0,-0.0260754283509665,0
6.43031055575793,1,0.0505807383206385,1
1.91816021380523,0,-0.948929005101247,0
0.805873929397648,0,-1.21632677536568,0
1.57652747481435,0,-0.0728151565285214,0
9.00054732198273,1,1.20498078362799,1
8.58925956902023,1,0.227126385694042,1
2.71124724053499,1,-0.0193327462256739,0
8.03453954507772,1,0.547524980072582,1
5.64072461692368,1,0.390773923871826,1
2.12071295290379,0,0.0887288049364882,1
5.03549337935754,1,-0.342081309603659,0
7.28444746469457,1,0.549715849374453,1
0.86989350060215,0,-0.262364168585001,0
9.64189255367273,1,1.4628268269141,1
0.627053922980402,0,0.383282039207415,1
-0.280462300365502,0,-1.55865653439867,0
6.06476495826305,0,2.24639279863725,1
8.56489941905999,1,1.38361436160941,1
7.57215945286327,1,0.780631123399945,1
0.0057886408435941,0,-0.849625755362144,0
1.64065567158471,0,-0.262541608151903,0
0.0471114075973963,0,-0.67018855104573,0
8.20447505066054,1,1.29736074127697,1
-0.250616861900832,1,-2.98052963719318,0
1.76020991536974,0,-0.570376985336241,0
8.51613007627622,1,1.43542700519366,1
1.51074594289538,0,-0.56852024120781,0
5.77911707854293,0,2.11662532617757,1
8.18684869886082,1,0.66657635303684,1
4.36089468618936,1,-0.387146863008262,0
9.29819280323481,1,0.715805374987224,1
7.41414677384661,1,0.536602939465535,1
5.60298765640971,1,0.77444068890307,1
2.68017566995902,0,0.794667289298756,1
2.84271805613407,0,-0.14134621772545,0
8.83515381160639,1,1.96576483318858,1
8.20877120428887,1,0.773175020095492,1
-0.134428152177875,0,-1.55007440714446,0
0.126220348204183,0,-0.996259269598632,0
0.437849313753079,0,-0.927546866419819,0
3.10231195460365,0,0.64377487275858,1
-1.4407025158761,0,-1.15396859901393,0
1.95884641748354,0,0.324649283494354,1
3.39206731164999,1,-0.0789793921026855,0
3.52201833779148,1,-2.2312517727241,0
1.7659741663209,0,0.569691662191032,1
9.58422245526256,1,1.23830891272497,1
0.967273058559344,0,-0.501501758309828,0
-1.26771810143131,0,-1.92086677400413,0
7.90131352434085,1,0.813874753448196,1
4.70843659930706,0,0.977642889507078,1
11.4765894421312,1,2.44243964639812,1
0.19651585394014,0,-0.722213910247516,0
3.57966639047871,0,0.870832899536122,1
3.15715243405635,1,-1.34688258260639,0
3.4981525113584,0,0.306009616226673,1
2.38319715697031,0,0.0430407732409697,1
1.66832985901801,0,0.371431301293611,1
9.00717479907123,1,0.165079192752339,1
-0.555636839070508,0,0.183417526823948,1
0.942437718316557,0,-1.00792529484472,0
3.78822874124605,0,0.745712079265438,1
2.96563938545288,0,0.144614444765347,1
4.38243438864613,1,-0.274549180111685,0
8.09094341143578,1,0.929250855645534,1
4.02653993189139,1,-1.05135785522179,0
2.95377627108618,1,-0.286311233352275,0
8.75799959883353,1,0.3205381144348,1
11.1866561190011,1,1.56753152310728,1
7.36981115326226,1,0.641227503951168,1
2.64154307886293,1,-0.600450335390264,0
-3.51821299389844,0,-2.40075208562738,0
11.6042204351468,1,3.05909931364011,1
3.67199656064411,0,0.653322187862859,1
-0.310537472519238,0,-1.4755059158788,0
0.752029377533297,0,-0.592166902334817,0
2.34924902228278,0,0.461769796832084,1
5.55871133460505,1,0.486947948958936,1
4.84222564967869,0,1.39641127055275,1
-0.529238296106547,0,-0.477207807556127,0
3.08720792876375,0,-0.321744284403,0
3.84343158592609,0,1.2148331652935,1
3.36295055202742,0,0.445934260442481,1
7.87466358116654,1,0.572181840778028,1
2.5642776194304,0,-0.673587005661277,0
11.0745338443017,1,1.93520939238457,1
3.35119990178647,0,-0.103598013879755,0
3.28182353820615,1,-1.17441267195055,0
3.7840585192454,0,0.994377112880128,1
-2.33359274203078,0,-1.65259879140032,0
0.00822879383262498,0,-0.84629034684731,0
0.939275175688304,0,-0.382229094401953,0
2.49559725474795,0,0.949630842858637,1
8.62718156279234,1,1.28290929212607,1
1.39529189094956,0,-0.590525242839421,0
0.920018275859104,1,-1.37585244617191,0
1.58431460058726,0,-0.134596992775142,0
-1.73781969878509,0,-2.729794704736,0
1.7995444952224,0,-0.802151787069137,0
7.26283644941626,1,0.0419483862372512,1
6.50007155390196,1,0.906411398950003,1
6.78494444719328,1,0.60038853163974,1
2.07813352571935,0,0.0791567934293054,1
3.98629700373358,1,-0.307775497418799,0
5.99590607325647,1,0.17253726324466,1
-0.717657558469818,0,-1.02938977247705,0
9.07348443892651,1,0.791786542208588,1
5.70272224540926,1,0.108061835576644,1
4.45679048659231,0,1.0021062450767,1
0.0445908541790551,0,-1.36832986480527,0
4.19454651432298,0,1.03564654310454,1
6.33806434449312,1,0.673257407979586,1
2.15963620882261,0,-0.213227143697069,0
6.80493044250694,1,-0.225846827212816,0
10.0573806305174,1,1.64923481656569,1
2.64915276669618,1,-0.689026546625011,0
7.78142887552657,1,0.981709118436972,1
2.62964090487463,0,-0.0558620058465845,0
8.70123902498041,1,0.358938898284486,1
3.7907248770698,1,-0.438374323888069,0
3.60744192105437,0,1.64934127172831,1
5.39890592635105,1,-0.28225252967396,0
-1.2907792332867,0,-1.77970104117287,0
2.16106409662613,0,-0.701242257696421,0
10.359742248784,1,1.20168517274928,1
4.86512706864862,1,-0.989499489961484,0
-1.99863234522997,0,-1.73902013684947,0
2.75365295279059,0,1.11072006220985,1
0.455589652182353,0,-0.979674357417719,0
2.59441019927623,0,-0.299400015834745,0
1.96974887669828,0,0.206054268883248,1
8.46367357025158,1,1.01004284955999,1
3.35443103315619,1,-0.184919265877198,0
5.41167529169222,1,-0.731184220015871,0
7.51250566692996,1,1.01700873880073,1
3.2802856768771,0,1.11273947192374,1
2.52588263101871,0,0.200479300986976,1
4.36535984143546,1,-0.302466921867604,0
9.53463996993464,1,0.950661618500306,1
10.7527896619246,1,2.15142255426031,1
3.26133190187492,1,-0.650802528460464,0
4.78472124285048,1,-0.237630925661437,0
5.0294685643271,1,-0.00467530380148041,0
8.62515602466038,1,0.0189526445466409,1
5.67489217723438,1,-0.511006852520649,0
2.52316511858383,1,-0.883864239083633,0
7.59656681941303,1,0.964332472780764,1
4.83070528381353,1,-0.244761348968262,0
2.55126695540565,0,-0.451848999672168,0
2.33169803916823,0,0.421237721547288,1
8.94324734793955,1,1.1483592005851,1
3.76153240374103,0,1.07231921657561,1
2.3950029751366,1,-1.11867935499397,0
2.75442100639456,0,1.17158183497182,1
2.17924286759319,0,-0.133368139505848,0
3.58952389616187,1,-0.0234110362393928,0
4.17873410315917,1,-0.447360070746019,0
5.71475147696111,1,-0.251645649054739,0
3.93954748467814,1,-0.352906573685705,0
-0.687927651640341,0,-1.38564422669253,0
0.408767763845947,0,-1.29908024943915,0
0.171350507283206,0,-1.65451715073019,0
5.71281681508546,1,0.424724829555308,1
3.45213420402056,1,-0.812784088115453,0
7.26018021806626,1,0.466996567446818,1
6.85334462999624,1,0.418920045258577,1
5.87593992752326,0,0.590747425771977,1
0.937637909769804,0,-1.4398696353384,0
-3.6502881023281,0,-2.70396119184585,0
2.90905259721171,1,-0.478496221454009,0
8.62261213221964,1,1.09246661403451,1
2.27305506935806,0,-0.164030096930473,0
2.6007723593652,0,-0.0947124540154069,0
4.77205378537484,1,-0.378524770820351,0
2.37986026893736,0,-0.337784733666208,0
1.26239568729793,0,-0.996868982826791,0
5.5369030255767,0,0.498350603970059,1
7.54007526745363,1,0.247621888862368,1
3.38079389323808,1,-0.426957187080768,0
0.1450515112591,0,-1.05380871986041,0
0.436570820411761,0,-0.44289055261407,0
2.93553455946374,0,0.217410359364412,1
1.31825418876266,0,-1.0587018770564,0
5.4077564993812,1,-0.565948383651282,0
6.42454058574112,1,0.657727967934215,1
10.0600344853535,1,1.92758158975579,1
3.4056389810125,0,0.841521587152399,1
0.726996639606236,1,-1.54660377204676,0
-2.63230143970215,0,-2.93716996709898,0
8.80272408657691,1,0.576035747967395,1
2.97147913208645,0,0.206000122302208,1
8.99310132431204,1,1.43891948193196,1
2.86161736633751,0,-0.270911177140767,0
10.0067742498509,1,0.994194737095492,1
5.91711035183323,1,-0.405538735429967,0
4.82482442256527,1,-1.03145339975093,0
1.23123796926741,0,-0.231814510431182,0
0.060728886057497,0,-1.3468553375124,0
2.94694599390329,1,-0.995467051464859,0
6.88172238195911,1,0.959803317924454,1
9.27770211484817,1,0.984338147181376,1
8.10782829447784,1,0.587953009225876,1
0.275296881070257,0,-0.784627307171974,0
8.05873233762993,1,0.0990079586674282,1
3.97856674571889,1,-0.825473197156942,0
8.5166352753265,1,0.0291821519900838,1
9.96137453379768,1,2.282527887372,1
7.42463577739161,1,0.234686841789573,1
3.0155991328374,0,0.190331532121368,1
0.425851643560939,0,-0.773528687306276,0
0.700459663449614,0,-1.3789538087492,0
3.80898940535503,1,-1.34147010204862,0
2.90348068116478,1,-0.779600304866739,0
-0.0315281510500586,0,-1.11895637080101,0
7.47710215479642,1,0.558394695163753,1
-0.400456695379613,0,-2.02137409408482,0
10.5880075134071,1,1.86680303003923,1
5.20822680559973,1,-0.224680150022989,0
3.31983940060482,0,0.267087654631531,1
6.59153850579341,1,0.673215367397404,1
8.16847974479659,1,1.14530652699626,1
2.38807790639411,0,-0.641661304838024,0
1.95327519675919,0,0.425965523707744,1
1.69354504460195,0,-0.47019753827118,0
2.57471627270455,0,0.714367207101223,1
1.79295335898474,0,0.493643634812409,1
4.07011784078941,0,0.468042754368105,1
7.88434191062063,1,0.153606655944859,1
2.50767013916105,0,-0.460488402700946,0
0.13783671061623,0,-1.10334006000035,0
11.4905659849875,1,1.21997231956323,1
3.46149166916065,0,-0.142763120015124,0
8.00075403957357,1,0.162174389404025,1
2.97336770765779,0,0.552960309052795,1
7.64505304251051,1,0.74487535294631,1
2.65119223489533,1,-1.31688432160536,0
2.79002156326942,0,-0.644851413992309,0
0.994323378618627,0,-0.77048410279975,0
7.49044419570409,1,1.23472863365028,1
4.17906411057462,1,-0.684503213632689,0
-2.20935672440987,0,-3.54909852833002,0
3.72624180711902,0,0.550486892975145,1
1.26726328882315,0,-0.682777798655661,0
2.85403692738286,1,-1.07771454617588,0
4.92459111960232,1,-0.67847536534114,0
2.98341572551734,1,-0.586275819501191,0
3.70253391971395,0,0.503995547071582,1
7.3192203680271,1,0.823903598767416,1
0.241146613277137,0,-0.847427821362813,0
9.7252432275238,1,0.72678089431546,1
0.953238502742567,0,-0.57978172914577,0
-1.65258303169857,0,-1.87602623804259,0
6.65488143751574,1,0.24885724068699,1
1.43159344558345,0,-0.651482435280945,0
3.21945298273611,0,0.166168763538673,1
6.0109150828076,1,0.170462956049057,1
3.90890749631976,0,0.61045389096368,1
7.56441066326786,1,0.377531212450233,1
2.93171859611672,1,-0.358270721697838,0
3.03166863560122,1,-0.0940352010003126,0
2.98717104590889,1,-1.34924525135742,0
3.57189380747195,0,-0.0220166469204665,0
2.08735423656752,1,-1.06149165721247,0
6.4742287106361,1,0.296033688700252,1
0.25487892542141,0,-0.921730902611473,0
8.38265555980306,1,1.20752530053727,1
4.25234404288272,1,-0.448102046699685,0
-0.958370198278563,0,-0.980918095027398,0
4.20594485880817,1,-0.596567953279369,0
2.58746517035059,0,-0.214518488847041,0
1.57282015908646,0,0.247661473689773,1
7.47725176338765,1,0.30668299429863,1
9.80485478563533,1,0.444814115136386,1
8.75868681696766,1,0.421663778786122,1
11.1719510939376,1,1.43814356730981,1
5.23863072296266,0,2.11051785345987,1
3.69913729289958,1,-1.67041342669026,0
7.51847701765482,1,0.299830605836959,1
3.116509093445,0,0.940306805724775,1
8.30063504682864,1,1.07833491733552,1
2.10020348312584,0,0.181096639109059,1
3.45981126999742,0,0.494013411198433,1
3.44737919595113,1,-0.24519292707636,0
-1.46742689167521,0,-1.10164190675761,0
4.75417034633633,0,1.45023581983819,1
1.92287194622262,0,-0.134777863071216,0
10.0681271142513,1,1.31405328042463,1
6.48445265616555,1,1.07056125109493,1
-0.540050591852978,0,-1.39955632364545,0
2.98980381997152,0,0.781461016727484,1
8.73609868901757,1,0.670645231859926,1
-1.58402800789338,0,-2.0580745554286,0
1.54607706372121,0,0.326680553846338,1
3.50944448132176,1,-0.726012662377335,0
8.22623192135788,1,1.84161273256173,1
3.44716300576708,1,-0.342350857166429,0
7.70509177010711,1,0.535019052178494,1
1.49198511562175,0,-0.386308212996338,0
2.06443761564974,1,-1.74929467264725,0
1.11933483194936,0,-1.46729182810132,0
-2.34423247472865,0,-2.63361288920873,0
3.26734743429638,1,-1.76290812438457,0
4.86113353887847,1,-0.169570154562341,0
10.7257208014912,1,1.68452439439964,1
2.97604568287876,0,0.171160079087114,1
1.82965668297288,1,-1.63997211085448,0
2.83523155546133,0,0.22626705165492,1
7.86177675241432,1,0.0456511094007407,1
6.22758390327972,1,0.343156965641502,1
7.38013699802579,1,0.759086422153986,1
1.85655632687739,0,0.582322237415008,1
9.15972344049262,1,0.61199023140146,1
10.0032410639304,1,1.83093766718446,1
8.39134860225232,1,0.0948410768704918,1
4.01573734198731,0,0.893916129358884,1
2.22389997627863,0,1.29675505475864,1
1.87768896948725,0,-0.758784508824494,0
1.15574136153581,0,-0.263801667751448,0
2.85439289319898,0,0.995189804016628,1
3.19742440372905,0,0.675786640661131,1
1.37716675545851,0,-0.111821241765281,0
0.355838223879045,0,-0.768829666165546,0
1.53984905128929,0,0.11786289540028,1
8.04154249445636,1,0.324972192453453,1
1.04936715002311,0,-0.374790736056768,0
3.2462986312021,1,-0.704462305321886,0
-1.07340480110204,0,-1.80494967015953,0
4.79341089319166,1,-0.485720510988236,0
7.12171341574362,1,0.0738449756619473,1
0.877601495546257,0,0.96508282701117,1
2.80582841746737,0,0.45804023246636,1
3.91475962261965,0,1.18471217684623,1
1.51793119992264,0,0.0991452898852171,1
4.07905788582018,1,-0.366689849653574,0
6.49958038615618,1,0.237788515522568,1
3.2735610700338,1,-0.602278967278999,0
-0.310054667325509,0,-0.891587766582786,0
1.50792983725245,0,-0.127300244288785,0
1.63887422769981,1,-1.36989493949376,0
-0.3554918498587,0,-1.491726094603,0
7.1131283447072,0,2.23585267153955,1
2.12365882525931,1,-2.35781911049796,0
8.48151737776255,1,1.23691547826001,1
8.48401687081274,1,0.979473365958446,1
3.94164905790297,1,-0.652427107346316,0
1.96082921171894,0,0.275374600540914,1
2.52767655490016,0,0.234642021129168,1
1.83887877343512,0,-0.427333342574764,0
7.33149636276489,1,0.056149418235362,1
7.6897267046029,1,0.984536489852397,1
7.7964648057281,1,1.25722854665977,1
8.18738045908586,1,0.0158990159098213,1
1.67553991879798,1,-1.20146488067312,0
1.38628432580745,0,-0.793703805169457,0
4.75131511004372,0,0.55107520449587,1
10.1424162084686,1,2.36209729515652,1
1.53540950140585,0,-0.772158013574851,0
1.84878147759082,0,0.725148700855936,1
0.938225559344067,0,-0.675196843137231,0
3.43013372009784,0,0.727549672102105,1
1.81167758450173,0,0.651414286223651,1
1.73869189042751,0,-0.10430873733633,0
9.11282968539589,1,1.63233714927249,1
1.25495809938543,0,-1.36790071555577,0
-1.36304234250305,0,-1.99578269440318,0
8.58507002247347,1,1.22990126767936,1
2.15593327980582,0,-0.236704621522311,0
3.99988115539883,0,1.3074359689548,1
4.75559562486873,1,-0.0670695809602743,0
3.33169471349748,0,1.78200345409032,1
-0.417088589382852,0,-0.454890558575489,0
-0.243207033339208,0,-0.786347273545845,0
-0.426071416678753,0,-1.09105919110799,0
2.12297205273039,0,-0.365692424382148,0
4.70322294960411,1,-0.247311984740986,0
4.24245589297265,1,-0.157580504565602,0
4.19773763344172,1,-0.0503881196290097,0
-1.57134168340689,0,-1.78234094180664,0
3.75876799111057,1,-0.53770709684218,0
10.976019542679,1,2.31391116885668,1
8.7935074446189,1,1.81273516593183,1
2.83541421918865,0,0.879315557728208,1
8.71326695721787,1,0.711938003892401,1
10.2659458677295,1,1.52610665153604,1
4.93697508183626,1,-1.09197322740975,0
-1.07195318737954,0,-0.796385017605228,0
5.23486129204511,1,-0.0396616712520664,0
6.03992861362144,0,2.16403471008467,1
-0.734705596054734,0,-0.655717872465197,0
3.72494345549718,1,-0.672058780542086,0
8.75496149592666,1,0.626709461647664,1
8.41363399465993,1,0.964634758945283,1
4.95051251098442,1,-0.0539925068169914,0
7.59177496699074,1,0.0699606345908193,1
1.88002252503762,0,-0.734097163756108,0
2.53682262925444,0,0.44082889381462,1
8.6585245948768,1,1.67486930091904,1
4.9837988376386,0,2.4623879221237,1
2.50348275657314,0,-0.110826149367584,0
6.16186565900102,1,0.271998528953077,1
2.35937194781525,0,-0.231541485420894,0
3.33088526253613,0,1.72338656333367,1
1.75095496457066,1,-0.331655447926609,0
3.05223715569749,1,-0.70890115852737,0
5.55824615831596,1,-0.372185789302407,0
6.97028297207244,1,0.874358712771231,1
4.22896621784782,1,-0.328348958492767,0
1.91932164676762,0,0.142942928968201,1
0.612342838110665,0,-0.950696239865135,0
4.73914789806851,0,1.17676496429437,1
3.78311867916107,1,-0.345874795876848,0
11.017546713875,1,1.84026337894959,1
8.45193790071616,1,1.24489501343008,1
0.460289207942101,0,-1.39644838090717,0
5.15301409055665,1,-0.727257480338755,0
0.231296960064612,0,-0.138785402514375,0
5.02468594388049,1,-0.411838196704018,0
0.0540175892608274,0,-0.714680224183118,0
6.66829649994881,1,0.382261315803768,1
4.62082955362284,1,-0.59688302921706,0
4.89115786554862,1,0.133365910717681,1
5.97777537802602,1,0.390026990728442,1
-0.387021725821813,0,-1.30572667127307,0
6.8162340753381,1,0.146030258690886,1
1.64682708413297,0,-1.1158291004482,0
-0.654749988741128,0,-0.898234177697066,0
-3.31029845992218,0,-1.91258180380591,0
-1.94112937783173,0,-2.36045758560575,0
1.23336641730271,0,-0.0117582568284689,0
0.80435159420757,0,-0.0285271757377824,0
7.31697199946428,1,0.475885048146139,1
3.30732648059719,0,0.735384791436554,1
6.80979270841474,1,0.0208943066027584,1
3.6007294885136,1,-0.47729200391221,0
-1.86097473197264,0,-1.76585635871693,0
2.38392986995181,0,-0.0195977327866138,0
0.900721445418288,0,-0.649834967858945,0
7.26290992457827,1,0.0465974692739434,1
4.12759657404064,0,-0.111630018832007,0
0.201891340542833,0,-0.500626836371549,0
2.89642388751859,0,0.00896529232120506,1
5.43139402978121,0,0.927529318092681,1
4.49978078053935,0,1.21380612279353,1
2.45702533081928,1,-0.845589622498792,0
1.87372779979384,0,-0.934125707402648,0
9.4415675189924,1,0.653453459384564,1
4.78132624750691,0,1.73767135827773,1
5.14048572842998,1,-0.608010896161342,0
6.36749944048322,1,0.159649572870041,1
3.52706865136851,1,-0.484051160507393,0
11.7373918888267,1,2.86964943903739,1
3.12775892674678,0,1.17007872357512,1
6.84694556593417,1,-0.759165645894603,0
2.53607071098659,0,0.0065942639894306,1
3.05091509445673,1,-1.45819548310238,0
3.16823490619582,0,0.0560586784809846,1
6.7067753285793,1,0.463589317466194,1
0.663767738921585,0,-0.924809127011981,0
0.939990332052261,0,-0.774833933844919,0
0.834583340696971,0,0.297320338335989,1
7.26718390662328,1,0.309144380670675,1
9.17742705292014,1,0.83713153660238,1
7.31903358073429,1,0.403354981402839,1
10.1426827567706,1,1.84275302896357,1
4.39771854039725,1,-0.60942435492841,0
8.58109555782881,1,1.68705879994264,1
2.43380710360957,1,-0.80885084620986,0
4.62114682510887,1,-0.340185095262286,0
2.57222499073408,0,0.0988322543402437,1
7.90829867620703,1,0.602055899873432,1
6.89093125373988,1,0.640461171927714,1
3.19227636689834,0,-0.178984521888784,0
1.35249435457555,0,-0.273437225711215,0
6.59723286412312,1,0.595559775044301,1
8.11219298611481,1,1.35072162455969,1
4.48089271347775,0,0.69369180491261,1
2.45051626416265,0,-0.77486967056891,0
4.00302186233603,1,-0.730222759091441,0
5.53315550318507,1,-0.567089266016597,0
3.67029656675031,1,-1.63275725190677,0
9.22554202044516,1,1.87757805570496,1
0.85820469320008,0,-0.512927785037092,0
1.57245283516766,0,-0.336338256859109,0
8.37507519874595,1,1.09213628377565,1
8.09705389273154,1,0.07602044861869,1
8.85463400500156,1,1.36205679621589,1
5.27539511193946,1,-0.0292123363160788,0
9.81923053886325,1,0.857489363163086,1
4.21092101593285,0,1.13715320287413,1
2.96272256349627,0,-0.5329944242142,0
2.77061153393831,0,0.428903148894145,1
0.128646281529732,0,-0.533384279100055,0
9.38716685965173,1,0.421941607499508,1
1.69099331694911,0,0.502367754511082,1
0.380556797358403,0,-0.799431121788777,0
2.71863326237771,0,0.527121409947533,1
2.50618761252327,0,-0.746897550245083,0
3.12757316250496,0,0.149602324291875,1
3.96330683718791,0,0.910928550065562,1
7.79921743378542,1,0.956228057984571,1
8.04986663791846,1,0.949061716701464,1
0.929941152205801,0,-0.728672123481326,0
-2.15792541519544,0,-1.83210732244871,0
4.25392361859191,1,-0.393911667572378,0
-0.774732497588977,0,-1.49168445751126,0
8.1281589668745,1,1.23914709642081,1
6.59834058039441,1,0.0843181418057839,1
2.22719045977188,0,0.022088895748938,1
1.17965815479725,0,-0.417137614900728,0
1.55224439489961,0,0.440103823152674,1
0.671740075709482,0,-0.101108268514909,0
1.37555675996592,0,-0.794837657109074,0
1.03902185836451,0,-0.522879412325234,0
6.7922736261372,1,0.380274980437866,1
3.12480955477623,0,0.416644323766203,1
9.84726923949278,1,2.41536115052492,1
2.48661358941841,0,0.111937960053256,1
1.73243547892027,0,0.350655882309424,1
1.39505165576072,0,0.614905054264185,1
8.4062474464491,1,1.47380875927714,1
7.80257679740942,1,0.371166918961521,1
5.84133545188196,1,-0.0102850633929439,0
9.54236816391068,1,0.681796955112051,1
2.46165342762367,1,-1.63469938417785,0
7.32974376143518,1,1.14534949258538,1
3.51365698434196,1,-0.143008923297422,0
4.00190699016861,1,-0.47523468624485,0
3.72803262871082,1,-0.942777424140848,0
8.86757650739979,1,0.580752168708573,1
8.79321359631826,1,1.21074230785156,1
9.38413645293017,1,0.43394101810995,1
0.557090311692208,0,-0.980870064646255,0
0.854509831091433,0,-0.506132622961807,0
8.31390603411046,1,1.46889944238365,1
1.33107260204983,1,-2.12156298459264,0
-0.636003786593922,0,-1.17656496201417,0
10.1717673696253,1,1.30422766079642,1
2.77684101086864,0,0.393503490444981,1
6.31990304304863,1,0.0704547969458765,1
3.4895716783379,1,-0.274487990524476,0
7.33946352080656,1,0.657115901560522,1
3.56779484934968,1,-1.72929102084008,0
4.04242613339353,1,-0.343655205923371,0
4.01669802645584,0,0.740634414332376,1
7.88266337225488,1,0.169066666251757,1
2.23289486230898,0,0.848940091771404,1
6.66588934702742,1,0.31310623655432,1
0.708884003443929,0,-0.286874893605217,0
1.77334535423092,0,-0.25893644776149,0
1.616036819534,0,-1.2788678135979,0
1.40992510010816,0,0.231421928415456,1
5.64590821984682,1,-0.653619951444195,0
1.05621295180225,0,-0.193830772421812,0
3.64976561929959,1,-0.582470215004028,0
1.84239127346277,1,-1.60411319351963,0
5.15281556161305,1,-0.381635259987709,0
8.04770512652954,1,0.578131115722216,1
8.28452186617635,1,0.676814047922625,1
3.23632695692184,0,0.17008264543947,1
6.50668812434449,1,0.0937096003614105,1
3.8982263958216,1,-1.09744295693845,0
8.39354835022304,1,0.299834766861233,1
0.0153615181889395,0,-0.904718902314884,0
3.55556428822306,1,-0.265055992456283,0
-1.57608196870676,0,-1.83149574025016,0
7.52332447047951,1,0.115572315894601,1
2.83065591819984,0,-0.699725225685657,0
0.0786928841633278,0,-0.891040215777162,0
2.24826112678364,0,0.0699732589489017,1
9.36639290809599,1,1.14763656644262,1
1.21272766890011,1,-1.30135858776695,0
2.36570622675361,0,-0.0147980056909404,0
-0.912652231836378,0,-0.995876486813826,0
2.25974844434072,1,-0.157531664637264,0
3.3739711865449,0,0.888904756408982,1
4.45589990464321,1,-0.463060944782274,0
1.09266259534804,0,0.35241956537377,1
9.1026644529449,1,0.651677944040879,1
7.76977475525379,1,0.00266956780088198,1
0.548613808578831,0,0.259757168498993,1
2.30940498168684,0,-0.214667498383812,0
4.37509293654537,1,-0.731884637942744,0
2.38596191781941,0,0.496824944355633,1
4.2280842311986,1,-0.415343006336429,0
2.64914416708176,0,-0.363425712205055,0
1.50543802923003,0,-0.566293693679178,0
5.76132374116588,1,-0.0418556432294291,0
1.15245273645782,1,-1.52166455004239,0
9.48607795292186,1,1.1596160466517,1
1.65400786669368,0,-0.266794027097258,0
7.02777375915082,1,0.26905289001322,1
1.43507454022754,0,0.166506387626785,1
7.14651810261454,1,0.533298613743017,1
1.719243020827,0,-0.1977926839405,0
1.87120024473403,0,0.146428404289276,1
7.4982317705092,1,0.853122950991143,1
2.5464711633887,1,-1.70723638201085,0
9.03519485936427,1,1.02275418419495,1
9.85509265864713,1,0.927464717438484,1
1.12157889788721,0,0.353982002799938,1
5.92668244320733,1,0.320929027367172,1
3.14441827220466,0,0.165363951136575,1
2.18870940987396,1,-1.1781951287518,0
5.35701759298664,1,0.460949632796765,1
-0.146000999242718,0,-1.6733859593276,0
3.03048155635972,1,-0.827145799321117,0
-1.91528661363932,0,-1.2050191409195,0
1.80979075197389,0,-0.510447820629803,0
2.13667190382542,0,0.0687752105199707,1
2.36468587405447,0,0.443279983482764,1
4.03326437670904,1,-0.0901878385907875,0
0.121642940494332,0,-1.9372907321614,0
1.400887434673,0,-0.30658732830996,0
5.9115000522536,0,1.86139713489553,1
5.2578208376771,1,-0.961473166104765,0
6.66907020960687,1,0.223131929686871,1
2.69286440170068,0,0.0178863232856011,1
3.19559644880898,1,-0.118454633996823,0
-2.15714636010833,0,-1.42526390784898,0
7.42391319722145,1,0.319836519049756,1
4.00661613675326,0,1.02922000834192,1
-0.551151856321407,0,-1.6097062498434,0
8.09992123329631,1,1.26641317954915,1
1.50541636755572,0,-1.59118345464098,0
0.83142418788439,0,0.441637455157188,1
0.168671182192038,0,-0.510602833348336,0
3.11447507274672,0,0.706383730058968,1
4.85657534793902,0,1.63749264588473,1
9.21241084895599,1,1.004641810378,1
-0.944425058216845,0,-1.98036631939599,0
3.21284295466586,1,-0.622333180603857,0
6.62539411061615,1,0.0156591689129513,1
3.09782994253931,0,-0.343742246914188,0
0.141191777657686,0,-1.70496339083283,0
1.67846089799741,0,-0.0294292942462847,0
5.03207460064109,0,1.73234549869222,1
1.38347125340443,0,-0.532349629985045,0
1.67261542468825,1,-2.00585316737595,0
2.90114741472462,0,0.302236505283741,1
3.20686411795758,0,0.024557920155963,1
6.98746424075506,1,0.114207058164444,1
-0.191367498267267,0,-0.399165528034008,0
3.05840305279675,0,-0.298004572163677,0
6.17058587739086,1,0.38020714700965,1
2.10948343249572,0,0.37269494195989,1
7.27546897335499,1,0.0470285629594216,1
9.7111670756246,1,1.47128332316567,1
8.23284889482345,1,1.04690696147386,1
2.9961757621213,1,-0.847296608997103,0
8.23494681141328,1,1.01642146478723,1
-0.0911206524093875,0,0.279160326378259,1
2.6882029109757,1,-0.562057741622165,0
2.74728431375605,0,-0.19349319432722,0
4.43296332406172,0,1.75854621738918,1
9.01423498286146,1,0.687425712937127,1
0.60446382612549,0,-0.919739834584634,0
0.386715039201438,0,-0.511564856597316,0
4.80329864958124,0,1.03914815878932,1
8.51310336198152,1,0.804045067486126,1
0.371597231956719,1,-1.39642612751923,0
4.54941320980925,0,0.767105797703145,1
11.3934926611769,1,2.65236985152141,1
2.12064888684662,0,-0.528478940036698,0
0.591628913451538,0,-0.478414710547197,0
3.7300628598597,1,-0.600571680979435,0
-0.283244875354073,0,-0.376217449116503,0
8.25357314333411,1,1.0409508244986,1
7.89186070237703,1,0.60673159061521,1
3.23926250535188,0,0.278960737795428,1
1.91055676353829,0,0.777795923780944,1
8.04332226431499,1,0.440543483896566,1
1.14567069802621,0,0.253082773204634,1
9.58623327096642,1,1.3924359775637,1
4.03048610392914,1,-1.51256443480042,0
4.45472840506296,1,-0.55408984263545,0
6.70240114012789,1,0.590305168217638,1
3.63900778522578,0,0.14219626891901,1
0.761867537023474,0,-0.775532184847767,0
3.14287032210969,0,0.170229650595284,1
-0.629806535852136,0,-1.06711262143476,0
4.37354101247632,1,-0.082257830195571,0
6.01697045074737,1,-0.211429832941621,0
4.80250212581148,1,-0.0397903815685168,0
1.60101033686491,0,0.225406872908913,1
7.25057772434332,1,0.13837398698416,1
3.60697835139216,1,-1.2283285035794,0
6.92329642888762,1,1.21521372825493,1
11.3143193729884,1,1.65636562085171,1
0.840002624291456,1,-1.86117970235442,0
8.20536859575369,1,0.844710074547932,1
4.8339455997397,0,1.88719352877105,1
3.20470382880779,0,0.492693780768798,1
1.86985066717001,0,0.23681247041657,1
-0.795391887310779,0,-1.76706567882314,0
-0.515968785461994,0,-1.5419310766804,0
0.484328294589759,0,-0.979663791745315,0
3.78992343585851,0,-0.0366297675827204,0
2.35947896166508,0,1.19971080122725,1
8.93019334120767,1,0.204712828270983,1
3.19245060861746,0,0.0140848041681329,1
2.10036220965754,0,0.574821925331489,1
3.47200223680285,1,-1.01461071616817,0
0.612420785998784,0,0.269684166928221,1
6.23795906696312,1,0.359175961130673,1
7.93595889687302,1,0.322573956663293,1
6.2522542870057,1,1.69834519542543,1
7.68711664559462,1,0.0935971151452289,1
-0.313585199775837,0,-1.12746646861896,0
3.33256051024706,0,1.02717609451483,1
3.83429879054572,1,-1.07893892637062,0
2.47811371720799,0,-0.139621848095616,0
1.11417403675148,0,-0.348839737033342,0
-0.183135911815028,0,-1.30205077331752,0
2.23119854550686,0,-0.10143072772095,0
0.957225005982466,0,-0.468714222270704,0
2.22750926287439,0,-0.244067713487669,0
3.4308722650232,1,-1.59765097083619,0
9.2030340306443,1,1.301584998245,1
2.16399891912218,1,-0.458977619641816,0
3.03399880061392,1,-1.12079852101122,0
2.82858552733309,0,1.16149936586397,1
4.93544880007078,1,0.234283139190049,1
2.4476202035823,1,-0.867768294927337,0
1.65705283989131,0,-0.486160995556588,0
4.27059735995298,0,0.326356106535737,1
3.16656399376346,1,-0.709959890796285,0
-0.0467397363808577,0,-1.16027144756942,0
2.13630196686723,0,-0.87228752594644,0
6.92218503794642,1,-0.080805856512006,0
1.22755815771614,0,-1.0682651286806,0
2.08536022824257,0,-0.270626588810126,0
7.97384633765064,1,0.755551736309377,1
2.29362813422484,0,0.140074383116191,1
8.92174164296672,1,0.377602976906827,1
1.44470480960462,0,-1.02855623008526,0
4.6219799719112,1,-0.116459129035565,0
0.383185432983897,0,0.107819529997865,1
-0.462520289005805,0,-1.62535817538879,0
2.5624766737477,0,0.834960693062892,1
1.0093958434863,0,-0.863911157434325,0
4.93708264892635,1,-0.299402887503609,0
-0.144955833851731,0,-1.7433219716953,0
5.12905500411264,1,-0.430065157895155,0
3.67663915891591,0,0.184979128828178,1
2.46436457583106,0,0.101355490973894,1
-0.814925934534011,0,-0.803684302010378,0
1.81964415406078,0,-0.169051463769313,0
1.97200876576546,0,0.0325058754493804,1
1.19434577976221,0,0.192876635459692,1
1.64487059664532,0,-0.234406240211195,0
8.90885974588769,1,1.62009656982336,1
2.61890077487539,1,-0.433052345497572,0
2.1497326968151,0,-0.0262957816695965,0
4.54423656305428,0,0.880735114212773,1
5.2122767509973,0,1.82098217079616,1
7.75472109358332,1,0.542458875316646,1
1.90840740290205,0,-1.58941757884375,0
1.35543374377231,0,-0.344890034483077,0
8.4895860296782,1,0.14013752413453,1
6.86187202460554,1,0.0264440981226001,1
7.08608640121896,1,0.144233783122839,1
0.924788290072506,1,-2.53306832718023,0
3.10517129797337,1,-1.02634607934382,0
3.36881304380372,1,-0.188931043157878,0
1.2140480386889,0,-0.668702601313439,0
8.27602720844308,1,1.02782575037819,1
2.62883808568614,0,-0.18678122654964,0
5.12869746169148,1,-0.872083904132422,0
8.34903552460576,1,0.853877460542154,1
2.04858015368173,0,-0.0685978200002831,0
2.98483908483164,0,1.04209596671958,1
3.67950517335169,0,1.34136669127956,1
2.62841527529481,0,1.65945327281277,1
4.96533821976355,0,1.24954399171957,1
7.76104387663452,1,0.30743626555935,1
-0.0956401424270985,1,-1.54007503648495,0
8.35334068991739,1,0.213094848411606,1
1.07492568914209,0,0.258991299903071,1
9.8752402494391,1,0.301471580314497,1
3.08088285079906,0,0.291130239156936,1
1.43414441981174,0,-0.668008497005701,0
5.02940633205657,1,-0.327280618154514,0
8.28615328348231,1,1.37722887896438,1
2.64476353478434,0,-0.0725856156067651,0
1.96649096425328,0,0.358441696803243,1
0.713610852599392,0,-0.274379764136532,0
8.30115097338213,1,1.1501902368497,1
3.17025601158215,0,1.19487695547562,1
3.95144149902656,1,-0.996796080525189,0
1.59602174601091,0,-0.224788007103373,0
-1.38044535197479,0,-1.75525343444108,0
2.06763517511862,0,-0.43425226664631,0
11.5047040255735,1,2.2229037546651,1
5.63860382956335,1,0.381390276198364,1
7.58960372074807,1,0.733668934593198,1
2.78547903963613,0,-0.336322518344102,0
4.70202559255067,1,0.0150390248043333,1
8.14849615072876,1,0.291138568168005,1
2.48264765024956,0,-0.454828322973064,0
6.57782351984049,1,0.354878537817352,1
3.76749653720016,0,-0.407315600367356,0
7.55208908443067,1,1.11369072316599,1
1.46073500732796,0,-0.0519449721558507,0
3.30431609163928,0,0.475985005973278,1
4.9940493687867,1,-0.358799477000126,0
-1.05739553103708,0,-1.05478265359899,0
3.92511896412147,0,0.116506127698888,1
8.46965007584626,1,1.63605742768817,1
8.69907111991983,1,1.39102870523522,1
0.659022813910944,0,-1.85485832449713,0
5.13188587541638,0,1.8357487407575,1
4.12078332890409,0,0.976994704850532,1
8.15956164409202,1,0.689346855058791,1
2.69282828547364,0,0.885044771005534,1
-1.09109861767774,0,-1.40860686499592,0
6.5697997300399,1,-0.0625158929899074,0
9.2338627369795,1,0.72078601051573,1
0.990089201249834,0,-0.250267054678358,0
8.79033022710555,1,0.978944999147283,1
8.65221051249226,1,1.18282364148782,1
2.0525031808664,0,0.106893071964043,1
4.07453345184959,1,-0.723695184973506,0
2.39816784317619,0,0.280117700846182,1
8.31999388341193,1,1.32941921868123,1
2.33385820607,0,-0.00866303647703962,0
1.39251439387394,0,-0.803139102452822,0
0.0623910880152047,0,-1.23584110605574,0
7.47308673635544,1,0.660159577440815,1
-0.656110215711204,0,-1.26787468648054,0
0.972711744865999,0,-1.07070337716874,0
10.1398689031849,1,2.2611600650021,1
3.78490384689372,1,-0.22390063240754,0
1.56068658244167,0,0.965090660947949,1
0.960939190992144,0,-1.73939297411344,0
7.25253712528229,1,0.0227457066603,1
1.36373924624859,1,-1.59453934323098,0
3.95573225732386,1,-0.1691297434179,0
3.77143346986548,0,0.0460919500476944,1
0.848439300757352,0,-0.409423592460872,0
7.34856301768014,1,0.29732646846863,1
5.29079120121314,1,-0.112337978714821,0
7.73903808811196,1,0.713323412235846,1
3.34939950691687,1,-0.201043673515708,0
5.19272277266684,1,-0.348175363597593,0
8.73499325173586,1,0.36028297448821,1
2.6561553921982,1,-0.592199084008979,0
5.38850120390405,1,-0.120728182670221,0
-0.00402765194173327,1,-2.49344342944778,0
2.59787888141719,0,0.781229206406896,1
7.30931614926546,1,0.0445604862889958,1
1.06977258959986,0,-0.689264366999407,0
9.48838828883128,1,1.40927194019359,1
3.85957994498715,0,0.97657111895336,1
-2.1521541698998,0,-2.24742409320282,0
10.9556606108859,1,3.31447125558045,1
3.31066220656589,0,0.739060527916331,1
4.03231287242899,1,-0.106415360740907,0
1.10258136842813,0,-1.20298474381111,0
3.39332185178719,0,1.16196413059301,1
1.50275272652849,0,0.334203255590311,1
1.63565368327068,0,-0.68881309696099,0
5.74427463693611,0,1.68424462224446,1
1.4906282338949,0,-0.462543728935743,0
4.66622790396206,1,-0.199990384600961,0
1.26324765454775,0,0.703138472387062,1
10.8247116705984,1,2.00344612258099,1
9.49467844263991,1,0.467255998592323,1
10.7655268549773,1,1.71868675978785,1
4.33899391727807,1,-0.0232484914080569,0
8.62409332093815,1,0.788133028965503,1
2.32201052656,0,-0.805759456937847,0
6.93740011221887,1,0.933603020974418,1
0.778252789975099,0,0.06388503994227,1
4.80938945763982,1,-0.146314593690838,0
2.76544765184523,0,-0.47160979818965,0
4.63521480711426,1,-0.784384232369107,0
2.10270475619747,0,0.105522806545181,1
0.899979653084451,0,-0.995684049730206,0
4.98517196933486,0,0.940007121917751,1
8.19196243447593,1,0.382041486588954,1
1.21219545250605,0,-0.0571313192669201,0
8.64795760178038,1,0.408253567351302,1
5.75982182651371,1,-0.631495442439652,0
3.14533407566568,0,0.00917585041105263,1
6.92024689634163,1,1.05490216283163,1
6.8024415268588,0,1.91721342421336,1
3.97156916725427,0,1.7185958319814,1
0.97099335616931,0,-0.836421674680423,0
3.88554905612823,0,1.28267736972728,1
10.0257240167736,1,1.06503532070755,1
2.00356604487305,0,-0.121465022632812,0
2.19571808228591,0,-0.838719985490759,0
3.04481942618203,0,0.738561112128366,1
4.89951971572666,0,0.886684699821656,1
0.974607370127206,0,-0.0515442763480088,0
7.90336346861404,1,0.0706162116208685,1
8.68935275339089,1,0.595211827350219,1
6.96772666060368,1,0.523399487187714,1
-0.396745443673655,0,-1.43857564856486,0
9.15209473704945,1,1.19574871758401,1
7.98544293258544,1,0.668921034789757,1
4.6583363450921,1,-0.562894843212814,0
-0.0318091649702538,0,-0.99041075152047,0
-1.74546819187316,0,-0.870819866082313,0
2.96372217368858,1,-0.805154503839544,0
0.526037585021148,0,-1.49592834452993,0
-0.239283561862202,0,-0.964829909406959,0
0.629645315273591,1,-1.35633849783745,0
11.5710459985343,1,2.36165213781744,1
2.31195866285456,0,-0.341128822601276,0
0.581981122919881,0,0.393677106144307,1
5.1153034695953,1,-0.144514628688575,0
1.3073041452274,0,0.254524379858237,1
8.57251177461408,1,0.393850100082567,1
3.53014171790653,0,0.605116401548045,1
2.98002349355624,1,-1.2628695709525,0
2.960310927495,1,-0.495803771604929,0
4.1724974128415,0,1.54783634189478,1
8.17273933452108,1,0.359579308364957,1
9.14287900776858,1,0.747776867254083,1
6.47474497964788,1,0.193991449701491,1
9.54648290117606,1,1.18870064746667,1
-0.669626328690342,0,-1.92207391169364,0
1.6196910982463,0,0.149930258010417,1
3.06929528538875,1,-0.846097884984273,0
3.39924018898768,1,-1.34787106288792,0
-1.47913059328635,0,-1.96739351842547,0
1.69265036046493,1,-1.68210186786215,0
8.95935539264349,1,0.453267550121273,1
-0.165925843796651,0,-0.27363457821628,0
2.34068098962759,0,0.462344018673828,1
10.5219125973431,1,1.93735014021161,1
3.39369861130624,0,0.512390074182523,1
2.72821111886867,0,0.428279213485173,1
-0.0305430826080542,0,-0.622867167663983,0
0.90814810121736,0,-1.20769632381119,0
11.2980046641212,1,2.43182740005735,1
2.14262233890148,1,-1.4584916161155,0
3.23324852637432,0,-0.170547402784715,0
4.21104295766252,1,-0.495459985893483,0
1.23405595087692,0,0.03878772051493,1
1.25654932249634,0,-1.54134416930635,0
6.14385409523849,1,0.175840541289857,1
2.5909340550141,1,-1.89923030678414,0
7.10658921737184,1,0.326034834566324,1
2.88846255140384,1,-2.14688945560231,0
2.7698944482919,0,0.702648271732394,1
6.80959228129231,0,2.81677847132069,1
8.42241327570018,1,0.690097728494375,1
4.28622305681113,1,-0.0789948966696615,0
3.02567102272105,1,-0.29725259528847,0
6.95201223597224,1,0.675759564492493,1
3.37890847943688,1,-0.671680953263006,0
1.03875878991795,0,-0.196852213695976,0
4.55312982576435,1,-0.0471545391270977,0
2.40390735931535,0,-0.122106639028899,0
2.23702090555774,0,-0.343422720991832,0
2.02987665174936,0,-0.141434098573438,0
0.036590292770929,0,-0.27970485039769,0
8.94637921441676,1,0.6712959473936,1
8.20128741847028,1,1.58250209854795,1
5.57074751405596,1,-0.37544592315329,0
3.71503552168631,1,-0.076314654238844,0
4.37904513414913,0,2.10087856200966,1
4.70736982345928,0,1.27582316209421,1
3.17208363986077,0,0.284385408748645,1
1.42524017225119,0,0.0897164456246569,1
3.0157043607349,0,0.483695133816502,1
7.96359667663778,1,0.382199077560123,1
4.75976299426519,1,-0.666700339103496,0
6.31507882114903,1,0.0223497609293033,1
7.73603056506785,1,1.07308010367399,1
3.41166436348797,1,-0.229527259022516,0
5.14527066990191,1,-0.936838204310701,0
8.84986850537959,1,0.355975215312771,1
4.05374677344273,1,-0.756655378603715,0
2.66471903053599,0,0.291662711358759,1
4.10339480410736,1,-1.61830141761638,0
5.18163927621513,0,1.51660925717419,1
7.25334258798452,1,1.43635741019476,1
4.4081144164746,0,0.785006513552427,1
8.37816234324729,1,1.41391681327198,1
1.34216126021643,0,-1.50216412527638,0
8.59389736496032,1,0.79207530582933,1
6.02891048830789,1,0.0226795173176731,1
3.88879219139524,1,-0.0843420617916926,0
4.54515498845296,0,0.995691281417158,1
8.85342799801452,1,1.3578692198233,1
9.09470409952439,1,0.62111898429829,1
1.8156932407522,1,-1.39204444355042,0
7.31838432617384,1,0.192789832134063,1
3.26839822863627,0,0.499845414996854,1
1.97523333368392,0,-0.0824031632535639,0
7.28281835903678,1,0.189355288760898,1
2.23904732225003,0,0.475238832673289,1
7.79917413028472,1,0.223427039754078,1
3.46682270601186,1,-1.2711482990606,0
-0.184926649844798,1,-1.90238870009259,0
3.04147196729629,0,0.952338163057149,1
4.94300580726347,0,1.20941027427356,1
7.21762693380253,1,0.609278191073631,1
2.25239085192174,0,0.653268043373185,1
7.4987065905448,1,0.293342857071433,1
3.52253062176318,0,-0.307866651912636,0
3.41365768722799,0,0.695926551218534,1
4.61964699585851,1,-0.891452521800611,0
-1.59133588114627,0,-2.00033143104762,0
9.831820386382,1,1.21585526232607,1
8.67503919206415,1,0.0726205876129241,1
5.2437922014385,1,-0.294728561145914,0
10.8917765278034,1,0.999341610788042,1
3.30337537524224,1,-1.39840575393147,0
1.65703013230211,0,-0.191517725804221,0
11.0300380027435,1,1.19395480305246,1
4.59124931552364,1,-0.960376308940259,0
5.21610944509384,1,-0.101837169089624,0
0.138619862370042,0,0.219685972275833,1
2.51936467955258,0,0.779268058150772,1
4.76021536402979,0,1.15648284170811,1
7.31809793335398,1,0.646701784994713,1
7.74868858356524,1,0.917520669030513,1
6.49257726684875,1,1.00812461795867,1
7.07845413668216,1,0.683594230022647,1
6.65295530932891,1,0.124044607613709,1
7.8780762412912,1,0.705099527297905,1
5.69528099039764,1,-0.220406441565256,0
0.398558889629982,0,-0.327943223766527,0
8.89918552618717,1,0.403000818539573,1
7.38642581976448,1,0.445464284395901,1
1.02297103296566,0,-1.35263591884583,0
3.01413978685329,1,-1.03436211815653,0
2.8179811325274,1,-0.960948837401984,0
3.5578623682702,1,-1.05748138710906,0
3.78595816655262,1,-0.850697482339467,0
6.31962518906115,1,-0.0136272464073805,0
7.18292660496987,1,0.638307158283432,1
2.60346506587597,0,0.242347021286638,1
5.99464008579506,1,0.282967218504337,1
8.04562127037849,1,1.08556971502279,1
6.04004703395475,1,-0.452203922215486,0
8.9881385741718,1,1.99175571559171,1
4.23649344484566,1,-0.435096857705608,0
0.605503544141775,0,0.119623073127101,1
6.83250881600587,1,0.117107686989699,1
1.10967630325971,0,0.9838613194883,1
0.938631015031902,0,0.371642893284242,1
0.799363171864325,0,0.693711673444548,1
2.98284535797103,0,-0.580061806315252,0
2.59215596255943,0,-0.141494717378477,0
9.69117855666763,1,1.83866768884654,1
2.67325670584755,0,0.828360926483232,1
2.76181839595239,0,0.811704404723284,1
2.46553333145129,0,0.106982951796118,1
8.09823886530253,1,1.066989011042,1
8.18858991946355,1,1.01807128078894,1
3.60948114155548,0,-0.0865356517018198,0
7.75560377256356,1,0.510268421541788,1
5.8865964203656,1,-0.440432444080945,0
7.04174469192222,1,0.181625415124782,1
-1.26614845765647,0,-1.20503157073388,0
2.3105098357103,0,0.000337624203153266,1
3.84303391610681,1,-0.801386553462747,0
3.46872651876625,0,0.612806035890826,1
4.02339580545235,1,-0.296961792871602,0
-0.87495796136691,0,-1.28835226180552,0
10.9722837798645,1,1.99378943745717,1
3.76080320583512,0,0.634877844717784,1
0.18651168174251,0,-1.0589621445285,0
0.567678697259094,0,-0.536681387634914,0
0.819372052533437,0,-0.109545984184279,0
-0.309836017300554,0,-1.9330705038801,0
5.59161717768636,1,-0.232613143895994,0
5.84206371605147,1,0.538031773218339,1
1.20645300643912,0,-0.526701017033351,0
1.58978491340494,0,-0.355323624835519,0
2.18692584458438,1,-0.621830280305226,0
9.74988566359035,1,1.53930999015251,1
6.95054052251654,1,0.547339890967461,1
3.94615599918034,0,1.22945447606878,1
2.01276282759796,0,-0.608431136921991,0
2.95872076169677,1,-0.538702073296963,0
8.16696003134144,1,0.427587339677549,1
4.23418090573452,1,-0.117315389034968,0
2.02388440869225,0,-0.625543933277321,0
1.14427204557709,0,0.775631537485851,1
8.32087678582042,1,0.982567987192057,1
2.49761155586649,0,0.096182708027461,1
0.948841504684402,0,-0.90995784596769,0
4.08750039979861,1,-1.12445902598096,0
4.67094139857239,1,-0.630862933567406,0
1.45014586560462,0,0.616565989912101,1
4.4325764125086,1,-0.465159841343066,0
1.20346014911975,0,0.383366722087928,1
1.65125350466446,0,0.75060869450325,1
1.90867382506138,0,1.38351534085493,1
3.95175499476145,1,-0.106089124429127,0
4.36508305520159,1,-0.842282867433653,0
0.110419335160649,0,-0.139027779852193,0
7.53981565377315,1,1.56754042068057,1
1.58399727344589,0,-1.77763186096321,0
2.75557348995586,0,-0.265656004151079,0
8.16007465046895,1,0.503181915000843,1
3.92111487187047,1,-0.148095299836032,0
4.52939460354203,0,1.58888242813246,1
1.2334169105538,0,0.380884341553953,1
4.57931007891722,1,-0.373606325904348,0
4.0614302043215,1,-0.10720479648347,0
10.0676001270612,1,1.36324742701527,1
4.63765311020093,1,-0.238887412946125,0
2.2257023119476,0,-0.140296205789573,0
3.77436562742004,1,-0.63345662061254,0
6.60201715380457,0,2.69186979963729,1
8.28584765277794,1,0.541445598586906,1
8.34828256846837,1,0.549752192795239,1
1.99693511761676,0,0.647463276993388,1
8.48277602594381,1,1.83695553497193,1
0.859525598257708,0,-1.38690737243513,0
2.60501799812279,1,-1.5444426765714,0
2.13134703858561,0,1.13036693870992,1
2.65742154080717,0,0.124933607375533,1
1.02745211655457,0,0.862979817487079,1
2.9696621517759,0,1.30767398152234,1
2.81595230805273,0,0.203018229104899,1
5.30429794936787,1,-0.226624628451259,0
3.41181425230992,1,-0.232437781732615,0
3.25096970669343,0,0.989261916651356,1
1.38218409834261,0,-0.304949027451174,0
4.98082718870063,1,-1.28855763197884,0
4.0643484692947,0,0.421834873898584,1
5.02727973198103,1,-0.250845817634436,0
8.56029413684865,1,0.21497985427957,1
4.85757290796011,1,-0.573332561404085,0
7.98346919947405,1,1.21280190739617,1
2.29931728458725,0,-0.691165915608714,0
5.91143247463544,1,-0.120500028705332,0
2.29584743991219,1,-1.81941944268248,0
7.10105603015773,1,0.412043323552268,1
4.10480152628009,1,-1.15569695843883,0
9.03152284658152,1,0.502382429671994,1
6.42812353393145,1,0.355108362076091,1
1.43275985666016,0,-0.0554625484101239,0
1.23214219807872,0,-0.489529479876189,0
8.86387994342881,1,0.447935101272594,1
6.22047877176443,1,0.853242192011885,1
2.57079447936639,0,0.551295585100356,1
8.90302731316486,1,0.746381736865904,1
2.58095572161904,0,-0.116201167442524,0
7.93330660991249,1,0.812263422851562,1
4.5051988853257,1,-0.316724236999502,0
1.97900304285832,0,0.119019145874556,1
2.93191520499812,1,-0.86304209473645,0
8.59448983944912,1,1.25825688538797,1
3.29473826241332,0,1.11990505427026,1
0.126086055775266,0,-0.910552655722222,0
4.58417614932148,0,0.784862156363263,1
3.71532283424898,0,0.685234163083298,1
1.32509234565787,0,0.589558056800594,1
3.84186396118169,0,1.15868492330875,1
2.60325323221942,0,0.401802852483617,1
4.24197474264244,1,-0.85171086335809,0
0.166820375926049,0,-1.26099791137942,0
2.59366304832685,0,0.444804417659261,1
3.7196039044421,1,-0.390280266137341,0
2.56730671403368,1,-1.80280124209014,0
-0.775861500173472,0,-1.4400029379523,0
8.97853698620553,1,1.59967215905021,1
0.494005597730798,0,-0.813998065529426,0
7.80930231888602,1,0.120574062189783,1
2.68394756482135,0,-0.771249183412081,0
6.96530572802799,1,1.15456789791224,1
-0.564120427016714,0,-1.39039995798709,0
3.04396376417606,1,-0.784690584264849,0
7.88834134522472,1,0.864403672605319,1
-1.14361399878483,0,-1.28946736933537,0
-0.137003445719154,0,-1.46030982125949,0
5.51336691927593,1,-0.00833356499546455,0
-0.197240682752896,0,-1.75891342961296,0
0.0890891620029299,0,-0.392557189444079,0
0.200173108536537,0,-0.66689581943844,0
0.365329741406817,0,-0.826525023312227,0
1.20033001725499,1,-2.52850181035519,0
10.1713288943635,1,1.86272216276093,1
3.59237588803904,0,0.571168149399024,1
3.56340606941201,0,0.206686388868313,1
1.15906710935713,0,0.100642506157546,1
8.6939590948892,1,0.599615180592963,1
3.14385066977656,1,-1.57866505689147,0
5.92461627081284,1,-0.0599479652856132,0
7.05223798661055,1,0.178086231255381,1
0.499310486755131,0,-0.927623324330395,0
9.25941495537046,1,1.91936548982939,1
-0.669705666194919,0,-1.95060492727965,0
4.0974446021176,1,-0.42151028966018,0
1.07062515611073,0,-0.227917020785279,0
2.67877713920648,1,-1.93376363928574,0
3.06977210827508,0,0.957212344289189,1
5.63571271189598,1,0.187935608373926,1
5.77988477585866,0,1.47533059526723,1
7.23009293539089,1,0.244275867942214,1
3.19977370777326,1,-0.266201010226224,0
8.48157669560743,1,0.812921280313849,1
3.05051881381842,0,0.279266782567498,1
2.67748305071197,0,0.738466237701635,1
1.67622715607266,0,-0.706889307156894,0
2.52775383563347,0,0.816143746909988,1
2.73200206215789,1,-1.72034864566115,0
4.38144420375836,0,1.22685539939389,1
3.79687870028677,1,-0.324466183524298,0
-0.291226329898785,0,-1.42750307854543,0
9.91670948097812,1,0.827831500388488,1
6.76254460183026,1,0.538360478528435,1
7.17435838044739,1,0.334388500190264,1
6.60236514436956,1,0.548583737311905,1
1.65321414878409,0,-0.769716162328419,0
-0.318529756470808,0,-0.544180842003316,0
7.41499762617173,1,0.82068474338205,1
0.79772836140977,0,-0.48009356621281,0
-0.657131100494087,0,-1.34490914253175,0
0.28952904126733,0,-0.17622754634289,0
3.67861756125009,1,-0.603129749608655,0
0.635975961217404,0,-0.388450800479791,0
0.68009025692056,0,-0.577039976447332,0
3.76642667046707,1,-0.918092920902982,0
1.71504354087321,0,0.544148576177299,1
8.710851649027,1,0.770513194048864,1
1.4888488051787,0,0.0833950749485767,1
5.05434334218246,0,1.80284568072308,1
9.7345363638286,1,1.43093954801777,1
4.55945804164566,1,-0.437786652386994,0
3.23415969778614,0,0.588090727798459,1
2.5939797687084,1,-1.55073278113305,0
3.30149286176264,0,0.429231413590387,1
5.06605636703176,1,-0.298432150959483,0
5.4413698721999,1,-0.458426150315121,0
6.67744461937097,1,1.4061633763399,1
5.74782981791872,1,0.925562033760558,1
9.81710528798189,1,0.863481081164875,1
9.09718420701,1,1.97664399668688,1
-2.28324617484189,0,-2.15787128690329,0
6.35866102199045,1,0.0796858976017046,1
6.30840895007089,1,0.287415242492798,1
3.99980782537397,0,1.60744058074405,1
6.12046658125555,0,2.27556423492344,1
2.59961193509378,0,-0.66915380332538,0
0.256449236787095,0,0.162885830035556,1
8.22691232112801,1,0.845335919106956,1
10.2309076126389,1,1.83014359168696,1
2.24205188352754,0,0.902157583230337,1
-0.192843866873022,0,-1.09915437756515,0
6.28932254737286,1,0.746294600403399,1
1.24873134905323,0,0.171180073864708,1
3.0889745930188,0,0.626581990348769,1
9.06631848860748,1,0.574412191954538,1
8.33848916381719,1,1.11458421734018,1
0.290293310093052,0,-0.854707086613852,0
0.372187525432769,0,-1.11135203713958,0
2.75399679591034,1,-0.94574538028043,0
10.9967838427022,1,1.02086468349373,1
5.07055629936438,1,-0.375357211280442,0
4.15699808071492,1,-0.269555474034442,0
3.18486159014647,0,0.639227114059748,1
1.15375541787393,0,-1.29229419462801,0
-0.663385635437583,0,-0.545646453645795,0
10.5679536238603,1,1.47077567162498,1
2.83674185653271,0,-0.429072555286727,0
8.88118021911006,1,0.921794348677307,1
3.98865135826172,1,-0.496272138378905,0
4.07522309888321,0,1.34946395829346,1
3.66540128349693,0,0.816106552891236,1
1.45393204818727,0,-0.774199951229588,0
2.2664759439935,1,-0.832693575994474,0
2.71637058116565,0,0.513362868636227,1
4.14154533176245,1,-0.520476291592116,0
9.05106694643955,1,2.1649978226784,1
0.628961897859857,0,0.043286342093481,1
7.54103755683395,1,1.28389898496975,1
0.928180855881408,0,-0.628220817404202,0
7.8528939335082,1,0.526790968361622,1
1.42719368613634,0,-0.40295728453198,0
2.46086921034766,0,-0.474218019864151,0
3.76252958718843,0,0.869503811948401,1
2.72058233467844,1,-0.42449324048462,0
2.51892982494036,0,0.561909581690273,1
8.47893030622192,1,1.10569028351455,1
4.42917649068133,0,1.17380364231562,1
3.50922756250002,1,-1.75992947743557,0
0.386261366030953,0,-1.24587634728845,0
4.05127915730674,1,-0.722091203783716,0
2.49057617172897,1,-1.25447490401739,0
3.90027725911005,0,0.288278563354959,1
5.20558750601782,1,-0.187404595444433,0
0.100701924293706,0,-1.47021809624391,0
3.4977799732326,0,1.23051730652359,1
7.36418481574873,1,0.479754841165544,1
6.23030517675984,1,1.18320554136362,1
8.17402707997823,1,0.0895859268476219,1
5.85482500187907,1,0.279081849529537,1
3.19264920844679,1,-0.862701755377518,0
2.65256755189077,0,0.129256910621801,1
11.0716110800753,1,2.10172242573261,1
10.0482565270667,1,0.616117059069596,1
10.90623961246,1,1.69746066010907,1
9.10147548228044,1,1.25952506891725,1
2.32206730281977,0,1.29164711709345,1
8.61215499432788,1,1.1623433139401,1
5.94566022354053,1,-0.0416797001295399,0
6.17995571312917,1,0.256645533312364,1
3.15273795517096,0,0.0313813664243208,1
1.41461461352836,0,-0.539648293600694,0
1.75296615882116,0,-0.537165116194423,0
4.38236887343294,0,1.44253520726976,1
-0.412672342757056,0,-1.75314285818469,0
4.88704044537648,1,-0.161604389025786,0
-1.09868875155219,0,-2.2814959206722,0
6.71201195598412,1,0.458732750645185,1
6.93380087464638,1,0.061522708318493,1
3.62806855900612,0,-0.0863726740946929,0
7.57321533690357,1,1.67629754653319,1
8.5352248131422,1,0.76925464043,1
-1.66816393232481,0,-1.87530390726753,0
1.91103240376775,0,0.437216390457329,1
7.62098675743992,1,0.675375114225888,1
6.49871453656794,1,0.0457344509676319,1
2.62404167267399,0,1.40912928671288,1
3.03378569128141,0,-0.184929621556955,0
3.76416851311301,1,-0.896526945181615,0
8.60529436533446,1,1.48059176429782,1
-0.532210999367235,0,-1.64562318953523,0
0.147532768340392,0,-0.266343786029697,0
2.42820088723153,0,-0.590283819174435,0
10.4734805687298,1,1.8205767171195,1
1.65494361478063,0,-0.478430427380874,0
7.47641586576849,1,0.492710135769425,1
7.94931326985727,1,0.590388584906838,1
-1.17502694254792,0,-1.18891597369534,0
2.86472469546625,0,0.358272479825192,1
9.23923370339487,1,0.390840361751206,1
6.2899691933974,1,0.699965984676691,1
3.43016692569485,1,-0.853908865775326,0
8.02313001026418,1,0.72450409118244,1
3.97040305853507,1,-0.865435654767267,0
1.46097015498632,0,0.214017993668421,1
2.23461441578553,0,0.891759535435401,1
6.92173890227425,1,0.535656430662312,1
4.76045743926145,1,-0.86394280589295,0
8.69271031028247,1,0.841945536023943,1
8.06879152696242,1,0.958923487623729,1
1.03475302401547,0,-0.0705025219269015,0
2.23678481971155,0,-0.83976829607607,0
3.75586712564152,0,1.5034396768153,1
0.171803943213024,0,-1.17775902304145,0
0.447573291935431,0,-1.36936722468183,0
6.1166390307111,1,0.0889178262983392,1
3.5414695259524,0,-0.0127994256348219,0
1.92836448580268,0,-0.284668431725317,0
3.61227472001334,0,0.408439250219313,1
3.6112090112443,1,-0.934450412944357,0
4.21362454029709,0,1.02488954099928,1
7.80852155543575,1,0.96313816344926,1
4.52135759994385,1,-0.431408701750945,0
5.62999279554523,1,0.617463170928119,1
3.38782023699849,1,-1.43963307974492,0
4.56116607934502,1,-0.794242296881363,0
2.08395107013311,0,-0.2248949157443,0
5.64389649774409,1,-0.0662163960042535,0
2.23280808943797,0,0.120344056366753,1
2.3946311354882,0,-0.117649845824392,0
4.23894534017296,1,-0.56206721259627,0
5.25925758770605,0,1.57152001096237,1
3.24015953922978,1,-1.24646233589135,0
1.59862114873415,0,0.0179143188031377,1
9.48975492876015,1,1.80979540885851,1
2.55215995643224,0,0.450346321360114,1
7.33443293101092,1,0.191545023487117,1
3.89551883815274,0,1.45981300956741,1
-0.323332974491423,0,-1.03994104639762,0
3.68498629453262,0,1.4418006249383,1
0.472260184257153,0,-0.578655034690841,0
8.20727928229824,1,1.72425476773184,1
1.08586165979313,0,4.57288893893178e-05,1
1.39301375473278,1,-1.54448375351404,0
10.2491219982703,1,2.03415180003903,1
8.80972014584874,1,1.56925998961801,1
0.621621537565061,0,-1.30900626272963,0
2.34742492043556,0,0.17157187852757,1
1.3115336686492,0,-0.483018364981248,0
7.10529593726011,1,0.377635759537147,1
2.44853716402615,0,1.35107522976758,1
8.42305037038506,1,1.0530353132033,1
3.92069437052043,0,0.643542490256363,1
6.67517588511649,1,-0.220090172343547,0
0.0965631478004329,0,-1.27837213588202,0
0.288906726981604,0,-1.60663951813805,0
11.5710073718876,1,3.00318258901076,1
7.7776989513293,1,0.983857433257098,1
7.57469851516635,1,0.556444842368167,1
2.45633129414393,0,0.879457198715886,1
8.96681489432366,1,0.865022769303837,1
0.382874926355726,0,0.109788777718375,1
2.17126547808253,0,0.11458286221346,1
2.06155059275756,0,0.15426801782722,1
2.82131398696447,1,-1.6083888407791,0
9.25974163677811,1,0.635231674425802,1
2.78935432241524,0,-0.0911847626487087,0
0.0789798293709612,0,-1.08450972661424,0
9.2967413762789,1,0.97859625175363,1
7.78257035169661,1,0.320578734528677,1
3.21753709395379,0,-0.0714736726464728,0
4.18801610115592,1,-0.553287938141955,0
8.85629348565372,1,0.232392738807629,1
0.445640518520908,0,-0.966609527505177,0
3.7184184419271,1,-0.631875515209044,0
3.16047956028163,0,0.956555639669678,1
5.34632706551249,0,1.67423968992691,1
-1.26011011723979,0,-1.70001342803008,0
1.83370309763772,0,0.917148566779418,1
6.28248831504985,1,0.00647455660669238,1
-1.39596004483307,0,-1.4400515086044,0
8.80940494191673,1,1.04061324513525,1
0.230856341314771,0,-0.507994673839774,0
0.896957473902611,0,-1.30629927501038,0
0.464795150739893,0,0.455496389278998,1
1.51528278913355,0,0.0657103549960747,1
3.36190598438692,0,-0.188214886400893,0
0.585154572931809,0,-0.448784759886714,0
8.17458357915355,1,0.0342241015186444,1
1.6033928279639,0,-0.679075503466856,0
3.81936853741858,0,0.373682359321478,1
7.38549838504464,1,0.924040204090088,1
1.84355275910935,0,0.668904264581253,1
0.626530801329834,0,-0.223408327755134,0
-0.160367795134091,0,-0.406616780486381,0
3.28308019746835,1,-2.09578203654132,0
-0.462459343227432,0,-1.47660269440541,0
2.49542045466004,0,0.614364149939188,1
1.32636110055604,0,0.581351889170283,1
7.95472604432877,1,0.534762891070265,1
6.1918500543645,1,0.551279258377161,1
2.32398826628184,0,-0.4977858925436,0
-1.21627221700185,0,-0.958265916288061,0
7.82604743772198,1,0.55062640141939,1
7.01291933877361,1,0.923650418289382,1
4.21297414434736,0,0.65892928418102,1
-0.10480649357496,0,-1.0113316677424,0
9.11989381950695,1,1.2170069416957,1
2.3338203150063,0,0.0529788574818261,1
7.19364400826723,1,0.37120424240547,1
0.713388459974859,0,-0.81970260008602,0
2.85186182741376,1,-0.512802038702838,0
6.2472813249718,0,2.28540766401928,1
2.57508647871697,0,0.251965578301059,1
2.26360556250638,0,-0.301468790906507,0
2.90848035837447,0,0.424386663341802,1
2.38182046199638,1,-1.67101803390127,0
2.84457738266852,0,0.387547762701159,1
2.48959062995877,0,0.4512669323809,1
5.26339801404504,0,1.75354685672859,1
0.801223599446995,0,-0.0917808465490627,0
7.75571991544029,1,1.62257527317342,1
3.27071258045064,1,-0.421773988601772,0
7.02704395499996,1,0.0893840422787312,1
-0.0224876343675888,0,-0.418841068503813,0
2.70018037061861,0,0.174370818543054,1
0.14553731135704,0,-0.688320470289164,0
6.72636371277739,1,0.46508322061429,1
1.66488830130174,0,0.179972295567269,1
1.7379519416934,0,0.211612683585642,1
5.69702638120656,1,-0.156658807713308,0
4.25915907724456,1,-1.00069588901387,0
3.77236900871374,0,1.03775719005893,1
1.99288038382838,0,-0.173830098763347,0
3.62630262277563,1,-1.81873627356502,0
4.25592585690369,1,-0.444774737313031,0
7.05084805222778,1,0.312516223991964,1
7.44220983456263,1,0.248761697317873,1
4.63845065416339,1,-0.403048485846724,0
9.26802799635831,1,0.720985244192657,1
3.76841431529995,0,0.392921510651978,1
2.03100586064777,0,-0.0548002972746271,0
2.75569480095059,0,0.16971511515766,1
6.97858617961354,1,0.660169671476689,1
6.89230053359703,1,-0.151475465386745,0
7.56094611012545,1,1.66710934191448,1
6.50448594779791,1,0.417422650210721,1
8.58812014649828,1,0.431611795170173,1
6.63448243246195,1,0.0498595075499664,1
6.50543966000657,1,0.219066882506252,1
1.86764607859012,0,-0.515606018963986,0
5.03729591516706,1,-0.30194820409971,0
0.201884351831046,0,-1.12424679620044,0
1.75199115770042,0,0.53915510663002,1
1.3904354198963,0,0.06750102886072,1
0.533978589717211,0,-1.55807564189187,0
0.173338921477349,0,-0.502009869262413,0
3.77476790117382,1,-0.752071526496094,0
6.39884650377109,1,0.547580169008754,1
8.86381793721202,1,1.55099027584906,1
2.08731833877278,0,-0.687880197533627,0
1.01228385801959,0,0.353972728947526,1
6.1747729968187,0,1.7308096388535,1
0.851195287842448,0,-0.200711009817335,0
1.261351758953,1,-2.64153741493815,0
0.691313335148426,0,-0.948077787059069,0
0.942977495144814,0,-0.578378172457996,0
11.892665719168,1,1.34874232048356,1
2.92257395194403,0,1.20250172208965,1
8.6660474060479,1,0.636879451463317,1
2.10808156406498,0,-0.0069074644940105,0
5.45207798570142,1,0.294628488950571,1
1.71187664511611,0,-0.109696132160426,0
-0.988875521663366,0,-1.35405303481797,0
1.15563217351574,1,-2.32765977522582,0
4.53052243240758,1,-0.241417986162367,0
-0.145607880321237,0,-1.12074150552599,0
3.62890067131093,1,-0.0647018574005716,0
6.00390937152908,1,-0.494456593961036,0
8.55601431809001,1,0.625031122499148,1
-2.67767731656429,0,-2.71424199308864,0
4.88333903495425,1,-0.0122239411264346,0
2.36267645219473,0,0.383147879513744,1
5.16946119522905,1,-0.838985797551644,0
2.85413842798587,1,-1.28541450578056,0
2.90299746046121,0,0.321504362571028,1
8.78650556436605,1,0.368479243691984,1
9.3729681912588,1,1.51991733619584,1
1.1120636328096,0,-0.518148910207688,0
8.7123127936357,1,1.66865126787359,1
7.02758083814545,1,0.51948393518658,1
3.47402074547073,1,-1.66793524801176,0
0.797603536263099,0,-0.29853059389071,0
1.63489112243854,0,0.0683080094197179,1
4.00729746972858,1,-0.510785501982843,0
5.24659628368778,0,0.930618227525883,1
2.23369517169331,0,-0.790845688025784,0
9.68626724334888,1,1.43455092577468,1
-1.43736408836697,0,-1.58805236183425,0
1.72858934582196,0,-0.355251694963882,0
8.02027195728945,1,0.909657315870549,1
2.49353679298653,0,-1.22633604770799,0
5.89778535132072,0,1.91242340864624,1
-0.368572432606403,0,-0.888169539867279,0
1.24986516753723,0,-0.328241479388676,0
3.66728246064829,0,1.19696772370649,1
2.89309333686489,0,0.940688893537951,1
8.75751517870163,1,1.19656613780389,1
9.12421230734035,1,0.681685603847905,1
3.57351599286418,0,1.25215030843991,1
6.61850780926171,0,1.62571999443441,1
3.95754649317286,1,-0.0449976129330398,0
3.74388620714722,0,0.435300108298791,1
4.04704997134553,0,1.53769113543754,1
-0.179595016690253,0,-1.77766278422817,0
0.792980625256464,0,-0.976933425469588,0
8.03007946902888,1,0.211803705799839,1
0.33478030582843,0,-0.177331118167676,0
9.51724495716939,1,0.36592731337697,1
6.47286054982797,1,0.37264458276227,1
7.47177364614133,1,0.305917395958214,1
2.79724449479712,1,-1.27804577256477,0
1.45352785279103,0,-0.493545072270697,0
3.89613698259842,1,-0.823264258815831,0
9.68270437294001,1,1.23631741888504,1
-0.96103409732986,0,-2.28594955727202,0
4.43472901491089,0,1.63426492551334,1
7.24752772255522,1,0.385476743301669,1
4.65235844198416,0,1.22936325665726,1
6.25825711228746,1,-0.125766485909228,0
-0.519961901051332,0,-1.76478544017031,0
5.90047757340484,1,-0.571550152043688,0
0.837873797500981,0,-0.469782135439457,0
0.0171800416068346,0,-0.844121818591939,0
5.4862706056586,0,2.98061612745663,1
0.781091148625366,0,0.0858893151466866,1
8.14105484047878,1,0.926870181216141,1
3.94405501326632,1,-0.388974932988685,0
7.33626020388044,1,0.0193338235732786,1
1.19444982176774,0,-0.997836206788539,0
4.28762177552774,1,-0.436323815618639,0
7.24246054104658,1,1.13979104865105,1
3.16023172279121,0,1.19414366521632,1
2.44089176180452,0,-0.543035278709999,0
3.07366377131071,1,-1.10616988877966,0
2.91288483490503,1,-0.942470458007126,0
3.03584549433298,0,-0.367091852327737,0
8.02512238321736,1,0.442451591324041,1
3.6073074919974,1,-0.551576087601837,0
2.24400086699581,0,-0.270393729634661,0
1.1268028597763,0,-0.382623970871644,0
10.2757477218204,1,2.13163912160727,1
4.13860337492584,1,-0.373525444549933,0
3.6855440894973,0,0.684838240374592,1
-1.92117782743124,0,-1.92190441778914,0
8.58854850886739,1,1.47075323718577,1
-0.286996332292179,0,-0.847239719447519,0
9.53183066866253,1,1.23044039971738,1
8.51107789848569,1,1.15251977417511,1
1.3418687507581,0,-0.977797001633907,0
0.973130388406226,0,-0.731157413975665,0
0.815956560650603,0,-0.753886849911404,0
7.68419878189675,1,0.314368330934837,1
-0.899194065498138,0,-2.00805172174677,0
1.35038360821454,0,0.343833029915955,1
7.89519087013788,1,0.576909175629169,1
3.08794297394919,0,0.706693144522227,1
1.87559104001632,0,0.421894160755076,1
7.03774960799615,1,0.240585238040777,1
0.708477182182987,0,-0.553552092913398,0
6.38393261899041,1,0.383365463244137,1
9.99906719885801,1,2.27982309002524,1
5.11566154428489,0,0.321992222973904,1
9.97381427302939,1,1.18916490511103,1
6.23256783360467,1,-0.107075226125305,0
4.11302598158954,1,-0.448479477160383,0
8.36863852326814,1,0.338261741230497,1
-2.34710525863147,0,-2.2744429810178,0
5.71019786602869,1,0.305934982333971,1
-0.245489628116474,0,-1.66786584961654,0
3.49939517209164,1,-0.3297493708331,0
3.18497819316577,1,-1.24624312462683,0
1.87008016598699,0,0.469062339222159,1
2.54831091527305,1,-1.17430673749126,0
3.42675336093653,0,-0.53661808566843,0
5.4071050817867,1,-0.195482809165197,0
4.46159311004477,1,-0.189220737885375,0
2.27922631174385,0,-0.541476715788203,0
1.87999541900663,0,0.488485684378899,1
6.71926279904666,1,-0.00857407204901646,0
-0.636950245314459,0,-2.24384808727172,0
-0.199418689249357,0,-2.03115597364905,0
-0.452648981719004,0,-1.2423217258939,0
5.11188974653083,0,2.03038264163906,1
-2.8368440283056,0,-2.47302015303662,0
1.56339849847468,0,-0.400543161232418,0
0.0870016940629233,0,-1.15226264296405,0
1.22598968713393,0,-1.49546732897896,0
-1.14644621450563,0,-1.73143026856379,0
1.22697946391573,0,-0.265560973611225,0
9.62540495757952,1,1.33640131835391,1
0.969299058901796,0,-0.660877136224759,0
1.75827684218934,0,1.02422497817785,1
5.61164018198248,1,-0.147963269464196,0
8.46921176497005,1,1.01363830144857,1
3.06852731109424,0,0.668380439306203,1
3.63752814235548,0,0.611058721680602,1
0.4078859662953,0,-0.768620334702573,0
2.42012611017262,1,-0.662180293985486,0
1.79109993261328,0,0.739999404625017,1
1.59683875385464,0,-0.929510162387902,0
5.93597672637386,1,-0.184402147822195,0
6.26797017565262,1,0.295984346131289,1
3.10563451076291,1,-1.10116940469385,0
3.00798050309248,0,0.127662882849479,1
5.91693375545417,1,-0.0389645523986003,0
2.13935015242561,0,-0.19968617654768,0
2.08524704049913,0,-0.497954577362837,0
8.83552543009029,1,1.14141222547012,1
3.37575135118614,0,-0.0491459005029044,0
-0.980689983915763,0,-0.8766603833891,0
8.37725448711124,1,0.510265075280919,1
10.9720995573695,1,2.08907266933313,1
4.25480159338637,1,-0.22389525543491,0
6.1666261821064,1,-0.185519386381709,0
1.48213219514205,0,0.71978267382612,1
1.77937873454229,0,-0.134689988344133,0
6.5414586794028,0,2.28563517183375,1
7.59127259026822,1,0.850017578607343,1
0.637389765313145,0,0.185613077552708,1
7.72626628653959,1,0.690538361329728,1
1.23721274249264,0,0.881242495856734,1
-0.474653499935948,0,-1.5503971813493,0
-0.170046616553378,0,-1.39419036429311,0
6.89813579442928,1,-0.829145575736912,0
2.48996472875127,0,0.0522297478230775,1
1.36108734233754,0,-0.669603203667488,0
0.902240939603829,0,-1.57949530329098,0
7.85609529019718,1,0.962870980869315,1
4.75560696878465,0,0.707966298599517,1
1.27715695867246,0,-0.7651133000583,0
3.66881708864166,1,-0.781574399974781,0
4.28690213523034,1,-0.769249434799962,0
6.90301948277738,1,0.355408891100632,1
0.503534472115733,0,-0.405321630099697,0
-0.565270252733395,0,-2.02185379132369,0
2.34246231437864,0,0.647583178354903,1
3.14688354070417,1,-0.733632066510514,0
1.88870328447988,0,0.243485002479446,1
8.53372509645922,1,0.235602893361693,1
0.624357117440546,0,-1.24310187656052,0
9.95654022208738,1,1.97780494746179,1
4.74458160740503,1,-0.168958086401775,0
0.773983588964397,0,0.248001533209527,1
-1.37272847741328,0,-2.27621384438904,0
7.7854099114685,1,0.322282756313972,1
3.50910705590525,1,-0.00195210245745967,0
4.80273108009492,0,1.10820175671651,1
1.89905367862702,0,0.270655993371593,1
2.31700663316784,0,0.297143515545487,1
1.24739517337075,0,0.0613083129800316,1
9.52215055559267,1,1.11013540663912,1
1.94240835561706,0,0.805235399682432,1
0.164970752613658,0,-0.760289433318238,0
9.73185150970788,1,2.23041252169325,1
2.93074117304476,0,0.840192435433379,1
3.36942085702344,0,0.456449551227533,1
2.07039879535239,0,-0.54626883516123,0
3.75246827011588,1,-0.881433963163245,0
2.84368741029891,0,0.374580542585659,1
1.0843499616588,0,-1.01780684977369,0
0.691761563015959,0,-0.57309849292045,0
3.50266614416945,0,-0.0913308815596407,0
4.18158891699996,0,1.05705012840617,1
0.702632611052126,0,-0.638167927366765,0
2.36687198596978,0,0.46064855596091,1
9.28012878330039,1,1.39027882518969,1
8.52939623942124,1,0.67677719392558,1
4.67021699660403,0,0.951099841796944,1
10.2592395878218,1,1.59339239833973,1
-0.642258858097692,0,-1.4778914148366,0
1.05517708058939,0,-0.87315442894542,0
-0.71010982179031,0,-1.38379921833655,0
2.66405884199807,0,0.755850458382657,1
2.79292414430835,0,0.786892124964149,1
0.168811829284438,1,-2.10586680829453,0
0.628060047465901,0,-1.00564781309547,0
3.93838449478488,1,-0.455744902438061,0
3.87957271919655,1,-0.4764619452226,0
10.2001153752726,1,1.75619688084048,1
-0.271292060741018,0,-0.306875941713003,0
0.72407280992795,0,0.423397703131575,1
-1.24919486656555,0,-0.896537798881642,0
7.80385460323053,1,0.741638115088922,1
0.972252787089737,0,-1.87418607643865,0
-2.38472899800096,0,-1.77851580664418,0
7.35403808133592,1,0.581121507618542,1
8.84876672090342,1,0.567819239374808,1
1.66069643172318,0,0.207707498673315,1
3.87559295991133,1,-0.586198131596738,0
7.25461807618953,1,0.360614404312678,1
4.72515502969365,0,0.997771979429177,1
2.42781353258772,0,0.716373649316276,1
9.1679446165501,1,0.82879212455254,1
2.94467066192636,1,-1.2395046909685,0
7.67883187296414,1,0.322822225491938,1
4.77281032458202,1,-0.062367935888458,0
7.02272838624962,1,0.856287877458298,1
3.33884835927333,0,-0.327653415128635,0
3.65552714290415,1,-1.06594878032653,0
5.06646375198869,0,0.997422008945845,1
1.04803991885446,0,-1.09095188640248,0
2.32788313771543,0,-0.0948448133168679,0
7.5938455245974,1,0.407442156339043,1
6.21558625117282,1,0.716978608843059,1
3.01243593436407,0,-0.453892998929697,0
0.691574789719475,0,-0.337742475611118,0
7.8614821183537,1,0.57816418774939,1
7.67822915042296,1,0.807103936626155,1
3.54083480364416,0,0.363095255331277,1
7.5042169250545,1,0.586000097003297,1
1.63200674186828,0,0.30982525929074,1
-0.23219810155239,0,-0.778830691609405,0
7.8084246718853,1,1.05719624109008,1
4.51518367966739,1,-0.258788892260104,0
2.07207574703246,0,0.140043810330325,1
1.43717776504267,0,-0.832888367743978,0
1.73726554784488,0,-0.818070285496961,0
9.3678103157097,1,1.51452992374202,1
2.88953949332933,0,0.228983522664091,1
-0.298447530050193,0,-1.09266858123924,0
4.9324825953728,1,-0.329586282231032,0
1.56149948232745,0,-0.387583371737034,0
1.3253958092482,1,-1.7828370707919,0
2.71346384028093,1,-1.16048782227898,0
9.61220994262888,1,1.1095410901354,1
11.2671300734687,1,3.17653733676319,1
1.96291813644054,1,-1.54020726844723,0
2.27619022725824,0,-0.38731427529545,0
0.908408696092223,0,-0.786833877108988,0
1.36322818365705,0,-0.476466466905884,0
-0.444335139442092,0,-1.26062165715478,0
1.62465363003051,0,-1.10096057900044,0
8.05845041227761,1,0.424374183811764,1
0.507956089388739,0,-0.855183559637586,0
2.57385551998836,0,0.386266570343543,1
8.28690000802317,1,0.126582077274418,1
0.611084130378991,0,-0.526653008583106,0
2.06299669990028,0,-0.126824277694439,0
5.92962998302902,1,0.15983819014935,1
1.62966966370034,0,0.166476914314399,1
-0.0571608483800601,0,-1.01290758682762,0
3.63059744931881,0,0.163589308492328,1
6.86958358718114,1,1.0928461643576,1
5.79415639838517,1,-0.405234129673846,0
7.58937360761873,1,0.170327341033885,1
6.74185599280864,1,0.664142733225763,1
7.58734288846012,1,0.467903823177585,1
2.00059935214191,0,-0.0970420400225931,0
5.98824997134784,1,0.251570838353489,1
8.2024728612325,1,0.354116426068486,1
7.26378688117826,1,0.496353341221157,1
9.29713711554207,1,1.34254669007318,1
4.75895320791152,1,-0.305850790789016,0
3.06722543365352,1,-0.785004111000567,0
5.7561344478527,1,0.5032351322593,1
7.02711612236134,1,0.305598249694584,1
7.48164229596237,1,1.44433010334386,1
0.924905551990346,0,-0.818651170549297,0
3.88527938355475,1,-1.0379942687179,0
9.40986321748455,1,0.52882166250911,1
1.05541887009724,0,-0.0206663431978346,0
0.973403328570079,0,0.121796373386979,1
-0.120928841301828,0,-1.83471121648967,0
1.32046884790828,0,0.0859132156253718,1
-3.60113541877763,0,-2.10333621097717,0
2.62719575890908,0,0.839122934123963,1
-2.1531240644653,0,-1.86644103318142,0
0.959047990265767,0,-0.4456527170355,0
8.6421428765374,1,1.2244498360177,1
4.67254878430791,1,-0.153952857682571,0
1.84158604865432,0,-0.756365283033434,0
9.2945789552299,1,1.4883257289369,1
5.60832047701302,1,-0.0264406618983686,0
2.09916841749024,1,-0.828543784313304,0
3.60070753884033,1,-0.852866181673689,0
4.98694695966775,1,0.391014292881057,1
5.28021893130518,0,1.64752960135459,1
5.090093220656,1,-0.475973642395573,0
1.00015849338613,0,-0.0709035065549119,0
1.29095915571626,0,-1.24023468793937,0
8.24756150216596,1,1.00828927978366,1
8.59324356200686,1,1.37636461601182,1
6.53424624259551,1,0.824440828283598,1
7.98330956562175,1,0.707719037305208,1
7.32557318912739,1,0.974858654153323,1
4.5559005068705,0,0.715918501778691,1
8.44985898950379,1,0.0470295989911467,1
6.73189325453092,1,0.201797180052003,1
2.81153908511523,1,-0.74729782468837,0
0.949100377067082,0,0.0128273124886403,1
5.17289752993642,1,-1.2114655472874,0
3.07592731776461,0,0.682440444540232,1
5.37382358704949,1,-0.455599243042551,0
3.00446801767269,0,0.557032162475723,1
2.2650803749667,1,-0.209339678082404,0
2.14947586183568,0,0.206219679483161,1
4.03329380141317,1,-0.923976975654376,0
8.02089151804805,1,1.21583640775902,1
8.07757743796853,1,1.23753491741317,1
0.812150409044385,0,0.857549341087417,1
1.65262524157938,0,0.622502004197632,1
2.24922718687645,1,-1.40346629606651,0
1.64906797236074,0,0.409889680819555,1
8.91669518644049,1,1.10272218721717,1
0.182253319392303,0,-1.527993667024,0
3.72173931817327,0,0.682217477266278,1
-1.60790311132543,0,-1.09795145729411,0
7.45467611006212,1,0.0607123271303717,1
-0.58612360593286,0,-1.26170864496382,0
2.03918672323836,0,0.429573816181588,1
7.05963982211222,1,0.409380537073893,1
-0.873738437724027,0,-1.84573587775688,0
-1.09131929856333,0,-0.633516899049797,0
2.7869354461606,1,-1.03643547997618,0
3.15865925355674,1,-1.02079557941713,0
9.32173881094002,1,1.63711167425099,1
7.65463780922803,1,0.49855546192202,1
2.36785329119337,0,0.893371486824211,1
6.22716836242482,1,-0.20731995078243,0
1.15815691761823,0,-0.495321204943719,0
-0.238564240645005,0,-1.105500208652,0
4.79489333856516,1,-0.360499924918036,0
0.706929034330109,0,-0.220003239951783,0
5.14161815759187,0,0.944640215911135,1
4.06227923991538,1,-0.12120668018926,0
2.87005805627495,1,-0.125210371028907,0
1.97851146624245,0,0.273517010830006,1
8.23595832047495,1,0.356774432010666,1
4.76733810953618,1,-0.134086903686438,0
2.0210571791344,0,-1.58714292446463,0
4.33966782960458,1,-0.223416507432645,0
-0.180111796751946,0,-0.953085432089712,0
-0.245663919082298,0,-0.576702612030512,0
1.31367722251869,0,-0.233293909587834,0
2.70248678663906,1,-1.09428535387566,0
10.1468510961745,1,2.00603015618713,1
7.79286520457625,1,0.856872061718785,1
8.11304268694794,1,1.37539235518573,1
4.77112941955304,1,-0.344682382863343,0
1.3532415539516,0,-0.76662805608729,0
9.35817108437253,1,1.32792484380269,1
1.21273371312502,0,-0.174000125232244,0
7.79475188910186,1,0.774341277230122,1
2.97248798443589,1,-0.132640220972756,0
0.99583136234469,0,-1.53001334540173,0
6.9992491340184,1,0.734573618462214,1
3.80509252510485,0,0.176572186536614,1
9.89106600640745,1,1.72986467776606,1
3.18954208331837,1,-0.250059526270502,0
2.8921161348653,0,-0.281479561771202,0
4.4640430948807,1,-1.03632081236074,0
6.73652405685223,1,0.312777191932959,1
1.78913695201118,0,0.108268208179658,1
7.48565531554069,1,0.292799583552024,1
0.111294801006701,0,-1.59247051293256,0
7.24962908573936,1,0.725678387393515,1
9.44847283310681,1,0.968323331792564,1
10.6649154138977,1,2.11426513214209,1
8.75682672441728,1,0.732485479658333,1
1.09736111212267,0,-0.899727036649381,0
12.4104558526322,1,3.33170076411804,1
8.1021959547152,1,1.53000240549558,1
8.3526678809558,1,0.185226634047868,1
0.126330036029061,0,-0.586868164647908,0
7.13085878053272,1,0.616563231636848,1
1.15812068720907,0,-0.521398098748061,0
8.19339062584241,1,1.36189151993319,1
2.96532647810251,1,-0.548287312891444,0
5.93372529719133,1,-0.352964891612481,0
6.85189022985744,1,0.294716848141455,1
0.742888681637,0,-0.617100886453651,0
4.0727903409768,1,-0.214077608767752,0
-2.18294093789909,0,-1.2990938140609,0
1.54291691544442,0,-0.982291705872352,0
9.2716628714438,1,0.837055641910527,1
3.14481019575868,0,-0.135964749435695,0
6.38506830920565,1,0.212782428626869,1
1.95520145323663,1,-0.983493444303028,0
4.03013632648333,1,-1.29242992633377,0
4.60281405330209,1,-0.823720331792397,0
2.71446761907452,0,1.06494204053636,1
3.17600481146391,0,0.416642917527931,1
4.26310817322753,0,0.515951319602298,1
7.75473827729099,1,0.984563612068061,1
9.61824596038652,1,0.521042082379982,1
3.34225651856455,0,-0.1683879711686,0
2.78338652753503,1,-1.27647232263526,0
0.233303410504082,0,-1.55920771523922,0
-1.16620118220703,0,-0.522720780960494,0
7.77656989362655,1,0.117044923577632,1
2.03370419204664,0,0.885875443126745,1
8.43714990874889,1,0.704078084398563,1
1.15889202925522,0,0.0157288456604491,1
7.51437915582828,1,0.460798078302648,1
3.00123574652403,0,0.255628190538508,1
3.08562773997965,1,-0.754399342325355,0
9.36500830949041,1,1.49559765654637,1
2.84580181770859,0,0.813388917833999,1
4.12441164076892,0,1.52380228473772,1
3.21984766628521,1,-1.2741122761791,0
1.86368032549489,0,0.368565528194841,1
-1.07450875174211,0,-1.29380682930427,0
-0.349597118896198,0,-0.946528558538686,0
2.57856801468649,0,-0.0834471195995528,0
3.41401268168678,1,-0.534817791011561,0
4.78660597864642,1,-0.283416340579654,0
2.73501729632377,0,-0.132034349106023,0
1.31160761632928,0,-0.819060505069988,0
6.62104477178376,1,0.267922788034262,1
0.474510290317866,0,-0.244001959977439,0
5.4298254528893,0,0.912306853052781,1
-0.292266648149731,0,-1.87360141823886,0
8.29047103574934,1,0.731781366370284,1
-2.75128128685165,0,-2.2251549712001,0
9.13260383374089,1,0.223966305650167,1
2.23159525925511,0,-0.69578518580021,0
0.558757450310256,0,-0.602440273340389,0
6.26460763033492,1,0.456045510251406,1
7.73196391947691,1,0.197144764415149,1
2.8906354654017,1,-1.13046057646391,0
6.64416279918189,1,-0.160751185532666,0
5.24740165373112,0,1.06196017978149,1
4.75400048338554,1,-0.477397089468925,0
7.60809005061901,1,0.125185004595382,1
8.55259737735242,1,0.528313380855639,1
11.2545817466732,1,1.95143156163237,1
2.26802918772824,1,-1.31658531460201,0
6.66853575508482,1,0.186951038137866,1
4.97635520362273,0,2.57269185271204,1
2.93370539713002,1,-0.733702515632312,0
1.59291489972915,0,-0.253791035132269,0
2.20368795617456,0,0.724622155447729,1
2.57363039300513,0,-0.586626906173367,0
2.62862462854983,0,-0.69009460727728,0
0.65452347519206,0,-0.128176105486444,0
1.98899114592675,0,-0.0813723981483012,0
3.07412876468151,1,-1.58442563840915,0
3.45507910024845,0,1.85094520321,1
6.27015640809536,1,-0.226009146254595,0
2.42907424334202,0,0.370238667287451,1
3.44401360318086,0,0.530519019026121,1
5.91766525214588,1,0.304430087874295,1
4.28913359479517,1,-0.822518172124766,0
1.97456105519768,0,-1.09168850563988,0
3.7638677927398,0,0.366887435451754,1
1.54302687744815,0,0.00423153572118241,1
9.33615773512297,1,0.946184689626458,1
-0.142698714766829,0,-0.285693219991816,0
9.49248085330367,1,0.681634930696309,1
9.07610268751372,1,0.968641135213544,1
6.35399855636238,1,-0.291971768920159,0
4.47853249553372,1,-0.552451574997804,0
0.860091023607199,0,-1.60002464467106,0
-3.13030140900697,0,-2.97471254260331,0
1.62505751105806,0,-1.02883553022669,0
7.03748059129174,1,0.42766108611916,1
3.26662263650179,1,-0.210176696135362,0
0.995321396974671,0,-1.72872031067897,0
7.24047358062484,1,0.0830809184664768,1
5.21049865320035,0,1.70809897126374,1
2.76298433754069,1,-0.24369062602824,0
8.68739404806421,1,1.71738143468393,1
7.28024720440624,1,1.0491250609699,1
0.467392428431512,0,-0.646622581145775,0
0.154930528350077,0,-0.569706204960431,0
4.29297573471245,1,-0.22284438093099,0
3.34635186815073,1,-0.695090699550808,0
9.07843621888062,1,0.607349091366857,1
0.466473118853038,0,-1.12017644205936,0
1.21627411545008,0,-1.36173483022732,0
3.3334238936211,0,-0.0209972949014681,0
4.77569505433381,0,0.0903743400747542,1
0.157905667458572,0,-1.48826254771632,0
2.42055899253086,0,0.98036383758827,1
8.65810951801956,1,0.917719310984883,1
2.97751995118219,1,-0.756328787782181,0
9.06078333326635,1,1.72333460888048,1
8.10097164335019,1,0.0385930488589165,1
9.70451548089466,1,1.24112716298102,1
2.0112833511226,0,0.151854309426017,1
1.04190883439543,0,1.18623793378751,1
6.97362338289544,1,0.327417578221866,1
4.92440397216902,1,-0.744723670879192,0
1.68386101845807,0,0.338583059335508,1
8.26304313964794,1,2.22426374161375,1
8.07099371411115,1,1.12101569354599,1
10.3844064458428,1,2.63188619383223,1
2.73785209051439,0,0.800472897377953,1
2.03978974553249,0,0.0600685037751405,1
8.74767506576099,1,1.38277382482755,1
4.97619108825051,0,1.48945140028722,1
2.27874617006033,0,0.581316585627326,1
1.1620902386046,0,-0.0901471302851176,0
2.2055917933171,1,-0.717054683608782,0
4.18980056497914,1,-1.3273897232319,0
0.698630394986753,0,-0.512020923416158,0
-0.372708332633492,1,-2.85933739346454,0
5.16354839079029,0,0.392975316980691,1
1.7416341444761,0,0.739643138046225,1
7.56845623823248,1,0.560086567992885,1
0.141861568667874,0,-0.254820976531398,0
7.4393832975797,1,0.482315593180034,1
10.1148479830937,1,2.22972542481868,1
-2.46956109056761,0,-2.64552322820144,0
2.76084573885805,0,-1.02467591339163,0
0.3080689626293,0,-0.040955545329379,0
2.7633166995244,1,-0.96805443608168,0
3.68442677513802,0,0.383777827203672,1
3.87647112341048,1,-0.491216626486599,0
4.81489082855283,1,-0.631632141382024,0
3.39490891562206,1,-0.746679775063315,0
10.676376884583,1,1.70040343820011,1
0.31829232679278,0,-0.30163649655461,0
0.910091512807534,0,-0.886478933618558,0
0.145263074156509,0,-1.37144583305882,0
0.804218941945966,0,-0.954089898819617,0
5.93749749565084,1,0.157470388241838,1
8.45453890366454,1,0.124770600411805,1
7.31989506441541,1,1.02893691418355,1
1.73285599026276,0,-0.206878592624549,0
9.61679283392851,1,1.04773374610711,1
1.66638525961758,0,-0.245944807756002,0
2.23054719380922,0,-0.235468366486832,0
6.15986551045515,1,1.00714246458182,1
1.34032147531705,0,0.215220702941828,1
3.19057421267595,0,0.979714478738238,1
-0.445656253702743,0,-1.48661438313995,0
4.13897698510661,1,-1.3521701517003,0
4.27457078252671,1,-1.07049158605749,0
2.6463367634113,1,-1.13871185889711,0
2.80366741275703,1,-0.483084035948933,0
3.20045788472196,0,0.703186834286485,1
3.96739054815672,1,-1.38987754043271,0
5.51275866117297,0,0.773767909261499,1
6.59623118385952,1,-0.277734681837189,0
10.4669285332722,1,1.56543973263678,1
0.117632402194838,0,-0.42401449314331,0
0.156243183595729,0,-0.372780783832437,0
8.11552404474155,1,0.0247890700888315,1
7.83151641765595,1,0.817009287127245,1
3.11084079007,0,0.156980365837311,1
2.44058007078311,0,-0.291791412091765,0
4.77826619128998,1,-0.301662288609648,0
7.72523937516046,1,0.91837178420941,1
1.66143964349856,0,0.0689382054413241,1
0.698668235875308,0,-1.38621753008492,0
6.27221924126196,0,2.0184289773569,1
3.59992227965357,0,0.368036361806115,1
5.02889989728059,0,0.306506460492684,1
2.92378651338836,1,-0.249404839453987,0
0.63237083580694,0,-1.31922691201045,0
2.26929504574905,0,1.26510764669582,1
4.33912423240191,0,1.35020842197632,1
11.2287201357002,1,2.7262867538428,1
5.33944301175889,1,-0.084519123602622,0
6.26403901574357,1,-0.179867167573882,0
8.802521039984,1,0.736426700005181,1
9.35651080683494,1,0.726088582788376,1
3.03902184268091,0,0.190534463146474,1
2.66221578988569,1,-2.36198619368764,0
6.72850550288187,1,0.614659269612676,1
4.83391605719182,0,0.318073652936319,1
4.83747907675092,1,-0.64577504438757,0
7.45879049288511,1,0.406222963814542,1
5.5799017622403,0,1.82059584528724,1
1.63143377323736,0,0.213287212963027,1
1.32033350778684,0,0.0903642477696153,1
5.16902610101933,0,1.43502477965447,1
1.76693487829721,0,-1.18942414267212,0
0.0865025682271054,0,-0.562484885306224,0
4.30486365691315,1,-0.909387163505673,0
3.30127686477693,0,1.16425069248572,1
6.21352318620837,1,0.463228282223803,1
4.33873510499032,1,-0.123866175617107,0
2.96507387472052,0,-0.0280310833958393,0
7.65941519371224,1,1.05118543880168,1
2.30071750871038,1,-1.15850478757967,0
2.71731978907237,0,-0.389960835606589,0
4.20829934129397,1,-0.608346652728919,0
-0.101806985329535,0,-1.45467154615374,0
6.49457027004766,1,0.344256766924229,1
2.34622238592349,0,0.126928773454985,1
4.06041505948395,1,-0.126031833367386,0
4.3255601445989,1,-1.72948335672493,0
1.68212254573068,1,-1.30059724854115,0
2.42164338658355,0,0.0573639944815412,1
1.93192267028705,0,-0.194173537166827,0
0.192245151800117,0,-1.42294703463976,0
0.827147348915345,0,-0.689801806000466,0
-1.07017597415741,0,-0.30582045195151,0
9.59943983185408,1,1.45706217056773,1
7.87573211347417,1,0.999578201752647,1
5.17485708918788,1,0.267195087234733,1
8.09147303651466,1,1.01480200987665,1
6.96891519556359,1,0.106452505500646,1
4.49031002254024,1,-0.0333490032449542,0
7.2126869845576,1,0.143018654663194,1
8.83109315448696,1,0.736528954172824,1
1.26447894282104,0,-0.696359084321839,0
4.38670830856395,1,-0.524562202196143,0
4.57672679203009,1,-0.633169723661443,0
3.16387631187241,0,-0.875382177218571,0
6.76883295186371,1,0.143980324013748,1
7.12522611525733,1,0.113091034476539,1
2.74396542071078,0,-0.0246592866157969,0
8.03958697083414,1,0.94194362214731,1
6.98590631301682,1,0.50491242485996,1
9.70837555133376,1,1.14894018273093,1
8.71482881407051,1,0.491480540350305,1
3.31330629021832,1,-0.44081331223514,0
4.43333316994288,1,-0.424820155011598,0
1.0239739445611,0,-1.18789569668755,0
0.945839994969909,0,-1.62686218063618,0
1.26582579375296,0,0.0940872090004183,1
1.59083443370623,0,-0.641728003704216,0
1.42785735858342,0,0.261815265896544,1
7.94273372324516,1,1.29647179226217,1
8.28568947162039,1,0.0975369487849701,1
-2.31852336902256,0,-1.62549410300331,0
5.36217367638353,1,0.21213275018936,1
3.0273060154128,0,0.709340437499814,1
2.6390178916038,1,-0.874862182835458,0
9.36501445744528,1,1.29850952866245,1
7.75608048885822,1,0.0568875734597086,1
2.8443933447376,0,0.259710045645874,1
9.63333717226802,1,1.57207056966989,1
5.30478330040399,0,2.07883473712955,1
2.68816104934322,1,-1.76716547375146,0
1.91423934389456,0,-0.372829772360145,0
0.648222474765271,0,-1.29303191697221,0
3.27138497548883,0,0.819600259308993,1
1.68926844342453,0,-1.35252391891053,0
5.6319753754653,1,-0.235410578525375,0
4.25112706495666,1,-1.03425628039406,0
7.33626829076479,1,0.352091267685776,1
4.94466563098193,1,-0.346168156996269,0
2.79167586929379,1,-0.481624364829193,0
2.4375666758417,0,0.185534059214571,1
3.81696916044823,0,0.312427012261261,1
3.91987324567239,0,0.325397818124856,1
1.44637439969376,0,-0.887360940798901,0
1.60544128696514,0,0.108033585242561,1
3.72817229974865,1,-1.30014067772881,0
5.53936410216931,0,2.24476577816012,1
3.83865849825959,0,1.1957519258868,1
2.65642413663137,0,0.510277503382212,1
2.69843331400949,1,-0.805191113104647,0
5.84195558791179,1,-0.47147790241856,0
0.573502312260081,0,-1.32659204923506,0
7.93573077950925,1,0.356764104899781,1
8.51574983304163,1,0.896196716846432,1
10.5426955303846,1,1.71714423797933,1
7.82840172448857,1,0.103970454898464,1
-1.36338723244664,0,-1.38008587998951,0
2.58941991325303,0,0.772053537304604,1
7.10832653412485,1,0.742536733110766,1
8.69647456605367,1,0.666572486956745,1
1.5214954470593,0,-0.43292742497192,0
0.77363822195569,0,-0.498909301057629,0
6.06766066441315,1,0.45269224796166,1
1.76671522287542,0,-1.25202715465942,0
9.17278033555077,1,0.618644952663541,1
2.81807384968166,0,0.15049470388966,1
1.10983108539207,0,-0.251342689368127,0
6.07578088755418,1,0.201065002546257,1
0.851638750756527,0,-0.669323819496887,0
9.41582882233812,1,1.30553421657663,1
2.19999168148782,0,0.207517594363055,1
1.19009664757701,0,-0.695983161955778,0
4.33498207481269,1,-0.914748382873694,0
8.49403556913099,1,1.03187516011284,1
6.6410975262463,1,0.242625858043273,1
1.34255331567322,0,-0.303808131287738,0
4.60711016583987,0,1.52879368345037,1
-0.507495421729132,0,-0.713216466511944,0
0.945651932949252,0,-1.25321630956405,0
7.51368298335372,1,0.865995579432755,1
8.41311427122148,1,0.739372606874056,1
4.52880579597646,0,0.784491761387346,1
9.50833851840948,1,0.700992242971767,1
3.19487759902992,1,-1.69293129476985,0
8.03197858225063,1,0.259992096521348,1
7.8232609078772,1,0.360180269862337,1
1.6069474785922,0,-0.337419998992642,0
8.80380012130588,1,1.1635596683163,1
-2.30523143662755,0,-1.17196083337099,0
1.39110351551829,0,-0.0936729188061627,0
-0.273753722433688,0,-0.670313914384076,0
3.05393770736829,1,-0.472597964150537,0
1.96048389142057,0,0.865106716936807,1
7.24286840874992,1,0.618303864003979,1
4.31583925132762,1,-1.16546088512719,0
10.2548943090318,1,3.01732003728034,1
-0.720732540258204,0,-0.296552463764501,0
2.31874292146933,0,-0.621355939309268,0
3.69929247177548,1,-0.798853335392891,0
4.40812465263526,1,-0.887708949531736,0
4.1445842772486,0,0.537292193166679,1
3.17481941012022,1,-0.621739332415701,0
1.93761175641629,0,0.0922950393948109,1
2.1931692126314,1,-1.39534607549472,0
4.02796338056743,0,0.844160164042046,1
3.76007557717204,1,-0.671684732847474,0
2.71724464413602,0,0.864736478593603,1
3.00475332237285,1,-0.574244130028092,0
2.11657350127374,0,0.295975232197172,1
7.75701276844521,1,0.747764880294151,1
3.25013278059181,0,0.839353399371976,1
-2.50737207148944,0,-2.06686966258892,0
2.74975583271111,0,-0.0558522307409554,0
0.167510198973895,0,-1.81109436709873,0
2.36459398665564,1,-1.34464605328385,0
1.3795280435424,1,-1.0110484789012,0
-1.36506610574256,0,-0.595534969851841,0
-1.91474860268582,0,-2.7583804161206,0
6.67984161313847,1,1.01673275537319,1
1.64363879101698,1,-1.60387291776419,0
2.13224367667359,0,-0.374637829079804,0
1.36523583665728,0,-0.609992832688173,0
9.0754389260519,1,0.0717435722105148,1
1.89238330664018,0,-0.220176650320945,0
9.08554344039626,1,0.428969895829992,1
6.96361139867288,1,0.09870785470336,1
-0.166519046699902,0,-0.81230811237785,0
8.3304826398958,1,1.10499775729995,1
1.45462540880645,0,0.005883655952296,1
8.83823602518027,1,0.803920781717714,1
9.25946707696133,1,1.38637127497629,1
-2.57477403564496,0,-2.31552669282835,0
-0.722935626539634,0,-1.41373370791718,0
7.20101854217673,1,0.377694630828484,1
10.2529138558863,1,1.22733308940083,1
4.67929568600349,0,1.08489402601977,1
5.28828979195053,1,-0.620099048964278,0
7.85185724775923,1,1.02244982773813,1
1.05286475349145,0,-0.138706186721829,0
-2.47881985555732,0,-2.8422252688406,0
2.35300911369383,0,0.403705290616029,1
10.6501622093254,1,2.28188410575207,1
-0.402457455240807,0,-1.31738100023531,0
-0.218334002389767,0,-1.45400475177537,0
11.5414533787091,1,2.08353240574696,1
-0.0236857889018298,0,-0.74510226801511,0
7.68958284613215,1,1.64685922018865,1
1.72376853421605,0,0.22383707277917,1
-1.95965204566446,0,-1.70637710866093,0
-0.395823689083285,0,-1.5883031974272,0
5.22417937248939,0,1.53018202535763,1
2.17269479435377,0,0.00744746786457464,1
1.99168948710205,1,-1.32721368151287,0
9.46506071142481,1,0.347947841319987,1
7.25731153634138,1,1.06654282454891,1
8.61098125009995,1,0.496237167854797,1
9.60748902412541,1,1.10423496262972,1
1.9572838175075,1,-0.491993413587884,0
3.20387870197094,1,-0.0632960572419564,0
2.17006308522138,0,0.0496682080314295,1
-1.68603685012002,0,-1.51378113988068,0
7.72840013692303,1,0.427845960967993,1
4.51550702388265,0,1.44371377211227,1
9.39689183109605,1,0.786160961294815,1
3.31886584737231,0,0.47954571327333,1
3.91613459480353,1,-0.516227705338989,0
1.43097404420598,0,-0.277572844560686,0
1.72546135510048,0,0.721780684275989,1
9.09280945062927,1,1.25384299590925,1
1.41767028304324,0,-0.229116469810737,0
1.17567251352836,0,-0.342980400680258,0
7.01418916452147,1,0.236511565614992,1
4.66023648485726,1,-0.198936031672039,0
2.29713859216435,0,-0.617565159551222,0
3.88171619757352,1,-0.563527004875295,0
5.42694435519398,1,-0.429455450994431,0
-0.084377618321961,0,-1.08263575350805,0
0.195711557622765,0,0.0506295202160337,1
2.28525057564055,0,-0.757894001764033,0
-0.567074257945471,0,-0.67708220364372,0
4.39178178323692,0,0.54033313717774,1
-0.755957582675632,0,-0.368756356282107,0
1.9281643831568,0,0.272584593489916,1
1.20534741084777,0,-1.03402805310019,0
3.77191610630943,1,-0.541893437026852,0
0.624235147975522,0,-0.77275895689719,0
2.03015993274082,0,-1.25914454988274,0
10.871695690554,1,0.915348683184557,1
8.92133288417978,1,0.574585708455846,1
7.35343946268777,1,0.588551633065551,1
5.08787777466838,0,1.1794191267141,1
8.14179980305898,1,0.914254082632163,1
8.08807089087187,1,0.261646823819636,1
4.36980851287614,0,1.63397907261565,1
2.34991159348249,1,-2.79556536370584,0
3.41064451029866,1,-0.302328787209778,0
2.7477992479232,1,-0.226685614044773,0
1.09017424867646,0,0.119131145453778,1
2.53541268325632,0,-0.0335751373875213,0
1.77413996370028,0,-0.106572603236519,0
3.34569759082728,0,0.417616241886442,1
3.58706439160465,0,1.01316605948862,1
2.13802932090847,0,0.155027117647763,1
0.31439264651546,0,-0.714052677780449,0
-0.0450256684110152,0,-1.09679802155579,0
8.52115840813714,1,0.101866743391865,1
4.79011099810741,1,-0.323359229932254,0
8.13595276607646,1,1.26244777760113,1
2.7945297283214,0,0.691128119021652,1
8.19343364692938,1,0.345988487294539,1
4.38898895126335,1,-1.25804480146419,0
7.92611804174085,1,0.36677426960274,1
0.722190945571219,0,-1.21315943609714,0
-1.30018464772575,0,-1.62361607251368,0
1.79980195647004,0,-0.393928520840005,0
2.86060424228631,0,0.626988762610095,1
0.0656590919244922,0,-0.882155737117039,0
9.3364275424469,1,0.12489430820066,1
8.26623922576761,1,1.11823173356757,1
4.20630981675036,1,-0.772667181181661,0
4.87967063034644,1,-0.142043271943764,0
7.06122248371288,1,0.576950288523846,1
7.0545770356571,1,1.05711819881178,1
2.361901244327,0,0.248728369365709,1
8.19067843168324,1,1.18128497783581,1
3.31989966481418,0,-0.285192855469165,0
4.40057948347109,0,1.17554113268743,1
1.93730286988371,0,-1.43338196983659,0
3.17471681511084,0,0.107976913232735,1
10.6236430977685,1,2.0371399147487,1
1.42736370721335,0,-0.218451976422855,0
2.80250334559698,0,0.783348007609672,1
4.22399147057938,1,-0.483997775025044,0
0.633584429213903,0,-0.908459339544293,0
-1.42242370799577,0,-1.62300249032816,0
4.84972282317394,0,0.760935351226277,1
7.34826806766024,1,0.769620976420987,1
9.82027808743016,1,1.66737664740279,1
3.54613326362722,1,-0.621667393800718,0
3.98096748102127,1,-1.24520816695143,0
8.93028329499097,1,1.61077995175952,1
3.8792374252153,1,-0.771194894330914,0
1.03434767128324,0,-0.829821059925067,0
1.24948324851716,0,-1.23201199930498,0
3.05673099083115,0,0.214113694072686,1
0.521557202665939,0,-0.777641525651595,0
2.10546998532782,0,-0.40631075957162,0
4.82755566801115,1,-0.513995798845969,0
8.58059843016031,1,1.32622235697141,1
1.41639588713146,0,-0.548204124433902,0
1.37071082429481,0,0.912951945030096,1
9.54072826365987,1,2.1259184892842,1
4.88262552920039,0,1.20528448680244,1
3.39591478660468,0,-0.320364556012022,0
-0.524306980256311,0,-0.853274829005151,0
3.26374919614546,0,0.731360325732254,1
10.7124632058213,1,1.57806359375455,1
3.52267353294948,1,-0.0100416535245034,0
7.85289950293648,1,0.462137643690877,1
0.655367338054097,0,-0.746799358070064,0
3.06604950044481,0,0.248754821132705,1
1.48940808643718,0,-1.05998989321822,0
1.38535093789581,0,-0.242329226160454,0
1.12679249822827,0,-0.610037139521619,0
1.00518001848446,0,-1.4245390828694,0
8.43112595403416,1,0.799172914903226,1
3.40191493492071,1,-0.611670610469167,0
4.50680286845847,0,1.96324030501266,1
9.57833041826532,1,0.557238634701354,1
4.8501001510384,1,-1.33423400918578,0
0.111582007240814,0,-1.43752924004474,0
-0.299617920495133,0,-0.158801378600351,0
1.13174650849417,1,-1.25979369845213,0
7.34205125641865,1,0.0899185268657118,1
7.96735196377677,1,0.73020738231009,1
7.00729445296347,1,0.609110376322799,1
1.26615606473275,0,-0.946943759929234,0
7.66548316884508,1,1.12149574032752,1
2.041046837781,0,-0.057424953980157,0
5.47848126936895,1,-0.256478380441763,0
0.636720493416698,0,-0.467811916468,0
-0.772888783984659,0,-2.21114158507214,0
1.6991926744823,0,0.0771719926918766,1
8.56616042006862,1,0.127369133133012,1
1.09717728582014,0,0.222119285837229,1
3.49678023148267,0,0.946239222961715,1
8.72801365343993,1,0.417354522403795,1
4.59587277222222,1,-0.431170046294795,0
0.941443027110823,0,-1.19726971217906,0
10.3311101577345,1,2.08273100869327,1
1.39464817259915,0,-1.03040873515397,0
1.68213255774664,0,0.0444591953533137,1
2.47484584706534,0,-0.112132522312025,0
8.89380682171748,1,1.03302671853284,1
-0.320347037226774,0,-1.21665440204867,0
8.63048766310386,1,1.06534630380378,1
4.57953496757171,1,-0.143235183622732,0
-0.597250200260887,0,-1.15233406665522,0
2.7201022735509,0,-0.213394969914775,0
3.10602113954949,1,-1.28928738124923,0
2.64191863845959,0,-0.725692780179357,0
2.70979888295878,1,-1.33455620080098,0
0.372111253484136,0,-0.421664134766289,0
8.04213188696002,1,0.637345526349197,1
7.18493781690418,1,0.203541541616913,1
9.71010744929087,1,2.00770623726461,1
6.66770220748485,1,-0.307148466815016,0
0.700020797306452,0,-1.3994447319186,0
8.22000484426198,1,1.51792460630502,1
6.38550478249456,1,0.539559971808596,1
4.1213307464421,0,1.13533254403165,1
3.71632224102763,0,-0.0619636843128533,0
2.54427771927926,0,0.473656473613877,1
11.1971497858452,1,2.1984885825947,1
4.5345645165932,0,1.82540376840092,1
-1.60870850190206,0,-1.15415131525484,0
3.77208230907206,1,-0.00825669413319505,0
5.09580911827711,1,0.0484211551418868,1
-1.46435791423042,0,-1.34781742759729,0
2.24010510032322,0,-0.517805228457445,0
7.91029794575817,1,0.558694122875622,1
9.66673422778109,1,1.67756490106025,1
9.57805138964646,1,2.36789529569109,1
2.41526638159522,0,-0.527154043316879,0
0.700150924707735,0,-0.499367396863375,0
4.94504029670477,1,-0.229295470100259,0
9.43295514303329,1,1.47045773817301,1
6.43976821945707,1,0.0231071403525501,1
0.074532100813503,0,-1.67249202504542,0
2.48511183576228,0,0.50805283466144,1
4.89102964380163,1,-0.929650245662733,0
9.35590215026867,1,0.344886306954269,1
1.85591126781592,0,0.416516866985448,1
11.443465191757,1,2.29100338150006,1
8.45200949973313,1,0.680208942806442,1
-0.282621012535441,0,-1.56734575047086,0
6.16101666720779,1,0.393865711838105,1
8.29036405113867,1,0.719059659079291,1
9.65196305440631,1,1.61292647702134,1
1.77740010184114,0,0.384316672340534,1
2.07937825524847,0,-1.55784951882794,0
2.67707297138875,0,1.74324244769796,1
0.203961181071776,0,-0.478342513094108,0
5.50619766950061,1,-0.467148712562964,0
5.80514009682978,0,1.0701600613739,1
3.92822355038994,1,-0.492874063967275,0
1.49491869791541,0,-0.249652827272735,0
5.69482273399872,1,-0.0385140400409367,0
2.43666546597155,1,-1.000315442132,0
-0.558033689606241,0,-1.66377927036992,0
4.10158981011278,1,-0.158265048141617,0
8.36882726755463,1,0.149673091199643,1
6.06004744034317,1,-0.00902648466719838,0
8.78117253537062,1,0.761972004585403,1
9.53257721949459,1,1.51333430129921,1
4.51385441127355,1,-0.824343398622206,0
-0.83407288115348,0,-1.1675879489833,0
11.7344109410458,1,1.38119951493057,1
10.0078524698231,1,1.28443943161313,1
9.35559352584923,1,2.21198008857317,1
3.91719468767567,0,0.738642821474658,1
0.461496433987484,0,-1.12757623507633,0
0.450641502385867,0,0.294271277691784,1
5.23373897224699,1,-0.376941012212475,0
-1.27435219672638,0,-1.42815294578171,0
0.0457898594380104,0,-0.415752111390247,0
8.48319944564122,1,1.55600038108956,1
7.48402896361401,1,0.0250146578417742,1
9.56143150015465,1,2.03062319119307,1
9.00086453317816,1,1.51832012061708,1
8.56278572562376,1,0.750998537122658,1
4.40248892736447,1,-0.271327556934308,0
6.97938737598126,1,0.554144255774083,1
1.18339222190276,0,0.337752935042268,1
7.4840362004141,1,0.156095153620774,1
8.37667841889648,1,0.458230763150418,1
0.590513805279395,0,-2.02439671604305,0
4.87081809567195,0,0.778718731225356,1
3.51149052651085,1,-0.658747737089578,0
2.19084055303888,0,0.307214239976819,1
5.83794702358883,1,1.0735954789398,1
1.60356487987022,0,-0.303876044039596,0
4.30916779161383,0,0.300126691133939,1
1.41941074900447,0,0.051819728499948,1
1.19554163244832,0,-0.0196374678857498,0
4.99324821417262,1,-0.300076057468021,0
0.453293580095,1,-2.74569668702294,0
4.03296913096097,0,1.10949111681678,1
3.56747162803149,1,-0.862646760272801,0
8.31312914359497,1,1.38821614976423,1
0.196063336378425,0,-1.21893091950199,0
5.03690990805959,1,-0.25127423855874,0
1.38476929322748,0,-0.265723509034298,0
3.93722288236452,1,-0.586383242485621,0
11.1174336906705,1,1.33497625279964,1
6.27934679725597,1,-0.00622968640196098,0
7.8261607537027,1,0.432132366012194,1
7.31980534833686,1,0.584825274700717,1
0.681292485448403,0,-0.84015977469549,0
1.92935606342943,0,-0.6341552099579,0
8.53684854135324,1,0.999580306239166,1
7.05255689200178,1,0.138117954477751,1
9.52073376818085,1,1.08034842914612,1
5.81666505425346,0,1.80529509089579,1
1.33843327873868,0,0.463708530685689,1
7.38266496991012,1,0.259727896247544,1
7.48240282405735,1,0.634077724514478,1
0.523525319107405,0,0.0653241768517431,1
5.91158859092234,1,-0.22736383584225,0
2.35475024680546,1,-2.00206639015441,0
2.49916737342584,0,0.313621470404072,1
10.3647694851322,1,2.12868836386763,1
9.46156268030029,1,1.19897759328718,1
3.73468044685435,0,1.677553585782,1
1.3284572491657,0,-0.97431995541117,0
4.50758250280462,1,-0.160623291176177,0
-0.538302362118047,0,-1.61234146102304,0
3.00388813966721,0,-0.277150723769342,0
7.19416253947298,1,0.0909058907994296,1
3.64317413646331,0,0.408647919696538,1
7.94146020439184,1,0.600308506901355,1
4.6577293272597,1,-0.961603488510729,0
0.461568985089571,0,-0.538131347311481,0
1.17152640493505,0,-0.302571365301786,0
2.61711616903509,1,-1.48276497728502,0
3.56991617001141,0,1.43741206915253,1
0.940737280089369,0,-0.0376841996111148,0
3.05944626691381,0,1.25740859869794,1
8.41943647462412,1,0.491034792373833,1
10.0077838920808,1,1.49533483145427,1
0.0976053606580367,0,-1.04945674910402,0
9.18823097816616,1,1.57789682633243,1
9.50049454712405,1,1.16310065069349,1
8.13346209215798,1,0.695184866777433,1
6.7658927711201,1,0.726296445163294,1
3.93508234416815,1,-1.68186356446708,0
1.4448175665755,0,-0.0614633684176462,0
3.58894456494327,0,1.25048602364465,1
-1.04851113041419,0,-1.8736746283631,0
2.03138845599331,0,-0.375762076957633,0
-0.473766898613239,0,-1.08606150861401,0
-0.219695751624831,0,-1.20963163160859,0
4.92253368776323,1,-0.267195881528275,0
0.444706704900199,0,-0.896947426910592,0
2.35644880345772,1,-0.309186339689102,0
-0.606848063325817,0,-0.409723675206422,0
8.59406123094056,1,1.31947937672711,1
11.9493774596191,1,2.27451913109347,1
2.52625588632294,0,0.360334326212642,1
0.638485565343722,0,-0.850636903620848,0
3.45017949765414,0,0.0172332253670982,1
12.3533867124063,1,1.83097365564438,1
5.72833136609656,1,0.237870051395667,1
2.96701823864934,0,1.49094570793583,1
6.58393594030727,1,0.0144357400188961,1
7.99666658215216,1,-0.0649324478987272,0
1.74264375229614,0,-0.277153501997238,0
1.06620147129349,0,-0.29887498158884,0
2.80529353109147,1,-1.19589666554565,0
8.74558680360094,1,1.22718774486136,1
4.16794563147474,1,-0.0298317505581523,0
-0.728182332281694,0,-1.63800653446778,0
1.59319949516842,0,0.121943132768037,1
6.79445838594393,1,0.572623708947114,1
4.30070973596546,1,-0.143937707101003,0
2.75590544855198,0,-0.174050974716496,0
-2.21793999542839,0,-2.09091541141039,0
3.26939339601701,0,0.929675833965612,1
4.36659219415806,0,1.17482456179011,1
2.07131543088757,0,0.541451827497793,1
1.43996207678941,0,-0.248317046282688,0
3.80443783283015,0,1.45684888287953,1
-0.977708519337009,0,-1.19506388816287,0
-1.16705937909346,0,-1.60607977604955,0
9.33831481877004,1,1.43377630545474,1
3.97108625128563,1,-0.408773443187547,0
8.39351005751172,1,1.74243866305955,1
0.213614743501348,0,-0.513025558892079,0
10.2553512480612,1,1.08794168343767,1
8.6047870383834,1,0.758974351333957,1
7.11668839821358,1,0.25905938489109,1
3.58732825320268,1,-0.427563770265298,0
-1.02334536924517,0,-1.11815177116299,0
1.35088428074976,0,-0.740086335495107,0
2.1049801923784,0,0.779083328253244,1
4.305469816031,1,-0.0387594684022465,0
-1.01092880529466,0,-2.22021665994875,0
5.24696541966299,0,1.42322043283,1
1.87358214977376,0,-0.0839462003749009,0
-0.0992362387845083,0,-1.40272794791553,0
3.50306831528325,1,-0.611921369583849,0
1.6130654667307,0,-0.385665220936126,0
1.90121498988125,0,-0.423748535086138,0
1.90177084056096,0,-0.105068936977187,0
-1.39209277633268,0,-1.9521200492586,0
5.77634361062167,0,1.0754275225648,1
3.16718472245624,1,-1.09303084551663,0
-0.523583949816489,0,-1.04448216784926,0
9.12927154255011,1,1.29233872751225,1
3.65938675793486,0,-0.121450548249778,0
2.214427432641,0,0.0648260493105348,1
1.76940407253588,0,0.378941072331382,1
4.78345993224766,0,1.13673745242885,1
0.561501360983748,0,-0.270040944792266,0
4.05036538285335,1,-0.433494500569462,0
4.04755519177654,0,0.298732462260466,1
1.6611818195118,0,0.166572736366221,1
6.75685569009099,1,0.26505280348265,1
-0.996429558610086,0,-1.03682397834148,0
3.35536590827261,0,1.52547929217697,1
8.83573007145429,1,0.741610061493453,1
4.80256267847335,1,-0.294618101527729,0
8.79978665361702,1,1.02427048922943,1
4.86814888766171,0,1.34312063396986,1
-0.124722546262118,0,-1.35688785228914,0
1.27296987637348,0,-0.579556530006397,0
8.8034077645551,1,0.862561699220898,1
1.76181165910487,0,0.414829965267911,1
0.797458347658207,0,-0.214387143571376,0
7.76010524550778,1,0.0987967998172369,1
6.82130171310733,1,0.0116570274417478,1
5.91163380427961,0,1.38905806867937,1
5.73211502499785,1,0.189358308501071,1
4.25044636936347,1,-0.59113835352172,0
-0.0966722394645569,0,-0.7985875582215,0
2.2792129746777,0,-0.628223122700068,0
0.35463693371399,0,-0.349768774692912,0
2.87709875577152,0,0.333435367597907,1
2.97835601182634,0,0.0648754276356843,1
4.57206061309684,1,-0.254312897472856,0
3.94559365691179,1,-0.689526377047223,0
2.48014886476117,0,-0.585349346432916,0
1.79858412431996,0,-0.261954042573691,0
-2.31114036548783,0,-1.91871244161669,0
1.15764920015789,0,0.170840295776179,1
5.21426272261298,0,1.91330745880889,1
-0.154363268488952,0,-0.850032682571067,0
0.906099386792233,0,-1.77636550657248,0
0.457642591706711,0,-0.587382064891228,0
3.75158774279612,1,-0.885933389300852,0
0.321833747211598,0,-1.1340711455334,0
2.28309163344333,0,-0.233228656573893,0
6.74956179637126,1,0.290640925114775,1
7.68792169648123,1,0.614667095283139,1
8.06461728593736,1,0.917489594043616,1
8.58578706709968,1,0.651240157857735,1
2.13971643399162,1,-0.8607759412558,0
8.65091184933189,1,0.90256242729338,1
12.6777873401991,1,1.87728938033752,1
1.18597173715376,0,0.249765231978377,1
5.61644661265432,0,1.01029879862076,1
-0.565043625081374,0,-0.331192532487861,0
10.3588532952257,1,1.09799801995649,1
3.31399767417002,0,0.68791950045072,1
4.87786332245216,0,0.576513836040822,1
8.59792212494961,1,1.09392961070693,1
0.222829894455805,0,-0.771174556495627,0
3.13848168281503,0,0.906803430081822,1
8.46870806055924,1,1.14454012702988,1
8.49098620273812,1,1.42969536516202,1
3.86550340010711,1,-1.00954185796604,0
8.35808219192534,1,0.361761653296614,1
2.28018004025196,0,-0.0653709603290089,0
2.57917421855138,0,0.0085206394625309,1
2.29234282781989,0,0.347024459549806,1
7.70672755782778,1,0.567445575665087,1
3.20433921880718,1,-1.91187607766488,0
4.19984192373007,1,-0.291257981972135,0
3.10322109088569,1,-1.39075684659926,0
4.39431411261082,0,0.328558633912951,1
7.45406963022072,1,0.377863797343071,1
2.21583788357355,0,-0.61511871080996,0
1.04536993346301,0,-1.31353299769765,0
-0.88531775279228,0,-1.33654593180815,0
-2.24166867514046,0,-2.95144862723178,0
-0.74852047590052,0,-1.43929152216817,0
6.5714954229594,0,2.82296781630931,1
3.8868424678724,0,-0.142310602292934,0
2.66825524046425,0,0.336551872972114,1
7.87567233353345,1,0.749885349892786,1
10.0979607446266,1,1.9903396112801,1
1.88668298570144,0,-0.0403528243448615,0
5.3900258456494,1,-0.0667830697645877,0
4.67273015906784,1,-1.01770528348119,0
8.54012401346819,1,1.23003879621589,1
1.49370339115346,0,-0.815936017481511,0
0.990111190400905,0,-1.08841460239902,0
6.18832524504553,1,-0.0647728485242076,0
9.22437009389475,1,1.68453876041019,1
3.15130787442155,0,0.681098592009829,1
2.73908814834309,1,-0.569401282664559,0
2.19384693534502,1,-1.16422921623086,0
8.48371354909506,1,0.739924067896498,1
0.0783007469919945,0,-0.895868304307407,0
0.931933891394464,0,-0.0790745722575842,0
6.9740968251754,1,0.350291526290642,1
-0.795742811268205,0,-1.06710867182791,0
7.7740826523621,1,0.729291674405217,1
1.40734053807143,0,-0.953580424458848,0
2.28620447981368,0,0.404602491938897,1
4.04178253013916,1,-1.86719557842659,0
4.32127502246063,0,1.72051126706356,1
1.4672100724502,0,-0.271188781242285,0
8.83199825116092,1,1.11658500132253,1
2.01011062718407,0,-0.561563196817781,0
2.32429737917806,0,0.513774993542297,1
2.58424552177119,0,-1.45453233931544,0
0.225869767158452,0,-1.15450233916416,0
3.33308587400219,0,0.955858428627902,1
6.92338433812537,1,0.587388720071419,1
10.453935469162,1,2.5796723364604,1
3.95777663789935,0,0.860136966286316,1
6.34767792133865,1,0.0536132431480982,1
2.46638175265536,0,0.394325342692598,1
3.54379236019367,1,-0.39876662088737,0
7.98250001920454,1,0.543335428668233,1
3.52289539111047,0,0.885374820900651,1
0.994211610997329,0,-0.571228900566615,0
2.43050655254709,0,0.207091765381476,1
3.75297216897513,0,0.637572759099195,1
2.45121928103263,1,-0.715173236052243,0
1.08025403222162,0,0.218116277516885,1
3.89340448421582,1,-0.0865861918909665,0
0.96195803191008,0,-0.387109191333552,0
1.50500808089641,0,-0.90169811535575,0
6.93843284492692,1,0.143471453700136,1
1.6446908326359,0,-0.457904422824124,0
6.99712072925415,1,0.794520136408752,1
8.26614368148376,1,1.48588868095114,1
2.85331350519046,1,-1.04810651461062,0
7.50252561789518,1,0.371386029145694,1
-0.929144868025998,0,-1.10127976639503,0
8.71096232793482,1,1.01467650061992,1
8.07596425911855,1,0.498136776926366,1
0.749267741111986,0,-0.509421661073674,0
-0.608765352047003,0,-2.09490800690264,0
9.88434829047622,1,2.45792738581455,1
8.12785086736635,1,0.598783928250454,1
2.43258700333233,0,0.552274590368309,1
4.54076499167764,0,0.281780976422548,1
-1.68656328589336,0,-1.1101428982342,0
2.67232253233096,0,0.900349873367238,1
5.44666518779106,1,-0.453178201748017,0
-2.25572498346393,0,-1.98272215991997,0
0.73828504278224,1,-1.81247675140976,0
8.14274301272688,1,0.417413307972868,1
3.58936091433678,1,-1.29286806303544,0
4.5806870703759,0,1.33926675220684,1
7.87013757053285,1,1.00405728354318,1
7.48658853874891,1,1.08379450996924,1
3.62496401720526,1,-0.125671091888527,0
-0.0377399539800092,0,-1.56636631565692,0
3.4450902591485,0,0.321886263332835,1
6.19056443381183,1,0.257728361084912,1
8.02752140206179,1,0.587295498119052,1
1.59711997761081,0,-0.473702332026054,0
5.386156717512,0,2.05862781315282,1
-0.175728640840233,0,-2.57306032279242,0
9.01532743322667,1,1.0019709404594,1
3.96874379384917,1,-0.137848812885829,0
6.366824260402,1,0.23200388030281,1
7.42493519729678,1,1.30465254668894,1
0.443826823890821,0,-0.572072735054414,0
2.66693157262672,0,-0.178526506070648,0
1.9209038383694,1,-1.31088277421952,0
9.59713495911253,1,0.792188547846344,1
9.62070885998957,1,1.60206466516158,1
4.5980678960684,0,0.861638036760145,1
7.00192434294482,1,0.29033099600119,1
2.93691741214635,0,-0.0364366374813213,0
6.04320500371777,1,0.0500921719381004,1
11.4285018502959,1,1.84697267563833,1
4.24083506578576,0,0.00338790639509243,1
8.0238486363446,1,0.4626940181689,1
6.49509903395803,1,0.367105821004205,1
1.75890605594856,0,-0.89786172871197,0
3.82504227731961,1,-1.19429600187533,0
8.11196599659132,1,1.30020180655839,1
1.25125094609028,0,-0.679347639985235,0
6.62025203113939,1,-0.371060824604766,0
2.34386143178115,0,-0.626033870225869,0
3.39425188892081,1,-1.84639355710977,0
8.48811863535258,1,2.1339107295992,1
7.91024397382771,1,0.589183310381135,1
-0.371904449333397,0,-0.348452915265096,0
4.0533494859322,1,-0.792984105686092,0
0.487582144277774,0,-0.463279325233486,0
0.54134580028684,0,-1.15951989400318,0
3.42742858391614,1,-0.351430993589976,0
3.43161844701717,0,0.705968994128826,1
-0.154314608377895,0,-1.07960010084746,0
1.91353375346181,0,-1.26911203105787,0
1.83082230622767,1,-1.97120439437396,0
2.15303559164892,0,0.0711108259702362,1
3.19468567701178,0,0.523268574252453,1
-0.39921386916935,0,-0.77455445955775,0
0.478675170307204,0,-0.54596664665424,0
4.52054586313646,1,-0.615483624187272,0
4.04110655648312,1,-0.769972650400426,0
4.70558960583315,1,-0.558578943076159,0
8.11872939755889,1,1.62188234547974,1
5.46038285972544,1,-1.31951314304382,0
5.33782601333535,1,-0.756735965020585,0
1.228381383259,0,-0.104242234051773,0
2.33054913864813,0,0.281453682531637,1
7.54476844893273,1,0.79418154075065,1
0.486178333266854,0,-0.160178674699026,0
3.89756034996685,0,0.990813045417702,1
9.91239190882055,1,1.65447919691338,1
8.94494495950224,1,1.1571574014868,1
2.19551661172268,0,-0.438345220284572,0
2.89044223696656,0,1.25416904581299,1
-0.181976148142315,0,-1.5395525527921,0
2.90621904860239,1,-0.757424215241552,0
9.81428701815795,1,0.529623784157891,1
3.97126375122628,0,0.310286342025115,1
3.08975862196485,0,0.745674580550741,1
3.95572945833634,0,1.02035065659769,1
3.7536927041015,0,1.04359249604611,1
5.58511412603795,1,-0.329195760094416,0
1.13840212512692,0,-0.253053737908008,0
4.28893660319333,0,1.20351910575655,1
1.88077591369259,0,-0.394847819311298,0
9.51793552679004,1,1.79858608923735,1
6.7389489081933,1,0.41538611099273,1
2.97810863938502,1,-2.06902001671369,0
3.29173400698093,1,-0.879269697609619,0
9.91082720042364,1,1.57919313133542,1
8.1131275828752,1,0.66518529166616,1
3.31929455977108,1,-0.993456617387253,0
3.23313707944667,1,-0.676556524362313,0
3.54337500152168,0,2.40491932831267,1
7.70327513842511,1,0.18066576625064,1
-1.22658686232969,0,-1.70333643730376,0
1.0622053976561,0,-1.4420843717359,0
8.6675149987863,1,0.787080565747126,1
3.92313945420148,1,-0.274951173880729,0
7.46259212867049,1,0.870996512166689,1
4.07023910852137,1,-0.720520726788528,0
5.32381164300763,1,0.09387723051809,1
-2.77611324995487,0,-2.99214200274254,0
9.77647811811052,1,0.926045432295627,1
3.45368940688079,0,1.076074596704,1
4.12270557932994,0,0.339242194711582,1
2.23180600783452,0,-0.0956856997940461,0
1.63932326901512,0,0.27945101572026,1
3.24104873122732,0,0.0300360447723009,1
-0.184571596411087,0,-0.238328503713444,0
2.05209720768323,0,0.791733447905272,1
3.20938864544232,0,0.754107346777191,1
6.87831936280518,1,0.783166010670348,1
8.22363402022719,1,0.993137965203851,1
10.2688184213045,1,2.22600207921327,1
11.5135767973855,1,1.57758446667446,1
2.1897028399668,0,-0.453993117593994,0
4.87651671967748,1,-0.449283907620885,0
7.30589621089626,1,0.207914722723999,1
0.65779026369463,0,-0.244611955854294,0
0.975692271920166,0,-0.709762673903192,0
8.6440144052665,1,0.760727364713891,1
0.965205475601713,0,-1.14970658588408,0
5.33855332389164,0,1.40957114437169,1
2.69570722035732,0,0.18892132033808,1
1.10748927744129,0,-1.07969045773397,0
1.4293658207024,0,-1.52505188584363,0
2.48151192163836,0,0.407066871972616,1
3.45273509696874,1,-1.01465327505705,0
-0.684630476550185,0,-0.560651457932147,0
2.33681087342078,0,-0.39589957582274,0
1.80697664053522,0,0.236229793176771,1
6.21652206379509,1,0.601274682643968,1
4.1267356324432,1,-0.323661503062751,0
5.42079331807212,1,-1.12220056301125,0
3.97123174350372,0,0.286441915450499,1
1.04975209345391,1,-2.23248377165305,0
2.48451828906658,0,0.399318044666456,1
8.22680260852293,1,1.09308556234162,1
6.65625077847395,1,0.759470927829808,1
1.94753562633794,0,-0.565232517355787,0
8.88796492076215,1,1.78433023047573,1
0.510411800943616,0,0.0179067545993388,1
3.05383840168535,1,-0.929239728395118,0
3.1436800602797,1,-1.00589390601622,0
0.669154378545645,0,-1.27196100313355,0
9.41746484285548,1,1.07490593637774,1
9.00640456068791,1,0.851636308354988,1
-0.0186069658105955,0,-1.23302972160042,0
4.86503516118622,1,-0.233640746408638,0
2.66687184648787,0,0.293902377145396,1
8.44100346947354,1,0.951659452873796,1
8.95853694692383,1,1.09530136575194,1
0.881151718790574,0,-0.699589645383132,0
11.0705681314444,1,1.47185446350006,1
9.25435884415883,1,1.15128710245227,1
2.27660060346182,1,-0.273300048129244,0
8.25842894380554,1,0.534516100196057,1
5.58835007175968,0,1.67457205754556,1
-1.96498838746251,0,-3.33486891222068,0
5.61381977878506,1,-0.357787096039394,0
1.19885080566765,0,-0.602504694508826,0
4.02011704119151,0,-0.0178371501377911,0
0.173632305855542,0,-0.427747996639931,0
0.988807075955498,0,-0.887375961350236,0
3.57466546402952,1,-1.07237815162143,0
6.78349129328187,1,1.04048153666453,1
4.35383950255528,1,-0.969685772352362,0
8.05275402880028,1,0.829749817427686,1
7.06549550008345,1,1.23151298216308,1
1.46088713207244,0,-0.894946297478931,0
0.715436519627412,0,-0.516184289361616,0
1.68799024433089,1,-0.723257251391146,0
6.02681351994799,1,-0.062294527803425,0
4.73353424131831,0,1.65067477983868,1
1.61861742237186,0,-0.0859231237456482,0
9.49860911099063,1,1.3735695507083,1
10.2740964837251,1,1.67413517329093,1
0.762706008245284,0,-0.425140104900693,0
7.82212211798485,1,0.691912789037992,1
-1.60340432075956,0,-2.3511649702093,0
2.18919415440008,0,-0.561939177629522,0
2.69229296053616,0,1.45611161547501,1
0.344459261613457,0,-0.74165800521559,0
11.2546074663453,1,1.83457252789661,1
8.7113673119849,1,1.63911375063994,1
-1.23384769389068,0,-1.97983718126535,0
2.11538599910318,0,-0.71280209847537,0
3.77142495188975,0,0.291958830048366,1
-0.449233333406416,0,-0.644196813611513,0
4.24291005265124,1,-0.556849478275149,0
4.77678567852543,0,1.32925594983776,1
8.38518831482851,1,0.729416499592267,1
2.57999144810591,0,0.313568195177086,1
9.42058655402702,1,1.88732181451096,1
0.0452654282418565,0,0.0140550546529363,1
8.89313610922737,1,0.924084324520176,1
8.92061779865093,1,0.133969188002613,1
1.51588995802264,0,-0.621020524148588,0
8.51645297552691,1,1.17493952613928,1
8.93126689495456,1,0.88040851904152,1
8.09751152808546,1,1.35076346534127,1
6.66850418394771,1,0.296230222962489,1
1.97486765446503,0,-0.571172217569297,0
6.95949977606602,1,0.845240748312308,1
8.19667668772841,1,0.821796641587225,1
5.17691987808674,1,-0.616490916046349,0
11.3380862322745,1,2.34185257243115,1
7.4330972757579,1,0.060375533427815,1
5.61708481060904,1,-0.451004737078945,0
12.1820077120656,1,2.64066503069644,1
1.39080423914326,0,-0.168156408815953,0
3.18328480859591,0,0.989806300097698,1
9.29546463486882,1,0.762560819106249,1
8.28367819416315,1,0.616392059668132,1
3.31168186396263,1,-0.877876791778874,0
4.02374113166127,1,-0.661781734592882,0
1.17979611138761,1,-0.608504629032716,0
3.07108916849663,0,-0.44989891258294,0
3.51260614275988,1,-0.47699096164719,0
1.42668850604458,0,-0.198868858413364,0
1.68546374695952,0,-0.358303991061069,0
2.19876579011963,0,0.714078524356354,1
2.97450386812611,0,0.717535337907112,1
3.60672217207754,0,1.49407906299451,1
2.06216820625669,0,-0.884052620740425,0
1.55730654326461,0,-0.0845043398119872,0
1.97664615761772,0,-0.843296610225184,0
5.9959991360507,0,1.88438824355621,1
1.78083727174357,0,-0.105127085503653,0
1.73792601460438,0,-0.838005093023302,0
2.21741543323892,1,-1.54406553214214,0
1.51661010482934,1,-0.337627229566782,0
3.93428344053339,0,0.501074907532048,1
1.52118559122867,0,-0.722373184780428,0
6.55782556097115,1,-0.0367343933252639,0
-0.466543920805977,0,-1.82531408176345,0
-1.46103905203991,0,-2.88913825076232,0
4.41067403758817,1,-0.539342721977581,0
2.79924208911656,0,0.525612673117675,1
4.92909887181406,0,2.22429382637133,1
8.96121121399691,1,0.371012843151279,1
-0.197384497541517,0,-0.886322707631606,0
4.20541059164084,1,-1.25564506238453,0
6.975835006932,1,0.637770711069536,1
10.0325124211236,1,1.9289049780672,1
8.29193546332769,1,0.598696749829921,1
2.58892424869442,0,0.955871300187609,1
8.33097474899558,1,0.460407486469997,1
0.705355093764788,0,-0.639753317158076,0
3.63172079610391,0,1.46614501846081,1
1.969181498437,0,-0.193367382179587,0
2.70590126118221,1,-1.2502183558438,0
7.50385418962389,1,0.368227108830866,1
5.1755679655285,1,-0.0695006239630746,0
9.23816830574768,1,0.991908859786768,1
5.9470922441355,1,0.250217374906376,1
5.66684733658066,1,0.476191897915879,1
3.44668197566765,1,-0.691252532057843,0
2.31240537796251,0,0.730707615925515,1
7.49934668262328,1,0.742385500735656,1
7.2668709041516,1,0.518524718726085,1
3.59889152598708,0,0.91000124734244,1
1.06790262949493,0,-0.169626621397325,0
6.55033425484544,1,0.196204044911713,1
2.1759571605077,0,-0.273310901194072,0
0.83595477350948,0,-0.297451014024885,0
-0.0145617674038893,0,-1.14990360079508,0
7.26141409630169,1,0.0978836192188133,1
8.159426762932,1,0.545386534081999,1
2.5940157756844,0,-0.252762871971422,0
3.27700481789878,1,-0.181290971070963,0
2.65249436830493,1,-0.455369029542422,0
2.78684403543138,0,0.291093974108653,1
9.48623979516645,1,0.856766342222373,1
4.0847651752505,0,1.02970745511592,1
2.50935467909734,0,-0.24110298613717,0
2.33465465074602,0,-0.237196861087442,0
4.21944381697228,1,-0.58161349044412,0
-0.452003187887628,0,-0.824821522411303,0
2.41384951338449,1,-1.4741830136607,0
3.02777204040955,0,0.112373740579584,1
4.06996202124017,1,-0.91123950870845,0
10.1310411373788,1,1.97471623476238,1
9.13855967660809,1,1.20650955127793,1
3.68560430826698,0,-0.161543840146082,0
2.6176283626195,0,0.907875288834337,1
5.89338287048694,1,-0.280932902064671,0
2.951178636976,1,-1.23513814285454,0
1.36286396052884,0,-0.859062637640848,0
3.49852110066109,0,0.37046149095726,1
1.87160196864267,0,0.680062267056223,1
4.5703152828232,1,-0.0937345115632056,0
2.37635592133357,1,-0.895861779612046,0
9.5341520421081,1,1.49680381516499,1
8.14999716272945,1,0.683796288358641,1
3.03666276952894,0,0.538044654747587,1
7.71449956816766,1,0.0955658408440695,1
-1.1203316906007,0,-2.48100589295678,0
1.36643448314466,0,-0.315294053603182,0
7.35902803328998,1,0.929959581292552,1
2.17314610742369,0,-1.04171179612989,0
1.69019335252002,0,0.391884532554483,1
1.68980646440685,0,0.0951266957108099,1
8.59464529959676,1,0.679418626571859,1
0.445076039835727,0,-0.55000681761538,0
0.604000534446824,0,-0.398427997782063,0
4.27677538679208,0,-0.0381873578243762,0
3.71290610279347,0,-0.125966682301463,0
0.944697075902412,0,-1.20753903979397,0
3.12636124056025,1,-0.357916656327275,0
9.55685247882296,1,1.6222291922874,1
8.00491260505349,1,0.234897953842387,1
7.47972178786031,1,0.0124101964281169,1
2.29200635841911,0,-0.263917811173763,0
6.18884675247841,1,-0.149032480883749,0
5.1998782399568,1,-0.0588657089599649,0
3.10591725849337,1,-0.949740253030968,0
0.836328883945128,0,-0.142053650868353,0
7.12785693159484,1,0.505630801110711,1
7.31348530730247,1,0.296127391490909,1
3.54224409132761,0,-0.191151069884085,0
6.40649276348354,1,0.11608015189252,1
0.689509888659862,0,-1.22482900463347,0
4.79383806875749,0,2.04276089909462,1
8.51835719381871,1,0.532322713791828,1
4.92864142208706,1,-0.0527424301587339,0
4.24191060746786,1,-0.680727290164872,0
-0.327981584146094,0,-0.674157846017441,0
3.16079496391462,1,-1.49283243656541,0
3.22610723785964,1,-0.228590342446271,0
7.07977449955767,0,2.03098569759299,1
3.50970694128072,0,0.105390713646205,1
8.60328513912915,1,0.509673472487777,1
5.74185512489018,1,0.137916120140934,1
3.30655145388801,0,0.984684747099557,1
4.58408672322861,0,1.16547811674589,1
1.46647276734683,1,-2.27899552223979,0
9.07193336515355,1,1.3436583589444,1
9.57393656001445,1,0.00414857935360502,1
5.45071025601668,1,-0.186192150156607,0
0.164277414578834,0,-0.73347707632366,0
3.5566052439945,0,1.43041229833574,1
0.0274688817562739,0,-0.883686579967491,0
0.774155348131392,0,0.102639329245488,1
7.75907500654083,1,0.173019024684171,1
3.03891973102523,0,0.725804554258597,1
3.58079754887282,1,-0.738748880699873,0
-0.119319354815256,0,-0.658933527079398,0
1.98333486202613,0,-0.869144064913919,0
8.55482973028874,1,1.01548721002594,1
8.50774990146161,1,0.265345911030211,1
4.12673858994831,1,-0.691561222378951,0
4.95263921672316,1,0.631083866521611,1
0.777868654831298,0,-1.09773017011883,0
9.9825078397388,1,1.03515745984002,1
2.76954983358604,1,-1.21170593326896,0
2.120568183295,1,-1.36952989035854,0
8.97594928452488,1,1.22697016354518,1
1.92857887845308,0,0.196509571842292,1
4.56298907746142,0,1.03188317389406,1
-1.03774517722469,0,-1.12811620124516,0
7.62646723827921,1,0.616877183960451,1
8.394235407231,1,0.772259418953066,1
8.10389416661431,1,0.1069312305168,1
2.97818017975929,0,-0.494228062831141,0
2.27501023795948,0,-0.0128335265365381,0
8.807696901692,1,2.48590915169487,1
5.44178955229315,1,-0.422561921005318,0
1.1658200983182,0,-0.661951941998014,0
10.2258596388382,1,1.99498183347439,1
2.22485480382849,1,-0.781961296991241,0
7.27190198693555,1,0.224574261853269,1
1.39192580029138,0,-1.01033333169233,0
6.57177657246911,1,0.163844079769283,1
0.881828018220223,0,-1.38099879840124,0
4.78520682596463,1,-0.419866651213912,0
-0.305003118649519,0,-1.52789830892432,0
2.93076720522071,0,1.28831456508243,1
2.29562349774761,0,-0.616863104026624,0
9.28758413990267,1,0.977545826022912,1
3.2839227326364,0,0.0705649651950324,1
2.01523211629921,0,0.641295676476088,1
4.78358468371087,1,-0.965721700518139,0
1.23775586040117,0,-0.359825617911076,0
6.47013616743691,1,0.316628093180486,1
5.41565731937606,1,-0.154034566259685,0
8.87908086100029,1,0.612227727971192,1
1.07942523202682,0,-0.173510275966007,0
3.17615022866648,1,-0.716839023704154,0
3.02653996951542,1,-1.55296047589967,0
1.93369236353459,0,0.248944860935967,1
9.44998189148058,1,0.566683318554119,1
7.18168995253743,1,0.0608253318281287,1
1.73570136803533,0,-0.534135736755572,0
9.31275642024855,1,2.21570646959536,1
5.7438438166921,1,-0.185232595076563,0
0.45368502870829,0,-1.12493753794972,0
2.97671140960185,0,-0.275893167370124,0
8.9881577824258,1,2.37760275965638,1
4.25373740449786,1,-0.356682296747568,0
6.66358818684412,1,0.715894648887569,1
1.93582796859417,0,-0.161127874173976,0
8.62892966156393,1,0.798548935635763,1
3.92990927785571,1,-1.02407024527485,0
3.61271443582755,0,0.136135369470696,1
0.516940269063527,0,-1.24793771928645,0
-0.767881276579418,0,-1.0862254035414,0
8.83726888286533,1,1.16139362759315,1
1.86191664425672,0,-0.240144973012225,0
-0.0317633004629456,0,-0.6681775376158,0
8.93036708007272,1,0.982662954087098,1
1.9708209738195,1,-1.35471257324806,0
2.36132661010206,0,0.196067076441631,1
0.451604224468732,0,-0.391946760782579,0
2.33238043547015,0,0.351027763145535,1
4.13734755905925,1,-0.72807235394668,0
8.21448522834415,1,1.33517146753021,1
2.97344801150664,1,-1.05102110525001,0
7.77946288886592,1,0.900683509625636,1
3.24899814693607,1,-1.43613470914823,0
3.5655461510656,1,-1.60247381203185,0
2.742454640639,0,1.14628512985786,1
10.2814357476338,1,0.482944769778482,1
2.46699121421075,0,-0.137731414863038,0
4.44889327565385,1,-0.0400504541028388,0
2.15316798207499,0,-0.31703091251635,0
0.670393537208713,0,0.0250595508260321,1
3.30304489639176,0,-0.690857901479476,0
9.83645875831264,1,1.97881733394553,1
4.4118714446648,1,0.0740913930392578,1
2.91709478453523,1,-0.85493048835517,0
4.39308872602474,1,-0.0859273207766617,0
0.652726179835446,0,-1.21138094474157,0
4.93829765994044,1,-0.810863571756814,0
9.22929418772238,1,1.02751748793637,1
9.67452013305754,1,1.63925679243671,1
3.85708871751907,1,-0.502658150348568,0
-0.100782760184651,0,-1.85189664191708,0
4.81740784773048,0,1.42513767910433,1
7.6323804861169,1,0.0880210225661577,1
3.00231001145016,1,-0.760795406942862,0
-0.267614392550386,1,-2.59847982805189,0
4.98412650633793,0,1.71344675282697,1
4.98403148808024,1,-0.102763405373182,0
3.57588945483973,0,-0.312301099124517,0
8.10177688311192,1,0.790146518199363,1
2.22463453203468,0,0.4916478967878,1
5.73820339774956,1,-0.21019474641599,0
4.35418164466537,1,-1.45679078210666,0
-0.298149016708351,0,-1.06194616235194,0
4.35362069480705,0,0.693079446638264,1
2.94619433173663,1,-0.246125546126275,0
6.58536995781642,1,0.204114272095626,1
3.70725861781939,1,-0.329603666967993,0
0.0987109936746002,0,-0.600399973536541,0
6.86046600343755,1,0.430871613667135,1
1.58219101099491,0,-0.172043647149998,0
3.41154339652489,0,1.27601548500546,1
3.88622383699191,1,-0.584440229939331,0
4.0150381255156,0,1.17370179593699,1
0.553358421690665,0,-0.581872329033109,0
0.871109740914695,0,-0.329342620439492,0
3.56941434876641,1,-0.945413098620572,0
5.13010524482848,0,2.13226182906621,1
-0.379369645459096,0,-0.739654103685702,0
6.83003123489427,1,0.658804709525896,1
5.7052490605522,0,2.21923398434073,1
7.60881789956526,1,0.110411396386018,1
1.19071702810039,0,0.131315623387927,1
1.36491383528586,0,-0.056753650739944,0
7.50110219544975,1,0.183876014825865,1
6.17610976149889,1,-0.487757671497087,0
2.73185419266147,0,-0.212571517999086,0
2.87790646361471,0,0.256733851311209,1
3.68472537600687,1,-0.781955341343402,0
1.06306943294243,0,-1.36447644359235,0
2.45862697135068,0,0.164984108685424,1
5.47685960489944,1,-0.6671164939967,0
7.44232726760289,1,0.840982391118765,1
6.63051641994112,1,0.394364141935243,1
1.41460437709934,0,0.470775948588281,1
8.79164735205962,1,0.534666229912775,1
5.20558141653712,1,-0.0321812558437084,0
2.23013139158759,0,-0.174506179386332,0
9.19569108115668,1,0.69580174038992,1
3.54055215339155,0,0.842224659505425,1
4.47186579530264,1,-1.07515790197257,0
1.61699302105159,0,-0.0104603203896344,0
5.54393637422212,1,-0.370836658989962,0
7.75490154620234,1,0.503888682129602,1
8.16697651955057,1,0.203579828058318,1
2.69696216701181,0,0.439198210712477,1
9.68678234232382,1,1.66676953582874,1
8.54337171595616,1,1.01066139069641,1
0.00204824282731453,0,-0.370728994470347,0
1.75744155729592,0,-0.327481669786207,0
2.88737514547347,0,-0.1080875469723,0
0.739210682693852,0,-0.567297463675393,0
9.66536465903199,1,0.600867684523761,1
2.6447317968569,1,-0.68393842665168,0
5.99595246527868,1,-0.147542764239243,0
11.0145787114976,1,1.4558980505709,1
2.31314422339296,0,-0.564912731510214,0
8.33269238704583,1,0.062248767128112,1
2.75167809113404,0,-0.167646176650103,0
2.67128701887919,0,-0.230538735833566,0
8.9836923956441,1,1.2637319263815,1
5.75102003845542,1,-0.161419610865796,0
1.14218339752625,0,-0.606929595668957,0
2.84036975633419,0,0.43553102802713,1
0.824790273815869,0,-0.671971998904712,0
2.74077637796834,0,0.929494231543994,1
2.14142220294793,1,-1.33226557095142,0
1.11386114987953,0,-0.871019803703189,0
3.61322760713698,1,-0.857438877969999,0
9.10627162948318,1,0.740486914279772,1
11.0192194253976,1,1.52553663692098,1
7.69920657912172,1,0.0732692989139719,1
4.17612796583837,1,-0.35356831223138,0
2.60328906129299,1,-1.19921796242832,0
3.60648289262386,0,0.887277986417379,1
5.3297568169871,1,-0.197453078078604,0
1.27259683827903,0,0.314195157597549,1
3.31557829606103,0,0.459028010240826,1
3.38518306988658,1,-0.0220244517224324,0
10.3015500236331,1,1.27602084333238,1
6.30095167335079,1,0.264400323460253,1
8.00771135347861,1,1.56699122687921,1
1.50822375314452,0,0.207348020282944,1
3.75580515554006,0,1.76520329997092,1
4.17502348158245,0,0.82082320480899,1
0.223033022534898,0,-1.55745190188295,0
5.66997122576294,1,-0.206986812308486,0
0.808772426002321,0,-0.0791739112834046,0
4.8834408524223,1,-0.206165953796599,0
8.98120626462465,1,2.00416989816849,1
5.48630644118653,1,-0.339775034566687,0
5.64188455030085,0,1.07380755062156,1
9.23100861281474,1,2.3066583446386,1
2.46178795962087,0,-0.0164371116094829,0
9.11991798369833,1,0.811376734401509,1
0.980645492022597,1,-1.17394092131722,0
0.435800304205953,0,0.0750037709142918,1
3.06017219272157,1,-0.898541393612628,0
3.21088807248278,0,1.13890545872771,1
1.35858096964043,0,-0.426915359319242,0
4.24473576679593,0,0.943110013658181,1
2.26967816196926,0,-0.560808596732794,0
-0.292777379046135,0,-1.00772318779542,0
-0.0988769809558998,0,-0.302459383221041,0
4.95146742168236,0,0.97689653850692,1
3.57354878529686,0,-0.235888256105733,0
4.22055870036273,0,0.139806346927358,1
1.59289008431733,0,-0.465753934073676,0
9.36672363246754,1,1.54906382144795,1
0.914292156651442,0,-0.169140573760145,0
4.32418963292594,1,-0.873663894047361,0
10.5897432243478,1,1.40023487143313,1
1.56035831261892,0,-0.132136896166185,0
0.467869613727186,0,-0.504378119060069,0
7.40788435186229,1,0.0356707014883513,1
6.84204574723527,1,0.484666714033114,1
-0.715731189928531,0,-1.60819994150706,0
4.00234128311897,1,-1.51314345030179,0
4.04832487764338,1,-0.635536387378495,0
6.64066130507577,1,0.493791836837454,1
7.97390828156303,1,0.485044965581756,1
8.52239112620223,1,0.505730986898488,1
3.23007566583774,0,0.720639673200926,1
9.27849882023051,1,1.09071340685602,1
8.20682221208651,1,1.76000545978408,1
-1.63984586164006,0,-2.1608470970967,0
8.34798744605615,1,0.109012446414257,1
9.02777983063937,1,0.59102778796804,1
4.12475128896135,1,-0.093956849096461,0
1.48976547036677,0,-1.20268324723999,0
3.01264843850769,0,1.21271424110936,1
2.48993322447502,0,0.01768171495676,1
5.34507785770743,0,1.70117216704147,1
8.9478807448543,1,0.0152534486774572,1
7.34036244712112,1,1.4298386039284,1
-0.322902678395603,0,-1.35108789809846,0
0.196556379050185,0,-0.745562443486248,0
5.37458181568952,1,-0.299041888301593,0
2.5756379228946,0,0.979081703456106,1
7.90634505119433,1,0.475953428023495,1
3.94609941608013,0,1.40947052694889,1
2.66402396167064,0,0.744013203058878,1
12.2639615943363,1,1.63406752465068,1
1.8507228060795,0,-0.0473983707282788,0
-0.250512467470739,0,-1.54105074298047,0
4.88942421096245,1,0.0304820955545122,1
2.68977888318034,0,-0.609257467954351,0
6.42127307961496,1,0.294618449521842,1
3.80118799516999,1,-0.441045448049336,0
2.20372852302039,0,-0.0444936902119613,0
-0.554046982241839,0,-0.881024597690529,0
0.710693378419653,0,-0.495796756346604,0
0.21360308182403,0,-0.534271680173821,0
7.51489355003512,1,0.792746510816934,1
0.536662519598848,0,-1.19750902915635,0
6.0843327078916,1,-0.264963876475596,0
6.29710339827125,1,-0.410606278351232,0
6.29698685321003,1,0.169743590715159,1
8.57708744374976,1,0.616706371015046,1
5.908346783996,1,-0.182156293821307,0
3.71688542112852,1,-0.988458090329169,0
7.96985132659207,1,0.269358191989281,1
1.8466063078967,0,-1.0194120669272,0
1.43231732922837,0,-0.705508618439312,0
1.23865391086636,0,-1.72195179315306,0
0.830039793144236,0,-0.2997779900511,0
7.73011648684588,1,0.11511347045971,1
0.873639274895331,0,-0.803634921158188,0
5.60941393103249,1,-0.200817529661911,0
8.8111788153414,1,1.49704103328804,1
0.647538363369761,0,-1.4190967276168,0
4.22123747246025,1,-0.672544372174072,0
2.95796265943284,1,-0.677999319434284,0
1.55974351925033,0,-0.0477023737122282,0
2.01412139976922,0,0.0987039752801113,1
8.20162423408747,1,0.642951626577851,1
5.72303637421935,1,0.550061121271343,1
7.09739989360769,1,0.0875090270443522,1
-0.815611156214195,0,-1.30283455348459,0
2.94504480227502,1,-0.496833201512789,0
10.1292226554841,1,1.09898759205966,1
3.36808901886136,1,-0.453679850654777,0
3.72692813867994,1,-0.193732540728547,0
3.34215165407981,1,-0.597809082121557,0
10.2398517151645,1,1.67764102811679,1
7.41372641422798,1,0.770782868282416,1
8.66845178898504,1,0.776500288492887,1
4.52133404802265,1,-0.67465321483157,0
5.83670103572959,1,-0.646370113578364,0
1.42069585559845,0,-1.01903026018269,0
-1.55745637803026,0,-1.54907562467629,0
2.75749437359674,0,0.00179046765734345,1
-3.00466883918636,0,-2.00428860762024,0
5.66130096796542,1,0.51540700729137,1
5.62260811361326,1,-0.114669665544717,0
9.10599820573089,1,0.443390227899965,1
0.490160523209591,0,-1.73924904243594,0
3.88940876821055,1,-0.491515772331691,0
2.26058773973444,0,-0.262139542384256,0
2.34919336148776,0,0.451063153182644,1
4.74556320768101,1,-0.18666685782075,0
1.86855833571187,0,-0.733988624453691,0
0.877301822304371,0,-1.33006396950516,0
7.05558536415148,1,0.0627510019023773,1
1.83889296967938,1,-1.3901639320307,0
11.4936622756578,1,2.00685204658114,1
8.49187711126116,1,0.432896591453452,1
9.54004486525989,1,1.69026818990972,1
-2.29837577772564,0,-1.72775093188908,0
2.20281321543686,0,-0.139663678508488,0
1.88006591597492,0,0.604694843746735,1
7.58373864400801,1,0.92767832310282,1
0.210389281795268,0,-0.777740434488183,0
-1.95116785630065,0,-1.9341911761658,0
5.24677043136152,1,-1.06385889379589,0
-1.50439564848602,0,-1.54484080563534,0
3.42988157979597,1,-0.574582901533222,0
2.28508791345327,0,0.244398826140017,1
-0.683458198493292,0,-1.61165612173155,0
2.60062485228953,0,0.836141095850208,1
-1.25850098513577,0,-1.31766820772078,0
6.13304760771248,1,0.230362589105942,1
6.35608132750496,1,0.0379142860346699,1
6.92427194795997,1,0.557169580469633,1
2.12391851512272,0,0.648333304601639,1
8.02805837861116,1,0.206798961737402,1
2.24760792329699,0,0.431676384157254,1
3.29616278334646,1,-1.7796328949932,0
1.95800528026473,0,-0.406690088001548,0
0.883691303272339,0,-1.14431528886822,0
2.30554264799772,1,-0.377586674656624,0
8.84189195868133,1,1.21518850771103,1
6.88817962130129,1,0.685880819909887,1
6.87080998762207,1,0.67139591608316,1
0.814790028007675,0,-0.525465084369378,0
4.06971632214521,0,1.80562638364558,1
3.10801070532601,0,0.189959920438392,1
8.27238004947183,1,0.600229822564761,1
9.32448902611485,1,0.862080200191516,1
3.42014442069358,1,-0.47865207194828,0
2.06664040539363,0,-0.480009360875936,0
8.77226254978209,1,0.9992346019387,1
2.29133891546186,1,-1.17770298858257,0
7.0957074995191,1,0.315661502060014,1
7.69792347167847,1,0.603335561882608,1
1.01495663048025,0,-0.91520415417976,0
5.86929812222364,1,-0.0476788089468562,0
2.79700832271045,1,-0.626638883519724,0
0.00274016049249637,0,-0.433558684775297,0
5.92436511820337,1,-0.380831889753359,0
2.15414535121192,1,-1.46168202761094,0
3.50958379281528,0,1.6943926235438,1
-3.83629579702032,0,-2.85929084296045,0
1.29640867297658,0,0.704296535133231,1
6.55421647271506,1,0.285791998571625,1
1.80434480732139,1,-1.41186531685067,0
8.07652067640441,1,0.344086341126419,1
7.46691378353203,1,0.291593646701819,1
3.82928745046378,1,-0.696888208341611,0
0.680724072084671,0,-0.85316197900889,0
5.38177543817297,0,1.53883875334379,1
1.24718792297812,0,-1.07979013332697,0
-0.646531816614422,0,-1.85011353618451,0
7.26304064550597,1,0.538196563329606,1
8.34823911058409,1,0.412367555543793,1
0.535528470283546,0,-0.465240868816315,0
1.84052583231468,0,0.661003963912307,1
11.2614459579969,1,1.90110553473499,1
4.20940322235033,1,-0.497243751762416,0
9.35692696854421,1,0.330068083777572,1
7.17281924608897,1,1.00349789437172,1
0.395641550169173,0,-0.72294083203947,0
2.55407074850373,0,0.314608566872073,1
6.98975292869276,1,0.0980216757993681,1
8.11826001847874,1,0.156949483827605,1
3.91165549144397,1,-0.621610000004552,0
2.69613194882656,1,-1.15100951249527,0
1.91883947947121,0,-0.0897079719327573,0
4.27099723084987,0,1.24761379240844,1
6.80255587238596,1,0.858451518689256,1
4.50591853527328,0,2.12807816566294,1
3.43185719459305,0,0.450173381491744,1
6.69306306875966,1,-0.138693454428993,0
0.513565613639499,0,0.139695538857179,1
3.03415339305364,0,0.646017472293984,1
2.06759717777904,1,-1.11196585266964,0
9.08229262839938,1,1.17922737171637,1
0.761349402608927,0,-0.323208756919467,0
2.72384693736086,1,-0.900540775436143,0
7.44689475648806,1,0.49832919842484,1
-0.237576768917408,0,-0.308841712406062,0
-0.234864884794267,0,-0.497121688805592,0
4.70495772196763,1,-0.422827358915058,0
1.40631047047109,0,-0.137438963280316,0
1.99224260764112,0,-0.418777015781605,0
4.05038784506119,0,0.338518905930209,1
3.85577238821752,0,1.37184840949104,1
9.99129185280236,1,1.93376321827054,1
1.14274655169887,0,-0.0856405531591613,0
1.89723877399519,0,-0.521321482177267,0
6.82887152738288,1,0.330467237265578,1
1.69429880656903,1,-1.27794446555773,0
2.5159580889102,1,-1.00286047891948,0
1.9977687633474,0,0.201982330843488,1
9.46460512509702,1,1.35345144557429,1
8.27859681192422,1,1.18627914298493,1
9.13280729627005,1,1.63802336584925,1
3.54470622772547,0,0.250550754071854,1
4.15268844953503,1,-1.26050402296337,0
9.86537165290468,1,0.842197298366586,1
10.6266832525838,1,2.9702055356127,1
2.36248929206274,1,-1.46407542397493,0
-1.28495251948085,0,-1.63549004035653,0
-0.221204660202526,0,-0.852505034109865,0
5.59805260999945,1,-0.233847690028629,0
0.29475754600252,0,-0.875453846448553,0
6.659401986522,1,-0.347629141135425,0
4.78295240465554,1,-0.0633100121991598,0
8.7423949724274,1,0.0558314834591294,1
3.15866232867817,1,-0.723443137707853,0
-0.309668944273672,0,-0.776997287231827,0
5.45395240896766,1,-0.850711091620274,0
-0.0751789140170664,0,-0.573174991037298,0
9.22385291565397,1,0.926807165612815,1
1.17731025543944,0,-1.32264299031476,0
-1.47404338081133,0,-1.57693910836535,0
0.82571202381159,0,1.2087589104289,1
5.23840735598994,1,-0.0283303695944482,0
4.62234505113295,0,1.31514157584889,1
7.22388359626203,1,0.872529085628565,1
5.12967570030268,1,-0.212539003856635,0
2.81825177522777,1,-1.3729381178604,0
3.52522091358095,0,0.447185718845591,1
0.437580522180914,0,-1.14438214273376,0
3.242554488967,0,-0.0469859162023997,0
2.9301743531615,1,-0.806870515659455,0
9.01995309348444,1,0.961931389965826,1
5.79597200183909,0,2.17403428462942,1
2.73948439308792,0,0.69921925568442,1
8.07664722512481,1,0.138225190061324,1
8.22042170501934,1,0.0798777602994297,1
3.00607408764667,0,0.150344056163282,1
6.72598140924241,1,0.36389739508749,1
2.70565464127582,1,-0.78276299973759,0
2.74072715909926,0,-0.455429191505892,0
4.33910702765306,1,-0.0827483913900074,0
5.37956126039901,1,-0.355088817322974,0
3.50346097226684,0,1.45591992814036,1
8.0704419348546,1,0.61292257690338,1
5.86664442166218,1,0.0688897497053946,1
8.88066586114971,1,0.62493097819664,1
1.83286008379494,0,0.766584363757457,1
7.52859151135715,1,0.906364613528407,1
5.04280465308863,1,-0.0189858984889883,0
1.22947613881919,0,-0.635782676727981,0
7.82542222260187,1,0.928411642727233,1
10.1855546273872,1,1.36779881544029,1
3.6778961133017,0,0.525540585272819,1
9.50203225315745,1,1.19386810153349,1
8.2821096334629,1,0.192686057634376,1
1.3432326101972,0,-0.0194966783970472,0
2.05689442649804,0,1.29390349567356,1
-0.578087335727736,0,-0.328434216442379,0
5.3180103950704,0,2.0057390473742,1
-0.55842027683797,0,-1.72838537278243,0
1.55258403062066,0,-0.0134437544305935,0
3.80071634986377,1,-0.187238572009623,0
6.73786366610023,1,0.392177238068128,1
5.64105567784887,1,-0.117368266937979,0
3.19635367840906,0,0.415217253249122,1
7.81140215711407,1,0.393086290906887,1
5.91987349234044,1,-0.225771928650653,0
5.5579150919205,1,-0.421282461844229,0
3.34625169624187,0,0.264782366208516,1
3.12851591098282,0,0.0183323422080284,1
5.58463222409217,1,-0.434455695749887,0
7.1418714663123,1,0.225191866663686,1
-1.12294439110467,0,-1.35167472501212,0
1.62378325461133,0,0.768318078642767,1
1.70372235774832,0,-0.00105575018481226,0
1.99440446841114,0,0.0918264865823588,1
11.8043497670895,1,1.64420256164572,1
3.04207071808063,0,0.88771414621961,1
-2.93057322078482,0,-2.61768968735886,0
5.53980061228688,1,-0.950819922085739,0
1.83381068743257,0,-0.521005603577952,0
8.76889415452789,1,1.03773493172073,1
8.5863449720709,1,0.067282749629131,1
3.57340693283513,0,0.360794089978907,1
2.80860438214788,0,0.710633575634671,1
3.74105407058884,1,-0.81334061588865,0
4.76681249415005,1,-0.87416598216949,0
7.24526003476482,1,0.461927121694397,1
7.94544011491505,1,0.75712920451868,1
4.22745326239283,1,-0.0884243549959216,0
3.72838409456987,0,1.40230059878247,1
7.95966113289662,1,0.298978201945006,1
0.601797594992877,0,-0.975187044466265,0
3.52699056649649,0,-0.150720373723205,0
7.90179530941284,1,0.682591835489662,1
-0.11335108475153,0,-0.87445799114391,0
6.14739026203547,1,-0.255064619433556,0
1.04441942480646,0,-0.626972763494632,0
7.61256303331416,1,0.212661804844217,1
2.74405821350733,1,-0.365399049176796,0
3.51982169064965,0,1.1537290541841,1
1.39811081617444,0,-0.0930095148016228,0
6.385090593274,1,0.874494241444805,1
-1.12979073873194,0,-1.85576843398899,0
7.77020117846161,1,0.294295582527407,1
2.80465040734509,0,0.312645807114295,1
5.27269343589425,0,0.6879902342431,1
0.697373322203845,0,-0.112855185877089,0
1.25701246454409,0,-0.237790809560637,0
2.10611866023429,0,0.335844201855324,1
2.22870754444764,0,0.070706319245708,1
2.0933328003916,1,-2.1141498502781,0
-0.212088926786116,0,-0.728430671345942,0
-0.6185502333847,0,-0.69767001438853,0
9.6884426542715,1,1.04654888406716,1
3.58504437516296,1,-0.645962720206348,0
0.0705287193150785,0,-1.17782670209803,0
0.490364736992745,0,-0.675368697244599,0
2.32122582023899,1,-0.584798771515977,0
3.96659144576578,1,-0.168775006725818,0
-0.867389532484217,0,-2.04107817659576,0
1.15638734571465,0,0.193596852219819,1
8.8182748316062,1,1.82521002235256,1
0.166154607286183,0,-1.3865964428103,0
9.04469119207259,1,1.63929748314283,1
3.3972227642035,0,0.849758090983725,1
2.2026480048129,0,-1.01546241072266,0
3.6372276120953,0,0.00822274829856884,1
6.10120879827964,1,0.568391948442853,1
1.32599535030219,0,-0.0309022961847123,0
1.61115965094151,1,-1.87189043278786,0
8.26616230567756,1,0.374683288639724,1
12.7070028630182,1,2.66396051461216,1
4.46761008567577,1,-0.903450946146368,0
0.423539141571244,0,-0.191862086180508,0
2.33920395542163,0,-0.225005435053797,0
3.19691413501848,0,0.54157399552872,1
3.73688381358742,1,-0.536239947585643,0
2.38575479168746,0,-0.646499425794802,0
4.11899099478173,1,-0.624125484876565,0
7.82318437656816,1,0.153602013875461,1
-2.08637450404303,0,-2.03240637213734,0
4.08904952127125,0,1.68189121993896,1
10.6232715986428,1,0.544080932330602,1
1.44973157416937,0,-0.57464353369212,0
5.17649002469813,0,1.54504000191982,1
4.35384588533278,0,0.875589859045188,1
7.30323656178136,1,0.010042372188312,1
4.33787103676658,1,-0.10777183706852,0
-1.51502061655482,0,-1.96914215585753,0
1.76589396364178,0,-0.206058411311176,0
7.72462883204967,1,0.923705514045042,1
3.98012354478544,1,-0.658634679819414,0
2.14304274672573,0,0.686382563143479,1
1.85426233458073,0,-0.424048843984309,0
2.33558854339133,0,0.567403426786098,1
-0.0941020645462856,0,-1.15456730014987,0
5.88528337461486,0,2.09538772013264,1
9.72907288363217,1,1.60527182574194,1
1.3380738649611,0,-1.66400284736529,0
1.903457444801,0,0.166305083093198,1
5.21216932027984,1,-0.406282266848802,0
-0.984484868311881,0,-1.49131922091376,0
1.11782704357488,0,-0.385648376368513,0
1.32200990249273,0,-1.01302347947667,0
4.01389539060593,1,-0.372657101040021,0
2.55359261650288,0,-0.0556461694998728,0
2.74585341283609,0,0.312528709640562,1
2.82512071666987,0,0.138062456921058,1
5.09469845822379,0,1.29383173439041,1
1.09931499678922,0,-0.0147075913219404,0
1.47834212339425,0,-0.0898765431445572,0
7.87011812601903,1,0.305878291184644,1
1.19859175125603,0,-1.15618806864842,0
1.89814686293887,0,0.274682879882042,1
-3.15478406121414,0,-3.83583519143769,0
3.33118628998173,0,0.54999045083958,1
3.65519337652117,0,0.86915811158862,1
2.56568714227237,1,-0.784469321482778,0
10.5599254836575,1,0.96581774343854,1
7.46005808534304,1,0.603769047949636,1
7.9797028078159,1,1.16564513531873,1
3.5779343494588,1,-1.31461979850276,0
4.41873677884377,1,-0.686224669587009,0
1.26408008111506,0,-0.543936878388885,0
2.24136829594091,1,-0.698583982646615,0
-0.621762386908278,0,-1.42277869482208,0
2.04271850782684,0,-0.48613569977092,0
7.26079617637532,1,1.20543951145032,1
-1.43751145280535,0,-2.20572207551485,0
4.23760556364128,1,-1.28084444081131,0
4.47760530217253,0,1.10066676333054,1
2.28661225984195,0,-0.285324334800793,0
4.98143204040324,1,-0.239193130897236,0
0.807223332289851,0,-0.64360603162281,0
4.7485959873416,1,-0.0422454326415987,0
0.595313799042316,0,-0.881785332473386,0
3.18335855345204,1,-0.33101232786457,0
10.4312309578802,1,0.512022876371739,1
2.44558235247801,0,0.174136706335167,1
6.79866063846102,1,0.0538716621585479,1
3.24410611061782,0,0.647376019266794,1
0.652317855079019,0,-1.56565058437413,0
9.69587908818718,1,0.688751222129457,1
2.16899330271364,0,-0.302086782826199,0
1.19551268487237,0,0.551126104952921,1
12.4861484364682,1,2.89465509343137,1
3.13206338687599,0,0.233708296614372,1
4.58801367677257,1,-0.499690467925192,0
6.87420776678252,1,0.019976843101048,1
4.52310165586125,0,0.47354598602115,1
1.98415857315149,0,0.371063768012563,1
4.47203597202097,1,-0.018951699016172,0
2.79898300481646,0,0.956244087593892,1
3.36526801938515,1,-0.705673412181836,0
-1.52706031245225,0,-1.60271642646853,0
1.57563015670076,0,-0.418747444367006,0
9.60909781790613,1,1.12120991339244,1
4.33307091458745,0,1.20161448987915,1
4.5799052992747,1,-1.35254789572831,0
2.45810771012508,0,-0.043850690314907,0
2.07021767088078,0,0.464988342858773,1
8.55888685869098,1,0.50268043666845,1
4.91302263679571,1,-0.278782975924839,0
0.180154687455458,0,-0.0403928725719307,0
1.08690700651709,0,-0.00059858329774702,0
2.11694842155306,0,0.693310547182095,1
-0.551248378535089,0,-1.1141668203294,0
-5.27594331076908,0,-3.69861774836442,0
2.30763946152054,0,0.787094035945037,1
0.527590823003285,0,0.380681412412577,1
2.81142212663938,0,-0.319118351572684,0
-0.284083325085866,0,-0.262501864766089,0
9.36645874736895,1,1.05282429954464,1
1.26327785925699,0,-0.319924160584824,0
6.42803936666154,1,0.614176739535276,1
1.97606650829531,0,-0.950729111831013,0
2.72333256022247,1,-1.03992809829214,0
-1.32075572214815,0,-1.19358797557088,0
1.23606418089781,0,-0.661195932969422,0
7.23305646704466,1,0.569793827687618,1
5.39759850799283,0,1.37399505199461,1
8.11360086884894,1,0.751859079713114,1
0.98650062677514,0,-0.493535765857882,0
4.74221675812418,0,0.723354171764218,1
1.27426680079595,0,-0.607889142190605,0
9.88727920030293,1,1.09479653441176,1
7.82889133340241,1,0.233841866798733,1
9.70511174166191,1,0.764413704248071,1
1.0055397293773,0,0.139066800495384,1
8.42112969163886,1,0.492949327558925,1
7.91703200153213,1,1.39025251925645,1
8.973657132592,1,1.47212281247463,1
-0.00378890776327068,0,-2.1282184712258,0
8.99552669124277,1,1.0352727188547,1
3.07779068486024,0,0.97533826717753,1
8.63939658960928,1,0.947544216380468,1
3.8390569121827,0,1.0973160493516,1
1.83055207850785,0,-0.340628858585176,0
3.91463192809813,0,1.5565762919038,1
0.873301984512614,0,-0.448661021482977,0
10.0506304134482,1,2.93427481455279,1
8.82126537154154,1,1.45323747482862,1
1.62618629608277,0,-0.388183449539013,0
2.53203322656922,0,-0.770957226240682,0
3.17242437319512,1,-0.773890752831628,0
4.65349935468885,1,-0.082295569545064,0
0.272854526662299,0,-0.0922059176250316,0
9.09335290174285,1,1.05630950267076,1
8.70098054599861,1,1.39071100849123,1
5.10599314631335,1,-0.00127373350731646,0
7.05698637633551,1,0.243314442172369,1
13.6177663247378,1,3.17385918446724,1
5.38685264729446,1,0.00960517796044161,1
0.0245271073640537,0,-1.69538669520169,0
4.29681520383618,0,0.60058799483938,1
1.10452973147093,0,-0.648780436617443,0
5.00507893189357,1,-1.04511808865302,0
10.0261936581335,1,1.24018263122656,1
3.76117115681137,0,0.168113238098302,1
-0.479365290960824,0,-1.37838398993505,0
0.347697840992969,0,-0.587198416343966,0
1.58363936289912,0,0.202070331740432,1
1.51680307772249,0,-0.270466303102024,0
3.73589330482625,1,-0.413356530166603,0
7.723550944891,1,1.49212702445199,1
8.45364579677303,1,0.307254989894544,1
9.52401281738439,1,1.61591056298412,1
1.38866024842598,0,0.424010680968909,1
7.97658238718134,1,0.824429311096133,1
3.20804574686878,0,0.745717631681926,1
3.77694345867029,0,0.581571249647004,1
4.59440670571814,1,-0.273425157848461,0
5.24541841348087,1,-0.12312932368419,0
8.39167286349029,1,0.282636473615636,1
-0.124295475950793,0,-0.883575705152428,0
0.323016608241383,0,-0.43415702573468,0
3.74928814885702,1,-1.35938690355755,0
8.09701826105753,1,0.526818338105288,1
-0.477082759813725,0,-1.20275371531419,0
6.34436197782814,1,-0.237294170569867,0
8.0887390690717,1,1.23640674975013,1
4.95013719544506,1,-0.453767707398684,0
-0.115150077101013,0,-1.18140986243814,0
6.20145893804757,1,0.248096725153084,1
0.0307575547733133,0,-0.689597144821856,0
6.31300381772328,1,0.177422071706511,1
2.21362808719756,0,-0.388378790469933,0
8.90264872714706,1,0.927435724524944,1
2.62889839139263,0,0.638421759398212,1
7.32284860082538,0,2.18951637182617,1
8.59740474619683,1,0.811169454008451,1
5.54883943082976,0,2.33774443171504,1
8.68731951176605,1,0.957301953843999,1
2.09883046232392,0,-0.373726319973379,0
0.912053887371307,0,-0.770759818542699,0
2.74769885374374,1,-0.806233417421375,0
3.69520102940209,1,-0.0448719428509866,0
11.0346344331074,1,2.62861054779942,1
0.736377163422957,0,-1.23050908396029,0
1.51869675131687,0,-0.0637997917300477,0
4.25622941543414,1,-0.662400961970436,0
